token_id	image_path	image_sha256	image_bytes	video_path	video_sha256	video_bytes	metadata_path	metadata_sha256	metadata_bytes
1	images/animata/cards/1.png	039ff95d493dbfe92eefeabb5b263c9eab05644ab34ed59a60a0e199459811d0	1508008	videos/regents-club/1-v1.mp4	8f35377f52ded731bb834fc00c1726d9e4812bad6afab53f75879258a455eaa3	136647	metadata/regents-club/1.json	24b5a36bb9d0231db1c9657ad2fccf7302ec8d9b6f27b8aac3ff8e26fbe82041	740
2	images/animata/cards/2.png	32d59e9dc763e9af7a434d29f1f87ac17080abb21ec9855cf0df167b8a28f061	1944489	videos/regents-club/2-v1.mp4	fef89e62540a0e23b5e7a28c97bdffa6aaeb86be16b1db82bcada5f660a03ebe	225375	metadata/regents-club/2.json	34b203022e70beb5d6a7364b8d00b2438a59c7bf3b8f27afaf0ef56c6a092604	740
3	images/animata/cards/3.png	91385aa2e583454d471d7ae9df8eec3ae572172875c985ef0c2b74398fc48833	1696486	videos/regents-club/3-v1.mp4	d0b9fd4ad36a5d949eb24b50413b3ec149f55d2dcc1ccebc6a702eb14bc7f55a	144372	metadata/regents-club/3.json	d57bd5485231017ea13088cc3470aeba0c67b25cb16fefebb325eb56da6d4139	738
4	images/animata/cards/4.png	9a315197fefc6eece6e624bc4060945a80a2e1dd7c40084b48155f0698e16725	1174452	videos/regents-club/4-v1.mp4	31ed0aac6db118853bcbbaaf93094a0017f209f58789401d058a56b8c95304d8	110307	metadata/regents-club/4.json	8abcad309facfe7aa674108f9b8addcccd6035c88fdcd87f9ee0b5f4237be99e	735
5	images/animata/cards/5.png	4ae4f1153e11bec0c8e47f62244a50308260eee0b11661026ba2c4690cf9d389	1515195	videos/regents-club/5-v1.mp4	6398cf93655944db0011e81d117bc05c1baed5afc272731c955a191a78881197	152458	metadata/regents-club/5.json	91dd5b607e362ee09c2110623b36ea2bffbc39ee38d32d90fee081dcf59fc63b	735
6	images/animata/cards/6.png	eabb54a10d8ebd0d30676f14b1cdfadf7050df5a0277d6f5e0a4d7d3c802cb75	2134025	videos/regents-club/6-v1.mp4	9a6fc7684985f7ea42b09b20e292c50555c4415865c1c0b33a2b1a7b2f701ecf	188391	metadata/regents-club/6.json	5e87af13a5f93fdd7a9633f254a589759fe4b858e10e13078c7f87ff25d081b9	740
7	images/animata/cards/7.png	e5f3b8ead378e20578561a531d030cd1c9f80739962271f4c0db3d047629a068	1739142	videos/regents-club/7-v1.mp4	9a983d13abf5d4017cda8f7be252495d69af338423ebe6658bf8b9c5c5b5aa9c	140864	metadata/regents-club/7.json	cf3ac8dcdd573315acbff72dbaba528473ffd64d6d1bd9d835380c3bd75f5737	738
8	images/animata/cards/8.png	1abfc40621c82eba60694a7f9136cdb2a181173145c873fbfc3cceb7e46dc5f1	1392159	videos/regents-club/8-v1.mp4	754cc2afb029547fe4b8560513cd2290c7897109823638747b2bd194d6406649	128749	metadata/regents-club/8.json	40787594b9d251a2bd671da77942d425adb0ef7c05cc7ef3ca508789c27dcb3d	735
9	images/animata/cards/9.png	a45ccafbc99f19ea8ca94e060c1595e2bf6472a1a576b51219d18fc01d9a6131	1557587	videos/regents-club/9-v1.mp4	c7bd4fbf16694a80788e6bbef1f9d1b895d22d26154f31317a42228650a7750e	133759	metadata/regents-club/9.json	bca918f895f1153c0758026c66d1690b4f96c813dfa642d8e08549dc89fae782	743
10	images/animata/cards/10.png	9c64bfecf9f8818ed25a5a30e936ca2d7a7d0c1e30277b113d937f8901fba289	1198882	videos/regents-club/10-v1.mp4	a19883cc4513c31cf926adc37b857ddaa0bb59cbb8424263028ee47c37404f86	114543	metadata/regents-club/10.json	deb6946534ea08769ea09e2ff76bda6a558ea6cee2ddc26397cd1d076d9272b1	739
11	images/animata/cards/11.png	082d3bdda25b85a3ef29af964e67b723f4865226b685c727ef2f944bfbac73fb	1924327	videos/regents-club/11-v1.mp4	ce21ed401b3f514f8a289e6b13f8a34c4dc90c70af5d890b295cd76c5033fbc6	156338	metadata/regents-club/11.json	72c8f2342aca291cc42e54ca91ca9e1f3e08e1bc70a9ef61f46c8906de0766f5	740
12	images/animata/cards/12.png	e8ce9f0338628db7c83721d1fbfa81843823bd1d9274e4e32b18247c508e4a22	2054120	videos/regents-club/12-v1.mp4	eae60e963658a5db384648f6a7e6463c2078804542d03cee22042fef1a2475d9	171715	metadata/regents-club/12.json	84ea9359d852ea7f5d7d2e9fff29f3524df4d9046dc2165c8c72867a68f9d01e	741
13	images/animata/cards/13.png	ef254eebf9331085d108194da57034eea39c32ab4fa1f0b7f4bdba42e0890256	1983263	videos/regents-club/13-v1.mp4	edba616c19fd6cf2a7eba9655ec857c50b046df71d50a435a69fe38f92d3f82b	151536	metadata/regents-club/13.json	c402b94cbf1a304a9a0679ea42c427d72b77e23999111c4fd7fd22476493544b	746
14	images/animata/cards/14.png	c94567fd8cbe1d96f10679b1e81841a6002f04be8aa6adff7207c7ebe1cb0aa3	2038111	videos/regents-club/14-v1.mp4	d28570a5de0721b8e3dc9bbe14e5b99653d46db33b51bd285486aa5b4a19151b	173971	metadata/regents-club/14.json	c924d4f6f6860c91f44627ab7cf7bbedfdc4f966ad95dab4cc607bda58e77147	740
15	images/animata/cards/15.png	e0b1ec9dedfb8b3bdbd8ec8ff9fb76fcc6d1f754f735e7f66a63d4b26f0415d8	1710377	videos/regents-club/15-v1.mp4	a27a08832b7fa843d7e3ba0164cf2a8cd6f4a4da4315bfbcb23990f83c11dd10	152109	metadata/regents-club/15.json	f71f371a0e3dd8ad41229356841c4cbfe981f341e46e43f10cfeb541815d192b	744
16	images/animata/cards/16.png	366ebe69690d9d34b06a5bdba7a0f7890328e744e301d10a22411be7bea3c68f	1729904	videos/regents-club/16-v1.mp4	32ca69ee2387d0e3849f69c0368a004c81eeb38b017a4ea6a0131af3a6bb3b97	170551	metadata/regents-club/16.json	2e9b8d37f0997ce9a61ef87b1abc19f54e35f76887ee112258c19eb428314f5a	743
17	images/animata/cards/17.png	18b02ff6ab06f99ac2c3ad2dfd2af03e202540a8b3fae0d1a50054848814c865	1658698	videos/regents-club/17-v1.mp4	adc259af664f4bbe64081546fd019d3f3c081081c8cfe681de73469b2d35197f	149171	metadata/regents-club/17.json	0f80d721f21f3e61d8f284eea20e1fd6c91cf998c1e61a9af12ca0e90c268514	741
18	images/animata/cards/18.png	c675598efb1c4f8815835ceba0bdee6182259887dc47fca555bb43696f3c10d6	1540169	videos/regents-club/18-v1.mp4	b0bdac033861c677c67f24be8917ebe2a162dc654ec8a07a255d3ac8630cf339	149439	metadata/regents-club/18.json	8f9fc8dcd72309ade95c0f7c34807da6cf2dbde2e62df2edf426dd2ca2ccffae	744
19	images/animata/cards/19.png	68633364fed27316940c93a57c34d7bd0a934f12787b1a4ee4dc7bce101fafa0	1402759	videos/regents-club/19-v1.mp4	31e6184fda70960d10243a798de3c870e041a19d8cb398d6e6e08f33e0f94e1e	136037	metadata/regents-club/19.json	09d1b45828c3c16ee0c32da8afe76ee77d0acd39eb50c9d3612a38a48f49e21c	743
20	images/animata/cards/20.png	912a335044270156ed2e26eb0cd9ebf27e157c6ced3fecaf72dc6e0c682fe98c	1504767	videos/regents-club/20-v1.mp4	a4a77f9789fc4e64054f675c78b9d9df96d53101a55c5bdb9dd1a43f35f85915	136003	metadata/regents-club/20.json	efdbdf2d7314780ecb8877b842dd2cc477ea6dea8eac9288df83518a9df0a6cb	737
21	images/animata/cards/21.png	8571d8d6b227b6539c6c656e318d8cc1137b99256957d3bb172224627a46a8b9	2463785	videos/regents-club/21-v1.mp4	aa24f69214f96096a803b0378ca33518a1e4c7c6d738e86ee554b2d4abf74429	191811	metadata/regents-club/21.json	742f319b6aa2571aa91ef2b2a031f5779ffffef6e8f1618f42124eae25c6e030	742
22	images/animata/cards/22.png	b81d15af15cfaa08b5098867d052a4321319e908c2e0b4671e456f69d45aef57	2149916	videos/regents-club/22-v1.mp4	df37f859f8356af2b8d8234cf092a78c477aa634dbd4a3facae0217324554bdf	211098	metadata/regents-club/22.json	f03ab57f267e6b104de19601bd8afe2e730ee8ca0bb29b39561c14ed4db95a25	742
23	images/animata/cards/23.png	d9c1882b49f415d9aeb114edc643ec6364d8cff31b95a0ed645135d8c1f6c458	1387833	videos/regents-club/23-v1.mp4	a10b4ed2229e51d07cadaac6b18aa0bd44094f0920e6face93a08a13de3acb6d	138083	metadata/regents-club/23.json	eac1fb545b384d4efcb48d2f27def0a5cf80d513b53a848d6325ab9237d71c8b	740
24	images/animata/cards/24.png	a59c18acbb1bec73aa27c3605dccd0fc7a5f98cb8668e61b2add331bdcb2faf7	1738304	videos/regents-club/24-v1.mp4	2cf63e7bce1ff458cc6eda29663e30245412ce28a56a2aba6b41628b94c0a07a	142510	metadata/regents-club/24.json	95454e75228d7dc606ce4f7741a9d77410890207462d23e7251b0f6889159cdc	743
25	images/animata/cards/25.png	9e762183633d0ea99af9c872ff8ce5dcbe39bcd5d6b26c2858db33e7510c8516	2618152	videos/regents-club/25-v1.mp4	31052ccafb683c554315b4aaafebd4bc58956f41c0e6806bc408fb02ed0398a9	226254	metadata/regents-club/25.json	978f483975b69369b1eeba9890fb598c503c21d1b9917914061d66c315fe90cf	739
26	images/animata/cards/26.png	9ecd6ecc538120560569271edb579d83a5a86750a76b7ce431f31f5f1b791fc2	1446795	videos/regents-club/26-v1.mp4	72206dcdc4ce83b881ea5cd4452802477abd87ebec9e53440a46f54b77a2a7f5	130672	metadata/regents-club/26.json	83039729b50d302e9dbfcbae21b200de44f13b34761eb64247cbde921dc1be7a	737
27	images/animata/cards/27.png	7fc1bff7ab6da93e4232cbca1cdd86e87c21212656a7fc52d6239c9ec402e9ac	1885174	videos/regents-club/27-v1.mp4	8a9b0e2091f3bde31fc7779757010133266888e2afd6f97d57d81ac16b9d0f6c	144244	metadata/regents-club/27.json	2a98a85a80f96aa7d254b639d00b4670575910488371ac2dd55c34a1b549b7b9	741
28	images/animata/cards/28.png	6e0794a5ae8406bb38dc4644b6cd55896a0b6b97c3d212f0522684a39d1042a8	2386623	videos/regents-club/28-v1.mp4	542dcda28ed7726fe818d9e003f1ce96e329299dc6ad6b9bf5909a0292d4a91d	246946	metadata/regents-club/28.json	b641704ba8ec1d3ae89d738900aa9a09024cc471c80f9ed764b225f10116120f	743
29	images/animata/cards/29.png	62898ace0eb91e4bcc0399c8663c40de5bb957d21a9dfb799f21d369a250797c	1722860	videos/regents-club/29-v1.mp4	232ace131810a149b2a1a3b6c1a7c4d192036b042ab0441ad762086aba4885ba	148659	metadata/regents-club/29.json	12a591b1753534ed1b894107fc83bbd0e328f1eea9c6570462eaa47daf4c9526	741
30	images/animata/cards/30.png	0fb8b46363ec596753889ba28fa491c643a343b12fcdf844fc61cf702ba8939b	1617512	videos/regents-club/30-v1.mp4	0705980a22d88d342fd076e7a3ab822d347127ccd1cd1b232f529ef5ccf16bc5	131933	metadata/regents-club/30.json	fca5ec38bbbb62c08c0cf97e0171ba24beba88ef0b2ee97caccb0067998eecef	743
31	images/animata/cards/31.png	503afb7ba685dd781cad682c1362f414ea9cc78b2a9f0c6d34ff56a0867df3a5	1878437	videos/regents-club/31-v1.mp4	bf89c970077ef922df0986dfab5ce542b7f132c2d8e87bf5eec9c40cc5fccfb0	157972	metadata/regents-club/31.json	2ad912ba44ba66dcef10856e445250c6cb3eb8dc4376090426bc460d0b4cfa74	744
32	images/animata/cards/32.png	cef4c4b3b18ca6a2b1e3add5ac3bb0b521c97438f4ff10c4f9fa4ee99472fe3a	1505560	videos/regents-club/32-v1.mp4	a5dfe6fe3f944d0ee01e63671c3186aa066122059adba3a6a3bf55366cce6bde	135764	metadata/regents-club/32.json	29bb396cf6f4be4e736c9177519cab3c9feaba0eeaf5f604190e602ece4d0c4a	740
33	images/animata/cards/33.png	1de64989c1ab0526bdffa1dbcb8da11fd35e0d003d051c54daf4efaa6efb6071	1521118	videos/regents-club/33-v1.mp4	8251f0fb510c46c8e9917c3d909cd1862b2ad840d58a1e1fed6907d80607d822	127590	metadata/regents-club/33.json	03657b11ce5dd42cc43ec838b87d20ac51ab66d7516736322bea503ca1812128	744
34	images/animata/cards/34.png	f167fe8b64d9875fd444bf0f085793ac967bb961be5216306dda0c82316f9135	1375080	videos/regents-club/34-v1.mp4	f66463de31ed1a205f7c7d09194430579fe412fcaaa14f3bacfb6e569c76e90a	127132	metadata/regents-club/34.json	ce9bdfb91fae022b978bf9a1ee686e353d4c4eefa066779ad938739037d5fc06	737
35	images/animata/cards/35.png	149dfd4339d98a5b2f07478ee29a8d5836aa7239b03cac1fb86e17284a841fa8	1429842	videos/regents-club/35-v1.mp4	0a693f4901bd73d269f702c454beeea7d8508d086d2f9b16005f54a4abc4a248	123928	metadata/regents-club/35.json	8acdff7ec80f31a57f39d5471b43a05dff8d78a9d02d61de5abd4477988cde3d	738
36	images/animata/cards/36.png	3e5411511103e9c5f533abb60004ab997dd804cec28b1c6c9af2f4d9d06a43ff	1729486	videos/regents-club/36-v1.mp4	8b69efa1a90538437d54c8e4e0432c1bd48cf1f5c4bf4cc723827178502fa45a	137179	metadata/regents-club/36.json	1901520beed976f7dffc0508087bec2cc2d073f2b43d1256666a2e75adacfc8c	741
37	images/animata/cards/37.png	9baf1808a1268886536c589e155e05eb7134965c98c0e8b7c4e24e88ec4eb471	1966781	videos/regents-club/37-v1.mp4	4bb0db00fd48db0a18f2a9d4860bcf468208aa9ca9536c39e866257645581d4b	167836	metadata/regents-club/37.json	843b166bde94f0738a9db07e7aadc4fc87929f0626537a5b7e8419bd37f2035f	740
38	images/animata/cards/38.png	0554faf97f9180eb3a1f530c53aff63589d5f14004a23cf1b7f953fff24eabdd	3029394	videos/regents-club/38-v1.mp4	9827d0d598294756c34b75a6e4d754b443c8599543085b5f8e5303f5b686cade	301176	metadata/regents-club/38.json	f32a2a2fe3793611876ce5a3408ba77717273601e345bb559e377198441f379c	742
39	images/animata/cards/39.png	6178c35926685a78aab3550c466d9200055e940b35b6386d32126eaf49a71914	2708868	videos/regents-club/39-v1.mp4	fc1afca3efef254aaade6d8d070effd0d04d1eb89a01ec96f5065ef7a0e4457a	227013	metadata/regents-club/39.json	58ce6cafab5ac7ece1bdd1e9577f04b730e3606125cac301e2b36bd4466f398b	740
40	images/animata/cards/40.png	a20b2af3a782f340ab9e76cf4b5af1160e670be877c51f786452333081956a08	2387668	videos/regents-club/40-v1.mp4	f965ee624e177c74e8eafd0b385fe50467065e7d2a560179d4b9295dc1b69aeb	210063	metadata/regents-club/40.json	30445c70562efba2e4c6edf3e4197ab45efaa95125fe1a6da61f9045aa35dd91	741
41	images/animata/cards/41.png	7771b5cf673f9eba3c11e249053251a13c950da90f99481c98d28e19b00ed470	2882667	videos/regents-club/41-v1.mp4	fdc31fa2cd15305d80753840208b7d0147eac359a256e31ab833ec9b67e83ad8	286696	metadata/regents-club/41.json	5f64b17fa4c7a9736607989eb24d6c7928503a7bcddd5ebe13fdd2e2cc730401	742
42	images/animata/cards/42.png	0b97fab3e531e46afbaca682bd567e4fddb62b72eb26ade02927e3751d6e73b2	1701372	videos/regents-club/42-v1.mp4	f66fd1d574863cd16f13ecfe2170acf78b67e2b8fea153b0143cb0d3cbe631a6	152343	metadata/regents-club/42.json	066d928a2238bdab8c5ec92f49ec68257e34fec78f7424bc381058cb065d43ed	743
43	images/animata/cards/43.png	fae120283cdd9a8654237375f59860ab480b2d24908565b3512f0fdb1b66318e	2434646	videos/regents-club/43-v1.mp4	f3b3137aebc0c2d0356db6e29aa540afbeb95253448cd76370db54fff4f6a630	188845	metadata/regents-club/43.json	fbc5ab1f2750d435b62ca2c9df1e1c11a85ac178a2638e17a60d5deaeae02475	747
44	images/animata/cards/44.png	d7a9a52d4e00dd12264d5eb4f7b72d09d0a513b12180f5e77d2845ad943bab9e	1839500	videos/regents-club/44-v1.mp4	84cdb961a90aa5eee9deb5646f30476ae617b6c4410975e0501f58ea811942b2	175698	metadata/regents-club/44.json	4e8cbd697577dc8f5601e54fdd3af2660f442535e12476732ee2b37b7c691996	743
45	images/animata/cards/45.png	cf73c5995985444a4d4f0586f6a74229c302a1bc13ee7c0cc3c60ec86031bfcb	1579637	videos/regents-club/45-v1.mp4	a7bcfd34923e89edbc1398b392cde8fdb3498c5f77ed452235aac3295f9cc2cb	134523	metadata/regents-club/45.json	2b63d1fbe16cb9d18807e05d53ffd244e221de49cc503c0d54785a4562cb8a88	744
46	images/animata/cards/46.png	14fb49e476d077e94f1ed8564014ab7c22ed38df7c369024a0aa6c323b806f43	1545847	videos/regents-club/46-v1.mp4	f89920b083d55d4b4d186f51dd65954cd3ddf424620dc358acd2556d414aea24	123052	metadata/regents-club/46.json	36b09a1cd28f06bee766f166713ba94947f245ab156852800ddc31277ce7b115	744
47	images/animata/cards/47.png	4858e0d05f32b07638eb1074d06d860649a4a7b4a174794d1c4f84346131f40f	1329810	videos/regents-club/47-v1.mp4	54f17258ee5193365bb1615bd821fa59eb3b21e6d1fe9f33037513bed211ad7e	125799	metadata/regents-club/47.json	0b5047439ba4e7e46c5aa3a619f653f7ab70109909dda1b0c550d33da1419320	740
48	images/animata/cards/48.png	291e2b64f9f549417f600ef0fc40864891b29926d1bab04a0c86b476b79aafe2	1667615	videos/regents-club/48-v1.mp4	4d97d56f9325e1ff04cc9f4a884430f95ed393080bf2324c5a72c0ef11730c13	151914	metadata/regents-club/48.json	5f4140cd81625806d61e623536d2b8c380fa3e40fd6f58927a929d855bee5b24	740
49	images/animata/cards/49.png	5d3e5da503e719952bb0b2b6df537f4379d055f671e32a810a020d759f088e84	1718286	videos/regents-club/49-v1.mp4	630c217c781cdbd1e44f7d1a367aac916cb855c51de97e4899f1c21c82b5dc46	154383	metadata/regents-club/49.json	11a8f8977459145118524e445e6eea01311ae2ceb9a9e1d9bdbb478177cca19c	739
50	images/animata/cards/50.png	5626d9ede87b4a56892484551a32924927d36f3871cca54be5109766da1d0245	1346372	videos/regents-club/50-v1.mp4	32767144111455e1357ee2ad598e0e2b63ce2166005a4844a7a542ed34b503d1	136318	metadata/regents-club/50.json	8d428b5783258ce115d0bc4c253d3e1a32fd6aec0cdca3ebe9c6db9a4bd9a32e	739
51	images/animata/cards/51.png	f91acf5c0204122652691faeebad74cb72d698f5431ed45077652b61844cf61b	1766587	videos/regents-club/51-v1.mp4	1421e671deb4c60ed7f5d8c339f15038fcbe1d31997c95221154ed66e7a621fb	141016	metadata/regents-club/51.json	ed7b30b1594c12e53ee6c40d951ed04e50ea4a52f37495a0d8a08eedbb6013b9	745
52	images/animata/cards/52.png	5048b62fb877a62a0604744e8aa0a9456e2aceea96a0c072a2a6b86cc487df25	1913526	videos/regents-club/52-v1.mp4	a248af8367714f90489005bf2e0c8bb3d2a35eaf91179efd5009cb896e8585fd	159281	metadata/regents-club/52.json	01c91a303167f780429b22d952e1a04ad0ab9484802fb2eb2303ee3cb329324f	740
53	images/animata/cards/53.png	f866a259c09c4f786de38c2411a798865b58c953b4cdfb324d69792cd382baf1	1932968	videos/regents-club/53-v1.mp4	9b81446962915feac6cc736e26dd34758d7985f87cb577e51d340e660ddffe86	163499	metadata/regents-club/53.json	3074400af574ee9ce6c138f3e48aaee17c93b25bd7bf2831f36aad41b0c6f5ac	741
54	images/animata/cards/54.png	d577ddfca0d92fdd21487c2c2cab20d84224febcf9c135c53ef6831853d48d20	1590929	videos/regents-club/54-v1.mp4	82022825d9856ccd3fc3793e1daa41471499b8cb04cc76bff5144f7b4cd05e6a	143704	metadata/regents-club/54.json	b4fb7f86dcf24a48611e5e64060889724dda36cbdae6936208e9c6ea0333e58b	741
55	images/animata/cards/55.png	48b21be5a403fed39d2453782563bfea874e7b1aaf20d6d549dcaf623244bcec	1598596	videos/regents-club/55-v1.mp4	aa8346574da51175bb2280e8e5f1cd1c10863f4f021f2f0142927c651ef71341	133733	metadata/regents-club/55.json	1cd7ed92bad019f96cb7a738fe70d710139ebf06444b52ad553fbde9210e3c66	744
56	images/animata/cards/56.png	e6c6d9ee88bf8c78300f53411f98530a1f67dbc9c101eb339014086724461bea	1756180	videos/regents-club/56-v1.mp4	a8c5784f3e968d2c8aea117566180cbf8b2bee757a60df6d659ab2bf4deaa1fc	155760	metadata/regents-club/56.json	76bbf1ba10be136f39fd42a29a2ad5b23d77725ee7dddd908ac805d554deef60	741
57	images/animata/cards/57.png	1f45074d1f8e0681bca84a26a73c4eb20f03d2cd471f1f0d3ad05c3718fc11a4	2195768	videos/regents-club/57-v1.mp4	c6b302aba0783fa2a88366379df8e8f949f9fa87ae3ed579ab8b6876e19b018f	174016	metadata/regents-club/57.json	a5d5f9377b21c2dbdf44ba6de80e4d93aa738354394a864e6d4eddd0db79a639	741
58	images/animata/cards/58.png	3823d3754de69cbb5018998641c176b23ea19967a2ccc4aad3f3f62c8cd8ebe1	2321512	videos/regents-club/58-v1.mp4	27171511e159ca1f45f69e71d6b7ec5881068bc08ef290daadc79ab85aea024e	186003	metadata/regents-club/58.json	e40ee03a87c03d378646665b966d675df655964737c9c9682329f52097d2661d	742
59	images/animata/cards/59.png	9e3fa0ebf9d245eb13ef6bd118aca9702bb16569c12ad344f294c801152f9381	1591877	videos/regents-club/59-v1.mp4	81ec246a9bb81cf459ba6cedb06d4eaedfecc757b64dd3f7e4758847a315931f	147956	metadata/regents-club/59.json	dcad3f1d0e30db418f381bd99c08197d072be99532b2f0b6bd053ef8a0c04d0f	741
60	images/animata/cards/60.png	dc0a3e55be8f011333a4577ebc3abf188aee4993d0ad65a52c69017c3cbfc020	1503140	videos/regents-club/60-v1.mp4	bcfd0c1a5f7c3d5cc8314e583cc3cf9a9817dfbec9b762fc27614e3a8ebd3436	133395	metadata/regents-club/60.json	3da970f9b9fcc57b1f01ca1e50ed3e57e4b6adcbd83679f8e2b28fbbda52d8e5	738
61	images/animata/cards/61.png	0a290657357c70b7272452a4c71c617040d9865f89ac0e419504daf93ae68c83	2013096	videos/regents-club/61-v1.mp4	25f0beaad953e074e942f08996017f654522078cd8349ca23760dbff741969b5	164198	metadata/regents-club/61.json	dac0d27023ee6212cc0b12bb7a4ad857008ea7ae16d061b1904e0008d10d631c	745
62	images/animata/cards/62.png	1fc989ffe3feaffadf258c2e1f89ff06fbc024c695e96ce9c0064f11ee7848ff	1760327	videos/regents-club/62-v1.mp4	ce8c19a6342a3a4bde4246e7593cf0cbdcb470eda640409c2b3f8b8f50841db7	158205	metadata/regents-club/62.json	fc589c2409ca6b60075721942e895bbfd01cab33573055a1e4b76b7bb9e62f54	742
63	images/animata/cards/63.png	ead09c990056f48298292b923288166ec0f7d0efe472ff1b306d9b6dd0e297fd	3133934	videos/regents-club/63-v1.mp4	4385f2210f8539f8e0e7e97e67b6b6f8e11587e16cbb61250cddcf34b2ce9b01	268192	metadata/regents-club/63.json	5f49d059c711e83c4f8c238b8fc1fa496137ff507672e912acfcd99e1e5c20cd	744
64	images/animata/cards/64.png	788c809f33d7fb1a9ebe4c275dfbcb3936adb312856a09f3a07aa4666e602477	1420231	videos/regents-club/64-v1.mp4	baa5d5cccf1826a00d922cd2b2ffda19bfcd8311313a4413c0c124317a58c346	135681	metadata/regents-club/64.json	1689bedf96c418d8b4eb76f67f02ca85ab729f4bc8e27040a2b8d7da1b7988cc	740
65	images/animata/cards/65.png	97dbe894fface45ab718592bbf6d5d4d0bd74d52c93756f1325988b32791032c	1448338	videos/regents-club/65-v1.mp4	7acb1863da7a0b7b4061526617563376ebf5582b598912fbd9876e1108dd771e	135922	metadata/regents-club/65.json	748a2c8a83e2387f64e133cd39b31a92f3dca22dac0dec267419e7e79b8ce02a	743
66	images/animata/cards/66.png	1b3949d7fb61233436c288c182ec56ceff158d10e3babf6bfa0574d982ff3188	1627601	videos/regents-club/66-v1.mp4	5a047026b4dbdbb86c702ba82bd7916cee9cae8bc82ca7864bdfa7216a9b377b	149998	metadata/regents-club/66.json	2cec10018e792b4da86c9cd2055706b41478fed88f715f17907a2287af716f4f	738
67	images/animata/cards/67.png	f87990542486bbf53b4c189988b2f9e9ada6b7181fcc50acf32d893c2753278b	1576068	videos/regents-club/67-v1.mp4	01ad4a2a6cc8a3e2a45f5e6a0d878ec5cfcc409e718e3bebf4c41ce5b2c9201d	139200	metadata/regents-club/67.json	96926aea26b0ab868964d982731bed365dfe7ee3071d5e8ab2fe946723569513	739
68	images/animata/cards/68.png	ab1747c8ddf1d8dda49707b3cc4d1e131703446da42097d658a8b11659b3ec39	2696427	videos/regents-club/68-v1.mp4	1fbb15b952b45013b6b301521ab6abab2cbfee9431dc28ac144e3dcffa1d4508	227670	metadata/regents-club/68.json	0d8f75cd045ba69a2f310ee1f4ede9d9dbbbb12339a626fdc4bfc0a1f2e574ad	739
69	images/animata/cards/69.png	0be812012588e42e3544d9091793df2175d01c74b7060f8a9476444db5ff9914	1684974	videos/regents-club/69-v1.mp4	fd080587e628cde9bd58af8f9397a7b96e3d6524481938d68f17bcdad4260950	153129	metadata/regents-club/69.json	0548540554ddc0649755191c329fc85efc8d2662ff71a16e00363b8189b0d957	744
70	images/animata/cards/70.png	07dc266a906331122d74ed1be5c039792eadbd275e0f2d0657592fcb33927c2a	1799134	videos/regents-club/70-v1.mp4	bf435405a77db847b344212d9fce93ae7fa2051b8641a01cf4ef16f7dfc44a2b	154347	metadata/regents-club/70.json	fda66ed103e196b86eb7ab02476dccd8263295433cd395d9ee2d3880f72d7644	745
71	images/animata/cards/71.png	14b13c53e5661d344b69d4fd9c27980ef09784ffc5d79c895d23c1183dce3003	1641176	videos/regents-club/71-v1.mp4	7ae0dd15be48a30177a03ec24da2b41b4b54746223c0fadcc00786af745cba9a	136025	metadata/regents-club/71.json	7839d2f8df1587fa8f0323a50d32d7174f096b77386b253d66cc45a19f277ddb	743
72	images/animata/cards/72.png	5d19f7ea233b26f05ebd769a05075290227e86ebfa5fc50fc714250dbf8a08b9	2103717	videos/regents-club/72-v1.mp4	5800c02000bb435090e9e7db561b65d2eaa3fe48307abad0a098fb45a13f8166	166067	metadata/regents-club/72.json	33bb88c50107eca3620bedbc8d63d64f5dc4478746c0039923079be074a09480	744
73	images/animata/cards/73.png	ebc5deec5855fa3331e4730458edb1a4cf0b6c9c4cf4c3297be5d808da3ffb0c	1874823	videos/regents-club/73-v1.mp4	58204d7979efb36e8131e6b3df035f23c9ecac7c653ff59ba6e9c098a2628a14	153558	metadata/regents-club/73.json	86b3e7f7413e5d67d51fcc22020a032b9cf75b9eb48fd381cbdfcd919afdc8e6	744
74	images/animata/cards/74.png	009f3a271d7e4f8a45d8f9e7fefad7e12d971d8eb030d779e971f665072569e9	1571577	videos/regents-club/74-v1.mp4	7c40410e1510f5dff165f427cbefccddf46fff2d1b93ee9ab28c05290dc90e13	136818	metadata/regents-club/74.json	0a90ff1225cf5ee50147ed6708bc9ea6d219782f887ca988e155a1b116dc958f	738
75	images/animata/cards/75.png	a4284f6f81e122ca9f7f896627654dc226841ae0998ff5938668754eb6eb76c7	1225833	videos/regents-club/75-v1.mp4	cb5f68ddcd584d270e57e8543618d9aad08e13ff2146a6f6b4dadbbdce0d6666	140736	metadata/regents-club/75.json	edc1d07ffd5a652a48291d4fdfbb5cb37e2ac2204fd772d1bf9252f56367251c	740
76	images/animata/cards/76.png	bb13b9a0782f1ca44f0e27f40d5a868571849d732819cb32349a1aeb5324c447	2493961	videos/regents-club/76-v1.mp4	08ec0972d6e0320a3166474ab7b038c186d073c81eff5e04c798ec42da5e762f	238518	metadata/regents-club/76.json	2f9d7c33cab8096b0680c0efa358496dc8d3f1d4929ddcb0e413935439fe37c0	743
77	images/animata/cards/77.png	a50a3fed5c6096c945ca3f6c323a383454211e0abde1bca117458cde13477ca5	2204288	videos/regents-club/77-v1.mp4	183c4e035bde40273d2022a5af06b9e27377edd977b701f6ea7f2558f69ed0fc	180055	metadata/regents-club/77.json	07a3cc3e47ac25d6b0c06119b704c7f69402795320c144eefe79e4a2c7f26c6a	741
78	images/animata/cards/78.png	1e81a0dee77bd2874df9876158ca1b70d3710f9cb3d98d79f1644f2e8ca4f167	1590764	videos/regents-club/78-v1.mp4	dc80e2ad8b362f5c7c52b5f757c7d4eba6824ecd3661206e6c8ea044c62f4ba5	155996	metadata/regents-club/78.json	143447d17c1d5fe4673d310880bc6fc84f45b5f50605311dfc6eebc2efd7cfda	739
79	images/animata/cards/79.png	0b381a3a1dd6a9143de10476c33e8bb97e4dff15a7fad3c57a1f509cdf918dc6	2483819	videos/regents-club/79-v1.mp4	e2475cee8292c19a0e91dcd203aa5d69237cc34a5886ac0d207fba4d8ccec0fc	207423	metadata/regents-club/79.json	382a22f2b20ebdc8e25ebf38729b890e561610755812037d2fa9412b66e4ab5e	743
80	images/animata/cards/80.png	85f78d4277c6f2d5c5e49da21b7b7b52b1e07a7beae9d417dd196f5bf34d3ec3	1452517	videos/regents-club/80-v1.mp4	a60ea1c745cea8eeb8b70117c7de9343c8659ef5ff0f10574184f6f14ea88c8e	150724	metadata/regents-club/80.json	2eb4d99398f913a8fcdfe3a35b153348656c913125374eea147b6eccf12f04d9	738
81	images/animata/cards/81.png	c9b8e7852031cffe55f1105fda6311aee3fec01b8e5525d44df51a0c6d490625	2104359	videos/regents-club/81-v1.mp4	54b1587dd494e04a499035b884d96d585231b85df81bb2896a060c602a6f4ce6	176995	metadata/regents-club/81.json	55facb2ca9b3690be2a7fddbc31264774dda004b1cb075ce1ba636d4d3f7bfc5	740
82	images/animata/cards/82.png	cf13a61bb1a1bbd0b44bccda5ce245343e1d9e77fd8d2afa7e02e7139067b774	1238446	videos/regents-club/82-v1.mp4	f20e1de0fe1871210c2a6245ede4f19f3f9fe15472ebd71f27ef2027de441920	123811	metadata/regents-club/82.json	714b890ba6c95b999462a56b11058922499436b498d600b992e809f312a8569a	743
83	images/animata/cards/83.png	b8b5d40349d64686fe9d1b384a81593e267807ab51491544c642614d32228852	1238678	videos/regents-club/83-v1.mp4	07699015551028274e90e19bb1c765300c8a7c7848ac2d1bc432f13af93d7449	123884	metadata/regents-club/83.json	455ada21690dfc8a25ecfefc94dfeea5d9105b25643acd8e1a59e96de93da173	739
84	images/animata/cards/84.png	9e1c532fc1d29b289819b7db24978bd071f218b31e17e5304ec41abf33478087	2189744	videos/regents-club/84-v1.mp4	c148fc68ca44c98428189344ed1b308f3037fb27e9fe1d3b6fabf795c6ea2edf	172754	metadata/regents-club/84.json	36f34193f94e59688f6d94e2b7caddb57345ed22e06932354c67442620af478b	745
85	images/animata/cards/85.png	f1c8e7c11ba61376b403788cc0bf8f868ccd95c686835c3e445ad6ae6c2ef8db	1360219	videos/regents-club/85-v1.mp4	00162f8916deb00f932f9f15ef3ba57e4e751f76f66f8901c27add4b91e4deea	125331	metadata/regents-club/85.json	95b9c277e62b792e78537530d76d4f2543f96747fbce5748d8826321f2591f69	743
86	images/animata/cards/86.png	934b295a5410fc5b20071e216ef3fad06b479659c0b64d1cb70fd7f51c86a86a	1156096	videos/regents-club/86-v1.mp4	c862753030178474299b33acc253838b8fe78018f8c1b8d4573d5bd0ddfc4734	119638	metadata/regents-club/86.json	9fa77e5b3be60a2484f890ecd2c7dd8457a8246378ee190b61e52563fe5c1a2b	739
87	images/animata/cards/87.png	29fd1eee8979f17cce27492b81da556b38d776c931a2e118843787c01f058ac9	1547255	videos/regents-club/87-v1.mp4	636a8e43680a276462a0a74c76ba78ba7424b3cb8645d4be9ad01067c790c420	124529	metadata/regents-club/87.json	9677c8181dde5c89b804111d3e17cef90e8a6e1f6caa28c78f9fad6fd8bbdd2c	743
88	images/animata/cards/88.png	d2710758d7ae35aef2cf45ba352522e70c362fad29577819010a9aeecf486d09	3426480	videos/regents-club/88-v1.mp4	8077c9050d22a4e696a97c1326d1326022dd8b82ada0136ed93a6c76ccc77bdc	286264	metadata/regents-club/88.json	5c0793d1f609415745e1846754be951f3357ed0fa31e6807f85097414d71dc42	742
89	images/animata/cards/89.png	99ff827fafe8b765d21d57627e924910778ae6fb867bf6d34ca00ca33e6978d9	3364482	videos/regents-club/89-v1.mp4	47ba8ebfef39b7d9c1c83d37475badd3f2d03548f2c86d67471bb5e54971fc22	318497	metadata/regents-club/89.json	6960c556f8b01c67105d7d9a4cd1b8fe3cba88af9b50ba03390a784b7421140d	742
90	images/animata/cards/90.png	c7e6436ea4c33e1b42bbdbdc223aa30faca6120e98103975fb77846f322621e8	1401328	videos/regents-club/90-v1.mp4	c2c753015b9a88f8021b6b2bfbbd2b2cbc8bb5b5ae59b791c73a1058e0573b41	133965	metadata/regents-club/90.json	2e36fdc40d8b51dfe548c6ae8dc87742aa6e8cd4753b6ad483d4babc2a8ba508	741
91	images/animata/cards/91.png	252f54d8c9c1b10e07c24c9d50bc8a90c73b181af19243eff8e8d09d8724e0ee	1638008	videos/regents-club/91-v1.mp4	30d8457d850c2f021e3129621c61bfd0f292002d35c9617709a793e851cae9d8	144438	metadata/regents-club/91.json	80bca75bfe10fce099383cf8d284ce26a059971be033aaa3bc740c07f909f919	740
92	images/animata/cards/92.png	0a5ea8069d8e1630d98b0de7b49b02168f8fde92422ae5864557cec84013a590	1764507	videos/regents-club/92-v1.mp4	9dc536e34c6f902e25c478a5314f2bd9e8b65368c05645f83cec3e01d5b3e6df	158866	metadata/regents-club/92.json	ac0bbb021672b0ebfa0ede7d9aafd286768f353a4c9741be12106637cb2dd319	739
93	images/animata/cards/93.png	3845c13c52489a20eb169419ca208f3c825a3973cbfc3604218b59254c328f52	1729285	videos/regents-club/93-v1.mp4	ad49ca6b84b368fd1ded9170c569ee2c2d25efc2e644eb33a223fe1cb63c8c0b	169680	metadata/regents-club/93.json	56eb25debb61163b3fe7c36f08489306e06f0189be7de675da9b049f11b5c881	742
94	images/animata/cards/94.png	829d95feb0720b4ff59c13e396758ff5e5817dd9f6ae96cfd77c42002f4b3648	1378276	videos/regents-club/94-v1.mp4	cb3044bc25acf2c383c2cae1abd6c9bb4707462a21bf8e3ad0681cb4d0eddc3f	134562	metadata/regents-club/94.json	8b646049c039884d610ff53516ee12fe4262b805e9366c36954bbab264bd83c8	739
95	images/animata/cards/95.png	31b7a3b52dc61730868f081083620e72c0a00c5d231377e02205ba569b8e04b5	2895208	videos/regents-club/95-v1.mp4	b7a3b78c6da62694110c4f8408165a79a058965d898d239003f691e27b837efd	273865	metadata/regents-club/95.json	de929f9df8630ec702a521f0611d3159e2bd287567f3502a0f41d867a9e88621	743
96	images/animata/cards/96.png	c9576956cabbe4eec67bf1988b091bde8a4cfa9a5bdc4d265cdea679fc5394cc	1643592	videos/regents-club/96-v1.mp4	dcaeed447fe00a4934dc6eca909d9232b17b57e992d994a37faad9ff0110df7f	142889	metadata/regents-club/96.json	f983e3c1aefc235a027ce4415e8d2fe833653dde9cb2973d0158f0e6ba2a2cc8	745
97	images/animata/cards/97.png	147d1dbbfe16b3cc11c25856354e0862d2273e43cef3529ff0cdf9d61df63442	1768561	videos/regents-club/97-v1.mp4	a314560a33d1c13e93257bb523a68b6be09e18aa12e5d3e9dfc91cb94b9de9a6	154709	metadata/regents-club/97.json	d52a09887e78a282e31c481f45499c9ca59a107a25607a1cd8e0d2f5aa6c096a	741
98	images/animata/cards/98.png	bd03f62ec60924abae811920587a837bea843cefa43f4fafbc03bb7efd2a9134	1434954	videos/regents-club/98-v1.mp4	1bced9b2226820ebc33778f22373cb3570db062a4dfe55896a842b7140ef87f7	132447	metadata/regents-club/98.json	41367c987403a3898caf713c603bb9bfc7e6ed275c47fd76d5f2cd0597ba86e8	740
99	images/animata/cards/99.png	d4c29ab25e48b5bcc926251aeaf851b626c8ad7e33d48f8d81e3bff1b49bbf8d	3377276	videos/regents-club/99-v1.mp4	2becee500aae47f3b3256abb034a9fded931f4d5a75cd0d31d57bf7b0d08f003	340925	metadata/regents-club/99.json	b1727934786ac00f26eed9e6dbd3492f0e543d0fde648abe3f929854926fd661	743
100	images/animata/cards/100.png	899c174c88d57ac587cb98ca519df6049806ba90a92b2b1fc8962d0f74684cb5	1563742	videos/regents-club/100-v1.mp4	335e0635811dc5641b74f13fdc2947658f0ea8399efe314fe9aefd12f4c24f8a	151897	metadata/regents-club/100.json	090467fe8f8fe815980bac9df90127928e6fd4743df559d60bc0774c48d93d9c	744
101	images/animata/cards/101.png	0a61de0100ee5c8da03b8097cd1b8b9bf0501e8dfda5cfe13309f3a6742f887e	1787213	videos/regents-club/101-v1.mp4	1d1cc32307ca462f2af12ca819fbbc65f1a442b68d4721d7d0b329053f019824	146508	metadata/regents-club/101.json	c2a9614bcaca9b755a17fa72223debd831e05a88db5df2fcbe2db84202c2e76f	747
102	images/animata/cards/102.png	7e6fe873db53be9f54ceae71ae0baac20b109c928f30353553b6c5a8d16ca62c	1687153	videos/regents-club/102-v1.mp4	4c7825a5774de89c62f86dfd7584d585879727a51249e6319357644a8d146d9d	164747	metadata/regents-club/102.json	5982695164ddc95fa3da5a3f246f38eee4faacba3857dfbd2af6e6df8cedaf09	741
103	images/animata/cards/103.png	79b02dac9b592531a03f7a59b02210570ba1324f9c17fde70bad87be541bdf05	1537647	videos/regents-club/103-v1.mp4	b1b1c28d64883215e4ec8e814a5af9acf592aeec6912349165541e366691abc3	146227	metadata/regents-club/103.json	500b0293974b092797956bcd742b293ad3228e7ad51e27553563ea6fbdbdfee4	745
104	images/animata/cards/104.png	8122754387ef796e9dbd39fc0c952353c9e03a6892de10613e908d17462d1bb5	1976905	videos/regents-club/104-v1.mp4	5d41157e798daad16110f46d615bc8fa2f9f47b9d01749b3b0b0117d75306319	175397	metadata/regents-club/104.json	5b85f1f660e82f50935e06f92d6a26acb526649b3b3096decd7ba2e5a3a0aff0	745
105	images/animata/cards/105.png	4bc3093832a22e77a3c64334723ba93a82705f2df8c3d0de19ba8dee4b71969f	1882874	videos/regents-club/105-v1.mp4	4b6989900ac6f479dc37ba010182988eb83d05a7c665b5a863132db5d3d2452a	181249	metadata/regents-club/105.json	593857ec1c70972180813d185f68ae4e16c6bb2458273093f95f0623c3ab2dec	744
106	images/animata/cards/106.png	3520c7685462eda6d3ff8a5bf944476774e5ec7d51de01ea8fe6380946ce0761	1813299	videos/regents-club/106-v1.mp4	b8ee49366eb535835e3e7dbe83255239f299db0446f85fb8fb4f7c40dc9af182	165016	metadata/regents-club/106.json	f822ef9ebf6a9ca8e91e4659df7ceb11ecec440ae635e3dad315292f6c79d934	743
107	images/animata/cards/107.png	6dd5bc6968831810d37d45afda2558212c66673b88f14997a00535436f9cb382	2139951	videos/regents-club/107-v1.mp4	489617d9b5d90c46efcecbcd95251daee91490db42ae6d1416718aea02b1ef63	170725	metadata/regents-club/107.json	67eb232f254275276120e85b7a1cbdb53cf83230c59af2423908a54799ca0f4e	744
108	images/animata/cards/108.png	63e224c9ce30b3919d3b1638a566004a2de178e3de2113da0a9ca07203d8b2f8	1664359	videos/regents-club/108-v1.mp4	84e57f76a7166b7dbbe5e1a47439e392d7126f89f7875bf04ee882444144cd7d	145121	metadata/regents-club/108.json	207aeda9c9894d0d94f87181d3557f49ef51641c8f5546e6c272f69563ed8cd5	746
109	images/animata/cards/109.png	4abc5b29d1c1a64f6560e52f38eda041ea87a949ccf154548429e17d28194315	1840526	videos/regents-club/109-v1.mp4	18007c0624cd66afe5a8bebfc1cb8fe454483164e36e1f28e5696755099dfadf	170819	metadata/regents-club/109.json	1dbdb096d49f3244b1f36b2ab191dad50f8bae1cb668206543be4c8498f0fe9d	746
110	images/animata/cards/110.png	c1a50c874c60d0f990f5af64f66c85784e9123e61929218ad3df12801b3dd708	1740887	videos/regents-club/110-v1.mp4	8618afacbd4234643904e4c0a878a5f0d056ea24eea3ed7751a02864ae3e3110	152486	metadata/regents-club/110.json	a65611643e3b94bf87fdf0d39433c4b573eae0f44759851e3567b6662622a937	747
111	images/animata/cards/111.png	36c61b04c78c8202b25c844c57dcc7d11121e35fc2447bb3bafe2ad628d0b282	1437958	videos/regents-club/111-v1.mp4	123551ab0ac451dee3653e69b00c095a2bb299361689e80eb0a476719b9ffdc0	138079	metadata/regents-club/111.json	0a566e3a3c654a43272ca6ed972994dd224571eb02248e658bbcd41fc8aef74f	745
112	images/animata/cards/112.png	2e86eeb41408d1b0bf49b2351cf2c526a5ed2d4448b9b8986d57f637b6ea422d	1532143	videos/regents-club/112-v1.mp4	7697efb8db0e48d02ac92c971288bd74978eff5fbe732ea68a659c6b1b98e323	127526	metadata/regents-club/112.json	d2f37b25478112cc00d45f2da8d0689e7db3e4cf69e865e9136e71e346a123f8	740
113	images/animata/cards/113.png	db8660e42e78422d94b70b1c4dd60b36a15cd12d142740a91697ef7a4a662239	1850230	videos/regents-club/113-v1.mp4	93c15d4a993eb1a74eace0d730515262878ca86bcdafcc1c1be12dcd07e4cc76	150589	metadata/regents-club/113.json	28dc8aaee3dcdf2cce1d2246b8e4f364cedf9844bbc8af35c099a27bc55b2b72	744
114	images/animata/cards/114.png	07c1443b2f5b36efbc0f2e2b797c1042c8c11e1e56eb740b2782b9bcba74e362	1579183	videos/regents-club/114-v1.mp4	3ed1f919f8aa19ccb7291240f962aca400d38ee30205b42a705224884eda88f6	136988	metadata/regents-club/114.json	84300c5b68ebad2cc8d0f4495d2c893c155f56961575721709e71363488c8341	742
115	images/animata/cards/115.png	2a57f2c4df07177ce433374cf69bb7df877aed6412946854ed2466885499397a	2374226	videos/regents-club/115-v1.mp4	5d6fe221dbaeb28e0245737a87eba2747fd4391bc2be9395878a744e00b727ca	195322	metadata/regents-club/115.json	2c08b8cf4c504eb9c0f7e5bbed07ed6a45cd32a222dd29dd6e1713c13e4a14eb	744
116	images/animata/cards/116.png	86382ee860500c70eeeeb4835c0a9cebe1d07ecbd825ca5db26063e247f933e0	1419817	videos/regents-club/116-v1.mp4	1b88b78f5f2d5192faee366de8585798dd14da694ae2f52a541dda9466e1115e	132812	metadata/regents-club/116.json	5ebd6b261765cfd8fa642cb0cb39edc7627f72c11604bd2e7da916f3b8e52f3d	743
117	images/animata/cards/117.png	1ed506de78ad71cfe8b819627688f4267f90316ba8c3db6e7e3a20f5ccb9c21f	1529437	videos/regents-club/117-v1.mp4	b515e53368fd521345ee3e9670e3c4b7d81e38c4f5397a1af95fe274fab1a5ee	154524	metadata/regents-club/117.json	22efcafc47a6a6bbb9003bc16478a012ffc82568a347ec57cec4617d90f636e8	743
118	images/animata/cards/118.png	284c7278840a8f9d80d1ef0cc402633e12705e771227a53a9afd1c9df5858076	1885864	videos/regents-club/118-v1.mp4	5620cb82c1dd498044718adf35be47b699ab3719f54836d24f180a049b1f7541	245314	metadata/regents-club/118.json	e75e1b1a5e8e4de508ab1fc5799c2d8efad2e6a4e2bf78cedc1eb79f64728954	746
119	images/animata/cards/119.png	09d7bfb5cb5571a836935ae031677879bddc5b9991c723463fd2a836049c2f08	3333311	videos/regents-club/119-v1.mp4	f9cb3003c2bab40e705219c9a070ba398fa5d0ddf3423b38ef498a791a8e105c	266170	metadata/regents-club/119.json	503a0e09c4e0a94d7192e23fa8a360e9891e6be29909373a942daed567bc4338	745
120	images/animata/cards/120.png	e5fc64402e524a7f5da2dad35881c7c81c896e53f1db94b0318fcbf2aa54a1bb	1504166	videos/regents-club/120-v1.mp4	df8dc15bc0031706e1a5948134174d12c45d427f46662883a21172ab2ba2b761	130823	metadata/regents-club/120.json	4534ecc6b798714317f3475fd03eba9474646149f065872cadc653b5127ae867	746
121	images/animata/cards/121.png	6d9ef17399755106cd46ff7b32325b82b6adf430096b70b6d02e90f708801e64	1808852	videos/regents-club/121-v1.mp4	87428855116bd859f21edae878298cabb9a940da7dc4e8291abb78629f362e7d	151843	metadata/regents-club/121.json	068bedb56ce7ade44e5bd0b39350e76fceb53cb0ec0ab932cf1c6b0c367ac7e8	744
122	images/animata/cards/122.png	9dbae6658452d8d08daa2ed7bd2d8e3393fb3d8e10fd0fe0090eb9995a39070f	1254863	videos/regents-club/122-v1.mp4	d38e70645c9c84b8ff4aa08a5d8e09e6013d0f73b64188e8aa00d40f9a7b00b7	130944	metadata/regents-club/122.json	f7eece74502bfb0788b1fc4c7caeb2568a15e4c52851b59ff7096414f3fc29da	742
123	images/animata/cards/123.png	5ed7c0a7b33aa4bd43704dd26c159b4a9936860ba6a3914a2602c9f496a23aed	1414071	videos/regents-club/123-v1.mp4	b763ca939412ad2f7fb9ed9f2a5466b8e44fa110b48ef20e59038038fa43a98e	135070	metadata/regents-club/123.json	1ef789444938c24c884f7e1e279af2127fdfde14a0e95b4ae10b59b662e598a6	747
124	images/animata/cards/124.png	38084fab69514a0e6040f3df64fdb210bad220ef2a9f3546553ac28490f3e4ce	1513154	videos/regents-club/124-v1.mp4	434077a7db92c96074018fa027f3692630ed6fe77bc6d1d954b349c662c2805e	141431	metadata/regents-club/124.json	81ff5d0d1b22fd41de2e1d3601b846ad21b90247b66b3e6a9e22355209e57f8d	742
125	images/animata/cards/125.png	910e3ec5256fdc0f2d08c771d3333e04d8a322b2ae39d62f345e4f7316a7d13b	1896890	videos/regents-club/125-v1.mp4	814b573340a275a8a4e056a406420a429b2609c192371ff509153791e6828f4f	180581	metadata/regents-club/125.json	1eaf78e35d9c0a203740f1f2459796626ee273091a923f2aa789bc8e32fec5ae	745
126	images/animata/cards/126.png	5c636c56a48d14764df88825ce14c9f8a057b797e77ffc0fe89d7a2d89372c33	1133827	videos/regents-club/126-v1.mp4	04f5686a2809f182d42877803991e2f2a954be55074fb4617407806a603c3102	118428	metadata/regents-club/126.json	714ad37cbdf1fd126ef5378693ee73368fe341cf77352a37fc26f7c2a003c1f9	743
127	images/animata/cards/127.png	638b483749dbd4e157e8dbec230846455b66e194c1bc3bf1c66de3809d8bd00a	1385133	videos/regents-club/127-v1.mp4	09f21acc6c9914bb5d23f855fcc2c8f0623ff152f343d841710da2d846e4cbeb	137943	metadata/regents-club/127.json	faed6ceca196b99da884a44f8116bed4eba442cdc660d28e8c7fceddc434e5f0	742
128	images/animata/cards/128.png	c94b41fe21f3cf6e175303109c05f2e0dd7f631528a51bd30ce61817e99a2770	1982826	videos/regents-club/128-v1.mp4	2209b8ce88fc0f46273e571177fa6428a0e656e2be0761326839b9e9be3f1540	189869	metadata/regents-club/128.json	78ec467cc0609f028f7ca9c086a1669864eac99627a36e3e612c0a780ebc4cca	747
129	images/animata/cards/129.png	599f08a4eb0d402ac6881538973c13650e06e55b5264d1ab78a4c75c64a887ba	1711516	videos/regents-club/129-v1.mp4	393c4d9f1126ad0d9b474984143798729a71f166a41c82443ef90b6d4571cc23	144222	metadata/regents-club/129.json	a5cbf5459d4953dcbf30138683756b6337adab7115f7e485d77039b88000e29b	747
130	images/animata/cards/130.png	5bf092cc844ee1cf7785488ec5c2ae6ee5ed3b3fa5c38452c6086fe893b18463	3419262	videos/regents-club/130-v1.mp4	2488b481b1a716d20bd95f53fcf5b938ee43f6dd07e301797851baabc2f91725	345436	metadata/regents-club/130.json	7527f4e66c3a405a4d84727d0b206bb09500ace45edb6c0bb67527c36d4768f9	746
131	images/animata/cards/131.png	21fe3c1c236492f6e349c249aa5bc6478414fb871993180261295c76f1760388	1916312	videos/regents-club/131-v1.mp4	ebda3e80ed818dfcfbf2262cef1b68ac915b796d83e7ffbf59a67d64636e6252	174671	metadata/regents-club/131.json	6b3f63cc627952fd87fe644a4885e43bc2811e2f8d473c0800bd9eac59e6c22b	752
132	images/animata/cards/132.png	4003fc2d1f6a7443724d8e9ff14dc264c012d55725b85bb782312e6584e27602	1192282	videos/regents-club/132-v1.mp4	a417f4db8d78a33f9f8de626c8e1e953395ea0b283df64b2878a1b7dce27565c	122158	metadata/regents-club/132.json	ef57a32c2c3cf3e15008eb1989a93e7c9d177cb5d111da9eaa9c9d82be9e4317	743
133	images/animata/cards/133.png	0cf57b1cfda4cec88105fc95a1b9a928a28a37721d1daa9092a4d09005beb75a	2185709	videos/regents-club/133-v1.mp4	460379124547a1976804d41f28cb7745e2f5ae986e14f81303f7b1fa94167c3d	178007	metadata/regents-club/133.json	5e8720656645b839f52e6b6d6e73a66aecff1e21565c4168fb394953ea1af547	743
134	images/animata/cards/134.png	fb388424265fecd9877cbf507a0751f77ec66b72274427f40bb1ebd964f7fcb2	1961653	videos/regents-club/134-v1.mp4	b4e5cd9b6e9faee881596eae526d57c762d1e85db6e9e0f129e2ef8a4006811e	161868	metadata/regents-club/134.json	8f30eef3e12dd0e5459aebdf529f32de6865737e5453710a9842942af01dc912	746
135	images/animata/cards/135.png	08fd95b408087a6b8b941913efbfd33fd71e16e76db34c655acd8afa7d58972e	1375265	videos/regents-club/135-v1.mp4	59bc43e8a75772c9546266b48ee4c5c901328f1cd483bc2d78dae6530a84fb48	129398	metadata/regents-club/135.json	766f5d16709a1b8eac174b27ecb35d83f9dc73be90501fc5a85ee4c9477fb54f	748
136	images/animata/cards/136.png	2afaa1b067a7823bdda94fce089f9a094c307082264a8f53e76b6e9cd29efc1c	1716785	videos/regents-club/136-v1.mp4	d3154065ec7bc11c23cebd0a33b2cc423c60a65019dcb29d08a23b744c616064	169191	metadata/regents-club/136.json	0651084a3f358246e3968f13e53a6886b246bc863bd6056c0031f5fdbfea8175	742
137	images/animata/cards/137.png	99896216c162d367e924855de8f87412c181de0e7e9ef51dce467d838c527d10	1569310	videos/regents-club/137-v1.mp4	cddf400e98fa3d663957eb2b36884c969ebe2932b31b75c25bab146d95c55436	157246	metadata/regents-club/137.json	983c0d6b0ea7acc77c01889dc68c08ea150787590584bacb07322cd3d8d97a82	741
138	images/animata/cards/138.png	429b679313c05ea66b31c7c6a1febe53d40e685c7619321a18972beb0c7b1665	3309777	videos/regents-club/138-v1.mp4	febde91fa1cb7831522f9135e3cad29bca7aec568c6e1c925ae779d555aaad45	369802	metadata/regents-club/138.json	c5dd66a320f773bdb6ea6fca76a7b9de517817974f2d8f22a3df880177947ea6	745
139	images/animata/cards/139.png	e919f7c8bd9deda53e4983979b470b22f04903c6637c95da4baca9886a6e0a32	1513919	videos/regents-club/139-v1.mp4	6ab16ca57df7205065f3ec3c5d2246fa56ca84158ad6095950f755dc7bc56a63	142121	metadata/regents-club/139.json	b92937d92017632f9aef48b5c69f5672b79b3bf242937f4114c65cf2c8b24982	745
140	images/animata/cards/140.png	8f781940dde2b4ff8fee54f8ce5677b76ccabf92d9f8ea66f23e7c507b1b7008	1527013	videos/regents-club/140-v1.mp4	2e73d95d866991b2b2e60f4d1f588820df8aeb06faa5244d287de67a1fa0a615	129057	metadata/regents-club/140.json	46a77f2ee013a91922e4e83a17f47dec1c5e987d5da5893f01646a205aa99d4d	741
141	images/animata/cards/141.png	743410c6073d693a5adc2d3d49d73bd2b533ee2db81acc51b02f5d4a3d076f22	2201765	videos/regents-club/141-v1.mp4	e9d843169961ea9b563d9559f647a2a09d6d81390cef16ce38d84b7d7e5a4e84	179221	metadata/regents-club/141.json	ef66a120e48feb6bbc58cda06ed6adbb4f8fb6efcca77ed6ced4fc3d10d61c5e	746
142	images/animata/cards/142.png	8fab0345a71deefcada6143502146dbcbe4e3167f9aa51426df81726d53bec23	1500871	videos/regents-club/142-v1.mp4	17c9a37bf353ee489f0d4c09750081cb7c91168b6ccc0eb868b66ffd614e61f4	156189	metadata/regents-club/142.json	1a15c0641451708f40e2c1f9e2447599a2ca6893e9210936c4d82afe76e6ed3e	741
143	images/animata/cards/143.png	c311059e22238f09bd87f64ab4ff44be703475e5e4e9702ea33a067508618e3c	1521012	videos/regents-club/143-v1.mp4	3303c34d6aa512cb8942d7803b11d307a14fab24dfb4b1aae76d4b823bf37b2a	135118	metadata/regents-club/143.json	bfdb32930da9862db7310ba8470e0166f575a9d92a3c0c03f91a3a26d5c616a0	742
144	images/animata/cards/144.png	fedc6965f51758b8554e2f2d1b73fb6a22730e8080fb8463694becf06fface60	1392841	videos/regents-club/144-v1.mp4	fa9a34a42f6f7561c6b534cd3f30369e039735d02b9348c15d03f204bd592883	127134	metadata/regents-club/144.json	9bb722327eda63214ead4e3ae92364140547226ce309afd6917494bf7841d378	750
145	images/animata/cards/145.png	e11d1df0fda181e5fa1dc747d4015c0a639a208e5dcb098c4e01465686dfd260	1698169	videos/regents-club/145-v1.mp4	541250274015278a2f8e422b14501140344cd4b50d9c511e81aee2cac5441137	144353	metadata/regents-club/145.json	e477846efb2cae92dc0efb942c1bb357408f0ce89056b086cee0112f5363f3b5	748
146	images/animata/cards/146.png	84c7a99fc56e4c379eef81a0c7d3b60d18b88dc74c72f6a245ddd76339d705f9	1536162	videos/regents-club/146-v1.mp4	df11ea103d1db3880fb82f44bcd633ec9046de49b3b6e4a60423509a530a6621	146204	metadata/regents-club/146.json	a6f05b08caaf19a1fe026b2e89c0c05675a4318a34ff8913ec59c25466cae3c3	748
147	images/animata/cards/147.png	639ff2cd0c5b6267e1caf3a77526b13ac807fbe2a1410d3c3046f1931e1cc6f3	1469869	videos/regents-club/147-v1.mp4	28f03daa05f7e6429f9c8baa16101ad5f3965c3c865429a5955c471203333a11	139011	metadata/regents-club/147.json	93925bf44f7fb30bbf0f71e9d9e7a00b882cc9ec363f2c66e89bc1493ea9846a	746
148	images/animata/cards/148.png	66566eea39d4cab879c600f4857dfc7ec268692425eaf89f50f47e642f16a895	1732174	videos/regents-club/148-v1.mp4	aa65adc1d41f09f7402da50f66cc7e115aa1d0b8cb3f868140388b0678d8311a	151931	metadata/regents-club/148.json	1c7ad2ff79f8c215da8c81bef68d366b5769ee7c2f03d3ad7c831d1fa35e2a7b	747
149	images/animata/cards/149.png	81db9d96395d1708b498ce749bd06abb26ed501d1d95f59d34c3c99aa685c1e1	1453241	videos/regents-club/149-v1.mp4	c5248794f9662be34ebdbae390ca589222dc088b3545e53b14a1121349855dc6	130847	metadata/regents-club/149.json	4afb89ef4f0f3b9c6f1295192b59f9dde47b5ee1855fa913c490b5d879e99589	747
150	images/animata/cards/150.png	da4234ed0a7684028a0da902d6a8661ac38772a35c52f5cf4532e30d2ec0f8d9	1740802	videos/regents-club/150-v1.mp4	91cc1fd906f32a53211c775b226687d671750efe872f1c4ff4afda1ff58538eb	145448	metadata/regents-club/150.json	0517436581ed07a4dfad730a92fa78caec78a395f8460d8bddaf47e5c270527e	745
151	images/animata/cards/151.png	4780cf7fbbf0bb45c07937ac0a24d6d8a5b9bef527b00d0f66897242618caaeb	2047847	videos/regents-club/151-v1.mp4	11701862b5df74ca91270d38178976a4986704388c1d48b74ee8aad61a3cd98c	160421	metadata/regents-club/151.json	56b3e8f871246b2c3fbccd7129895d1784b84f8ce844971f046eaf464061ba11	744
152	images/animata/cards/152.png	21cee2a2411e011f73c841aff8bf0e3e90ee3af97fd823253b99560600304079	1759226	videos/regents-club/152-v1.mp4	1c73b8ec39acc643caf4a041339aa9a248c28c81e4e0f6df0155dd8ad2f6a13e	142602	metadata/regents-club/152.json	f9a53a63d512486be85ee98f0a1f61c123f877412928f5e38c8cf5abd00f55cd	744
153	images/animata/cards/153.png	3b57d012111b50fc9073db449f9b8212112311ed4241a09d55738dac9b6a62eb	1630376	videos/regents-club/153-v1.mp4	18b37feb40a64b101851314b239f87e36758535f7722e8374a06e51e83cc1bba	155564	metadata/regents-club/153.json	91e69f2741f67f3b988df3d8441a2c9779cd07bb150a1d79d8d65a4bde899a42	745
154	images/animata/cards/154.png	7e8ae9e4c7890794263516bed3026dfcc099ae04ce7e7b0bacfaef649ed86b1e	1660658	videos/regents-club/154-v1.mp4	8212c4cc51d203789be00167f49329131c79b8c754eaae2701c5dff5745e7f92	150836	metadata/regents-club/154.json	aba317d71f990270a079482f07534d022d48ca07db9708c21615ba0b55dcf055	747
155	images/animata/cards/155.png	12ce6289d358bd0eededaec55dde924afb54766db5441b166b05613832741a85	1563909	videos/regents-club/155-v1.mp4	12199967b34a34208c436b75cb10e1fc7b485b204135d47fc1f78f7fe3edb8d4	137729	metadata/regents-club/155.json	f34398b5026b40dc312a3b68db1c04ea54264acb80c76b07b59c81257dd6eac7	742
156	images/animata/cards/156.png	f7a75f5bb544e623a61478ef4a8cd28f0fa6323ae1c87b792c3aeb042467a60f	1963224	videos/regents-club/156-v1.mp4	ef261aa0918a45b57b3cd642a3cd3975feb7516620e1ecccda884f41380f7f06	163259	metadata/regents-club/156.json	8e76d0f29f6eed1c4eca2aa541905a208e3c81e261e3a22b9c0b112e6db6aac1	745
157	images/animata/cards/157.png	2ce6a46d5c78734b26e9222c463d7a1ddde118e05516cb648fa603bcf1606f2b	2163535	videos/regents-club/157-v1.mp4	d4eb19efc1a2ec95e36472b69407aed950797de6ec22b54bbc6b50e2633a8d42	203016	metadata/regents-club/157.json	522e7034e0552620afd12c3325efc14dfbc2e0b8503609b976900ecd864a2c7d	744
158	images/animata/cards/158.png	771a4c6f536704e3265ee40a73302a5d4adc8757e212b32e53bb67b7e03335f1	2357192	videos/regents-club/158-v1.mp4	0eeaf2327a87ec6c583863bd11c60f1ad91c5045718ee47d5018e39186561c85	207956	metadata/regents-club/158.json	c7c4888b9d45b197e612b275f5d01e769b0772ccac2bfb218ba38bd292d9b11d	746
159	images/animata/cards/159.png	a6732eb7148b981583856c73482484c719f543559ff7a047da51171dfbfd4fd1	1940396	videos/regents-club/159-v1.mp4	6be2ed0e2c0ca8529c6235204649c1982d417a60f0b34d5f97eaa9e5609f8eb2	193237	metadata/regents-club/159.json	a3a5074af31318dc01d86bbb6d8bb71614fa88c7d68d0c5ce54da50ca1e78bbd	748
160	images/animata/cards/160.png	b80331c684fa933a7c34141a5cad755da11381544da47add644023ab9bc4ab2e	1185355	videos/regents-club/160-v1.mp4	96a662257cd3ade02ac319ae649ebdce4c0d506a85af6f0ae2b2d609d4b3de4d	121115	metadata/regents-club/160.json	38433953ba3cd0320814fc53b4922539e6a0bcc55d27a34b62fc1c495a39e5b7	740
161	images/animata/cards/161.png	c1703a665d27e31f4e14b05a951c5a53d77b99a28c1b678ee18c16d00d008349	1531170	videos/regents-club/161-v1.mp4	95debf4f48a07c234426213f58b3a54f4c5da61c4e15953f0a2a833183b88700	142026	metadata/regents-club/161.json	e261e84a048413fea2aec7b0ac60a3db5de87839f77c81a4a4e658f42fc0452d	746
162	images/animata/cards/162.png	07492c511cb9cdd1430efab98716de1b7319e03de1fdd49e488c5a42616c82ca	2916408	videos/regents-club/162-v1.mp4	6d5c433b78c3396b7f5685c32378e5adc38b304b4ad57f1cdd25fc4b2dee374b	301341	metadata/regents-club/162.json	46d8537ca580bd6743d1d1206feab216ea830b79bae5b45d4d0c6a3d3dc3fa5b	744
163	images/animata/cards/163.png	dae0107d6f87b6dfca891da8e6de2ef507b3311955bae67ac4aea490eaa72736	1042769	videos/regents-club/163-v1.mp4	e4174a35108232a6a5d6af701689ed4c4cd46adf2d354d6a45e4ae8b2a6191ea	113314	metadata/regents-club/163.json	302ccd988e7273577ee357ae3cfe0bf5f41d04417067651cd5d16b643c48aaec	743
164	images/animata/cards/164.png	1cb5e6a6c92e6e01b499739dda50dfbecee72510781317875e817dab3c92916c	2138918	videos/regents-club/164-v1.mp4	ceedbdc889d0261774203acd38b516dac4ffc916790578ec0264dfbc964e70cb	171005	metadata/regents-club/164.json	2d4baa9c01192ffe74d392e5c98b996e280ed61f2c4d79c3e67070152290419d	747
165	images/animata/cards/165.png	1f712c269af40fd898fd47876b4d97e8a9b67607ad5e15f9198f64f6835f19f2	1442579	videos/regents-club/165-v1.mp4	792b09ca0610d3e590830f5472b8ba40a3f2f96b452057c70f4d2d8926ea028a	148821	metadata/regents-club/165.json	d4ffb84289e29aeb5b7974c5712375eadb06bb7f514bda6fb056b3fe1bff4f1b	742
166	images/animata/cards/166.png	3a4bb14b51166cfea60bb45d815b8d514226ea63f0f4945cc9523ffbd3c7a87f	2114434	videos/regents-club/166-v1.mp4	35ec9a6e3d462f58c1713174cb1f87722cb2b9b5ec385afef0fa77a93d4ecd2b	199886	metadata/regents-club/166.json	7e9b61b3309d25256e66258eaf9ecd60cda5e6b63a58e07495bcc87684b21fc0	745
167	images/animata/cards/167.png	ab2b6308201f2e7c5e1931d274ba957cbfebdb38bbf092671cb37253a5032c0f	1708782	videos/regents-club/167-v1.mp4	9ac41fc733471bb284a9886907cc8e3b788902475c433d9048e6fadcb2a0895a	154703	metadata/regents-club/167.json	11fcd2901f0894f71937333ffb3e93fefabf26e761d7c7746df6eb161d4a047d	744
168	images/animata/cards/168.png	d5fb9ba38a3a200bb5ef9e3887e0d2f322121e234d70389a47712b1cc13a08e2	1616127	videos/regents-club/168-v1.mp4	90bda2f1b9aeed30575aa1e302c7420f06b5bf5abe4a0a35b8015fa54198be8f	149687	metadata/regents-club/168.json	262bd5e4f7794196305d07905a5030e3df545859452e36cba5cc108c3e3b0480	741
169	images/animata/cards/169.png	f718be57517970196744f0f2080d0392e54b10c20eddfc6d32c31fcada60f18e	2497154	videos/regents-club/169-v1.mp4	20567e41341b56ae4897fd09ca911d928c83c255472314f9d91a605534f0ae58	237984	metadata/regents-club/169.json	fffeba089bfa640c9e3bb02101b35edf53b96d128ccbcfcc0bdf2e070eae81be	745
170	images/animata/cards/170.png	ce2504f2b1429bb4c83d110a2e2bcf92130c6efdb2f05317d95cbcb3f7684dd0	1998752	videos/regents-club/170-v1.mp4	531f421bff23f7bc4507c4ddf92edef2c23cb07c89e3e2d601c68464d5d455ad	156338	metadata/regents-club/170.json	9a8ab1809b55eba2a2384cc4d7743ba993d32f7370ddee4b188c5063de0e0ee6	747
171	images/animata/cards/171.png	da479245a2793cefa362f5f340ff7b7f834024d2485536c35961bdbe4f71f568	2483249	videos/regents-club/171-v1.mp4	cb520a63fc12c903cf02dd3ede04e88aa8b583ff78f50263242b6702a53bdeae	220892	metadata/regents-club/171.json	bd53996644f1516e451c3338bbd7c46cb74b395fbdb2cd02579ccd4da98599f9	745
172	images/animata/cards/172.png	c700b6dcec4be549499fc349a355d33ba71621923e8ddc92c396dba439db0970	1477806	videos/regents-club/172-v1.mp4	60f81f83f2d69d0ee9082364fd0ee8aa7010490cd1f257f9147a7da7db022198	134307	metadata/regents-club/172.json	92d1afc72711c5bf7ec129fedc5d867774c342fb84aaead5fdb3a9e034100ead	742
173	images/animata/cards/173.png	c357a318f08a81cb217149571e4605fe8c3a50099085ae93bf04560efb4fbad2	1969332	videos/regents-club/173-v1.mp4	912527ddf5a28388323a8643670f5839c20c5bb3829d4db20c3fe6ee57e53e19	155976	metadata/regents-club/173.json	e71cddddefa8ffdc16a7f8d2105f004aa5ac5c831152760214f166a0899572b4	745
174	images/animata/cards/174.png	485ba4a76f6e41132ec093dff8dd896967250fb25ccf4df9e9bc0dd6d309e676	1943820	videos/regents-club/174-v1.mp4	e00b358cf7ee25a0b8b515c2b971f1d7f9792a8b2880622fbd72143162d3fd9e	171639	metadata/regents-club/174.json	3d7ed81b1fbd14184a708a14658b271895678babf011940d86e640ab8cb1e1ea	743
175	images/animata/cards/175.png	11f08e5d65dacf4d093fd3afbefccecc0e83af66cf15dfdc9df15a022ee44a2d	2560170	videos/regents-club/175-v1.mp4	2e56c806714bc015c573fee1d3c55d327ae47193376a56802fe1d54afbb5e5a7	223012	metadata/regents-club/175.json	43de3061721db7bcd546143337c5a15364af37da9a3b335222785f49d99644f7	744
176	images/animata/cards/176.png	dc6462e02344a568684057e634b7e7bc8e8abe90b2d318a04cfb3a32a894ef74	1642818	videos/regents-club/176-v1.mp4	52f7351d7bd465e568a577b04975a614fdc517127337f358e8730aab1d14f650	162685	metadata/regents-club/176.json	e337db7ed319fddc8e2863bd6e7e904afadd53492c2f71cc276fad117c2674dc	742
177	images/animata/cards/177.png	af116f3d9cac4859472eb09d0a909a220c6a11145658782cc10426eb109387f9	1537240	videos/regents-club/177-v1.mp4	a01e19c7b3e1ac576d1bf1cc873c035b61777fcbd7802681a31d48eea21766a0	166438	metadata/regents-club/177.json	87aed5705d697eecfddc4080487b15ba41d5e2783b79fdcb5bd306a91c3f58c1	747
178	images/animata/cards/178.png	330a4cdca8e8bdd8dfaf0e4fb9eb36e05c962c8c6cf83c6890d15831a1b5a5e8	1341769	videos/regents-club/178-v1.mp4	b5ec13b39ac77332705915341f2e7b0168d9b31ec7923841b4db631bde83c18f	123613	metadata/regents-club/178.json	26a4838fd80923b95ca3404590649bb2f77cf6c110868621743be450b995c99a	747
179	images/animata/cards/179.png	b0afa951a2ef446ec4acaf56964536c061ad8e735cc887b379d651df94b84394	1614618	videos/regents-club/179-v1.mp4	51abf7c7daf4c5295c449d2751994164f107303f4791791f900519b8d1fead6f	132441	metadata/regents-club/179.json	fc8e0122426b84ac947e05b00cb3060f537740cdedff5b0b050b7cc971a619cf	742
180	images/animata/cards/180.png	b57a3f53bcee7c24dd7f64ca770d366640c1ee70ff88ba50305117304aec8d8a	1634095	videos/regents-club/180-v1.mp4	2dd13cd665d486c9cf80b95474f8c3ddf9aa8f38bea50c32bd83093d586dbec4	148807	metadata/regents-club/180.json	fe8692549c8ecb2d48291a7a84da6bf08fac5a891847ae895f4381be1d80597a	746
181	images/animata/cards/181.png	10bc120f4efc82c5b6d1928e960067fe9b70f4361a681d2959cea846adc5ed86	3497354	videos/regents-club/181-v1.mp4	be7789d5cc81ecde178d13424fa9b8368533176a80bff96ba583e71af8710377	338383	metadata/regents-club/181.json	8f6aafdb9281c69456643f0a8a6aabbadc3c77f6b834c426be889ab6459fac2c	745
182	images/animata/cards/182.png	729b744e25509602a6558e1a20e680c572a08e74b5f52858c1edc883efc569b1	1627317	videos/regents-club/182-v1.mp4	d07cc4114e2acc1587373608b22237f5ced18cbe15666609cc5c5e3ead3ce02a	153465	metadata/regents-club/182.json	525e166343960773ece531fd4bf4f3b966d93d50677dd72bfa5f67e73f633db1	745
183	images/animata/cards/183.png	f7c61102e43262227409b1690df495f936f95538788efa6db016adea92a4f749	1606260	videos/regents-club/183-v1.mp4	036cef3852410d598595d44a7e264e6073e9fa240e16a1e7e0b7c153b81aacda	153530	metadata/regents-club/183.json	83108b67f7824fdbb50e6d5e9131f1d732abd82d91ddcb108024e6fff93d6e67	745
184	images/animata/cards/184.png	8604143aad71e7f4c038f2a8216ec780b528b9a0e23566953df3a87bc3093e96	2112862	videos/regents-club/184-v1.mp4	27c43ade1bb88dc62c72ce4bc72119441b17cac35bbfcdf03f163a4b0d1e3a12	170683	metadata/regents-club/184.json	4e0c8bc43e066723bada8c2597b4692d0e4777a2b91a798a0f5ee6ba104c6ec2	744
185	images/animata/cards/185.png	d2026f8f6f4423aa3575aeaba556b36b54573272452256b938c5242f8cebb86a	2119919	videos/regents-club/185-v1.mp4	08bfa64d181767a6ffe93c52c4a072431e049df40ae31c626b5231f06543cbb5	202387	metadata/regents-club/185.json	71b09599b14561c4854600cd8adea47ea30fe4230022055721c3697e3e08a186	745
186	images/animata/cards/186.png	52d13cae3fc880f3d1e08669ae4ed39d8379276fc86708ae2cf2e5e71cae47ea	2324957	videos/regents-club/186-v1.mp4	bea9cb760cd5a32f71007fffbd84c5d12dfbf21504647d508e1484b089af49a2	182842	metadata/regents-club/186.json	152292ac65fe8d1ec530f000ee27f55413ab53c59b7e3eac661ee41031f1ed94	746
187	images/animata/cards/187.png	e679213c7374374b117275bf5fbac6d9f1218e43bcfb60ba9963d1d3b26f5713	1911245	videos/regents-club/187-v1.mp4	23210ba17729cef485ea130c0ec307da46838b236b5497af95c9e014c7f20a84	174150	metadata/regents-club/187.json	9c3a443d2e76e451446c547d3626bfeee1185f5ce7789ba80b04c3461bc91bb2	744
188	images/animata/cards/188.png	b38f9fd8fccf24b4034a5fbde306f03cf8614d13db9f9b4872f6aec5be6161e2	1681920	videos/regents-club/188-v1.mp4	79ca3b072557a7d9d9880e3eae2dd1128fd1ff6598d5b233b1bc5356ed950b7b	171704	metadata/regents-club/188.json	74a10dc0c1b066d7dae76c399a4f0f7b24d31029200c673f06a216020f0ba316	742
189	images/animata/cards/189.png	bdd603e62f7bedebddb97b9238a4a32b3cb9793090773a15634d3c0e1ab2270d	2186916	videos/regents-club/189-v1.mp4	e75a4eaed40a999270b7b7b944a0fb398b03ffc02f93265fdc3e0ae0e949a620	176500	metadata/regents-club/189.json	172f1718a4975c5987ba5863bf97cf4571d6a78bd2699a86e7ba8d073d02e722	744
190	images/animata/cards/190.png	14d13ea5af87207308846b9f7ea572b5be4ae0ef01eb39a6738c22f6d2f64f6e	1632872	videos/regents-club/190-v1.mp4	bf83c9d92ab83c6f54e24d4f8c67ebff124fe205748e3f0553cc906a928f27b6	145714	metadata/regents-club/190.json	6d12e1dead7c74b0c96277f80a5f7ab5d17cde641e192bc5c0a7b99f2a40763c	748
191	images/animata/cards/191.png	12e858c2a9a22491dac1d639f80e741e639f2ad9440ecede161783273d421619	2478825	videos/regents-club/191-v1.mp4	580e5b362fe1f043da424ce29101d918188a7aed1692818d05bdc18d4be923e8	201906	metadata/regents-club/191.json	68d258fb446566c1ba97a6c44201d2c9371906925d6ec9c418795c40c0e9170a	743
192	images/animata/cards/192.png	5d2f473d62659ae344b835620c0392062250f8e80d084915ac638e740efba1cf	1992409	videos/regents-club/192-v1.mp4	22042fb4d8cdecf47f82b67f2ba96046aac9fb80e9e5a426bfcc0715224d2714	160422	metadata/regents-club/192.json	13fdd6f353a5e663c6af5fd7d0904e748b03765fab20719bb8c98891644140c1	745
193	images/animata/cards/193.png	6a5bc05efb65f7d86816521893c55e5cfe19d0c2ddd87cfd1394d85a748ac16f	1480781	videos/regents-club/193-v1.mp4	7675120b4b4fc18e65fcd87d8e7c205dd15282c6da0f65c9b5dd49aba690411c	129880	metadata/regents-club/193.json	d4a06d08f779e36ffde9b4edb17a91d680b5483def70ad42f234287d762741b4	746
194	images/animata/cards/194.png	dec206129909bba08abf15176103231d178b8c11109fd8596c0375f912145e33	1377332	videos/regents-club/194-v1.mp4	393eb0998d89820d5db58609e51129dfd0a7b38d064f03d7a3730a1c1849c009	134073	metadata/regents-club/194.json	404289152612aac14175b10945e33b6bea4030aea6fd384d528a2b98e7ebf4d4	742
195	images/animata/cards/195.png	8cb180a2403ebef21b55092fa39705ed04b4082051fb8405a60c4701b1a876b2	2715149	videos/regents-club/195-v1.mp4	e7b65b3bc7e7c8bd8aeb1d4353e7a2acdc60d0eb46f1f8b2648ad41c0c17e784	193510	metadata/regents-club/195.json	fa62d14dfb86246c6e04640837e82b1c71d5ce5b8473251f8a85d0a67ecc2ad7	751
196	images/animata/cards/196.png	81e2c0bcabd9d42764a172b1ebb1e23f05cbd4f51b62b71399562cb702a4d771	1671641	videos/regents-club/196-v1.mp4	f01617a6d2f89fab203979ff2acee0efc024ebb48e754fd533fdf33e27966ae6	156393	metadata/regents-club/196.json	e6863ff1d03808ecd49b53f88ef60a82394630b39b600bb9f6cbaf6892f7989c	747
197	images/animata/cards/197.png	315689345088f231b32ff7e9b3fac82fdc269e204ed47e5e5be1868ee96dba7a	1341324	videos/regents-club/197-v1.mp4	c3abe575f8138724cdf5481e9b9288e30831fa360effa4d555dbbe45c68b1c5c	126026	metadata/regents-club/197.json	c56d23a75dd3e890c2e1b3efeff19cd44851ec436d7d38b6c517bd6af9af449e	740
198	images/animata/cards/198.png	0a0b728cacd99dace6498cebbedd224c458b48c2afe145d5890c25d968c15b1f	2901671	videos/regents-club/198-v1.mp4	c9ca9c3c9d16e3f350170a50c7deef89070b047b2cf99b0ec60753a39036c496	279624	metadata/regents-club/198.json	9a677ae523e7fc6a0bbcc7a30aa9405800cf30d18ea503fe20c85eba5c01b85c	745
199	images/animata/cards/199.png	d31eaaa60434343e7e7f3bb3065e641b45e5d82e0d12cc07ab3fd5dbf86ec9e6	1589450	videos/regents-club/199-v1.mp4	a59f55f1533ffd2915a255845762596ea401dc62fbb49ba07d74d604b8f3a1b9	156406	metadata/regents-club/199.json	151f71214b3d070bfba965037a4150edbe73e6b0fa9ead51ba41801aa369c471	746
200	images/animata/cards/200.png	8b091e4ed232111452237f35ef3a6d8afbe98b04ec93e7813dee5f0c770a4473	2377207	videos/regents-club/200-v1.mp4	c519920afe9a8e15de42682fc11302ab25dd4a22bbce330640a9d53cfe06e6a3	196122	metadata/regents-club/200.json	b04447189fdeae87342ccb35b2ab91f884e1f350980b1a77127f0db925a8b81c	745
201	images/animata/cards/201.png	997aa1b38f8a488ebaa1f2b4fc3efbcaf4e55bb66f6a7f481473faf4b6f9baa0	1589161	videos/regents-club/201-v1.mp4	8920a887915ad658ec955a485198726078e515710e38824326805a5e6af0f190	160308	metadata/regents-club/201.json	d8c9da607996b59cb9ef6d94e962695b52966c8ac525dc0612ef6e9c385b732d	742
202	images/animata/cards/202.png	0c007b2b9bf9af5fbf4119da56a8997ee7ae77371ef5b72101198994b1fbabc7	2251916	videos/regents-club/202-v1.mp4	f002c4dc1adfa1351781103fae65501854a3086157200bc04b1306315c78afa3	196067	metadata/regents-club/202.json	0afb3c3ceac70d344f118c584fa46038cbdf22ce64cfa9f85b81705948fb8d3f	745
203	images/animata/cards/203.png	0bb6d08d7e67c53903f1842ec0707d3b4d796ec6955f2d627f0cac1456b84058	1122698	videos/regents-club/203-v1.mp4	728da26612eac7bce5ebbda3702117fafb6e66cf81defe00975622e95debd420	115777	metadata/regents-club/203.json	175433b896babc6f85929c158560df044d6af148f3471c380a77f4dd4b486065	743
204	images/animata/cards/204.png	dea5044a86472f08499e6ff9e649ff99b946a2776825183a73e848f12289a48a	1748556	videos/regents-club/204-v1.mp4	3c042721c16476cd60e108ec34da098cfb1dd8d1fbc7609cfaa67343286debf6	146676	metadata/regents-club/204.json	fef94d4f26318961e6f3c84951c9357ea758bade50ed866b22b9f2b0e58c7d92	746
205	images/animata/cards/205.png	16c8849086bde778fbbe385696959e6cf2052f8ca0d16c6fc8ff8dd32951ec32	1340008	videos/regents-club/205-v1.mp4	15e8051823426e050224ff1f9032b4e501c5cc5c094bdb1f7175bd3b40e481f0	138022	metadata/regents-club/205.json	4135ffb9994092a206f45c9e32424bf15319f97028d819fd94f9a3bc30e7548d	743
206	images/animata/cards/206.png	f7ff37cdd65f81d66a54fa9a61bc18c19a365e8525b1258ac0e3c94aa60a2487	1757331	videos/regents-club/206-v1.mp4	aa9e45a67fc98e0682034393e6e4e9fbef76d6b1abae930f85c12fcfffa9df71	157953	metadata/regents-club/206.json	f55b208d419b3638ece822c963565232d1d44c62b26e7851e6465de5e59fc9c4	745
207	images/animata/cards/207.png	23720ea0c3cfe99cf7f3d8e9392ab56ed435f2c3695f6a3b65647a2f18c2633a	1411862	videos/regents-club/207-v1.mp4	5cf6bf15e92c2aafaa2962bff11dbdb5df7dbaa46546d3a12c86f3dd03096dc1	126588	metadata/regents-club/207.json	5242d5b3e7b2331afd853ae19910ee06159540d7495d3e453bdec603f112b8f7	747
208	images/animata/cards/208.png	0ecb9cc12744f1d9fb758ca84b56041b0d966020985ede1364dc4f61c41ed661	1470634	videos/regents-club/208-v1.mp4	a3cdea03e9c69ab4315591bd87f229c46483b9a37e39ccd9b189e61c402deeb1	141597	metadata/regents-club/208.json	34a8145f75d3810b0387ca095836c991da5512db7ff370956cbf5119c8f6a576	746
209	images/animata/cards/209.png	bbdb347d3b1a634992bcebf09b51a43e39f6d0b2b1b226bfec5f04940fdc5db6	3288172	videos/regents-club/209-v1.mp4	b44ec97e16b18da6c7aa23726b158cc824d836312c57767d2fe3350a4462f40e	350148	metadata/regents-club/209.json	d38e8f00c59235fdd5a97bffb4f4bd4077cf87f3498daf53bef15d9b5711c066	746
210	images/animata/cards/210.png	f3dad9f2b85ed787eefa7c5ed21740cfaeaa5d12a6b25785677bd7dc925be198	1471019	videos/regents-club/210-v1.mp4	bf7c2853fad94ce53f8bb80baff96b86f44ddf8652b52d021b04447138bc8181	140689	metadata/regents-club/210.json	115ac37288defbd83be5293b2b71934ea90e7ddc97182e38892a5e9e3813bf82	746
211	images/animata/cards/211.png	00bdf3ed247d1926274c5115e28c5d40063798c7be0a1abd239529bdc04071d9	1642466	videos/regents-club/211-v1.mp4	77822bfe612c3c6515521cfb5a23e637116e4ebb319e3f91771a50303735ee8b	140851	metadata/regents-club/211.json	2c2ccf4c61d81ca7cc28577490194f334066aedf9e1d23656f5237a93782697a	746
212	images/animata/cards/212.png	2a1070ac614498f7e5e4b0164afd93342a7f6d63a79bc17ca8eb1672cdb3056c	1170107	videos/regents-club/212-v1.mp4	12b37fe3c103479285a3f4078c4536333ce4a93bfc2e87c8327c5c265dd34e0a	122999	metadata/regents-club/212.json	347efa11b44305c2153cae9687c7323dbe8b6e1031114519c696df4f90fac2e0	743
213	images/animata/cards/213.png	64b737b342814bdb77e73ff127d44516d999449d3d72c644e66ccda4fc5f055c	1756623	videos/regents-club/213-v1.mp4	b06708fdb8bf53d4bdd8746cb8892d995dfe047be7d45bb2844aab4b32fa1274	156675	metadata/regents-club/213.json	70074be8d5b0b98a5460ba8a267c5ce8c455133bc008fb649923c644d70f0d15	745
214	images/animata/cards/214.png	7071101a8b9c7f638977caaf548f9a9f6fc3e7f5457fea5c143390c62c6c24e3	1551481	videos/regents-club/214-v1.mp4	07806bfb7e89c8691e70b2f21a64c692e0ddc11dd49e4ef9fc15d08f77eb6f2a	138135	metadata/regents-club/214.json	5ca238d62ec4507e30f375ba10bf3f5786824b7a276ac782648b02d59451a39d	747
215	images/animata/cards/215.png	179fc1145bbe1f471669440165ad132f61589f03511e57e091f93dda81ba9239	1756173	videos/regents-club/215-v1.mp4	891d4cb073dd6ad121c755ee27d123c59ae3c43f05f9541cf842a1776e03c7dc	166757	metadata/regents-club/215.json	423cdde0ed332c18df992e7a0d71d591eddb6535ceda35e5c22e43cbd495fe5c	743
216	images/animata/cards/216.png	0a96b61474f8df08ea327547e7019eb7c876fa1210bd0236a45c0f4c64162310	1786534	videos/regents-club/216-v1.mp4	ae1400ce26d5d364212eaab6a216c4806587d9a7a1022c477a06d2810db3f0b3	161408	metadata/regents-club/216.json	3dfa2c7bcbbd67e935e3e3f82ab4a0159303527207dc1102278926e5f8effbf0	746
217	images/animata/cards/217.png	2ac9d95254ef264dd1ece561fd086ef4c2d96b44c5d976fc96bc9460e160817a	1805885	videos/regents-club/217-v1.mp4	636f98d16bc660d71f38ab1ab93bce75c0e21e02490e2e5fbbd980f027a15360	159085	metadata/regents-club/217.json	8f47a3a49533d42b205edcaaff0bf314ad96d0518d27692f8d25561536280db3	744
218	images/animata/cards/218.png	b5bc347323867c2b3ab63b57072c2645707c9d4a8029d5f24e80efa530226476	1227758	videos/regents-club/218-v1.mp4	267a1cf826fd0feeaf64c49c3579287226250f3da6160273e7b1e1d080b15669	126558	metadata/regents-club/218.json	acd32798e0227bf6619c0d2deacbd9c3eeb418be07a3a332e180ebd4443ffe5c	743
219	images/animata/cards/219.png	40865ee9854d2427cb2d169ca2ed96807be8783c0648ff99bb0665cdd1ad0731	1258646	videos/regents-club/219-v1.mp4	65734ac0c86aeacfa92dcf3f8c5f28c18c12d7b75ca159de04aa6037534df6f4	129209	metadata/regents-club/219.json	b20d796e67f597841b999ee33c901b88b634459196fed0a4f72497a7e4977697	742
220	images/animata/cards/220.png	95db79107de19ca818a295f94e59e49e72b878500bf3f7be390b4168474e01af	1522931	videos/regents-club/220-v1.mp4	ae1d85643a361a3254a7a81cd01ed9a311b4a8605f5d8f7aa4c2f37dd3ae2e26	130989	metadata/regents-club/220.json	f6a2446aefa3a9e5802e92e8ab6f0a2cdd6687b22d6bada306ab6a8f48626f9f	746
221	images/animata/cards/221.png	0e36dd9a5be0c5a477fb0b5f0d25423a3d646b45426db95ceb693907f2dca4af	1637271	videos/regents-club/221-v1.mp4	9b509fadbab8a057f3077a1b85d7b55ab78ecafe56794c9cd5ac5f85c556173d	170491	metadata/regents-club/221.json	c4e9a65a48fa86c014f585ac56be33a77f3ad21cff81dee6d5ff459e0478f553	746
222	images/animata/cards/222.png	41226c37012b8250220d8d43ebe81a3e76f842f98312eec6c898afa018f28f38	1392520	videos/regents-club/222-v1.mp4	72a018e3fb1ae04841a140bb47c110d955102eaaca2497028bb80ab1211ee305	148889	metadata/regents-club/222.json	f9a8f567b9a22124f33757f59401c82f88647bc586ed38433dc6d8e75f26bf7f	744
223	images/animata/cards/223.png	1c96beeeb807d21cf213e3da2f3732054a4720cd1cf0699105244e6ca5426c36	1714785	videos/regents-club/223-v1.mp4	2a9ea661d2a53087cfb77e8ba742c1baaa58bdea0a3f25ec00cca2d77b3dc43d	149879	metadata/regents-club/223.json	7a8b0452d57efe3321d7bc56d417c49b6e7c9a7b561453bb0260acaac3aa1228	747
224	images/animata/cards/224.png	246d5ba38982e4268b7a412e39054c0814b9afc95aa145a89071671649460d72	1802300	videos/regents-club/224-v1.mp4	904493671060116bd82ba08e37482fda560fbf6feb905d7b8c251b85096a7909	149278	metadata/regents-club/224.json	fc5548a0a2dbb8c29bc2c701c7d4853d7c156ad8bd17152a174ea5e3acfa35aa	745
225	images/animata/cards/225.png	d346ff38969967b67ff331297fb22fc58d5b8878213d661b8f306daff06efb08	3447007	videos/regents-club/225-v1.mp4	7620272b7caeb0812764b2c5ae884a7d1cd208bcd3c5497377c9ec0d8f448b54	324834	metadata/regents-club/225.json	557bb039a5722d119c0aef6be456ec566dec62886b21cd9b599a6d0eca1addec	746
226	images/animata/cards/226.png	418bb4dd6f3929d7534974a85e5cf06f6133db57780dd2c4164c6e6e7c3684fc	1384664	videos/regents-club/226-v1.mp4	5d2c755f2bd08562d0d454fb2c282416a07b828b07d7172a77390ef21ddb089e	134367	metadata/regents-club/226.json	22e73e3102f64875ab5da0d1cc17be1733ac44ad3ce165bc5c291b97e5f3988e	741
227	images/animata/cards/227.png	13939279d1122195db4d9361ddee6f7a59ecc0179a8c77ffa81d6b06fd9f279d	1176408	videos/regents-club/227-v1.mp4	7fa6833ef1243f4116d07dcc63e7a21cd742d27c80678b9c3adc85239e7e0f0a	130746	metadata/regents-club/227.json	5e6d45a97c409c2e99934535d05c8b68e40a2459b640e54f5676dd644dfac5b3	742
228	images/animata/cards/228.png	996e68b65c55699e1b62f2df18532bbb077f2d6df7cf76177b2bda45d6f59074	2105044	videos/regents-club/228-v1.mp4	6edc4bf58a1158366d9a50ad49e3112c06f55945cd4b626969b12f69771f8369	185176	metadata/regents-club/228.json	5274074cf7d006396ee36a8222b4f26d4b21480715b75d1f58bc7a31e6d4bafe	743
229	images/animata/cards/229.png	7c9e9adc6aec77d367edcf011066ce4e057e235bd0e21d66e307dbc7a5b34ae0	1809919	videos/regents-club/229-v1.mp4	9d7ae7bebfaad44cd1657f3e102973ffc126153a3de8c8e80417d5205bc44ff1	145651	metadata/regents-club/229.json	40cfe60f980aed15c7075697de5307d441bd14e62a8efd5c085143eecb526baf	741
230	images/animata/cards/230.png	9538265c5b50bea964ebc08dc4b70bbb86645152544490a9a65cb61ea73b8126	1401078	videos/regents-club/230-v1.mp4	753b3582d48240104c1800f5c76a9fe2511e22d0ce4f7a89393dda65735dab36	137482	metadata/regents-club/230.json	93f4d2a66b02572cc14eada356ed70aa95d0e340aced395a5ca404b64203e284	742
231	images/animata/cards/231.png	2d657d2c7a401514f48fffc99c21352cdda2de932cdcf2c735d2dc9dc3489248	1867255	videos/regents-club/231-v1.mp4	68bc1148c9940d0c21ce14284cc9417bcc2a082ff86f7952c1c30eb2156a225a	171747	metadata/regents-club/231.json	a5c55e5f3d6a45cd1e72568f807447faed66c1e0961e4a219efaae307942fc72	747
232	images/animata/cards/232.png	bd1a276bcc5b9553efdab20be42c57e2f612cea079ab04198a4daa77f315b5f5	1653771	videos/regents-club/232-v1.mp4	8bb701df2d88f630afc88517fbc7a8fffba6d19148b1f7a5c6331dd2431358db	137886	metadata/regents-club/232.json	88bc4250f4beddd3bbcab34251dbd842d9ce1a69f20be16447ebcab8c5083e1b	745
233	images/animata/cards/233.png	33cc0f456ece7a175ed8cc8582e30a30602ec8a87636f5b8d83fc65ce475cd75	1326615	videos/regents-club/233-v1.mp4	a2fa642ad9b245bc8d2e6343defa80f7628ca042c9f33dfba6a1fc8ca234b8f0	132266	metadata/regents-club/233.json	0d3e174618f8ad3cf0772b4d13693068fc1d255056cc3490846f167b70f30668	743
234	images/animata/cards/234.png	b0cd247034e0c19358fa93c80b973c742a0ae314bf5f6b8e41b5f0cf4dba26b5	1608581	videos/regents-club/234-v1.mp4	4ae28c56ab7705adf954efbe8bd23d10cb095d31a63d57d6e096f053cddd398e	150608	metadata/regents-club/234.json	34fc413b5ec9ad5fbcf083cb73534af05352eb442e937420fd59de7c812d8a2d	744
235	images/animata/cards/235.png	3e815673587478bbe4ce39dbec8cd9a2f448a6aa170aea6734924a4a7a5d25a2	2514649	videos/regents-club/235-v1.mp4	908a5be9de9d335788bb1bf3982e4217f27819580d2258d9c93403d9c8f7997f	246781	metadata/regents-club/235.json	effe5c83e1b368175b3ea5d0220a2d224431c247bed577b8aba303c45e5b8337	742
236	images/animata/cards/236.png	0c7230f3be0f04a032f2578c764e38e525f89c905c1559c22e4e5f8c79153082	1746429	videos/regents-club/236-v1.mp4	23b1c95723dd478fd0aa01c1c65cde3ed3fe411e0a406d5be8492afa389d2777	160079	metadata/regents-club/236.json	3dde808c71fd7db2efddbd120990b552342f98bc5e10652666bdb9a9c5db9186	744
237	images/animata/cards/237.png	77067415dfa3226acab46103151072066eb83d53f2618d70f4ba672f232539ff	2548102	videos/regents-club/237-v1.mp4	7da8873505db03e1802a6b3b89ac6ff89cd04b39128285506fd6550955997daf	223264	metadata/regents-club/237.json	3a663f9bd0fb7d9450caa7c189582b8d18ddea0dd6572aa90c95fe3c7e09afaf	745
238	images/animata/cards/238.png	e50b6d251a0c490d1bc2695da764e91a3c6b4ace6b3d18392c2d320fd7bcb115	1735193	videos/regents-club/238-v1.mp4	a6d6ce8805a856e4185247833aa6f274af97ca57fbe66289e7ab2d971ceb984e	137036	metadata/regents-club/238.json	6f5b5781a4493f5d35a1eafe1f9f7229ae3ee2263003c460ccacb3809d783f2e	742
239	images/animata/cards/239.png	0a9d92be512a55258dc376d586874054348328d9fcfbf3a2c24278cf28658ee8	1558680	videos/regents-club/239-v1.mp4	488d98912aea9401f6492a28268046dad9baccd772c42553c04642bb38783e59	141983	metadata/regents-club/239.json	4b937f29ae3b3c13f99ee9e4674f58e023364c47ccfe3e014a3dd9ee3e764021	741
240	images/animata/cards/240.png	2744a95c90362bfa04f12485bef72af12e455151eefea058545f4f3cd304cdee	1416032	videos/regents-club/240-v1.mp4	f58c00b5b84a72ad2427ce18943c8240092f5cacaaac51a358c2b3447ab02b55	142816	metadata/regents-club/240.json	3d633a62f4b534276b09afc442bd198c19ae736417f4ebd2353330cb43f9b484	746
241	images/animata/cards/241.png	0ddc15aa8b347bacb88772c1dc076be89311121ff6271dfc894c9f2fdf21f872	1694261	videos/regents-club/241-v1.mp4	8f1a323c5b0f3680e3dabb19090f92da3d142299b65c9230a407f16950e03244	139821	metadata/regents-club/241.json	97b026354b297a86139756f2751092374d7bbabff628fa0cd92bf4fa47d0bda4	745
242	images/animata/cards/242.png	6bce058b5dd399654623bcd0324b60e6d8a5c9b29e1cb3930d871ccd39a09d87	2012476	videos/regents-club/242-v1.mp4	07074a65bf803d5255d363f34340fc0a648fcb2f40bfaa1deb862b8243749e3a	179979	metadata/regents-club/242.json	99586b86f2a57a293d96d52c8190780c86aa2750d80dcaf0f8bcf783785b6325	746
243	images/animata/cards/243.png	6a431b6211223e13bfc7139e6bcc34ce4b6d19baa27f0c638486bd1caa54371a	1680724	videos/regents-club/243-v1.mp4	60ddc93dde8d7e8975f7a9b267bdc238eabd9c0216c9a51db37f07c34619d84c	148450	metadata/regents-club/243.json	65afc87212b7b6bfe1ac7a86bd61dd91a7194665393eab298c34e60f13d31ce1	743
244	images/animata/cards/244.png	4c35aaa663ebc7a107ac66ba908be1cb9999a14de7e8d3e408ad85fea4acb758	1304306	videos/regents-club/244-v1.mp4	b67b03b17c00e594daa0636e91f1932139f130fac6af87a188b5280bbea1877a	135446	metadata/regents-club/244.json	589240c55c1b41d63f4cfa6ce14c3f1fdfa6ccc16008c498fbde9474fd3462bb	746
245	images/animata/cards/245.png	b1205cf3919f5270ebbddebca66fcb54739caa88cafacc710375fc3ae314a09e	2396408	videos/regents-club/245-v1.mp4	1c18b2f29fae773fc9b0e1fd251cef20e9d103ca32373e067f694890c587afae	220154	metadata/regents-club/245.json	64d6c6e14988923a7823cbc94867660e92f942283d2882a0214991b7df0b8856	743
246	images/animata/cards/246.png	4d0abf7a1ce4b532e13c9e5084be4b63132de77f01454b786cf91a0ae76f3cff	1339572	videos/regents-club/246-v1.mp4	d0239f8167c15f8d52b8bfc73f54b0290e9de1fcb1d85d5182a6e5e1d94a7230	133169	metadata/regents-club/246.json	fd7774b8e63fc50875eb72c7a81065cd51e448f98ef86fae7b727d9885f5053e	742
247	images/animata/cards/247.png	6c3e9140b741600256b4182eca74e6c9d5a980bd4df54bf3670d05173cf8c3cb	1373917	videos/regents-club/247-v1.mp4	f61e057d9f8042a3aed78b40cc2dc2f5175e3b2caa41ccba771aef5f818ae2b8	133814	metadata/regents-club/247.json	a6b1a6e619cc0bafc66104ed85dc186fd39313115ca2c8f5d7954b480b317b9f	743
248	images/animata/cards/248.png	734d1da9da0fa5bd34011b1eb684bdf3172e6db9e5efeb751d7575acef0bf438	1512955	videos/regents-club/248-v1.mp4	f356b18926fdc85b70b95b81c1128ee1e3235c93ad271f9fa938d94902a0894c	160386	metadata/regents-club/248.json	90e3381b6307fc55e94e5bbf7249298e2bd12e0a698238c14cb3223e76181cd0	742
249	images/animata/cards/249.png	f4f736d814c29ca3b17193797fc80c4b3d5c973e8a77364ec7b66004b2acac5a	2154785	videos/regents-club/249-v1.mp4	caee911a9e5bc060b827e9eadfaff887785dcabfb0811f98d3c4e72f5cc0fd3d	171798	metadata/regents-club/249.json	9e9b390bd19898b34c6e21e8e3d863286f29e5f93f284f12ab6753abbddb2e69	744
250	images/animata/cards/250.png	867b2b4b77372269cec89dfdf19b21c581fc545c07393f952b1a8863b5aeec00	1559557	videos/regents-club/250-v1.mp4	e8ce283cbf71d4e6c3dea48b8a770b8be5075dee767cb3b9a7cd65f2e337ea37	163833	metadata/regents-club/250.json	e590790aea0d22e6fd6b4469419aa957035ec1c109c467cfe323f21e90e3090b	747
251	images/animata/cards/251.png	39e82bce22ab30ed7491f73d096a87cbbf9eb808937a012bfa553d4d41517349	1562950	videos/regents-club/251-v1.mp4	3a3ea4296e3c5a89a0dea1e74e371b4178150a273f2f81faadf24f00689828d8	140786	metadata/regents-club/251.json	1a2f457401531d0e998f690cbe218024596fc2e58f755d31b8fa146a9092d63e	744
252	images/animata/cards/252.png	dcb38eb6824d05fdfbe0165a71852036eb2b1ac805a64e9994ea5d9cd59b22a2	1584910	videos/regents-club/252-v1.mp4	e29c92025b43f9512fd6f4d264f123f8d980782a345a70c3cbca18993d39e5aa	146096	metadata/regents-club/252.json	066b1c1dff5d5073192bcc3b68112dc1d35e10310073e67a0aac885e284af731	745
253	images/animata/cards/253.png	e69fef14c3d9095f207143573f96a5b06e541fe834ae49a0990f26d7f004d2bb	2961732	videos/regents-club/253-v1.mp4	396fa94cbd05e5154ef28085685484c1d2e8e377b774bf3cf917e68cb75a4b1c	287314	metadata/regents-club/253.json	41c5f97d06076ab6b6d17a5e00d06b644cdc8234d67c6055cd9d200df86fb921	744
254	images/animata/cards/254.png	73fde916fb88e3a6f5f8d423725235b18f54864f292940565960932ecc61ab03	1576897	videos/regents-club/254-v1.mp4	0c15ba74f2a7bb19f1966be7db6e4b1a439cd49facc508f7c66868dd2a6a3a4a	128549	metadata/regents-club/254.json	a67e088e4aaa8ae014daa6436b978c07d782e4841068eb5f5da00cfd1d66984f	740
255	images/animata/cards/255.png	dd38d460d4d955202659b306237b23eedfada6626705a0ab50f3e0481d8f6d76	3053311	videos/regents-club/255-v1.mp4	0a4e0c740192a609fcabc53eaa045963d7fa8281899269c20b04b3b2119269bc	365944	metadata/regents-club/255.json	1ee406653542643f8de80585f86011de15f46e74e7fae01dfd0025487a74d137	747
256	images/animata/cards/256.png	d752dc23acf40f9d26ad47eb6d340b36450fa42689dfc91b20155eff8c73f5b6	2446649	videos/regents-club/256-v1.mp4	31af7bc420f42f16717e2a2cf60cf3ccd9dcf7c1e2aca22c86637a49799c6bd9	243244	metadata/regents-club/256.json	036e78de580dceec7bd9aa104d14597238ae6e9b61b9e16528d39cf4f59ceb46	744
257	images/animata/cards/257.png	0a8d84e0a0da889b362f05b10b79f1723c368c3ecbcd82256a90357fa46be48e	2567262	videos/regents-club/257-v1.mp4	05fedf4ba641cfc001f8edf3bbf672f540c3722e9dcfaff8dbec6c06fe2ed58d	204812	metadata/regents-club/257.json	b728050dcfb3a73f71e3394f99e3da635467e6a02558b1364c2e1a6c85174f44	746
258	images/animata/cards/258.png	a8a48335f52130264e7de561e6010baea50ccc03059891e92cb822866eaede4b	2036122	videos/regents-club/258-v1.mp4	453bf942167c5a62951e89b4d0a11228f12d606005d29a94143b02510c4fb732	230085	metadata/regents-club/258.json	9451675b61dbfa625fdf2d7b715541c7c1c91b4819f42cbbbad7908c7ed2dacf	748
259	images/animata/cards/259.png	0eb4564ec41d16fb68967b8827462cdf1e6ff02bbc46d70cbfec03003b2263a7	1461359	videos/regents-club/259-v1.mp4	ead114d6ef287d197974332864b2bb413cc16750c088c0088a1f39f8b5e8d8ab	126032	metadata/regents-club/259.json	590b501501a6a01f9cc375c3a5fa297bda871e1b627b8220a325a99d55f688af	740
260	images/animata/cards/260.png	2bc35f1c910e75128acdcd08a70c75a1e7841b9e5ef9db169238c4381a53595b	1797384	videos/regents-club/260-v1.mp4	a23d60cdf03ad2449410885c89abf82b93e230b82788e31f2ce86626123054c0	150801	metadata/regents-club/260.json	5c5765f4b1e8854b1a60cc6fa73c3822d5f0dae59211f4873a0e820fcd9aa393	745
261	images/animata/cards/261.png	fb33e73f9231f6a504aa31570dc9d817594adec9ba35597efa09a2255ba6837d	1512429	videos/regents-club/261-v1.mp4	544d4516e9fed2f5bde46b2caf6c16a1a990cc37c966aa9b6659e64eb76aedcf	139793	metadata/regents-club/261.json	58702a2c158a4fe6e03f57050c9bd3b3e289e3189ebd67f85f113cf42621ecc0	746
262	images/animata/cards/262.png	e47c5b9914429dba7353993f01a1cb3b9f8ae94c21cde8407fb2e63d8ef994b9	1543961	videos/regents-club/262-v1.mp4	bbc3777e7bccbd06f0c41798511eb7c839d415821d867fc9b0ac3f99cb22b36b	147562	metadata/regents-club/262.json	d4e7fe115836558202666a874e23cb7c3a47f63405bdc53246004ff4c03e21c3	744
263	images/animata/cards/263.png	04d2f43b83dbcb28c0df796f33f70436be3d98bf68839477f4aa975ecc866788	1407667	videos/regents-club/263-v1.mp4	be14957d70707be7f81930de9e5431ef1f36ba37f102828195234ce0836dcda0	143973	metadata/regents-club/263.json	07b0cc28cb890cb072c4d32ad3e3d5358ab65e93f74fe17063a31454e1893af2	743
264	images/animata/cards/264.png	b1b0c589ef2a25e5453129a92ffd91c5988a4c3a4b91ffe736890703df927e04	3517815	videos/regents-club/264-v1.mp4	e227d0aba3398136d724b5dd9f09e530737741fd03847918c6b78940ef2205eb	302099	metadata/regents-club/264.json	14136938371c07bb0a0d862286612edf882216cedf426e07bba073a1b350f294	746
265	images/animata/cards/265.png	aa9b9426e2067da3ad983bd81c0cd098c9b0077e8f767e0f869ce08dc003e877	2162555	videos/regents-club/265-v1.mp4	83f1817d72897c46e28ad0f4f89fda08a8af0e10712b2fc3c138971c867addc9	166655	metadata/regents-club/265.json	8402518b27b2ed81a05241a50776a2a97ed7479a0e7c52eccc0e205b97befede	747
266	images/animata/cards/266.png	7134914d131d8db08063c5fbed79d1960744f9fc7c51483808848460bd608c73	1660460	videos/regents-club/266-v1.mp4	f241800734a943a681c8499d95679bc15b152d54c32cfed6fcb35075331dd1d9	137340	metadata/regents-club/266.json	224510a17cd4053f36167e3025c3ff580cbd96ea3012a60f4f352339140b926b	746
267	images/animata/cards/267.png	94f184a2cb5fee36edf415b157bdc646a1b6076e66e29ce0d8ab745ec5cb468e	1672421	videos/regents-club/267-v1.mp4	67fe868280cd2326a001bf10835b8bcae97f8f6227a5810062316590fddf149f	134524	metadata/regents-club/267.json	1f8e75cedcc17764ce8acf33884a8e8a42cd7f1cd0308b4fd2ccaabbbd8c5d57	741
268	images/animata/cards/268.png	977cb754fdfda3e6b6f957af85a146a24fab670b1a4e5db2b8653767feedbfa9	1832039	videos/regents-club/268-v1.mp4	09dd0c2f440084ce5d81b47eaf98fa6ca6f1665a4a60fc24ef6f4769047bca9a	160279	metadata/regents-club/268.json	8d712f7b9e0888a7380fe5c4a2a9ea4be87c266d7e6363f7179a1906fec6c80e	746
269	images/animata/cards/269.png	7ae1118485c15107bde03692542f63a0f31a2daefc2cd72fd95a6344371c674e	1742129	videos/regents-club/269-v1.mp4	ab0e9a75c20ea682dad8227e52b9644c1ef1de3f07a6e8b2659b413c43da048d	146967	metadata/regents-club/269.json	95d2d3c0e39e6bf079550e8120db6d6603d17b3a539ca512b905e9f5a68a325a	747
270	images/animata/cards/270.png	c1b9d45ec55bf342fe299470026375da9d0c751ee53d4c4b8b062f00d7a525ca	1269358	videos/regents-club/270-v1.mp4	a086e1de1582975e096315b057b0acd31a2a2fb6beef88155d2a55f1e7b9c864	137561	metadata/regents-club/270.json	107294ce322f7c4f532768cf01ba6e0144ee1cc49c60ec32a4ef5858d4288d13	742
271	images/animata/cards/271.png	c0d456a80d588526404209e734549aaaf61f3ce983a2ac308f2d377e4c9e4ff8	1633755	videos/regents-club/271-v1.mp4	7267040b4fc7736bec69d719bcb35fb45fdcfa62a3b822cbb17501609a4e9368	134191	metadata/regents-club/271.json	b0aaa7ca76a985bc54b63e08d0492513e93c07ff1234d4fa07ac560951aaf4b8	747
272	images/animata/cards/272.png	a1bcfbe6618854a1159674c64c3f2fdf5032b6eabc94eb50c9f8655f9bd0ecd7	1864462	videos/regents-club/272-v1.mp4	d8c69b8263881244ba7603f73cf78b409f33149cc53421f4d83fb67cc8f696df	175958	metadata/regents-club/272.json	7f65f0302b514990ab40d7f4c03186cb30c4d1138780f9ea2090501cd295136e	747
273	images/animata/cards/273.png	9f90f54c1575c374f759b925843ded9a8fa4e9cbf58e09aa8f6bd4dfba4f22e2	1934030	videos/regents-club/273-v1.mp4	651291271c09cfc15dbd6776e42efacc4b466b47400e9b64f5fef5f2d166f6cc	171196	metadata/regents-club/273.json	92dd115fd3eb9ed75ddde7386d5d61348dc0afeddcf2eb89cf3de98f13e9f46a	744
274	images/animata/cards/274.png	f2c473673e78cf27cb003afc92ee4c691adfa3257192e06e9c14b346c7e4e25b	1964134	videos/regents-club/274-v1.mp4	0dfef873f3a9659d17d1a8d911e068b00bf86d8b886a4ef2078a5406cf5276f7	185659	metadata/regents-club/274.json	301b38f76526475f0182343e672599faa308d9f1608e61b198a7d2e794f8d207	749
275	images/animata/cards/275.png	64be20e565007d660963e1e1194ec14b95d9f95812891bb6349057aa5dc3ce30	1237177	videos/regents-club/275-v1.mp4	9148165614b891a150c85869525274d5e7d88916e4d8fade530d22713dffacf9	134134	metadata/regents-club/275.json	d26b81ab2781cca0ff49f41db721807dea84f089338159f1a0409c3f65c83c3a	743
276	images/animata/cards/276.png	1dcbb031e21e8c3c4c41f4da750759fedf6d675ce5d1add1d205e48b75af0107	1969084	videos/regents-club/276-v1.mp4	98322c515a2590e2c733d41f6607675933d99d8b20f97471116f02935a21afa5	185567	metadata/regents-club/276.json	74a1dee91f8bba2e1620aa7133b7c8ad0732a931cb64d0944565375fb8097ead	753
277	images/animata/cards/277.png	4beeb1f394174d70448a5bfdd010128fb46dce9d07e7495ac8947d58bff411ad	1625689	videos/regents-club/277-v1.mp4	761e92c5f4ade469087c15332f04e781b071d1bf26275da5c554c2420a93afaa	141952	metadata/regents-club/277.json	0ad17be209b35e97077e993a8105eea3483fcf1ab5e45bbaa32dcf44c83dc8ea	747
278	images/animata/cards/278.png	4567b6e6b7958f2580062f1d4b9f137bec8b30794dc2afb76c264cc095de33cc	1968678	videos/regents-club/278-v1.mp4	4eb4e5a1559b10dae7b3f298bc39d3bfbd55036fdf8ac69274f17ea6b80bb3f5	183355	metadata/regents-club/278.json	d148e67b86d7dde3fd995545f3454e056d41a2871ebdc4dc8548d143f161ee45	745
279	images/animata/cards/279.png	53a0c79e8b2f6a24ccbe268f840a664000a795adb6e7fbb57c8ded9678aed2ec	1506744	videos/regents-club/279-v1.mp4	569d8a8f483b96e4d1a63b2d991fbf0c18ddadc1a921dc1a27822a7246ada55f	151453	metadata/regents-club/279.json	17889b961d28e57b41c27f4e1696c5b274c5bbd03c6d23c152adc0849fff8640	742
280	images/animata/cards/280.png	bbc57ae3d466c2ea57881095fd6043f1039b762ad88f0617f7db0585ed5fd3bc	1217539	videos/regents-club/280-v1.mp4	1b5f508be52931c5aba36cc03297d12e918000970dc78c0ddfd82cb9de1b811b	121340	metadata/regents-club/280.json	4f2ed83d2d6e077fc6ecda15466f5514d3216c76697a0d63d853f28b7afbab94	741
281	images/animata/cards/281.png	b74d1587a46d3bce8eed287b8bc73465f4f38105e7b204582623a00eb7f90646	2832695	videos/regents-club/281-v1.mp4	b80ed37bb28494060b2825ce6aa1f81a64b2bd128f656859e6162b8ae2bd33c6	219735	metadata/regents-club/281.json	4a0b5bb4a56ffacb668f2ab75245072bccbd733bff88c33d7fc61f05cc37b0c6	745
282	images/animata/cards/282.png	ce556bfdb65ea33e79a5dc0a26fef305f486dcd9424355908c2a4182886eb5e5	1577532	videos/regents-club/282-v1.mp4	0f37be98abafa65304eebca0519d107abadfaee60d1efe5be03a79d0aebc16c8	148098	metadata/regents-club/282.json	52e397c0924fde0a69e42aa0c6e6882cff4cf3e478145b36d2ccae5c8cb7be6c	743
283	images/animata/cards/283.png	198bc2ab38d6188d4a2d3b9013b1a4c954cd2907be9613a0591533eb596e2a83	1483523	videos/regents-club/283-v1.mp4	f39beeb19f78d81123c18cadecd847935d01cb25cdf7aa0395df5b0a2f760e5b	138503	metadata/regents-club/283.json	bde3f6814f1b9b2da3eaa31e20ca7da3aeedd7620ffd678094b72b49246d17ed	742
284	images/animata/cards/284.png	6f5c5808a03e50d13cf0082f35d6154f49d1294763816bee36e6002c61f818bb	1771664	videos/regents-club/284-v1.mp4	7852203eb18558fc05927a480443096365cc8794522ddd98183766370460cf85	138090	metadata/regents-club/284.json	a2a7c3fb8d3ff7925c9ba09da266f5baa570497e2586902d89c46dafc55e4f50	746
285	images/animata/cards/285.png	909e11881d541c955ce015c6e23b82feb5e23e8c85384d3df8d191153c7aa89b	1808515	videos/regents-club/285-v1.mp4	c3015753762d0bd26cb273ff8e2f37c4210f681be2ef13f56c6db5370a12103c	205247	metadata/regents-club/285.json	42e78dead1df1cda1bf90df020433785e1543134ffd643206102d2cba0d658a2	745
286	images/animata/cards/286.png	31350c914a17f5e9e2bf83972b3a46652f1cfd80f151e1b53b08f480e6a01eb3	1366210	videos/regents-club/286-v1.mp4	84608496db21a672a7c3fbde38f2c3728b95d76a73a9e9a08cf55140fb66bd7c	143466	metadata/regents-club/286.json	701e79ffd4de0ae2a19572bf8ae785d898f896f205eb9cc71d2fab9c6314bfa1	743
287	images/animata/cards/287.png	0af02b21e6e303e49323750b3a9a20af54a484d2cf20bbe1d0cdb9cb8162ffa9	1676593	videos/regents-club/287-v1.mp4	bfc8d2804013236781ffac90f7e9cefad9a1a8cf623a6e49e8abc2a6e9e2f18a	150441	metadata/regents-club/287.json	4d29fcf220a5629c0961273e496d48181829d357d20a38e7225d2ded97bcb975	743
288	images/animata/cards/288.png	e5286f2f86aad16f7a61d738034e568d32addc201499f90000c56c0bb0ff64bb	1872405	videos/regents-club/288-v1.mp4	3ee2a8a460eaeb5cf3676a4c542b2d60112f6b54c3135e294c254b6a6f2ef085	162183	metadata/regents-club/288.json	239fe059121696e31b1ed411a781934002cc72e5d4f78577d7074018f088a5bf	745
289	images/animata/cards/289.png	d39ec1274e1ec0427032585c85268a0159ec912ce142abe6d323488d680b30db	1514034	videos/regents-club/289-v1.mp4	ad24f376ffc8e7c539cb86d361256180087f5c76edf186bd9ba1d353abd31f2c	131439	metadata/regents-club/289.json	4f020d6866a303962a0623d90f2538d0e44bb6b37fb8b3c9787eac2bd0f80ca0	746
290	images/animata/cards/290.png	9b6e5d65f053b1653a3648c16ea341a19cc48c450e8b26c48c6b71d6385aef36	1728305	videos/regents-club/290-v1.mp4	3d332024f9270ea65dfdafff4dcd5e3e55ebb9fe07f7658f07d9bdeb7a968dc5	149378	metadata/regents-club/290.json	8515cd1a4ec498893b33344aafa6cee3e21f0e5f5cd4e6cab9ea17b700d89416	746
291	images/animata/cards/291.png	596542c4c776c9ebdc810a7c8b624e23514a1a3d76eb3af851af34f9d810c13b	1493044	videos/regents-club/291-v1.mp4	77eb62183e0572b2e6cb8ed5c3771a77d49ca80ec06b5f8653d8589bc8da5a82	138156	metadata/regents-club/291.json	db8bf3d7bc17b7d7d35f78055bf450866d38fdff973f52e34c892f50c131fc6b	747
292	images/animata/cards/292.png	b6872e305987cc0be2fa678244196bd3f199e957f8abfec6d0470ab61a51ef56	1909057	videos/regents-club/292-v1.mp4	35a15e57bef5f356e74e9be1af297d1a63ef10601d40c4ab095d69cb7932c102	182221	metadata/regents-club/292.json	e218f1e59d0600a2cc8f82039e2fdf6dc802d281de4b9695c7a8f634eed0a1e1	744
293	images/animata/cards/293.png	7fde9361f609ce6c2fe897ebda7c45702b8569465649a4241cac61d88824542e	1240963	videos/regents-club/293-v1.mp4	e87e6eb9b48eb0b9f5e09e03f4ecfdf140c9a67364e06862d7a885050ba76891	132353	metadata/regents-club/293.json	62078bcb4db2a344ddf5bcdad750f29049ff9777f9f9640a36c54dd2949af85c	746
294	images/animata/cards/294.png	330e549e6875b6c8c6daae687ef69f66460f7ec69b62bebd126352c2a874deb6	2096664	videos/regents-club/294-v1.mp4	f216f34feef90939ad1367877e3db47d70f0ae05990fea378293d0987c56a952	193781	metadata/regents-club/294.json	fa9b21e6001090d05e45975c53e0218dfafff8bcc9706b445b30284b4a5b8939	746
295	images/animata/cards/295.png	92abdf5f0b953a610798becc93e327c55772917e96c208ab3b4aa3e7267e0ae0	1699375	videos/regents-club/295-v1.mp4	80556cda21a0903c603cee6663061413472b17e6c78f7cec06e9697fcca394af	158682	metadata/regents-club/295.json	5ac9cc34b04d9975426c704184a1d4260841cfd68a04eaedc75fb7f8499098bc	745
296	images/animata/cards/296.png	2ef2d6906c75c7d2852c1bfb40bbe2e93c08e3a470e8e0e3c1202ddb463f67b9	1496988	videos/regents-club/296-v1.mp4	74705e4165b4e3e66a0dacc38e4d033825275fc3a288c31cb71e2bdb2f572ba7	139406	metadata/regents-club/296.json	28f9905394156fb91c91d9efda3bef2928f6faf6cb58b21920d8ff3f652e819d	744
297	images/animata/cards/297.png	a38d9d6d135aacde9e676f76229adc897a821c745341fb2f60785db36cddf6a6	1877780	videos/regents-club/297-v1.mp4	3f3de8b54119e8651fde85370971ae744e475da46dcbf05f2c80c598652bf213	157122	metadata/regents-club/297.json	43ea97f998fd701b97994db22b96c946324c3e14331c696f285894da59b3ae1f	743
298	images/animata/cards/298.png	1fce9a62669871e88e30e6f31a23e7d4cb9a1430a5c0e1ec0f215d52587b2ad4	2048297	videos/regents-club/298-v1.mp4	9fd4955e9519b6549897ef2be2b068e31b4ea53695cfc5b54753b1062295922d	170504	metadata/regents-club/298.json	f77168f7abe348c607ea5922ec47cc62ca133d96c7356d280076925ef99ea4b8	745
299	images/animata/cards/299.png	53f16cae2687507672677b7f6d6b81e3023396effa7ff763d5f9d655fde3aa8b	1912733	videos/regents-club/299-v1.mp4	fc8c57eda60197d229ed6289b56cfcacaef07bfb83966911fae42dffaeb070ce	183446	metadata/regents-club/299.json	8a44b58bd6a5954b4cd6d69ac254837ff4310098a7e5adffe32122699360c340	744
300	images/animata/cards/300.png	48a0f983067770bf68ae8985fe69fa5299e699ce2b6d26d02db9bfc7b4b85b65	2127495	videos/regents-club/300-v1.mp4	329b4593f064e92faa01db0864ab54b1d2a9e4de1766fa693903c1957ee384b3	186144	metadata/regents-club/300.json	94861299f32776c9fc4cd61830e0476ca000e0e4cac035c06b1561d21a14b56c	746
301	images/animata/cards/301.png	d57439c842ad00fa187ebb4fbc0fac7e0351f1a0e0038b6a52c129aabca6b5ac	2007992	videos/regents-club/301-v1.mp4	e7e3008e0f27c088c1925b18d61f68dba7dff8370d7488134a3619da0ab00e07	180644	metadata/regents-club/301.json	a4b10b3071ad0b2c1f3d7397d3fc201997dfba22f915ff77a073f68bd17cccb7	748
302	images/animata/cards/302.png	a324b95b2974137e7edfe9a3d760facdca811107df7612027d8fdf613ea8a3e0	2045146	videos/regents-club/302-v1.mp4	76d831faa031a195d04042717773899a84b6fe86af60291fb07bb4833d71d959	197416	metadata/regents-club/302.json	885d9e11107259a34f25ff5c7b9a7d438b662705e1b57052636d9aa78fc83a5a	742
303	images/animata/cards/303.png	dc1afbfd78d74235c2c26d49262200469846b1a2f9c5eb3b57fb1e786768af98	2463408	videos/regents-club/303-v1.mp4	803be9f628f36a9556f952debf569bccb8314c9cef08a044a7763d7257631579	204235	metadata/regents-club/303.json	8c9ec92706979fa51133ad2c5c8d6cb5ee2587474fd69f1c8cefb4094dd336c0	744
304	images/animata/cards/304.png	08e94b807af09ac4fedfbf87a4f8eba73d5aec936d89ebc7979045cd2f20f4db	1527219	videos/regents-club/304-v1.mp4	c9bd78ffa0912ba542a87bb28dbcb682d62cbd1d7bc895b00a00d1e51ed5b1bc	133586	metadata/regents-club/304.json	3a237ff803ddd82185eb7c3bb16d6a60bfccc4fb10fbce0344ca0878993b0281	747
305	images/animata/cards/305.png	282ec63d68459b26034f09a902d9b1771c37b6f2d1646f7f856b2619632c07fa	1471882	videos/regents-club/305-v1.mp4	f9eb231f8190fce1a92e15360d262c9caf029d288d20699c6e0e8d189fa23719	145076	metadata/regents-club/305.json	3579aaa89e5265196c511a9cf60a6360ec3088050e55b0b0345ec74521978cf8	743
306	images/animata/cards/306.png	87b3455b9f745ec5f266d037e86ae5499ccc923b1ead4cdc57d814c1515e5593	1709856	videos/regents-club/306-v1.mp4	fa6631c2ef7c44560db8239e94ecbb744655c5e315ee5cec11e64c84c7bcef41	158334	metadata/regents-club/306.json	47d044a2ebfdd4c8bcf6e84ccc26b7b54947c92888ff2225bb2fccc1be4f47c9	746
307	images/animata/cards/307.png	78803ee63ed29dacb489c6574a6e28e606057f5065e48dc6db4625512b3b7193	1928165	videos/regents-club/307-v1.mp4	e49effb256e4aeeec6b6d0859b0c89b16718eb629fd5a221d2086e80898ef19f	163126	metadata/regents-club/307.json	869234a325936fdc0b424f7d9d0c29c15e26f4d17482b0909059992839f3246d	744
308	images/animata/cards/308.png	891f30230aaa14c32a1c14f8da3dbc85dfea499d7cfd39e6a8e3f6f0c4b00a41	1659887	videos/regents-club/308-v1.mp4	f961b712fed6ce99c93801bf7c4f3e10f62607673d2a9584aa9694d545659e2c	153509	metadata/regents-club/308.json	9b1018eb29ffd111c0bde1497acd4c5cb91e6ad40ef1e3ad2e8d9b2cf336f02a	746
309	images/animata/cards/309.png	4ccac8ca0487c0e7589fe333fe352056da4b8e937e0b6064695125223575325b	2141616	videos/regents-club/309-v1.mp4	d19a1c91384f90d6ad3dfbb5fb7ca45be2e813e127bcc71690bac2ba9d0ebe7b	165792	metadata/regents-club/309.json	3fe5102ad3247093dc72e17cf17c9d4dabc64a9ae282589c88ba3704190875c2	748
310	images/animata/cards/310.png	17551ef6c05af4c2bddc55987d8e4dc0aa5f13d3bc9eba472122d7601ed3cefe	1982854	videos/regents-club/310-v1.mp4	51dc5cd85ed9b3fbb4667c67faf1a32012f477fdff7556268d9ee6328ef0d710	160168	metadata/regents-club/310.json	c046393b2c2ba99f0591afc43e2b14918b0bc4efef6136903708664ef7828629	743
311	images/animata/cards/311.png	be63c1a459a9c36f5eb6fbc9065f39d8b1ba62104748f3b790c681942652ae42	3583155	videos/regents-club/311-v1.mp4	a77523947944b794db6ce1c7eece480efae55268b95e62101e51e204cd625f0e	403149	metadata/regents-club/311.json	0a31c7655115064efb60879d272d9f2aa5b54d95e33e17a0b3fc4d6553b6f0df	745
312	images/animata/cards/312.png	7cc2d5a30cc4be23a4d4155ce88f6255b364d165754fc0d725bc967aac3ab7af	1709777	videos/regents-club/312-v1.mp4	951469d04506d3d22f3d0ced3a38d2e51c2580cab2425665ec1f57a6d0d75e88	163425	metadata/regents-club/312.json	83d9bead2bc0f83f1155667792c8b7905951168ca7677c99233bdf38d15d519b	744
313	images/animata/cards/313.png	5c92fb2a29c2bbd09f179fb9ed5404f24377ab89a6d196ad82cbf17486f13886	1753762	videos/regents-club/313-v1.mp4	e41d1845255e6d5465d4f10b12436a7413d3ba8a0a168b25d7106decc645a8be	159736	metadata/regents-club/313.json	54c4785c478466831f4a98a3fa99b9050a57bb352cb35a09dc47d373604cd59e	742
314	images/animata/cards/314.png	c38846b406a29807252bf72790f09f2e8837bec8032fba3fa126f3bcafb4e4c5	1322217	videos/regents-club/314-v1.mp4	5c150b9c89b2985495548bac46a91a5f173d4787b75b202c1393bdbfc3f51020	131528	metadata/regents-club/314.json	7fd4c01140d4d2d6bc6bb90571de1e548d21c170689ae0d9e98b5df8343ef299	740
315	images/animata/cards/315.png	276991333f7687026d9671a035f1357cde9888d882eb6e42196bbf08dc64bd59	2283119	videos/regents-club/315-v1.mp4	846551153809d3fe8d834270d9f0b3b2e48e5c5cf271e4932e6e6815e91fa688	179975	metadata/regents-club/315.json	b28c0a57054fd36fd11f67ab19742a0cda160ab4d46df1e6386772406aa559be	744
316	images/animata/cards/316.png	c4e77ef9d974321ddbfc36985ed7dd16335f6d27eceb71cd07e4fb7445ec1a36	1455156	videos/regents-club/316-v1.mp4	40c2c05d9bccfac753548c9ec7e3455bc4ee129568d7a07cae61aae8ae015df0	130290	metadata/regents-club/316.json	b60d0ba87b4fa81b5f0e120600554c9861ed62d3e3cc4b61851cecce88d09853	743
317	images/animata/cards/317.png	a8ef7b5f8db379541ca4ec654a32860b0416b96b1e99f62f61523e8bef319fa7	1526714	videos/regents-club/317-v1.mp4	6aedac3bc32d68b0e00731b3105a3ae7fdcbd22c63d3139e9514752c851763ef	160860	metadata/regents-club/317.json	760d43aab29a983526e0690e6b1ce1527dc895eb079aa29600d551aebd506fb4	747
318	images/animata/cards/318.png	5cd29e07a1e59f725a582f8de0fd4df31b55faf737cc078dc52945379df16899	1411445	videos/regents-club/318-v1.mp4	b16849de4762fbf9c006918c615f7fa1e259cb8fe18eab9cdcc277dc4435e7f3	136832	metadata/regents-club/318.json	d6ba4bd9d9e503282cb26b1d0ade5d03667480199bc637af85f24328925bc239	743
319	images/animata/cards/319.png	cd89ac51ff7c67f31a61fa19e5629aaab63febfc3e1828cf130b625e6e92bd54	1449586	videos/regents-club/319-v1.mp4	dfbddc5586c623e4afa684e5ea4dbface50324a17f26f6b11e5a5e5c7fd194c0	150496	metadata/regents-club/319.json	9009e3112aaf368f6097be7ade54e73160ef20041b90681999831e3c9a16c20f	744
320	images/animata/cards/320.png	2dc192cc065e2d2281c0f46e33cc4db52cde94550bee283cce4855a594cba3fc	1488648	videos/regents-club/320-v1.mp4	9414758e67833526472185cd5d70008dd5d808058219ab12cd75319bfd9121ad	143150	metadata/regents-club/320.json	4b5aa11f757c55de3e988ac56e20eb69f187dbfa4dc95516b8d64c7d226c6046	747
321	images/animata/cards/321.png	0bd85de2f9274f3d16359ae9e6afe4e9e4259c76fdab2fb72aee1bdf05aea433	2076122	videos/regents-club/321-v1.mp4	8269dee31b6ac0be61e347ca61d99676df9b54055fc1b7d0e1a9ba1ce57f631a	179900	metadata/regents-club/321.json	5c32cca795e5a94f8c49d5d972c30c8d19df2bf2ec1f7d282c1d3dd2177eaaec	744
322	images/animata/cards/322.png	a00ad021295045f0565ee757ec83e4dfdfb12cdd1078794b6e7beac1d1666189	1695386	videos/regents-club/322-v1.mp4	9391e5a26acbd1dc5d22a26b01a2effd1381b0951820c1042667e7a00a58e7b4	133277	metadata/regents-club/322.json	9a3d27c2ca51e77f710209d235ec3a108db4894943bb18698b685594a9086afb	746
323	images/animata/cards/323.png	94352ccb3307837eaff4aa21ccbf5d0cd2a2c1fed34623a3bec9efa98f819ffd	1435960	videos/regents-club/323-v1.mp4	5b52601eccbb519f935ccfe08ad93cfde2b62633367332f45da6c28fb7f44808	125355	metadata/regents-club/323.json	52c04adbe5c4c8e8d7a21ad4d889248e5ea1f9ab65fa1a70742fb2790026a323	741
324	images/animata/cards/324.png	41f237bcd041c2185fa5f9e7ae0265b9c2fc50191c935d7cad11cf9f4b698c27	1466511	videos/regents-club/324-v1.mp4	eb4e5b9b076883fde5b54ba63426bce7c78ec24a8a64c7c6c6a66914ff0d69bc	144342	metadata/regents-club/324.json	a210f9a5e811057f036e0cadc9ed3f7903da1b144f37ddce9219a9c8f2f2936a	744
325	images/animata/cards/325.png	b86e5fa3ca0489b08f74bf7837e3c5dc903c2732299ca6e345a0843c1183c1d2	2042321	videos/regents-club/325-v1.mp4	6525a712c8e296517e5b19f0429edb366e22fec72f764d45e37f163d16beae31	188957	metadata/regents-club/325.json	5d69247b1f6e27384f81f511645af9c6ac5133e8706bd441fd22b3287adeee6e	742
326	images/animata/cards/326.png	74823fcda5f5c5b6c341194daf3e2adda369f8e23ec71325501e169d6693de5c	1789881	videos/regents-club/326-v1.mp4	f6f7cc95aa6912442195d0687e342cb8078d59b763e111ef306f19799a0fc70b	166285	metadata/regents-club/326.json	e972d9f9581dbb71aa2f0f22f28d8c8a09bef84d78ef514c079c404664e05076	741
327	images/animata/cards/327.png	ad5207c5b4643e36c5e001c962f68b2a6c589b7dc25271780de7539303adda15	3159438	videos/regents-club/327-v1.mp4	b2ce87b4f678441fb34c56cde5c7128f2e4ea440bb7b84163b453c3a6ebf55bc	329480	metadata/regents-club/327.json	8fa720b3371144937dcdaa598850f8d44abe1ab6ad167e1442752b7bedd815e4	745
328	images/animata/cards/328.png	bc1c4d2e0f150cf5a6b59bc8637123a93ade1f83cdb45619e446bc3f7f37da52	1453869	videos/regents-club/328-v1.mp4	004faf69248a78254f55083a2ac6a611a992b540b5279e4cf66c5d89c3506dbe	136773	metadata/regents-club/328.json	204705accdf70d977e6f391a82a6bcc7c35656a5e45fb1d6c4606a3e4e93a4fd	746
329	images/animata/cards/329.png	607dc232ad36cc78959fd4b53ec4ee9ca21f5c6a2acbeee1e2cff694c4923ad6	2501063	videos/regents-club/329-v1.mp4	163f7434118535fd7d3f4774486cc2d49237d62dc3695435fcf4ec69a875e783	216620	metadata/regents-club/329.json	fa441c810330a01bedfd42794670653c9ac7de530db1c528e21655610c5f4801	742
330	images/animata/cards/330.png	e707008ac90e94cca7a8db9729fbe821261ca40687ac4e296bd0d52e1df49959	2457149	videos/regents-club/330-v1.mp4	aebf55c2b114d26ecc69fdc799b9b0ea86ac5e1339afc1227b583dcabf015389	237438	metadata/regents-club/330.json	223820140693b99f2efde9e839bfeff32f90bbaa5b85b3dcd09799da05ed1cae	745
331	images/animata/cards/331.png	f19ff04f098d610736f10586da63abc00d2ff58091d96d5d4181458cf6651f91	2304354	videos/regents-club/331-v1.mp4	22c2c39a4953d754c6ccb807f479c7391c687de14cac2d5cf5e4f01060a4f92b	176662	metadata/regents-club/331.json	8df11e7e4acc35861297d0dd9bd5f9a8f2bf1afb79e7a83fe1d8242e6a42d69f	748
332	images/animata/cards/332.png	16ffef9d5b3b0631014b5d567814f7f13381c7c48b608aea17298ac89f4bebe8	3684532	videos/regents-club/332-v1.mp4	745e98451ef73c6061b97456d5121746dfccbb03e6a08cbc3cd35147295fc1b7	438231	metadata/regents-club/332.json	9acf4a0aa4c052f880bd50602e6e36a6a31b0beb0198097b8d4bf2e20771eb7b	747
333	images/animata/cards/333.png	9e6960f5c6edf3363c068a1799ea25c73477457c6927a6807cbb175fb9bcb9f9	1683964	videos/regents-club/333-v1.mp4	0dc74ca64dba48543a1c99966a69d3ba8c8c4f840cccb9ff54341b4a241cd22d	159288	metadata/regents-club/333.json	a6d19cb9510557dcd467f3cbc373f937ac2bdcfcec274aff0ca73cb7c6626f74	744
334	images/animata/cards/334.png	1bdf133fa23a19bc2a3798013cf5898395e06202f9e5c76480377cd876f15d95	1487915	videos/regents-club/334-v1.mp4	7905439d472d6f0d50378244ff489836780b7a3824dedb1bf8c2b3bc51e660a7	140782	metadata/regents-club/334.json	a6d261d5453d9ba14bde7b9d4cfb9fba0a0d5a590efc80b0d6b966c116e598d0	742
335	images/animata/cards/335.png	752155ff38a693fa32411eb6c4070a48acedea1b4ca1bf01e60bb00bc034488c	3220729	videos/regents-club/335-v1.mp4	476ed7e66dab8ca622cf751ee3ed3f277e7840bf23057b59d3753f21ad9c6b59	404262	metadata/regents-club/335.json	91b7a5941c64c866f0c7e9580aecfc82a57d266462591ba51087f198c934b241	746
336	images/animata/cards/336.png	f67c03a8029c176325c3139c968fad7c3dea300da2a6e0315e0abb6a7ec67ebc	3281427	videos/regents-club/336-v1.mp4	9d27200e68481185d729247f5895eecc2ef313cc5c34574986fe29201faa09c8	379984	metadata/regents-club/336.json	96f8cc523e6e5a9af5c7f53816b5cc4f71b2ac99f70610e219180fc9b294ce74	746
337	images/animata/cards/337.png	0b08b9c2a81c04ba5394f746a8d4cbe7762f290c1a29057333b98ef765940277	1783714	videos/regents-club/337-v1.mp4	6460420568cdf9e889627ed9eed41b81508e6dfe706532c7d38f846ecec73f7a	161429	metadata/regents-club/337.json	5f38471cf34f2541d120a98117a63ec7771d20a3e178f3c556c736272cfb4139	744
338	images/animata/cards/338.png	1a23ccbf8b31d393ab44a5202c2ee150e177a743aa234d1e02f5ff68e76e24a4	1855041	videos/regents-club/338-v1.mp4	1b92925a7ec0ec643aabe225d1f74fdc4c2c11d85a6107703a630fc55f4fa35a	172785	metadata/regents-club/338.json	9b99b8248797e788baec4a7a957ee495c7a5644e2ff7cd4dec8c59108d3fe41c	746
339	images/animata/cards/339.png	ac2ec06b173df13358464b534779e126b063ed3d23612e54c326bbb3af2e6216	2108536	videos/regents-club/339-v1.mp4	d28e655410c638cd0757c0244d8f27b6157ecf82a82d5df8c21431e9cd98dbd8	175597	metadata/regents-club/339.json	9c915cfd377965adb4b5b475906247ea465563d82419ea1fdecb73d7fd270662	744
340	images/animata/cards/340.png	e716824d45b6fa7f604fdebbe01e4ac2617113e793270fe2012209cccb30d45c	1240390	videos/regents-club/340-v1.mp4	926380f5d1abd9aa83651c5ac07fd1c6c4446153ed586e317cbe8872bd6c8834	122390	metadata/regents-club/340.json	d46ec0421dfd909d58a22d755f3e0e7551560d492b239559e4826745434622c3	741
341	images/animata/cards/341.png	97376e17ff648426990ff339ab6d02bdd62743eaa18671b532b3eef4643d5970	1681635	videos/regents-club/341-v1.mp4	bb786f482dd70b7653abb981a5e4974bd11be20dadc245f5a778ea92c6ef0410	161927	metadata/regents-club/341.json	d83f7a1ff15c9552468cffdca78b8396bed5faabd4edb504185a0ac5f4ab576a	742
342	images/animata/cards/342.png	1add939bfa4e3b189c009ab0b1b9630e895f4f1c5e0da954ad70ba047452b5b7	1389994	videos/regents-club/342-v1.mp4	7a0e5d768953d99d601cdbc317404db27f299e9a2746866aa8b0fb65c5fc2959	155205	metadata/regents-club/342.json	0829492ecb9e5c7babcb30d520f7d29e38665eb7e490edde34f39e2160ac27f8	746
343	images/animata/cards/343.png	d2ddf18dad62368e802e754d110fe661d99b916530284acc83098d090d908f4e	1337515	videos/regents-club/343-v1.mp4	cea08748177f481507506332c2e1a1f76f645038806d2c34a492cbd3a1ea8d21	132460	metadata/regents-club/343.json	f072b6e1ca0b2eafbee705fb3ba38223a3f852bd082e824c8011fa6c68a53d21	743
344	images/animata/cards/344.png	5814b3b35ae195188b5f39912771438addaf9b772400f3a5fa504e9528787610	1326036	videos/regents-club/344-v1.mp4	34652500641661af1261989a5ad134146f0c26ea99bf61cce049365f52a324ca	127372	metadata/regents-club/344.json	569bfe7f07afcabc59619ba2d75e507f16a099e7efb7cd3e09399289b321ced5	743
345	images/animata/cards/345.png	4dbca268c11d7c73c36864bb4c925a5d38aab34df01165794d9091fb1cb5e2d3	2056783	videos/regents-club/345-v1.mp4	751c687e929e5f2bc9ccfe8165680686463b4d098bc300d7e6d9cf6a7e9afc99	174854	metadata/regents-club/345.json	be20ad32bd925566ac510d3c998cde54046ccff8c507f297014a94535e8e65e8	743
346	images/animata/cards/346.png	3cef274d095ae2aa710f08c43411943cb4b8d2e91495ee75679f0f73e78cad8e	2191571	videos/regents-club/346-v1.mp4	4e35477388f38d291be54e05c506cd92f6a130913945d787bc3bc30fd1a54ae7	184734	metadata/regents-club/346.json	66bb2730d73ad1cbc09cd7944b01d7c6a2bb4fc84fe5c64571d1b1cb9668ca57	745
347	images/animata/cards/347.png	10f92ca128c223fd931b5a56ea1011b08ad1af5bb72e5e41719f5b7c999ad1bc	1412205	videos/regents-club/347-v1.mp4	38bf4abe5fc9fd283474aaebd035a958e453ef72f269d722d22aef2f0f86e67b	133572	metadata/regents-club/347.json	4b58f1dee7cd96615bca7d08336bd08d60210703a87076a45a933636a33774bb	741
348	images/animata/cards/348.png	612e7d84eebc50b1519152f1090754a8a1d3cf44b7a7cd4b0e84e9042a7b04f0	1702442	videos/regents-club/348-v1.mp4	da0300f8f07840c685655b7e4fff0016534d19e6ac942f3f8f2add12a315f603	155823	metadata/regents-club/348.json	ebbdb3ee48cf7f5a958526af132885f830b09945433b3d98f792e7ed742b1b54	746
349	images/animata/cards/349.png	ee07349de07af7a349ee2d9c2435b977836f3d6668a69b2445c6e7524b70cbec	1825232	videos/regents-club/349-v1.mp4	3c404d251940a944fb44835a29c1cc3c3c9cdb89b500d5489ac84f6bf2d94001	153799	metadata/regents-club/349.json	c1c150c4b83a5f6e9065b2b8369e13fee74e7deb5f1dbcf4ca356457ac36789c	748
350	images/animata/cards/350.png	908cb489673be9644a4a400449bf9a33001ca11380e6f53cf54d2ddd8d38f9fc	1586330	videos/regents-club/350-v1.mp4	b1d1d46937ff2942ac39580f81b3f93c4755582ccbf1ad78032e04616612fd9a	147084	metadata/regents-club/350.json	94f1ee5a46d9c1e285c5928c9c66fdb659c19d2cff5363e62b5b5664f93d0974	742
351	images/animata/cards/351.png	926509b0a5c9f9c072f75de6b729be22df579fba423e3d7764df5d7cd7164e9c	1403529	videos/regents-club/351-v1.mp4	17de77001a6a98b5e79487744674672fe735e76906e2ffb9c0d5e284fbe09654	137630	metadata/regents-club/351.json	c65f700aa08ffd003941bf336c3df3a0b7de40237e21504cd0552f472992457f	746
352	images/animata/cards/352.png	b6ac5cc0e5b45f996e4db436c27a134f00b275577ee180c6cf6cecd4dcff04f6	1948300	videos/regents-club/352-v1.mp4	a7adf70a2ed7dff5b245285143e36afca7807c165706ab544c9dcf9fae3458af	172023	metadata/regents-club/352.json	e22e0a89f7d578770a53e6979b1960b6114f4ce70840477f0e786a0edea9625a	746
353	images/animata/cards/353.png	c0ccf964ba3d35468119913731e7e5dd1ea942317a6bdc709141cd58521c9df1	1378868	videos/regents-club/353-v1.mp4	ec14547e2141a0806dcefa82cc78038443ed98eb57a925576756ef533ca1c468	131557	metadata/regents-club/353.json	64519fadb69c10c075e09126ace8d50e121d0cfd577bb9f7d1539e60760fa8ad	742
354	images/animata/cards/354.png	7c3d2cee4662246d49a813d5ce2cf3ee5cbb3007622de0c1cd2610eebe6f26d0	1166857	videos/regents-club/354-v1.mp4	264fd95bbef57c284aa11151f0ddcc0a0b7d1ce697debf01f73c8c8bcd58b579	125514	metadata/regents-club/354.json	b9b552e7104851d15ab5ee1998ec8329bb79c9efbfed6d65d818bfa9052cf836	748
355	images/animata/cards/355.png	7be8947002cc5989289616fcd8ba79f6109db708c0eff7f22df2bc81da04b73d	2069689	videos/regents-club/355-v1.mp4	0508d077b068ed806e94d51a0c4a3f4a7db87416fffc9c2f7c932a7fbb60ca93	175886	metadata/regents-club/355.json	f91ac32d8fe66c02e62ed1a3632f1a71dbf9d17bd85140625adadb72774ee63a	745
356	images/animata/cards/356.png	45a7c182a228a1ff25dcd4ff8d2434f352ed91c551985c3872e54e43b6faa011	1985043	videos/regents-club/356-v1.mp4	acfeba94b3c441a44ed65cd3b3446034a9a7f2829b20ffe335c21624a851b7d9	170493	metadata/regents-club/356.json	c7d78ebe475e84bf9c329e8832b1692cc791757ba52b75b006d57973b5193619	744
357	images/animata/cards/357.png	16cb44d43700fcdd43fb78d0f1fa23ca164050121363ac98a25fe31b1bab3edc	2313758	videos/regents-club/357-v1.mp4	3fa723909818bd47336300f5e762a91757031ba78855cfa6ae6699cb22ca0285	219122	metadata/regents-club/357.json	eb709a07c380a51c5c29f78b74d668af6a7a6b5d733695df8b38cc9270c23807	748
358	images/animata/cards/358.png	46480abd978cc05cad6436b8688aa3acbff5b30d05bf7abbbbb6680855c75cc8	1570886	videos/regents-club/358-v1.mp4	c8b5ed30b0f6a054f92fdd0bb07278d35d17e79a63d50848bb1117cea295b876	161288	metadata/regents-club/358.json	35c30c42cf1eb7916c942c08d66102f4b35732a87ec2fd3c0282ee0854d7bb37	747
359	images/animata/cards/359.png	d171ca056a78e52cd66a771269335e4abdaa94fe9e6c8849bc9350f17e4df1b0	1220731	videos/regents-club/359-v1.mp4	f50093f32f31a50342ccab71d23ec200dbdda995448ded1aa83867797936b154	142858	metadata/regents-club/359.json	b67d77c5cf040ef4f64ae9d0a34296c229ee6378ba71c08dbbbf56d6ff0402a1	741
360	images/animata/cards/360.png	ffc4adb915a87d1d48b6818476e725203aba3cb7c34d43a43ef024a12cc7d2a9	2051371	videos/regents-club/360-v1.mp4	9d07c614a906ab8e7b5e3dfd85b22242cd472457b3784feb625f59dd756fd65b	176116	metadata/regents-club/360.json	14dc275972dce0774536d18f3d2c4679ad31e2e728b007332ed77b7d5367c001	747
361	images/animata/cards/361.png	92d44e39f6313b9c98d2ea12b00f6d64fef1e52500955712fec0b884fd67408e	1404968	videos/regents-club/361-v1.mp4	02e6a129a226229d8852f5c62c1fe27e87f89e0a97f4ccffdfd761cc458f0b3b	136935	metadata/regents-club/361.json	83e59acedb29aa96b58a6cf2bc2aa1d89a44f543fc69ff20635ced55e10f5de9	744
362	images/animata/cards/362.png	c88cfb780b423f425bad6e20c607e3344c83706bbd4456cec480d70aeacef1ff	1572771	videos/regents-club/362-v1.mp4	7e5d09db36e504d3a624212bb683d522d70b6293eda005170212ec1353683852	137482	metadata/regents-club/362.json	09ef6a6bf167c9ca1bccb2398d3e17de9a0a8e0af28af01dfc018e2aa1ddad4c	740
363	images/animata/cards/363.png	fe0d5fd1f5a8250bd32e1300d38ca6ad0ec45b31f5a5ccb783f3faaed5820979	2627238	videos/regents-club/363-v1.mp4	7737bc65b889f39806a6ee9c20f3b74e113fac00d4887ba6c183b0552cab2866	246394	metadata/regents-club/363.json	6d73939607dfdca202fc544f5e5c79ef76255e2f7fa35176193e553dce0e1278	744
364	images/animata/cards/364.png	7f56ba9a9eaee3463cd13ca406fde9c6c1c9bd4b267e9c74b5a24eb2af950d9e	1371503	videos/regents-club/364-v1.mp4	40b7e9ce27b64080a0ac088a0f8eeb32653e993a84a9bc774f8bd0285edb2982	129930	metadata/regents-club/364.json	aba079986960d4ad160469552c8da4f28a4793c1cf31c9338b042a01f524c8b2	742
365	images/animata/cards/365.png	313da647230cc5dd16ed260b4707acda0256a0f1d72e7917740e09bc71c94d3d	1643395	videos/regents-club/365-v1.mp4	a6c8bee4d201c18020fd086e0a50e2d230aac07b4a5b5f900a6550ad19788d94	137313	metadata/regents-club/365.json	d0bedee87df1f78d458060899648d49ed77f121a392094e375d22167dc9c8db4	741
366	images/animata/cards/366.png	1de46d57d8eb46490f6ffa7a6029e5bf00872a6dbe2de0eb577561a6ff9f4946	1417576	videos/regents-club/366-v1.mp4	42b6444693b0a3bc927e6c9c4aba8ce35a99aafce245b01f95045539da0542ee	142319	metadata/regents-club/366.json	fe43e7ebe83951a636cf765beacd487a33c22461286573c6bb2f2dd6884c4497	742
367	images/animata/cards/367.png	22202edde441555d25046825e8a68117d5245f278abec22b963b6ea857bd54cd	3833186	videos/regents-club/367-v1.mp4	cb34f2b95ee28f39470bd04bc7e1464dd6e29fbc8ad7592f66af6cf54cf958f2	371812	metadata/regents-club/367.json	89f801e86c18679140853213e33f57ec6fbe1eb697aeddcdc6511044b4cebb95	745
368	images/animata/cards/368.png	c7e4dc4a956a86f24cb5a2530a6d2531891734586624af918aaffd208bf5c820	2213513	videos/regents-club/368-v1.mp4	73cf307ba3d5ae4684b0bcfa52f9087402b8352ec0e5e408193a1154740c84a7	190042	metadata/regents-club/368.json	25c6f085a8083948f7444f9a622b5f828ae059669e0206eaa5a6f74acf579941	745
369	images/animata/cards/369.png	02f8d55ca64a928e7d9cf0e6781491b8f33d1c011d27263fbbacde29bcba9d17	1585880	videos/regents-club/369-v1.mp4	7d64e9f3c1cc4a26911ed70e212d63c5ea64d992c1a15c26427a180a7aeaf2d1	162830	metadata/regents-club/369.json	700f9c6f75d306fd65b25229038ea8ecec341c1da539edc50157560f3665311c	742
370	images/animata/cards/370.png	cebbc849a0ac26c2f7b4df42ebac7587e1027529dcc1d8631a5b81a5fa218ce1	2254821	videos/regents-club/370-v1.mp4	7ff0896f5dffe1925748ab83d38c5986820e380eb75e0744290b7cbc4941c9ab	202500	metadata/regents-club/370.json	93c2d4cd2c00a5a820d678787e677eb27ccffb9ee6271c33e622011145be9657	744
371	images/animata/cards/371.png	bf372c1f81c1270d206e24d6b60b028923607b154e193de6022f819b6dd21090	1666476	videos/regents-club/371-v1.mp4	ff366b8d05d35f16ea627dea2deb02976638cc0e1524676656ff5d63499a8f6d	159393	metadata/regents-club/371.json	9d2e25ac0b19e926dfe3f8fd1626075fb6909198d6d55f22976b021a75f2732e	745
372	images/animata/cards/372.png	bf5572db052e2927d24e4d59b25ce077f0c4993e021adad714618cc5c8d550d5	1451999	videos/regents-club/372-v1.mp4	363c627f552d50f305682ad613995a1aa821415ceebc78998fcc9f4202c3bb44	168860	metadata/regents-club/372.json	376504c981a694aa51bc34c899bdc1d7686063760286cf9683d73af33fb0fd11	747
373	images/animata/cards/373.png	4357d205496a141a9796459478835fe390d4f1149f06059ae33a97117975bc66	1589737	videos/regents-club/373-v1.mp4	42b4e20bbfadf9b1f359e2919f4163a77e9927bf9b7ccc4cdfa6739a42e0a5a3	166657	metadata/regents-club/373.json	0e4ea3d22413a8704f56b0c791b3139e8549276da7fe0f1d3ccb1e5615166dde	742
374	images/animata/cards/374.png	df32b91e264e58899281135d1c2068e8c4e5ba3356aadc791d21dfb389cc862e	1975638	videos/regents-club/374-v1.mp4	ef1916ab24c8187af7d666c7a8f541296dc68d69edc09509a1f947237f381793	173302	metadata/regents-club/374.json	695b5887b6b03aa7804efc268af3b74d8d680bf6dda1307ca411f35cd29e4d25	746
375	images/animata/cards/375.png	e72691960335156eaf9a68d32eeb36616fdc8ad97e98e66931284b5c0cbb95bc	1771186	videos/regents-club/375-v1.mp4	d5d6bdf8a604208eb3e864ce353ad8791da7980ce6068fa842e9c18cce9fb1ce	162715	metadata/regents-club/375.json	b74d5e7e128da5d7a4563883bd83430c2c833cb65ce20315bd8dc51551d17b84	747
376	images/animata/cards/376.png	8f81c047575bd152be1bb675c564344de76248bd14780ecbce7532bd5f5f28d6	1611691	videos/regents-club/376-v1.mp4	7549906a361507b85cb70285fd0741f6a53f37fdbfa092e7f041beb3231b946f	151064	metadata/regents-club/376.json	b99f039e3ede979c421d2dbf1cb158aab7352bee63ffcb42c263f11099fd4131	747
377	images/animata/cards/377.png	5672c5faa479053c64914592f73b67be0333abf7eb68d90d140f76cc7f5ed1d1	1589407	videos/regents-club/377-v1.mp4	dd768a2db46649d434b7a84264d52b95beb120e64ebcc86fea2ef27471145a05	150012	metadata/regents-club/377.json	700ed6474663168c155cffa4c6b2a18f105a2dc87cf2d4a7efedec06f995523b	745
378	images/animata/cards/378.png	b17280c548f544230bb40ac9fa655beea9e5184bcb5d9ed738d6cbc987e377b1	1909187	videos/regents-club/378-v1.mp4	00c44e494bb4c75225cb201cc8e8e1686ba27a26c6c036e7565669820c383bdc	167410	metadata/regents-club/378.json	bbe479feec9ce92a7df71fdbbf2c6ce4561757d5c16e223c4ed039107ed28f1e	743
379	images/animata/cards/379.png	10c9d1b3711bd33b581f391169a13a6957af71d924981a1bfde893c11feae93d	1472199	videos/regents-club/379-v1.mp4	fee341ba0b865265dd6ce9d8a2cfcf9af69a0b5609bb62dc196515040dff175b	146640	metadata/regents-club/379.json	b7c01bd1bcf8be502053a7b33331d3f1bd936cedb576a27b29545d06004fabe9	742
380	images/animata/cards/380.png	66de0469ca8dbd86cac9139a3be42d59cfeae9242df45696c0b063f166bc246e	1832371	videos/regents-club/380-v1.mp4	ec5c2c86390030079ccbd7c81d9ea3deae36668f2ae136cb1dd80cd275e3f9e1	164968	metadata/regents-club/380.json	95d518890e831bf4128254c5ef521dc8aff3c4380ae91449e67aa8fd9cb8ee08	745
381	images/animata/cards/381.png	8ec041dfaab85c08fb0ed1300b064813cebbdd7cbd5dae8fc0a6e358a8c4c2f3	1664887	videos/regents-club/381-v1.mp4	d5f9a9def6ba2cb4adc3d58ee00065466051b73735e6a9f34d0ce8faed4a7982	148466	metadata/regents-club/381.json	497dc59630653b00feb6d50fc44bf31d194f5ea3d8673982a9ff6d353f12a57c	741
382	images/animata/cards/382.png	a2a24ec8b95c797d78d7b3381daf18145dfc55d55c340f761bfad96d47d68164	1254768	videos/regents-club/382-v1.mp4	581daffa9ae533df0fb93f5858413b3927c3ef73a7621ab784f6a605ee1dc7a4	127392	metadata/regents-club/382.json	8c80df0bf22854c2394ab260e1f8e3e6e6ccea8ce35f76e65b3511828ca2f08f	743
383	images/animata/cards/383.png	9666c0f0147d353fbf83f50b7b36e1a172c62bab74e903aa6da4ec98311db2bd	3292923	videos/regents-club/383-v1.mp4	2d1120740f633aa6557da597284b50c6aff31182f0fc3768328b6a3640ee9cbd	323018	metadata/regents-club/383.json	e4b01c46b08c44e135dad8754a716455f095ef348dd88118f5c4eea0a11900f2	746
384	images/animata/cards/384.png	7cd6e05caae7c1953cf6a0e09ecc864399dc16a9b954c13ca6e79e8128371c42	1863606	videos/regents-club/384-v1.mp4	6d48c0411c15625995adfeb6e1f990519564ed260421d4f486302fba0b79d4ed	205260	metadata/regents-club/384.json	e0ca16cee8d3ab6576b9d7c8f6226b1c16306e594764c3c60cc9274a62e0679f	746
385	images/animata/cards/385.png	259a5208f8248be8e567c45c7cc3c9b858699e4371b231ec3c50bd27c31a8bbf	2068867	videos/regents-club/385-v1.mp4	24946fe6c685431bbd14bc9a1a6a3e8feb693932f274cd4ea45c31f640abf13f	179601	metadata/regents-club/385.json	91d8f5bada05881234bf77c6dd60cd3a871f3a3ff1f03ceb84aa566d35bbc054	743
386	images/animata/cards/386.png	b0e2c10d73744d1381c437d5da3c0ba59f2a599536b9548f2c14ae0d28a12628	3684972	videos/regents-club/386-v1.mp4	b938169462bd4c1578a1ffd5f117e4df210f74c3f8ec608ac1cd470ec1ff95c5	453243	metadata/regents-club/386.json	4385776493b4970e6672b2dcbfb3f7fc6ba579c38fe67d750d6b368249459ff8	746
387	images/animata/cards/387.png	bba9fc414a79fdd4ffb60941cc6cb471f09226da0848e0b968d3cdf7e19d812e	1454200	videos/regents-club/387-v1.mp4	836eb7c3a79578e9133cc3ab454b925a6de446ef18879ad852504a5ab195ff22	180199	metadata/regents-club/387.json	442b857ff22fa47e470fdc827e4101261d8e1e92597331dd77e9381b4fb86b1e	745
388	images/animata/cards/388.png	27618118ec57e4c4ddc990894c42f7268e1db1671b4ca1de87daad1dbb0c07aa	1903562	videos/regents-club/388-v1.mp4	1c0b4796a730786a84a9ab7d76aca1f6b63465faf177c707ed79c9fac2683901	175413	metadata/regents-club/388.json	4257b8a61f818c6668f2cf7a9a1ab837d8d11edc1883f3ee7063edc98865d70b	744
389	images/animata/cards/389.png	d781e8f7f2f55bfe1e0157112827edd32b71874f1e49066b5ad5ef828f696643	1501371	videos/regents-club/389-v1.mp4	3dc901d55a779ff6391e3478bd6c66ce77830bc0f9a5ea9202a73454d5296cdd	136265	metadata/regents-club/389.json	426ffeb0e4a2c9705989d85a8fc161506c7029b56d49294abedd54897e3e76b2	742
390	images/animata/cards/390.png	ab599c0b19ed7b88cbbf557647b676365856796e982f6deda112473e1638a6e8	2179867	videos/regents-club/390-v1.mp4	050c9eb9910dc69d17c5578aa7e52f024c67ea811688d8db4ea87bae6bd79223	179832	metadata/regents-club/390.json	9a6680e481c386f755a4f596170c307e9f49b037187261febf510c657c9dde6f	747
391	images/animata/cards/391.png	5d6b9db638eb9b9c2e2d30c6790d7cf22076b8191b6185b8f8f74e7dcee46e4e	1906646	videos/regents-club/391-v1.mp4	83ce49386960317ba2815c84ca58a36a51ebb001bdf8a5afb4bf126f3009e031	193715	metadata/regents-club/391.json	f85a2d5c5e77f525d5abd9149ba60c0cd444445c19b14499a80b6dd7bde0c7ec	743
392	images/animata/cards/392.png	6d0f9b4a33be4865beaeb47b2876abc6308cf1abd510bf3463e048abaf3329eb	1480067	videos/regents-club/392-v1.mp4	54e8c56920ae65d3e9f9b0dc0a1c061fe4983e9a3b40d300fc6c149e792898e8	138285	metadata/regents-club/392.json	ecf87b6538e6d60bebff256d9d0e3534ca104a1b586b3468db63849dbaeb18dd	746
393	images/animata/cards/393.png	16ec9ef9687bb4e8cc7433e0fe237255b9fb7491b876cc8c3fee99ad46a8b4e0	1710200	videos/regents-club/393-v1.mp4	a5d93790c5065e32471836b190249c0e8f0741495edab27f1c930cb9ad6c6eef	159373	metadata/regents-club/393.json	d3ce22816261738b9fb83fed356a4dd83f686a8853ce28902f33707798072ce6	746
394	images/animata/cards/394.png	eada2d604240b6e5eb56df8d6f0da74727f760196c1f8454e47ff314002279a7	1353901	videos/regents-club/394-v1.mp4	88a5b802966e2e1f3b877c520d781d1b22826376e4f3c6f8e07763e0c257b1df	127396	metadata/regents-club/394.json	5b43ebe1d8bd3a66711a5c982d90094a9ac13555e57450c00accdd5ae4da2512	740
395	images/animata/cards/395.png	15492d258eefc2aabcf397c52392d94781b0d6f302b09c43bc944c3984e1365f	1804452	videos/regents-club/395-v1.mp4	30a1c546707da50b46fe726f214ef8d431620c0b11c38ae41af9d3a0fb8a1d53	165652	metadata/regents-club/395.json	4cd901d0228d173d98a17a9aaaf435524f70b305d56065604877bb97d284f609	744
396	images/animata/cards/396.png	3e67df913fa6f6e48fb181897bf9eededf26947e62d1a59aff28617028253386	1643474	videos/regents-club/396-v1.mp4	9a02dc2e82b39197964d80656df8458eba12660ddd7ec5ce253ed8d146f286e6	137195	metadata/regents-club/396.json	b531ee608a2f9ffb678cdb2ed8c6a4a915a64154ec5de963e40b9019d556dcbd	746
397	images/animata/cards/397.png	8433a7079e0af1fb6eac639c999ed564b3c708bcf09a629c1c21fdf8f5db65d1	3267314	videos/regents-club/397-v1.mp4	d788f941e40324bae0b8d38edc0ba0527977f0f52c2f708d6bda0b238596c515	321603	metadata/regents-club/397.json	04c11fea611e1112e4680d9d67ee0a43ca8f904be720e94618fbfc745f91d1de	745
398	images/animata/cards/398.png	c122bc260ae33fd325deab68306485754e0f5810703cf60e220f6fe6bd98fcf0	2978087	videos/regents-club/398-v1.mp4	4dba951141d3e0e10afff9d667911cef73077608bd06a1eb542cf0227cfec38b	284148	metadata/regents-club/398.json	3089d18312b706368a7a7ba3a2ef9fb6c92321634fc88f473f278c793eff8767	746
399	images/animata/cards/399.png	4b136728dd7714ffc2bf0ddfc58b4a4cf9db12be1b21226f78a6782677d7b32b	1980133	videos/regents-club/399-v1.mp4	6b892c0cc9490491c25dd16db0cd174e87ef3abd61a18bc5d745ec5651079c05	174345	metadata/regents-club/399.json	f37199b0b4f6569025844ddbce260ffb25164e70f208738b6a689efb013042e6	745
400	images/animata/cards/400.png	1b9b53f841b39777d1efd4ecd81d4eb978dea0a238fa150ac0c4a5c655ec4fd9	1263103	videos/regents-club/400-v1.mp4	c7793faa683ba9f3ca3db82b8080a1875458b95fc5d593a99a045d94f344606d	131669	metadata/regents-club/400.json	04bc9e44658a986ec3e8a78ee70bd331d6ded48df3f0fdce771e8d1a704cf590	744
401	images/animata/cards/401.png	18982751798c0f2e953be5a3a9807548bf7b19b663c3ccd850d846251eeb1234	1488699	videos/regents-club/401-v1.mp4	805fbef1ed747165ec49486826d06a04e6008885cbf366df3a9942debf1518c5	128689	metadata/regents-club/401.json	e3ea2fc0081c1cc0eab284a571141b4c7e5f79501e80f15de664690ff64ed4f3	746
402	images/animata/cards/402.png	12065990d2a76b94183db4ef046589faf244d932b7db47bf15143876a8d4f22f	1816068	videos/regents-club/402-v1.mp4	9502f006030827cd85e4a4ea6b8d1e98cd9bf8cba7fa835fb3e062317cfd46ea	143334	metadata/regents-club/402.json	15e40f62636a2e3d943aae2443bd4d9fe6859205dcc7d6d61fcdbaf6c8afce27	747
403	images/animata/cards/403.png	92d93232ed67c19869a71b3ac226fdd77bd4e3fad06366b0023e54a99c2f06de	1875275	videos/regents-club/403-v1.mp4	6a9c1788c395a63289e5a7f1871fd19f77f817250a7440a111b7dd6259a36999	171952	metadata/regents-club/403.json	a9ad69d42be46f554e87b21dcd818ea7f9905ddde08b459395a4834081813073	746
404	images/animata/cards/404.png	570424329c69e0afafd9528045e29e630325f8df2d5a3e6fd8e96fa3a00b0d07	3536875	videos/regents-club/404-v1.mp4	b7d1c12caeaa0549f5d09ab860cc3be6f2257978d71f970c7ab8c0a5d9c6ef0d	394407	metadata/regents-club/404.json	ac430a42d5d9a020b9be8321caf13554c0603f19725c6d1cb8e227433e17cc6e	746
405	images/animata/cards/405.png	a7dff0cfdb89ae765e9c803cb8e4ab1b651195fadd0d17852a51bad64b955296	1882066	videos/regents-club/405-v1.mp4	fc1977e25f8a0ca0990da5dec35603de94415e0fc240a070dc389a5e5010ae43	157990	metadata/regents-club/405.json	b8f765ed38d77c1a0036859fdd8ef87b945807c4cf62211f1a27956c824248eb	745
406	images/animata/cards/406.png	f75534804eff65f35d9a824de2bf4fcb950205b7357a1e1b98f12b2d95d132c1	2640499	videos/regents-club/406-v1.mp4	cd769f8342e8e0d4dd0ed2f7d7f27e2ff37605a3c7a87dd4a2fa09418915a9df	235906	metadata/regents-club/406.json	11af3bc756b06425aa16fa5b6b8b9aee785bcc96d749b644491888a82792a290	745
407	images/animata/cards/407.png	cc4fc21c309e90d6f7bad2bcfa80abeb7e69c96717fda33b22009944bc431e61	1504172	videos/regents-club/407-v1.mp4	2c86f220f5d7f3ef60d3131e23333de193d4e444a52c52a2bf9ed16eeff45784	170035	metadata/regents-club/407.json	969e79ca1a73aac7ed8b69e60712bfe9b20d0e101966ad3b774be0b1ef03977b	746
408	images/animata/cards/408.png	cfecba6cd83484830ffce1ef2b58a55b3306ce486c51e4d19402fba1b85d9d62	2598240	videos/regents-club/408-v1.mp4	271579dc77e3305a71579ad34bff33c4b0100baa0856aa3a92495caff1baea5a	232860	metadata/regents-club/408.json	495a8e6edcec1acd31ad7841894bdf96369a45705b6cd7baaaf8810d2a61dc7c	743
409	images/animata/cards/409.png	c96b91f21a581d126d7653c33671164d386c297c458f11c4899366a3d6de8f80	1782766	videos/regents-club/409-v1.mp4	1febbf5833635391c164e703ebd382a6e8d1afa9f52cb5a10f7679e9c2efb451	158219	metadata/regents-club/409.json	cab2eb4541d4e02310869edb1c0dc918c457d74d3d1131f051e6492993be33b2	747
410	images/animata/cards/410.png	d7dde42ada86e8a6833516479588284fae7d45c3b5a422fed36450c239d2a99b	1754857	videos/regents-club/410-v1.mp4	bfe1fb61b9e98e279b519ebf0d42ad1245e73136c7a58acd827f9431062b9bcb	181495	metadata/regents-club/410.json	83bff4f9170ce11be5bf07217818eb42bd09a213dea065b05419556104230ad0	746
411	images/animata/cards/411.png	a9fbb4cac22f02df718f2d5049775204cb5cf810c56d94b456cd8faf1dc0a470	1459054	videos/regents-club/411-v1.mp4	7843357350120f1d972b50de5805970394d2f239e85f6ed6a1a9c2ff64f56aac	152233	metadata/regents-club/411.json	0c95dec5d089cf4c6345a2e86c9c1e2b665d248cff449019e01dece9a4b5617c	741
412	images/animata/cards/412.png	82014f9f10f32475e22fdc20b8967b55a5e632f10aa30f107e7040e5ab450ed8	1734550	videos/regents-club/412-v1.mp4	9df9e1eb8eb6b308dc98e049129bfadfb72bfa782d2a5dded5a06452abc594cd	153746	metadata/regents-club/412.json	933da20f0f6bda7cddbaf57d958874896a107479a5dee786093e03860ddf7758	742
413	images/animata/cards/413.png	6a07f8220aca1cf7d69fb98b52d08d7ea5b294872674ca6a73d3fa0a7865d882	2278050	videos/regents-club/413-v1.mp4	a07d43c4b59f8f54b4ee81b1339cdb0d1d77c8effbeb87adcb3b561f3f13e6ba	177328	metadata/regents-club/413.json	43fce7041b2619e36edc57a46d80a582a847c3db606bc0d6180dacb5baae2082	745
414	images/animata/cards/414.png	c471d5cc6d9c719b0c192487d5a89804043ef3a69d530a1b8e5775684c39ad58	2205650	videos/regents-club/414-v1.mp4	d0d1a2f6d9c1d24224e24c80161cab0c3860f79f2138433c32af31999347b8d9	172359	metadata/regents-club/414.json	70c37874e0eafd430a118128a24ef9ba8cc82b2ac7264abcdcabd7f1b132318e	746
415	images/animata/cards/415.png	52b0df4a04b05a6e0901e830c4e68174599a8be613a6faa9a08258915c155bd3	2659499	videos/regents-club/415-v1.mp4	f318339f9f4d19ddf6068db289755c614f2ff4e24e2008a47e0e20b06c18877c	221287	metadata/regents-club/415.json	52e8ddf5b0398ca7ba6fe4f64fe1d392e8c1980f853ef146151d1d5b0a9668c5	742
416	images/animata/cards/416.png	d6ff2b98c7dd84bdd279201e25fa8f7fb11e45c10b87abeb2e02da79d7a954a7	2207253	videos/regents-club/416-v1.mp4	f0c6b8440495fbf1fc2188c4b51749ca260868693612c6317a983f30d435665f	181925	metadata/regents-club/416.json	085ddd1360535c2ca032fb83bf2ba638cea56992e5eee684f10ccb5929dc9eb8	743
417	images/animata/cards/417.png	b4e102a6d74b123e69367fba850dc5706460cdeb7d1b200ea7de1bbfee77b07d	1714566	videos/regents-club/417-v1.mp4	e616b0c8f58f017d4dfb47ea3b7025e830e9391f8b738c9300fc2e0e8eb46c33	145035	metadata/regents-club/417.json	460ce91fe4c2052e78bbeea4c84be1b7c6cec670b2cb94478d8e0443dd266275	744
418	images/animata/cards/418.png	d1588b80fabf4b3910e027d4b6eb05f1a8a4b6888d872dbfc221f13186f184a4	3261010	videos/regents-club/418-v1.mp4	9826b0996d5b25b62f0cf6d2078f02894f701ea67bfdbfeaa30bf69c42824bef	469418	metadata/regents-club/418.json	46a78a89ac60e119eb0be2d68009af1b857ad1211ab0400af6398600f1b3069f	747
419	images/animata/cards/419.png	b38521469ea0868bfa675f5adaf1b9a457d7d9e4f5ad5f8684e238b066c581fb	1742239	videos/regents-club/419-v1.mp4	a88393ce47a03768ab84971c8c861ce472831e6dbddfe0ef74ce55edf39bef6b	163263	metadata/regents-club/419.json	7bdaecaae0bfda71cbd1980abcde812eb9e9a85c8a8467b8484c0b468af95dcf	746
420	images/animata/cards/420.png	363fb8014dfc9e6db3c53f0b61abf699a782a62eeac39872417b0defbb875bdc	2044873	videos/regents-club/420-v1.mp4	2ce76b60431b0aee68f6808b82916d973d2d9e2899b03e8901807e9f283c3cc1	216475	metadata/regents-club/420.json	50df6a996f8df04ce82f38d8afc579374b36bad7145f9766b9068e95365de3fb	749
421	images/animata/cards/421.png	4e589ddd364dd51488812db632f10b233ee0617cee0f992febea302c66ed0fbe	1516446	videos/regents-club/421-v1.mp4	68ac48c62066b72b12e053199ccfa7cf77af69f33e6ee739d62bd5b7cf4abc3a	137016	metadata/regents-club/421.json	c71514c0e83f0393e046075614bfc2c6f3acb33896df980d70e958b6a4999dbf	743
422	images/animata/cards/422.png	240c37dcaa5766e9dec82315b86b5409645addf1390873ebe8e990a9851086c4	1595165	videos/regents-club/422-v1.mp4	3944c3ba8b54ecf80385cf2868e85a5d8dfa1c9846f4f71c3456ffddd1c5edd9	138889	metadata/regents-club/422.json	a1b17650b1f2d9588a16fe303e372cb50e586417a833d2d92e4503acfe517a46	740
423	images/animata/cards/423.png	363c919a1784206cdfdbf988cdc75d0afa7575e93dfa7a968120939ab8406e7c	1281428	videos/regents-club/423-v1.mp4	b7f061b3e77e733fa418e924b34a7499c75979c8a8d5f7b66bd170bd6302494d	126614	metadata/regents-club/423.json	d919c70b15902a548917bca0f552dedaa3ad9c90aa0a781cbf59cdf2891b2f12	742
424	images/animata/cards/424.png	77a9afeba6168722b1c5c774f99b01c5d865aad244f3e5bec661a5cb75c4230f	1668126	videos/regents-club/424-v1.mp4	37b55a347c0a92aaaff05d92da308967e4af75811c8c0857a7d7f549700faabe	162882	metadata/regents-club/424.json	97738fe3865ffb2e1dcb59dca566bf044c002df9a9f6a28e0518c73ed9a6e59c	742
425	images/animata/cards/425.png	975090a56b384fd4e5c06f3c04e1963e81490d63b1e02e303e9396bdce9bbf9b	2196062	videos/regents-club/425-v1.mp4	38b0b718071d6fc2b774b712208752d0146f43f587fa0ae59886e2598a79e178	186421	metadata/regents-club/425.json	f3593649e29fd3e14fa82a8fc0bd22e95a7be45dded99b617b65ca8e8bac54c6	745
426	images/animata/cards/426.png	5947b448a1d5ca93e6f8133845adc9a1a93ffff1a426245e2585bd6c76f680a8	1368010	videos/regents-club/426-v1.mp4	a225b78912e47ad9ba2e2e0ef72b35c254031c7c4c42855924db4f03052d5158	138254	metadata/regents-club/426.json	8c5c60dfbfbbb0b3a19330a520cf049c698882f83c250939ccf21bd4d03115e0	744
427	images/animata/cards/427.png	f7293a6c9cfa117c93c7956987bcaac748128cfc3f1258607a07b9a29d760c9e	2658075	videos/regents-club/427-v1.mp4	4b9c738e2774e69b5a5bec51af61f56b7c79636827f183473ca20244a751ef18	281698	metadata/regents-club/427.json	2c8ed0ff31e5578d3f04dc97a1d54bb28bfe17b8f5336264f1729d5df785120e	744
428	images/animata/cards/428.png	ea82041ba42c824699e8d7810a28b1f42a9434b14995a145cd3602d4dce380f5	1663362	videos/regents-club/428-v1.mp4	327d2b8347e07508589987b116549370c324112ec859409af6002453c0fd8a24	184480	metadata/regents-club/428.json	4ce0f79235d99e4c6059e73db0663192a35838e9d9e08e0400119c801d031dfa	745
429	images/animata/cards/429.png	ede8a3935183efd82132fb03192f42d2a028e21b0224bcd4ba1e3cb5561d6cbd	3502392	videos/regents-club/429-v1.mp4	e050bdf4773262467e95f2e6654e1561df762b98af5b008015298bcc0d23b3ff	343497	metadata/regents-club/429.json	ee7cfe82a9852a18a9fac82345ed4aef36d80d1f1c6166d35e6adff84e673ecc	745
430	images/animata/cards/430.png	c084a238b16a006825bbfa9fdf12f1e7a2f9bebc687311d5e9b0611a5cc3cec3	2179413	videos/regents-club/430-v1.mp4	da1181ce4ba63a4882e3ff7d34a0777862bdc058c4a3f2b09e0c4fae43b33a30	185108	metadata/regents-club/430.json	aac925984d9d2e6749085890d611d6912f2629e09165cb520d759968d4d1993e	747
431	images/animata/cards/431.png	7a063b0cb7b4ba54efa1c861cc0f3a4cc98cc6c305f6502beb3d641cce62737f	1427635	videos/regents-club/431-v1.mp4	3843ad8c934d590aa0fe06b02f76364d497e32bfb75b773c13912354a09b5c7e	131150	metadata/regents-club/431.json	352417167127e4a69910e914e12e639524ab135885b8745070d9ba743bf4179b	747
432	images/animata/cards/432.png	09f5c94de2a12ee14e64883a481642d07551ae92380085cb49eb36741494535b	2264197	videos/regents-club/432-v1.mp4	8a235405852c31d610a75bb3b28f5acda9d780ab134541abebb036c565148604	193739	metadata/regents-club/432.json	6314b1e3092481718abb7612cbceb3dd720392ce314ad546bd6cb54751037ebc	745
433	images/animata/cards/433.png	ea83256b8dfe1a839e515d48d0a98a371232aa114be0b744863f69543dc06ab6	1567092	videos/regents-club/433-v1.mp4	904f1894ff739ec75d84962ea93ea2fabf04f81e653aff5926bd35a779a25424	140263	metadata/regents-club/433.json	d02a01770ee41f24a709e98468dd06fba324891c709f914e49878a81bb665c41	747
434	images/animata/cards/434.png	3974f481fb1312ff0d3995ebef06c617beb42b0cffb4346633a7bd8ee8e2530e	1351037	videos/regents-club/434-v1.mp4	a3423b292516db8fc00b71fb2e1decb527fa2d9d573f602b7de49f4de2914520	124188	metadata/regents-club/434.json	817202b5619bc6b6091800d851aea5fbd49793b2ff92922d1cef5205d9c8cfc3	740
435	images/animata/cards/435.png	ed7cf6b5e0c517a15fc77310be8c03c487f83f471a46bbe51a041cd9b93d27a3	1429496	videos/regents-club/435-v1.mp4	89e61d86efbb45ecefb5c8e29b49c052a66cddb24bfd8b0d6f91bbfc2ca2fd0f	122749	metadata/regents-club/435.json	04af22a72eb9f44b0a4955201b82ca278cc8b87c09c920401263fabf8d5c50b9	747
436	images/animata/cards/436.png	5cbc2d00e3212789365d9e3977cde9898a896d984aeae23550d65be8d9394f9e	2287711	videos/regents-club/436-v1.mp4	74d97f3e83090dfd04038a4be38b1132b0aafa3b9f6b624f2dc157d239d4aac8	187346	metadata/regents-club/436.json	4656f93e74d93614419f2e33c831fc26359e6cf25bd51f11b7984a298ff9c82c	745
437	images/animata/cards/437.png	8e9fbc80e6ecc5e17284e6f22ed6184f9c117f782db631eee03a59e03025d724	1864704	videos/regents-club/437-v1.mp4	e38241fc46d22900268074f2f8715ba750724b441bbbe64043901fdb7484204a	158081	metadata/regents-club/437.json	d8e1dd592fbc0ed3ba34a718fe19dbad33c8da4cb84be81a32e88e4739775ac6	743
438	images/animata/cards/438.png	011fd975d7cfa8b334030c9b91c67c4af095fa45cfd25d7966ed4ac99af831ae	1907354	videos/regents-club/438-v1.mp4	5abad054817287770812d4478b30b82a5d9d0b33dbbec811d8891850147dc2c7	165471	metadata/regents-club/438.json	77971877d41e7579ff28709a5be3a6879063a4e34b39f6de9ab097d3a734924c	748
439	images/animata/cards/439.png	0ba2262649430e1d9b402e0cba9ebf39b1799c09c41fe560017c232ccd4346ba	1920783	videos/regents-club/439-v1.mp4	3a2dbef8e24c717868d5ac3afed97888073a2e707c74fffe6ea64fe859a9b17f	150772	metadata/regents-club/439.json	986714a4b1a22eec953a58226e49363a3ed251523198bd4e803303dfd14c9371	748
440	images/animata/cards/440.png	7e141aec7e1de1679814a59e16db2fb4f9dea6fe6a9f570c06143e736b27015a	2710660	videos/regents-club/440-v1.mp4	e7689078c17b0ba6f5370b0cc33424b65e9f53d54cfd89bc82d941f1a12cd3fb	278574	metadata/regents-club/440.json	17b84a5d062ca3462ed47da26f1510756e1608b196d9d5568e32469c0ff5e021	745
441	images/animata/cards/441.png	0b2c2373f9ee513561ea5aa2c084c250f4c57b52520be60f1485945fbc26e4e9	1606281	videos/regents-club/441-v1.mp4	2f52c1ec0772e21be304b6b18afe22d4d9bef1f28406a6da8f6e5f23700d6172	132751	metadata/regents-club/441.json	af04dc6497e7a43c17a5a628412f9442fe78201ab781084454079e1456ce699f	740
442	images/animata/cards/442.png	aed7bbec95f8cbc5a78431eb8d56a2f1bf4d2e8a3579fd0870a34cf95ec0b140	1612034	videos/regents-club/442-v1.mp4	e1d2b05bad2ffc6f5520d04cda7838d244558a0dd381505308a6f22c3076e7be	140744	metadata/regents-club/442.json	6891ac10de9db0ab89b1b4eb51adbb30e5b13638f9c25513990002d9bb23bbae	742
443	images/animata/cards/443.png	45cd5320a9d94a41fc5c07af7619def3e1fc30398915003cba320b5361898eaa	1613784	videos/regents-club/443-v1.mp4	9a14eafa7f6e28c730da9171fcc3783da36649df891c91e97ad708685d835b2f	139383	metadata/regents-club/443.json	2094a81779d9546b92e64b2cade3ea99129681439d60850f6f4865d9a3879f56	740
444	images/animata/cards/444.png	a2cf990fcfcf4472f07dd3041b94633ef84bfc8e30cc35a2b37cf25d41409ab6	2124903	videos/regents-club/444-v1.mp4	9ec22b29cab56f42998f6f268cb73df8b3ded9931c1ed4e6fcb625a4e4d07e95	192191	metadata/regents-club/444.json	e814e291a30b708fbe30a979d06b4bf88814150435042008db0ddf05da985f46	743
445	images/animata/cards/445.png	baf6cde05173c7bdaafde3481b4f6b24caf41be7185892689fc395033720982c	1564133	videos/regents-club/445-v1.mp4	8cf9515e261e6d901d488f053be7d355667cb3920f5fda1c9d5958fae5a176ae	145449	metadata/regents-club/445.json	b9dac4618605aef0368c999bb558bf7fb2b3a25bdf0d7279d06392016b1ed489	744
446	images/animata/cards/446.png	2d3e00a07dd51ce4dc470a976642fd8672d84c72318048b9a49ec2452fc6eb44	1632125	videos/regents-club/446-v1.mp4	dd2a227b87d6f4e1b2c3fb5cb89c7c74973148e0d5fe075c4e2a8bcfab196390	145878	metadata/regents-club/446.json	72745ee77769f88dc99a5bdb70d0e321b120c854285376f9bf9659c87289bb18	744
447	images/animata/cards/447.png	f1e1971b753cadc9816da9e9f424bdb4ecb4728388baa4d93f7f251ab7a25c54	1721221	videos/regents-club/447-v1.mp4	2d5813088c8b9882fb14d9c912d7c9c6dcfbed729218fa7553d1fa67971a5589	137918	metadata/regents-club/447.json	557e66a5e987b163d4ad6f6aa959e6f1c83fd4ea5624e05a22ef917b4766f8d0	742
448	images/animata/cards/448.png	85d44354783aaca1320dd4d3479f04b08e9c24a59bc0c720af6733f233e52fe1	2876038	videos/regents-club/448-v1.mp4	3cc0de764140e9385bbf00fcc8e21ded8cfc8a1991524e2588f5fb4105a331cc	245876	metadata/regents-club/448.json	3ee56355442a7043deeaef3a929afb54498432682d276320ca9e0469e70582bf	744
449	images/animata/cards/449.png	c482809a9db69687dbd225ea2f15dbefeae0c85808018205f2f80bf17c8c1085	1329345	videos/regents-club/449-v1.mp4	80bb4f276d16900037f23226031d4a05078e8ad456567e8145daf9a95e0b9f50	135323	metadata/regents-club/449.json	7a905292ca383eb9beb2db69a83dda61b54d3bbc2d0afbb0235549b792986f0b	741
450	images/animata/cards/450.png	1bb91e93d35a8e0a6aa1515a1b1d1c41863acc4f550e5d096de8d78d0a1815e3	1289270	videos/regents-club/450-v1.mp4	ab0a6304adaac9e50a19ce305078bdbb8a0328dc06a20250dd59fe856b0a1219	137555	metadata/regents-club/450.json	85bac1c796a7ff72c75e6fa4a566cdde613e777668059281b7bdc4e81ddc26dd	744
451	images/animata/cards/451.png	b91857f77080ffe2d12919d518a57127219413a463a3dbcd6f38cb6d628c87da	1364411	videos/regents-club/451-v1.mp4	e25782a4d185bcb94071b4559a675750bce04bfaea6c470a51f618529be4d53a	137115	metadata/regents-club/451.json	226b7669dfeb6ac6ddd5e975baaca7d2e6733fb3fb31268471d760d429f663a4	742
452	images/animata/cards/452.png	3a4acc36b1b147634338dad8e43a9e92531a20d7808d7120fdfad861f9033a70	1426689	videos/regents-club/452-v1.mp4	f1bdd181a16fd5759b98c86c0625401b4c16512d748e3211bfad8d8cb8ed2aa9	135463	metadata/regents-club/452.json	dd5c0311f9779af2f15047042b5477c864fbfd1884e1b8acd16058a8063f2022	747
453	images/animata/cards/453.png	a9514d4a5b338e56cbadc613e0986af3e0d10a44826b01cc8f9f72cd8d81e779	1844548	videos/regents-club/453-v1.mp4	8ef9941c688a3c551029da2316e4fd3cec071c7228b52a00cb8f7c088335d0e2	160944	metadata/regents-club/453.json	3f44a3b55e7a90b787337d97e14753aaa89012109e8ff09345f33506f5e95e5b	743
454	images/animata/cards/454.png	4d3d2efb2df6129aa0af8aeb50f558bfbe8a9a4a22e1659599e9b5c212323f31	2335943	videos/regents-club/454-v1.mp4	48edaf8b803fce3cd9bbb2bef872fbfeac41c81811628fc972f29504aeedb5d9	185776	metadata/regents-club/454.json	7295d41c965349ef6bd926f1bc72ce0d6477fc3cd71671e809a2c714e8ecb8c5	744
455	images/animata/cards/455.png	cdc3a39b2c4b0c6a413522fc154b1baa4a811c76155466954e5ff27a9304cdb6	1494708	videos/regents-club/455-v1.mp4	e629518878e10258a0c27659bfbd39c3b04a0ba610557331a68c923a8bcf0989	140364	metadata/regents-club/455.json	b3d247ee92fec0df0ef50c314e6182683b10b4c5d1a159860f2c2e7d5f7ecbeb	743
456	images/animata/cards/456.png	31a0ca31d1fe00dc3648fdd514faddde7edf79669e3c9c180f44c1d596a1ea84	1298866	videos/regents-club/456-v1.mp4	e254e1c6c9336fc5ab3b3ef64918f403e7c52da7c1fb855b26c5779d4ab11839	125274	metadata/regents-club/456.json	94a878f801fac6bd2ac51c460003b94ba11062921867ad576b7b639c7d569c25	748
457	images/animata/cards/457.png	a75a2b9835a5f2fb7f311a1551645c479f0f0b95c10d5aeceeb18896f434d7c3	1991299	videos/regents-club/457-v1.mp4	09ac1792793908abe7ca8801a33de70b262088dad0eb8bda413527539a6c6846	175727	metadata/regents-club/457.json	b307954fb7190f229939195bcc53d48ddc98ee79c5b70de17f6a734af9e1dc7d	743
458	images/animata/cards/458.png	efdb11db3f517cf2b55ad892240f0718aaa43f32b20686c718c018efdf200b73	3625649	videos/regents-club/458-v1.mp4	11b48a8bd881275970fc9b47782f5e76c8998e85405e4c7424b58d9525493a34	417815	metadata/regents-club/458.json	fe0f6c3a7aeec568013a7e911eb4bddef58b93c1afcb251d2ed5beb6f9fa56d9	745
459	images/animata/cards/459.png	6d88b3d1f15b936b91b6ebb116d7178ad62a88681c90b38130c0e2df202e2bcb	1620721	videos/regents-club/459-v1.mp4	412b61d0a6753b9fd670baed1412eb247b0b654519a7e18ae2a3af86eaee145a	145242	metadata/regents-club/459.json	b2dd2bc4cf8d12a96a234dc307c49c5fc78446d918b99937dbc73cbfbce170bf	743
460	images/animata/cards/460.png	09dd2490babc1900b9693abf12e4aab46bd1cc5ebf4a0850804c96909dfdf9ca	2321876	videos/regents-club/460-v1.mp4	d05c6423d0bd3f047e7035c0baf3c2cc1ace2b73fa0e3be0337c7ad9af136951	202207	metadata/regents-club/460.json	3249eb61bf094eb14a6f988ded1345e670986d649d7250beb1a96f228b24e1c5	745
461	images/animata/cards/461.png	3db14517a915765578b3ed700ba67d7ac3b13f6df401f7ca0be66b5325126c9d	1780002	videos/regents-club/461-v1.mp4	842847cd8306cf63159e4bccb614a784bc9ce89bcdb78d5b9b530637554c0f4f	166141	metadata/regents-club/461.json	923436c2fad6fda01ed8380fc0cc1404fbfce7d299573a99a26a45ec6eef3c31	745
462	images/animata/cards/462.png	e75958043047c26cf63311c71733c4ce421ef00505a2ef704a562e261c60b9e0	2028670	videos/regents-club/462-v1.mp4	b1952fe547c7dd129de31d7ee421fa791af59841adb98c035f6fd3aefd3909a1	183199	metadata/regents-club/462.json	3ff3ba3d09b44b9310c5c76aefc3d0e4cbc0b1bb97e9b8cde467019cefbb9321	746
463	images/animata/cards/463.png	04ec071cd8f791fb10d7597830f7113fdda0d7f48bc4f8497aa6ba7fe1e71059	1664571	videos/regents-club/463-v1.mp4	b9325e6ea61cde9a236905866cd85f87f92ae22a2a3841a2a4ec43e6356d6e1f	154127	metadata/regents-club/463.json	7081ecd384e137c708f0deabaa616258791a91365e6abdcb7859281a5ea8c271	745
464	images/animata/cards/464.png	6bd514424ffd97e9ea7f905538829698ddcf218da9f0be6445e206c112ac293b	2133417	videos/regents-club/464-v1.mp4	43cd547d98d26bd53ec02ec5dc27b1a35e69d76749ca9689259f710c6707ac7e	180617	metadata/regents-club/464.json	ae74ee70e3be6bafa91ad3f49d76edc48a12a8ea02e6a73fd9cc422ae0dd85b5	745
465	images/animata/cards/465.png	f8ae985b18a6ae3a45d3f6095259e815cbccc20955be442ca92fcd6e1e902197	3873989	videos/regents-club/465-v1.mp4	a14750e185cd01447b562fff8ffc6af726968308859c9ea02c89d9f955086adc	463136	metadata/regents-club/465.json	2d82bcebec1471c1c1af1867f05314a6045c6964ad4c8ec706ce157a476472d1	745
466	images/animata/cards/466.png	47c3b15b90a8e571fc9bbb277ec36ff70bc6476dd961285a99ad2ec808eb6fbe	1472396	videos/regents-club/466-v1.mp4	07c352f8f1080e75a183868014bc589dcfa3417254c80dc8a9aa41384534b1f4	131251	metadata/regents-club/466.json	4fa79919bf3fd3586a2efbb8c7833a69378799d2ab65b6fd64583a2046f3ebd0	740
467	images/animata/cards/467.png	3a05040e6c3bf0465f30fbc370d39af5e42ae4eda1ad9e0108e4952f8dfd9675	1528613	videos/regents-club/467-v1.mp4	e583b7668f48618382375cd610643c0490b8d7e6b187301acb153048ed18e177	151208	metadata/regents-club/467.json	ea399f0a8eb2e654d2a63c3e18cc41cbbb6b82544aaf080d6a6753948269e488	744
468	images/animata/cards/468.png	97f8d778889e77db7c8002c9a6924acf9c661ae00a7b2777634a7483ee8f32af	3506405	videos/regents-club/468-v1.mp4	5f97f69983a4bbb574f58615d2d92032dba4c14721ed451cc12c8204834865b6	314826	metadata/regents-club/468.json	9e48034c5a34497fb4dabd79c741efe2ac52af3ff74a3f7bfbc1b37f73b673b1	745
469	images/animata/cards/469.png	b54189c98e4f8c6e685eac8f771a63df7ddf419092aa042cd28a2e235fa4b30d	1501648	videos/regents-club/469-v1.mp4	b1cfb1d1516605ad4f59394578a6fba18b019d901a22c839d774ddd88ee4e89e	127061	metadata/regents-club/469.json	f38820b47aea2215b0a60f13b6d68f8a3215c962aa90b0b381733d59dab833b5	747
470	images/animata/cards/470.png	8b7ff16d6c542f4201b613cdf94f9ef48db782b9a5e956443e346faf3497bac5	2341156	videos/regents-club/470-v1.mp4	e1fc04fa1ad452b5b68db6ad732c07102cc9ddbc41e25f469094e64fc7ea3e29	189550	metadata/regents-club/470.json	6ed2dacee750564f5c35418204c41aca178a1f77fdadc50be94ed5b7ba11cfa5	742
471	images/animata/cards/471.png	f277aeec2f815b6e57cc94862ad32d00eaaa837cbb6135fed40b8b39cbb059e4	1291232	videos/regents-club/471-v1.mp4	43eca3f2dd916b51b1fbc565d4e4e9719788f0f1bb60d0af69de861303740909	135466	metadata/regents-club/471.json	6657320f5e766309c896d07a0dab93e97d1ec9a42e0e15c2cd4c608f089617c6	742
472	images/animata/cards/472.png	75973fc443419acf47ba7773187dd15b01ed443397a5f32708c3bf1d860fee3c	1244990	videos/regents-club/472-v1.mp4	57808cec90fc2d1f570700e6f78059786f48af0bcb1feb8b25e4574a76564cc1	142379	metadata/regents-club/472.json	5e45ef877844e04b6a3e705d53b28075b6e6c46f41525061dbd898c149b76047	742
473	images/animata/cards/473.png	c565ebb9226727df0ffc7e894ce901eb05002039a3661163f2254904f955bb14	2261567	videos/regents-club/473-v1.mp4	b802fe1670c0e2edf9596dbb6624a6bde4fa029f1f9180adda3d2a2e69f211b9	175805	metadata/regents-club/473.json	08c69644bf4b53741149a3f84399d707632a1f8c64047b720c28b1e74ef2c96b	747
474	images/animata/cards/474.png	905cd86093be9b3a362b08bc00fc645f3334859b1fb8b3066dcc64e4a0315651	3388629	videos/regents-club/474-v1.mp4	8316f51b64ef269eef08c326475b48e83d813029ded228de80a4eb29997af3f1	277845	metadata/regents-club/474.json	2111c382fd00a1fda8c340b5372b274b3335ee1ca853877f32e153eb4b0632ef	745
475	images/animata/cards/475.png	4651ef59ff1e78abc21709d3957dcbd6e32d5b587e29d5860c2f871744276f1e	1801113	videos/regents-club/475-v1.mp4	11059f25320fa9153b4f73aabfc85e4503386ff67625ebc6f410caa228dd6421	164126	metadata/regents-club/475.json	b9fa32eb253d85db2d8b83ef1fc610592da816b452171262890af45b8088bcb4	745
476	images/animata/cards/476.png	c2db5064fc60588a1ad66895664e0d25117bbea93b6ff8ea173ad192085443a3	2908114	videos/regents-club/476-v1.mp4	e91ae758fbb77c0d7710fafddbf74c0d4a43850b3357ff34ed5bd12bb89c28cf	223994	metadata/regents-club/476.json	d58eb9a86033d8e3d9562fb9656e1256e833effd5ee0153c7dc5f3a75ba5f047	746
477	images/animata/cards/477.png	9e61afd1fae59b6f60d4385c7b9903c124e8f3da3ba017f3eedb670e568e6dc6	2808435	videos/regents-club/477-v1.mp4	0666fd850bc58d97cea960ca6458fe093c2907b523d22ddb4209b550e445d4fc	283339	metadata/regents-club/477.json	cd9fd14a34f54f838820d9381bb7efc2254a09833704431dbfffa5f4cc57ff89	746
478	images/animata/cards/478.png	60feaf3b09d111bdac839417701cd6e24eeeb89d40a46d8f1431774e63f8e093	1393095	videos/regents-club/478-v1.mp4	69dd3ee603bf14c7ab443c47accd9424f4fed21b9480883f20d50a8ba8e9a8f7	134297	metadata/regents-club/478.json	9522f4a54cd3c4f845524bf049a74465640691ac63f7b7b230d10b9e9c074047	747
479	images/animata/cards/479.png	e381da5072bb281c250ee2d471458488f937782fa68cf762234a4e4d7f700bf4	1791476	videos/regents-club/479-v1.mp4	67adaee244f5a04d31c63c800f664681109bd67d6729f6b60a53c20f4a5630ff	154894	metadata/regents-club/479.json	0b0e54193fe0d423c22a96d86dda20d7d51559d27ecded44ed2a483334109f14	743
480	images/animata/cards/480.png	7811a0e1d25bd08c21d650825ac2f510d8fa17292a8490ccb76cd91a8187ae43	1402510	videos/regents-club/480-v1.mp4	aa66ffbde289f86b23c260f7f6fe228f688c73032cc4b7323b0ed6cbb9495b27	172114	metadata/regents-club/480.json	677627089f5c62aa19f648d386a92c1d31252bb985edbf67f8990c3deb904260	746
481	images/animata/cards/481.png	131f39f41417bd3b40389d48bc68c9af4b5c2983876a9951467aa8c71b9ca426	1560457	videos/regents-club/481-v1.mp4	5c9f51e1ed73041293ea0e74af6da67160d90cdae99eb0284f4908446c44cfac	137717	metadata/regents-club/481.json	ec7fc43b0687f2f3a46e304fb6f4d42299d2f90d78630552396ac09a6de5fda5	746
482	images/animata/cards/482.png	521f7857a3910006445fdd34fdbb9575da9e22435a8e162caa253b640e7a0459	2919097	videos/regents-club/482-v1.mp4	f515eed11ca8607a665dcdfcbc49814311650fc7675a33763fbda36ffee48ba5	252849	metadata/regents-club/482.json	d6fd96af0cdae49678d01ca798f7e0e42d315e30e02abc15d987a0a61bb8cfa2	746
483	images/animata/cards/483.png	9ad2eedd873b4a1741815c54a8513806e0b814d7dac929209c22583a8545ee6b	2295705	videos/regents-club/483-v1.mp4	52d61f8328e82be955d462c83d2683c75b7bda8e49b13b5961bfe9cbd227af17	175533	metadata/regents-club/483.json	c57a1c075c6ba00ea4e6ae9068f12fc3d3e045c99da14eb2029dfb89bb47daa6	744
484	images/animata/cards/484.png	c3a152996bfc7fd5f659fe1a9ffdd95cb0ae8a466e74f97e5f9182612d749ae9	2017488	videos/regents-club/484-v1.mp4	25e01d617c4efcdae5c61b388b8a720c91538683e69da83128d3d29896c3554e	173415	metadata/regents-club/484.json	6cac0acb55dc848faabfb494f9dbb49d050e1941d46fc525d074689941f2be45	745
485	images/animata/cards/485.png	3280e0d40288ee78e2a9f330bc11648729174ce6e6e55c6bee9e0869100fb5a2	1332146	videos/regents-club/485-v1.mp4	19f93341a7bd48aa9e1aa07e13e4f5372415c7f304f0eb8f9a770cb6dacbe442	133960	metadata/regents-club/485.json	88cdde75baef9140c55a258cf7eb1f9ab294a55539bf712fa4ef8e8df27a0c06	746
486	images/animata/cards/486.png	015baa0b0f69a4a37b362f178f660dfa73a2ead22a9bb09ef3ac17ace438d690	2125563	videos/regents-club/486-v1.mp4	2d3a2400b4479cbc85b7cf8450e2efea7460d6846d875eb7b89eeba48551de4c	179426	metadata/regents-club/486.json	9c66822a81b94f716ce663a2737046e39d07b740fd3d6e806332f8613df84ff8	748
487	images/animata/cards/487.png	a1b8016de40e26bb1058e24a9a74764cf8a457299076386f4bcae2b0c229e1e3	1544508	videos/regents-club/487-v1.mp4	bdc3a44e3819700b6f202c11c38ef6f2c93d2732029dfc2f904ecbc6a157b94e	142058	metadata/regents-club/487.json	bbdb2d874d53ce81d36b88a0fb92ec4ce6972de26d2d3473edab95b3999de948	741
488	images/animata/cards/488.png	507676a4d3f2351f05567868b8b761d406993c6c7f4b43d05874258ebddd4e72	1881434	videos/regents-club/488-v1.mp4	dd14eee806d1032d27a623a54297ef5b1436d52bac03c4102582512d1d20afdf	176219	metadata/regents-club/488.json	332b9a879ec2b87828eb9476c424ad4ec64213275c0b0b18044017be965da249	747
489	images/animata/cards/489.png	2c97d8767e4b857a863a7aa4ff3d5722c785447c853aa8cd9fc17f9af8c863aa	1786628	videos/regents-club/489-v1.mp4	ffc0a691e188dfc595c627003d9832233299f18f9f4f9041c1904f5a0cd91b3e	151976	metadata/regents-club/489.json	f97fd5f8ff43be054f2e610b044f6d6e2697a1d469198cb1cd8c0267e48adcc4	748
490	images/animata/cards/490.png	420036effc0c1bace98db3226a05bdae0cb6bc564b0d628268a09c06b4e03351	2081034	videos/regents-club/490-v1.mp4	de989c9330460c8444a926aacdefdeaec930b6032fbc671d6cb05eef31804200	165266	metadata/regents-club/490.json	026b2d367ca6187b39903fba2c6abe0896e8c874ce00bcfba56acf79f7e3ccee	749
491	images/animata/cards/491.png	b330ed46d058cbc578edd7e24380fef7f96100eafa4068a18595d0c6ea82f7ae	3261205	videos/regents-club/491-v1.mp4	1a1c23fb805c0e44fe0cc15f8a6531a3d5920c3fba70c309ee67a569fcc0adc0	332115	metadata/regents-club/491.json	f4cde436650ad4bcbf252bfcc38b487c65474cfb813f0e1daebcaf17795ff2fa	745
492	images/animata/cards/492.png	f3887ae41d51ace898a9ccc64f46b334d9b654fead3e8e63b2c3637710921747	1818092	videos/regents-club/492-v1.mp4	7ab1adc3b87bb2d879ec599c9dba87b470df1e5963cd5e45666639079187aec0	155591	metadata/regents-club/492.json	3c021b2185f24672acfe712c763a48c648f1001cdc4e88b4e93aadb034692b62	746
493	images/animata/cards/493.png	fba145e23ac5e7f39e2bee2f84f1865445ae53806154fcf4d9c79f482880b2c8	1631601	videos/regents-club/493-v1.mp4	e90d68cb04a1d0ffbbf5776a851265dcabdb57bbbfe619be292a169f26ecdd59	137006	metadata/regents-club/493.json	305d3e234f5ad94c4ae95da63110a8f84fe81ac8484d6a5c705e6cef7f5ef095	745
494	images/animata/cards/494.png	7dd212c14a0bc345b78e4e029acda6a58cec4405fb4124c892dc5ba9c92e653c	2386096	videos/regents-club/494-v1.mp4	7ada513fbd323943f3c7558d4ba39537f93691b18d0c11ae07f003f95e6af7ee	218909	metadata/regents-club/494.json	ef08181f5d3760e2b4190e409007854d1518bb27efdc055a0f2d5e44e1a45b4a	744
495	images/animata/cards/495.png	ef839acd009d3a777a3b1d411e52db02df5bc6d23acb37110d051b5bf0205ad1	2138080	videos/regents-club/495-v1.mp4	924c555e9f27fdc1fffc4b5898bd8b623bcb70e24bd77fb03d42c3badbbb4324	156600	metadata/regents-club/495.json	ab0ea73acc5e1c0e41d96769d39dbcd9258055225a522c70f685b8d953766110	748
496	images/animata/cards/496.png	488acbee65f85d9600aa775f5801872e16f22fdcb87c4ea5f2df181c946fe15e	1792960	videos/regents-club/496-v1.mp4	5f46fabe4cd38fb436e49e2d52feffe592f6b33cd7e7af4b7fd994d0bc07cbb8	183117	metadata/regents-club/496.json	c9b2e9a21f15f250a3fb3a5857ee20316c4aef6cedb4bd8023dff99eff7b5180	747
497	images/animata/cards/497.png	bfcd0d1059e0a36c15cc3c934da251ab785a772c3a35823bde74d5454c2eae0f	1646349	videos/regents-club/497-v1.mp4	4800f2339b022d49cd2a638ec42f6c18cebf8dfc9cd6120efe1e88bf8551a8d1	146960	metadata/regents-club/497.json	be3c7a70e81a26741c726e6206a1fcaeae1cbe1d6c0d11849a3534f3d3f41043	741
498	images/animata/cards/498.png	a1936b79342adb3ddca500ae226bce25754eee8f7a1f70688542ea9b81f11b8b	1794491	videos/regents-club/498-v1.mp4	7d3568db369e7411da77072cb09fd8fa979850f6c4115eeda83c59376c7517ef	164095	metadata/regents-club/498.json	f6156d4b39c1e46965e51f62fd767d9601d9d7bff15ad75c8597266a0cb7680e	745
499	images/animata/cards/499.png	cf67d2def4c5257d8fc1349224d51990607d3f306ef631ed2f8e1489d541669b	1464988	videos/regents-club/499-v1.mp4	74474a9f569b19aa327c5bdfa9e8145835e25f6595f771f10f3120c9875870e9	131758	metadata/regents-club/499.json	7bbc69839743a52504cceb2064797886720cbbe1c8217ab46334c25022b14334	743
500	images/animata/cards/500.png	5609ae604d0e65ba3d5eaa73b656cd0c0f9003d3a74a6a30282a89e5e80c566d	2367080	videos/regents-club/500-v1.mp4	24eb639718d581fc588949e39b7a1909bf3e5e5cb7a6f9c5ccc1138466b07906	200702	metadata/regents-club/500.json	38aa858c3f8ae06e6339c60859bdeaf44d199f226713a17365adc4400246ba8c	745
501	images/animata/cards/501.png	0ce9114cf7681dbb515abbaa41c1af734758ae7e710d0f03a1496b060311ec4b	3156818	videos/regents-club/501-v1.mp4	c27f8ecbc404ce60278a447d16715e03fbbe6086b4b13282928250a274f0276d	281314	metadata/regents-club/501.json	44777bee43b8aca9b74ec08711d0434edf0eb7d73d1f4609d985d1999401d034	746
502	images/animata/cards/502.png	223d431d15389f4bf1b3436218f95e8d20fb21fe8fec8efe4cb8a7d23068fb30	1229799	videos/regents-club/502-v1.mp4	372a69bc41fd45154a87127232d11f556a1a749cb8a0474887812d69c6ad844a	125626	metadata/regents-club/502.json	54aa8a4c7c0fc44d41a67ffcd5204678ffad03c7e68061b6c48f134c1ce7e170	743
503	images/animata/cards/503.png	d81e99016ab2732ff16169423c323b0f40dcf2872fa075094323dc7fcb57dcff	1506876	videos/regents-club/503-v1.mp4	7feb6a90ac2958d7d7b3bd64bba6bede89827c2a4c01d449b15c5e7143e84225	134683	metadata/regents-club/503.json	58fb2e7035ea768f224569b809493753174d3dfad0929384e57ffa0b372846f9	746
504	images/animata/cards/504.png	4caa22674e0d0e6c5d7bc5ba11cbd61f850a3d9df1f3a887c7807dfc102cfcfe	1627710	videos/regents-club/504-v1.mp4	549345499ca73a82603b4df982e1e580118e561cb6e65f4bdb0d5cf21cb6c904	147925	metadata/regents-club/504.json	662d0d206e72226caba52cda184b6cd30ae4f104612ade4d0e433ee42ba2d0e0	744
505	images/animata/cards/505.png	db65101dd9185abe00204747ba8b049d0df809d7ca634657c76a9c0bf7d05e44	1765112	videos/regents-club/505-v1.mp4	029f3123552c3c42c7ee2c0fd3245554270bd384d0dc9bd2637163af08a5268e	169777	metadata/regents-club/505.json	5157396f60eb804376c7b0f82eedb43155561d315b4e0364f26e9d8b80d662e0	745
506	images/animata/cards/506.png	17475e00c3efbafe890124653455519368df74305684dfbfe6f3aa78caa1dfd0	1591659	videos/regents-club/506-v1.mp4	6d82e6c9d04b75fc55d5b583152445e61aea19d1d3a3d0b9db5c7961f6d67b87	153839	metadata/regents-club/506.json	99c4b3766d9a564c9d081ecbe564bd224ced1b43d23ed191244e508638eb3ae6	743
507	images/animata/cards/507.png	d9b97d36ecfe99087f4cab30c68c979b1bbce004a2e93e14b29389d6b2679859	1188841	videos/regents-club/507-v1.mp4	f319880af94f4e5111b46c961483f17830a1dbd843038fcae066b9aae670d4aa	126810	metadata/regents-club/507.json	2aa55931abaf4df938cea21008880f4d1d7ff47cbaec594ff871e67c583eff3c	743
508	images/animata/cards/508.png	4bc094cc2612f52036323e8a5ced334f0e20f8915eca9d8d9315b42e381744ba	1306486	videos/regents-club/508-v1.mp4	b130cbd8b93d2491dbb1b37c1e933ed7f2f7bd5968a8439bf88e4ce174401ecf	133470	metadata/regents-club/508.json	9f984d12e514889ff65c03e8e43f1e4937c148068f0fb6a14aa95a037e648993	746
509	images/animata/cards/509.png	d7089e727ddffd7c774e1ed99d24b2c864bc27257153fddb0d482298b6c6e0ea	1655383	videos/regents-club/509-v1.mp4	4f7e1c510ad490e0fc61143fbee735c690f28396ec7b464d229f617b5f31450a	162286	metadata/regents-club/509.json	5c960ac307e0ba85940acc5583d2760db46a77cb9bef4570ae1ab39c47c4c75d	747
510	images/animata/cards/510.png	3f8b8714659fef48dc8dfc516acc8954689cd00c392e3c7a1f0f4e1a4adfd16f	1671757	videos/regents-club/510-v1.mp4	c4ccb89e70f3c1c837c9789116a3dc8149fed3e196935b080233c6865f5736b4	147635	metadata/regents-club/510.json	9cbbffb043c9e60287c84334c413be5e3497be24cb4937f73a3de18a42cffbac	747
511	images/animata/cards/511.png	181b38e5c2e408785c75b048957f016df61f6211af04f79448a0d2a37dfafadd	1345977	videos/regents-club/511-v1.mp4	9422bc1a5b2aaee69a580382b1218b3fac6ba2813c67bc97b551dfe2817fd8d7	132287	metadata/regents-club/511.json	5212ab7881040d59d651e8017cb1001a463262713bbfcc74e64ddb8c513241a5	744
512	images/animata/cards/512.png	a031823599eb7912205ae89f236cc27508f2e4683c18dc93726f764a7b8e752a	2059598	videos/regents-club/512-v1.mp4	0fff0a77be1081cad3f2398707eaab3b1fb42630849a1fb468fa39f87209b7de	173418	metadata/regents-club/512.json	9c35c6971ef677dc1feb4804f2d2e3b78b4884eb5dfddd68afb4c2e914d84014	743
513	images/animata/cards/513.png	b9e72c2a1de22071121d502d2ed100d21a72dcf9c3b2565e8e1c5d732d631fb6	1223671	videos/regents-club/513-v1.mp4	1f33bedcbc4dd04d9c4de1506dc8ef0f32ca3601292f207f0ff2d3a813548892	138760	metadata/regents-club/513.json	9ee4b336b5ef60ff18e48d5bfed34972428ab3670b2b2897c89343aa14397170	742
514	images/animata/cards/514.png	7f2fc42c469267dc0de6b6bc6681036e294f3875a2c31633606182816b23e1b9	1545976	videos/regents-club/514-v1.mp4	7380a34defef2387cc4d3ada4c4997c05fbff5702ac80167b0187385f360bcc7	146838	metadata/regents-club/514.json	2cc6529e74e913d1c62f6b3636b573218df87020c27d2465f9f77ce2c85cf4dc	742
515	images/animata/cards/515.png	d089dc2ef257be789ab65224142eb79b8300c0601b087e58e9bfdfdf4576835a	1127925	videos/regents-club/515-v1.mp4	48aea0512e5e1467888da6af1c04fb561d35ba68d6beb66e1b4cc584ec42dd15	124080	metadata/regents-club/515.json	e263d81781f9e23d849b098088925eabe4c072f3ed26d36b4ca54ebb3a345979	742
516	images/animata/cards/516.png	6717d21a8f8d2ee888fc23397c74dfa21613c8eb48ace25ef254456ba03770bc	2619533	videos/regents-club/516-v1.mp4	5053e8a1eab125a6fc5ead13dd018cf4e17c77fbcbc6c63d5b10dbc5af4fcdd8	216395	metadata/regents-club/516.json	a3e66deff2936bf9c7040770f32e55c1c0521949d05b3ba6dba26aa58678ca40	742
517	images/animata/cards/517.png	4385beb8ce0d8236621ffca87f2b0c49f7de0940755c57c4d590d7f8ce796404	1453568	videos/regents-club/517-v1.mp4	7b778b58611dddd3b130115347478eea2d9411fc0d9b0bc584bae6290b09ec85	141712	metadata/regents-club/517.json	41eb1560dd0b3efceee1cfb56aeb03a1d25c714a1ed00c5158721a6a5ed87f00	745
518	images/animata/cards/518.png	b76db3ff3e08bd9848536618839c0ecaf03be4e2d39f32b5f8ad231a96e0ae74	2129162	videos/regents-club/518-v1.mp4	2f2ffa2d5adc79096785926e10555db8ff84a4025fd9cccc1f8ede9c5039afd4	164566	metadata/regents-club/518.json	394da051bbae3d315d007526ad46b484133bd0206a19d175ba2fd2ba79fdc485	747
519	images/animata/cards/519.png	e519107f13dcc15e2cd7d5efbe88a275597d306f20da800e50a20d6ee3962e26	1458469	videos/regents-club/519-v1.mp4	fa5def2669e34b7e42593f5b668a0cfc9f636832aa8d4b8993e8595d4ad57882	126471	metadata/regents-club/519.json	179be437d41242184c1aa93ff514a49c5d191c4be0512d662bffb45f5fc6ec3f	746
520	images/animata/cards/520.png	4cdb5323a3f19177d019ad2f0d12bccb6108dfa380fec8c04495befde321f42e	1681570	videos/regents-club/520-v1.mp4	53fa658d4fe1919c20b74504759f546fd1e15075374a52d45c8538143f3ee2aa	145552	metadata/regents-club/520.json	f9a2db570c086efc8074db7520c5f0a9d3e7ce8a4cc0a306e5aebb418623d4a6	748
521	images/animata/cards/521.png	a67acaaf93224d74cca0614a2057a0a82a6cbc5062e3579007fbc65253d3fcf0	1233320	videos/regents-club/521-v1.mp4	15c0d11bed84d9b4dc77f2e01b3f2e1227d679c86531cbc6fbbf23f14231d0e9	133732	metadata/regents-club/521.json	92fa696efb8ce365e4bc444ca155a28f0dd63e219b8184458daba0585d23bdd9	744
522	images/animata/cards/522.png	1644711c5039febaf23ea5d1b30fad7f040f7034e807747cd682f8675304911a	1265365	videos/regents-club/522-v1.mp4	d4108eefa0cd87e4a60b7bea558c4f86a9d01a0cfe356780ee5cba6644cbd0c1	129803	metadata/regents-club/522.json	c8660df01b4857568575b78801226d176c29b735bef86144e83c2532ef62153e	742
523	images/animata/cards/523.png	35fdca2f4c211ccaa0018bdc612a347957232db3e5d79d8efbe0ca84229531e7	2963372	videos/regents-club/523-v1.mp4	664466917e0ac5baa913bebc85db59b6dfd45efd1d057461f9df9b9315fc5828	336491	metadata/regents-club/523.json	1db6be79050b0f4e83b25bda507dfa42b713b9e567c58647d4d3f170bf87c0b0	746
524	images/animata/cards/524.png	362940c364a4a26193198a0721e9173ff28ea4c62fbd6ee6e0172a956a7a467f	3424378	videos/regents-club/524-v1.mp4	7eeb1c9bb3817e6ab75a2de6285f1f06fe870b319808f054ae62f7b161f9b977	349067	metadata/regents-club/524.json	f6eb29ff314cae95c3bdfd13d7150501a8cafec090ab786b6e6c3911335f27f6	746
525	images/animata/cards/525.png	e4ae1ce1b3412d115cfeba8aadb01459ba04442903c641c08ebb073056c384d5	2285874	videos/regents-club/525-v1.mp4	e1031490ced605ae9e44d80de858c3728a6426d081b83d36b813388e8985a1b4	201752	metadata/regents-club/525.json	99e06b16f2bd0a68c3126775cb7444442372473ad5d212bf24e62796602fe0a3	744
526	images/animata/cards/526.png	37d35cd4813dd9b1907cce24cc1a50ec50884bf745900efd88841f61017671a8	1160815	videos/regents-club/526-v1.mp4	9cc6f46c1ec6a79d3416fdb9b34a04ad543efa4cbf90c4e6de4c50d2ebb437cb	119368	metadata/regents-club/526.json	8b62479d3b8b8cb871959d68f08430deee1bf9175f7feb52f8d944c5ea18c724	741
527	images/animata/cards/527.png	702c1904c59ca759f95b10920384a2d130e7006e75e0f1f081c3a0490267cc32	1699084	videos/regents-club/527-v1.mp4	d708de7e29c3b9f0e050e1649c78b8721249afd1ec649d425a7b68cf49819f63	148202	metadata/regents-club/527.json	e5e18e3ad398a7e19c2e7afd1d2eb0adb45a19dc62a463c9c618488a9852a2e4	747
528	images/animata/cards/528.png	556800b1e61db59b8d09fcc142b7e1fe88dbd382349979412b0876577736a00e	1461329	videos/regents-club/528-v1.mp4	7d5ec5cd23ea9be9038365417a4455cadfa16134d119268c59b9b0e889435110	124491	metadata/regents-club/528.json	3bba0e039f5e802148550b3fd342430a7fccf2cc7f149926b4bf79829f11f59f	741
529	images/animata/cards/529.png	ca2a4bba3c980711acacac7964039c0c85a1a660ba1d9c0da743f7980625d52d	1546323	videos/regents-club/529-v1.mp4	e8588b1f6d27d0bc84cbba0250357dd6d2149fc5a2abd82f64b0cb862a881fc8	131665	metadata/regents-club/529.json	7c0d60fe0d9fdcc4c40c6e50e34bc967f2aa54dcb9de1d990633bc79e99d4dcf	741
530	images/animata/cards/530.png	b11c12e8d3bb2f8a213bd3dcd27f6344a5f09bc598319247458fba57ed577d6b	1268470	videos/regents-club/530-v1.mp4	2a3c9fff678507dccdd9e1cd357c0ae4b9729b625aa8cd6659997af4abf47bd4	137820	metadata/regents-club/530.json	766618b17559fbd02093a2e7640b85e886420ce4f39cd3c3a42215e604caa5e8	742
531	images/animata/cards/531.png	27c4e35d029a8c0ed8a18101e80b0653d198a1a56a846ad973527f911fe1abcb	2032865	videos/regents-club/531-v1.mp4	453bc5c292385a729a2e568b0447b1052624f34bcd98b4ecab8c873ffd1d186c	171297	metadata/regents-club/531.json	46fccc51a55344d32be5c39dd4976541aac6728eff2bd83a6ba4805148bd88f1	746
532	images/animata/cards/532.png	9ee1b4c2440ca74b11993b8aab304b688c5fea1bc8b7f4668c02e952cb213684	2283762	videos/regents-club/532-v1.mp4	9d491e62331905f7dd36fbf0ef90d496acfae259c5039055e1c380e2a406f4ec	197014	metadata/regents-club/532.json	e08f2c41c64cc76798b4a0b023e4112e92b1c2544de97d8080b32fee504b1916	744
533	images/animata/cards/533.png	754a21c8af7d61fa9acc4d4d17089ef6937ddb729bec81dee2efd3425b2e5637	1187176	videos/regents-club/533-v1.mp4	a029edca519c41b897f1fc5668a7b6c1dd2efe2b2e608fa2117c6353dd3eba34	121586	metadata/regents-club/533.json	6df5982f4aca499c625ee5aa953beefb90e8cb378bc826bf07f5331c176c4c09	746
534	images/animata/cards/534.png	952779aa57d9ec4ba0b698ecd10594e43a903cfa3bc6620903400536c4fb641c	2420386	videos/regents-club/534-v1.mp4	9388c4f8fc63bb37adb1870966e6c032c18b8c524222a45748d9390367d2fe8f	178480	metadata/regents-club/534.json	b4d6ed83ee538a0a01afd65ebdf2607cc3d0941e8267b3730354b22529489866	747
535	images/animata/cards/535.png	2abd7562ee399a7d1aa06bc927f9835dbeea3eb1b7214391a1c87fba954b9a7d	2034806	videos/regents-club/535-v1.mp4	f0ebad179a612fe83bd4bbafc182b91d6a992da194b20bcfabd0b8edec5a4fb3	169903	metadata/regents-club/535.json	cf979161faa72cc60da60b5a722c7460f9483b933142dab99c7508f3f485626b	745
536	images/animata/cards/536.png	f0e762e0c1894dfb1c235e43e8d13daf97d5ba0374da00ac0edf912092d81b54	1503302	videos/regents-club/536-v1.mp4	5657b8d0d5e060abfb54fd933326cccc9ba63738aa312508ae7e92cedbd556a7	137938	metadata/regents-club/536.json	cc9b3d6bf79fe69616269d2bfd551a56e46f82794404788088507afc91966870	746
537	images/animata/cards/537.png	b5da159f626cdc397b39227218d368b8a5bb9d545db0c5142c0e9103acf1455a	2011795	videos/regents-club/537-v1.mp4	5e6a6f7e3ab1dc35d5ca9e45582e79a8beb5554637992656c67c8f2f216421d7	179788	metadata/regents-club/537.json	9c1e877d4d84a9ef42be1ef0d38ff38b7fa05a5c2373789fb940d7751ff00d03	742
538	images/animata/cards/538.png	709fcf45862fb6d158900c9edf0a342203ca2a18a4f7d1ef5ff6457c7625e539	1463951	videos/regents-club/538-v1.mp4	a6ed4d17decb0e9c4439301221d79bcd477b4815e58d308d2d9a6ba2c9751745	132752	metadata/regents-club/538.json	b403eefdfdceddd0c950ceaeba70804f5d038adabf0562d71db55fce95e10019	746
539	images/animata/cards/539.png	4d67dd50f57be5785ca82634a7ec2661f3336637ae0930ad2b0bb8176b0f80fa	1803912	videos/regents-club/539-v1.mp4	e688caaf980d155015128051514c4f7fb2f903c4a1161934a86f9b23d2f82be6	163152	metadata/regents-club/539.json	a623d91201de22abb42fd94103ae9c32cf48fff0b648da9d945fbb8c668615bd	745
540	images/animata/cards/540.png	58b53f52757dd5914a6798da9a59a8d7263940c13367bf67ea6cd3902273d5f0	1668705	videos/regents-club/540-v1.mp4	acfa10290ce906f232560870134c86268ec2bcdd2f276a5ec5b6a978636c8a85	168990	metadata/regents-club/540.json	240f6de054aa44685e814998582768ecdc33652b7c914dae3b85a402b7d656cb	747
541	images/animata/cards/541.png	f92a19a973d74d1bf57989dad3ff4d27e23525f463f69a75458a399ba2a0adce	1877488	videos/regents-club/541-v1.mp4	402696ffce863c73fa09b11d07ce87059810d437decfe92420dab6c1300c5983	170612	metadata/regents-club/541.json	17d11e665e46933f1b57bdbb5eac42294cd5bb0158a04ea392ff8e35cea44aa7	743
542	images/animata/cards/542.png	7cb61c7285174c88ff79f63066fea6dc6938699b76868839c6196874db63a3fa	1492434	videos/regents-club/542-v1.mp4	0376001d22d857b6cb4d6f0914fc93c0b4371529b28eb1e77e832303c55c7683	144964	metadata/regents-club/542.json	d4eba282288d2f8698beda5cfb4326144063c34a15d0632f459154c7fb20f43f	744
543	images/animata/cards/543.png	e6860633b8d5f2c7341be5e25583a8966ebc5287a7e3b6c6801ed4662d367218	2935877	videos/regents-club/543-v1.mp4	ec3dce0541d557c97dde9c84ecfd3795b4822471579de206b4980b3ca09f3493	256625	metadata/regents-club/543.json	6fe8c0eebd88cc777d52c346be4d43e18bd90ef7ee546a6bcbab5cca72324d8d	744
544	images/animata/cards/544.png	8713bb91bc70dc97caa75d0c800f835c93d0cdd93f4b4c3dc3dd58169e2a07ef	1606577	videos/regents-club/544-v1.mp4	488c3765f56dc061952e104f41c167fd388e4841170d3ffd221bdd65cf1cca15	144363	metadata/regents-club/544.json	089c26cf72f711f3a0010a95fee994c31fe87bfb4e3b5d8d69a2f2987f13d1f3	741
545	images/animata/cards/545.png	ec4408264e714b6b04f9c1df61b9f006685609fd5f6e8f3d0fd60ad2cd24cb4e	1822694	videos/regents-club/545-v1.mp4	2e0fa7b6ff7f35d3471481ca3808ca62b9668601520a627917bb3a147aeec0a4	161228	metadata/regents-club/545.json	a39ddba8220e3a35f6b36958628cd79289d20e0449aab9263b3e0d67665b0cfb	748
546	images/animata/cards/546.png	8eb2208db34236279d5de4ed600a4b7e475468308b14e14faba8bf15dd9e2c2f	1447676	videos/regents-club/546-v1.mp4	ed98894b187d6cf85dd111ec4b2ce2e7498efca13ba78e0d064c88d186bc2bed	120965	metadata/regents-club/546.json	b6571225598a8d0d7580e803c0d5f0a316cd807a5015e464b53ad4ac8e4a75ef	741
547	images/animata/cards/547.png	e2af3886f57aa5eff8224c55d4ca633bd401f5ba291e2898a313fffad3cf5965	2252934	videos/regents-club/547-v1.mp4	004a3d8d017a7fc57caaf7413b58ec06c3e7af2b169d93734922e11df974df17	172887	metadata/regents-club/547.json	d3f61984ee624c0cd66cdf8712a67b700f16e6e80ab13ca4f26e0a27b90edf64	745
548	images/animata/cards/548.png	37b45f6ef3ec09ba1ca305b803a0e4fac4bf3fe395f17c027f207999b8881ad0	2299835	videos/regents-club/548-v1.mp4	88982d588af02a989c172867529e9cc30a65dbf8b3537a6aaaba2eed221a9b6f	226248	metadata/regents-club/548.json	656aca87a9e029fa2479efb933c5800227db5e25b93a95172a6efb28582a158e	745
549	images/animata/cards/549.png	61de90ca745652a16f4f2a63ce6294e991601b2c60c591f87d95c9dfdb1b2816	1126169	videos/regents-club/549-v1.mp4	613a0e2dff0b1ede52124f6ab9854ae6f9543e5801910f1594a1bbcabf056f68	127066	metadata/regents-club/549.json	1db7b8e41b84b3bb99f40ae79b6e0f9ffab17eee6d8070b812321107b6f49f98	744
550	images/animata/cards/550.png	d5ac101046ec99fd8da137632f6e3a858db69bdae4f6824582b26b6a6980ef77	1772225	videos/regents-club/550-v1.mp4	0ff6bb5f75ada93cb47eee36b4d0058eeb02eb20dfaae7d7b3c7b2f576ae713e	153427	metadata/regents-club/550.json	56e12d4184cdb7638d855caee2c6bc0e6204841bd3d7e31af4b422544cc7d262	747
551	images/animata/cards/551.png	c8829d47e894fbe99fef98afe0c572eb56d68fc85f3f1d981cfa65bc4f83d5c0	1441456	videos/regents-club/551-v1.mp4	b7f23530cf101015f25c059fe338d9bf0b07358eaa5a8928c20f4bf9c9a62595	136159	metadata/regents-club/551.json	81d3b95a5701141145904394061c006e1e909453ed78eabd796d0267a4e6b8d4	745
552	images/animata/cards/552.png	c6f030040ec4d7a7b9d23ffb62ecf6d8c48aefe3aa5d5d0676be216c6124708b	2022424	videos/regents-club/552-v1.mp4	a825bb125a10a0b46c2a6cdaa91dff62bdd844f332c57212564ad65a0a6e688e	175893	metadata/regents-club/552.json	b6300cb1b1124001e26fce57148909be0cfabd64c887cb8cdec96f8a5f80878e	743
553	images/animata/cards/553.png	4b0d3d7018dc5dde4c5e38d3d0863939528bf349242de047d614c488a6fe1cf8	1677531	videos/regents-club/553-v1.mp4	284c901fd9f9f602c3a0cb5bf0dacb6640c15836239bc6f251f002e3a68c2bd8	148816	metadata/regents-club/553.json	acec6b3e4c8a807a173102ccab0d71e4cef40d2d04497c08cc21f5954e07edc3	746
554	images/animata/cards/554.png	014206b5533ba03c44a4b6dbcef6897b20d04a6064ad3ca472539cb1b21dffbd	1682580	videos/regents-club/554-v1.mp4	ee6a58d76bdbbd78cc74df4a0ce4baed2d4084aea2a582b9034e2a0a3784c2ee	160344	metadata/regents-club/554.json	d301935318833a733c93f8c2068cd14464bf135fce9cdd870b69feec579936bb	747
555	images/animata/cards/555.png	81e7d09d2db862d11e643224355cd349dbc0d2f0645b83887b0479ca446746bf	1912793	videos/regents-club/555-v1.mp4	f73f5edf2b56649cabcee0e926c4a01aaf03d43c9bfaee5f96e4754b253835ad	165840	metadata/regents-club/555.json	aed8ac518247b818d2a9c493cd2ae9c8540f327bb7ca42fbccfe73f370d0aba3	746
556	images/animata/cards/556.png	afb38fdb5bca0246a366eb7c5c4f222b724f81f3c96f831d004a49bc0753affd	1941021	videos/regents-club/556-v1.mp4	d21bf3de9f230a32b93c49f88ec6453589f7191f465c6a9422c444682a15f20a	163517	metadata/regents-club/556.json	bfd3e4147e485fdb98c51df8d6dae95211930d02e1c594d92e2106df46189350	743
557	images/animata/cards/557.png	8c322e3585913a60e796f4d1a890340349425e1d000270d28c7f9f2fb4785cd3	2544901	videos/regents-club/557-v1.mp4	03735ccbc7c0e036d6676ea4f95ae565fde1d7a3fa21cb7521771b82cf1f3505	200908	metadata/regents-club/557.json	d03aa1d6dcb7759f0faf664dd2de4cfe1b1f0dd44cb8e9c0dafed3592c1e89ce	744
558	images/animata/cards/558.png	a26ad3f1e22d6ae718c526fa6a7ff930e1a55442e492bbaac319e118e175b9d9	1856000	videos/regents-club/558-v1.mp4	39a0da64b0d5487943a30ffa9d466354252d6dc65593781c26b4cc8c33643c57	155840	metadata/regents-club/558.json	4cd8ee617815d79fc33b15409c909bc094dede7be44a79ee9154614662854132	748
559	images/animata/cards/559.png	e1c3419f1c1fa5042d499b3b0f499707019db2354186ff7b14cd2d7138b6e417	1165545	videos/regents-club/559-v1.mp4	f5cc218f42afac9e4e4fdae2185bb471653213effa33d106e2755325028b3830	127016	metadata/regents-club/559.json	5775b0cb37c9287711109529f3419013bb6f026b67b0f9d5b2f1b5195831a6c6	743
560	images/animata/cards/560.png	3531dbecba9021babb337f6884ff3c32b9a3ead7666fd3b807566b1ffb9050f1	1856226	videos/regents-club/560-v1.mp4	edd9965892e1bcb7995fd71340cae757fabd14c4773a86ed31a37968ea550e09	170283	metadata/regents-club/560.json	e12d31a30faba4d5b2015e7bfecbbde33766132d88653de2f6afb4ac75e51472	743
561	images/animata/cards/561.png	910a9fd134acbea38ac70405fc0899c149784bc3b9cc71e28a409420fe147fa4	2288919	videos/regents-club/561-v1.mp4	bd645d5f5a1f119db7e20505a465728b38782428bd0ae735082699eb559cf063	183078	metadata/regents-club/561.json	000606824b8cabbde8170a350a3c7ea7d8525be7156b37cd0d2714a8705f52b6	744
562	images/animata/cards/562.png	a1ff70ff9f834ee22ba49c48160d7aa1e415f954fb6a030f005e8370239605ef	1562795	videos/regents-club/562-v1.mp4	c8deea82e4143e02bdf02fc5f0baa625877b06fbdcf66af22ba69d7777614e32	156265	metadata/regents-club/562.json	e137899e944e2279d13c4d819e9a561fd1962e29e114e715fdedb29feb217c8e	746
563	images/animata/cards/563.png	3c37ccab45ae0e15e369fda40582eaa499fd8a03013fce7cb00ffe3a8b619453	1713841	videos/regents-club/563-v1.mp4	ac9c070026f59a253767af299768bd108356cd0d7e973da7a72bb205461bcc62	140351	metadata/regents-club/563.json	3ceca883ff7e9628e3fb8691f5993e79424a39064f45d869db38e132349de09c	745
564	images/animata/cards/564.png	0620e816dfe1720b1bb1ab7aed13fdf9de25e9c81386d45306a1a0d6fd20b513	3175728	videos/regents-club/564-v1.mp4	57a6d4b743aecc45bd1b3e6ff2ebe059db4cc08158ccc0e250fc8af3eea3e9d4	293293	metadata/regents-club/564.json	ac7da93d00e572c70cd12bfa8cfc0f53fb4ff143895da2856eba1affcde0df63	747
565	images/animata/cards/565.png	a207cf927bfc7019fbdf8c670dbec766628c56bba411428c85689f6836d7bc8e	1492635	videos/regents-club/565-v1.mp4	17af6d6bb5c773e7dacf2250c0053dce7226d9475ff77902b24ec4cbb63da9a1	136396	metadata/regents-club/565.json	0621f8bec342d528c12fbe34ae37be43000c78a0593aaf67d12ca47c44e8ca46	742
566	images/animata/cards/566.png	59901d69edb600f6e543ce1c59bfbca12317b08c090a94582eef87fa95bb7988	2073772	videos/regents-club/566-v1.mp4	7635177c5c581290f5d4b3411276ee0a794c0d17e5ae26c4b5d8bf3d0091d757	172073	metadata/regents-club/566.json	1bb677552f3ee05bf7329c3dbb95d937a42dbae0bf27456ca6895eb6e11f7590	746
567	images/animata/cards/567.png	4f6002e3164b1668c9772487ab061660aafb414708923bad240af6770a4701d2	1935494	videos/regents-club/567-v1.mp4	ebabaf1cfc8e3ca86d510be82efed648a715931568f8d02c3edc86d9ad2a8b2c	178499	metadata/regents-club/567.json	895badc3343c365afd388c80e5ffaca761d0fd7751374a7903428ad29f4e98c1	745
568	images/animata/cards/568.png	b13688bc31abb49bb2e56a39e01154360b88503b58d64cc499327c1d31122807	1853042	videos/regents-club/568-v1.mp4	81d4efb6825e7a94fcb60da4bbfe4f3364ceafc1c5f2c8446912fadc5375f73a	176051	metadata/regents-club/568.json	fbbc38fb83ef18db6900b46cf5976647b4cceeabfe87ff1220166335d00152da	748
569	images/animata/cards/569.png	d39409115943bc0318e29a753bb0a20a915057fd2a302336e785c719dcced18e	2191103	videos/regents-club/569-v1.mp4	8167975083844011912c7e23a91c2ff169e72cda2189385384804001946fe8a4	202077	metadata/regents-club/569.json	8f6a0666d2851e2872973f4cded873ee5548ed461b5a577d90cb683408991f14	746
570	images/animata/cards/570.png	f3e28d77ac882b32ec5a46c8375cf71cefe2983891c4c59fd1c3cf0ff20c4593	1543558	videos/regents-club/570-v1.mp4	00187f0a3b4ef30d67c998a91ecb0dc48e1ad49c7e66eaa062fd1f9543888b98	141655	metadata/regents-club/570.json	bf9f7557c460d29f315b3b8416c6b9e12841c0ea8356e938e9ac260da7d41d4a	745
571	images/animata/cards/571.png	64725b2ade556c1a181dfb0c1a386398d681f7f29cc522531de47c326286275a	3349332	videos/regents-club/571-v1.mp4	20c652357d5c3c572364a2959c4a5b94a1d30842dcaca7889ac7b8dd48bcf175	302724	metadata/regents-club/571.json	3d56c7ebb96c00a658b0c89010d33c7f0c863ceedfa8dac15d40eea8eebf6462	747
572	images/animata/cards/572.png	ce3a52bcb23ab5aeae20db78e6dc5691f43ac05a81f8a349a20dff8f379f1eb7	2087790	videos/regents-club/572-v1.mp4	d5176f133de7c5f058b392b917f8f0d465dd597084e8db3d72c7a2652e0d1781	197788	metadata/regents-club/572.json	1fee41a273fa75ed934177d0223aed18fcdc448634270d5e820039208d19b3c5	745
573	images/animata/cards/573.png	cc22c578b16b445d64d0bb246bfd723dc821cf26313bdf7ebe7585b62fafe56b	1487464	videos/regents-club/573-v1.mp4	87e3349db0deee7b355de25308357d2bd99bf1725c8ca29fd25e0cfca9c6abd6	134390	metadata/regents-club/573.json	2a604b396d09a7943bbaf55cdb47a3f2971ac1ef9b29291bbc5eba4e404bbc8f	746
574	images/animata/cards/574.png	8a90e716ebecfdf8129d7ddb8a358744ef603f1c07d6a37b10caccfeb6ec33ce	1557460	videos/regents-club/574-v1.mp4	30a8ac742925b4f208aa61f175b3b4d6b0d92a4446e3f483e07075edc90feeeb	145039	metadata/regents-club/574.json	3bc4e39821f59baee4ac73d453e88c011b1f3623b7cfe907b9238360f21d75f4	744
575	images/animata/cards/575.png	48b401aca6cd6f750a091911bc7c9899f5ef7aab0203af5e28e919e6f92182dc	1712347	videos/regents-club/575-v1.mp4	3f4368a918319c82419ca9a466a0bb9b368cb86c4fe9d34f971004534642704f	146217	metadata/regents-club/575.json	666dbd54e626df0711e15a4b06f39d019ff3ebcd2a8824da2378f42f955c7f13	747
576	images/animata/cards/576.png	108b3c52c6a2288e4ba9039768dd9e52ac4a1cea15253555bd2883a0b36e325c	1699309	videos/regents-club/576-v1.mp4	d40a747d4e07737e2d5ec61ea4d3feb7515cebcf535d8599fd9ecbe264ed1300	181398	metadata/regents-club/576.json	e9ff16dac51dc41a36f0a49af75d2d25b47b732d4c443b88e2c3b3e42f000f4e	741
577	images/animata/cards/577.png	8c77d2a1b3988a43ebc6689c2129378ec3cadd01dcb3478a4d90078b9740eeae	1652301	videos/regents-club/577-v1.mp4	136726b5bf7123db5fb0838db515565a7d4a9bd95a616216022f8dfeb05e16cb	143687	metadata/regents-club/577.json	ae6f0cef4ed5b22be4c434ff2c2ecc11c429c0470a805ed0ee08b18578d537af	742
578	images/animata/cards/578.png	a0b224d548d9a150a86c7f7e9eaad16b6dc5cfebd9efdb76faf89fe0ba49cb67	2629075	videos/regents-club/578-v1.mp4	e6598caa92b9a9f6c43433090a7d75a567df4e4e08923c5d0fa471d07d417c26	259872	metadata/regents-club/578.json	162d1ce819aca76a409fb2e9ec89b1e7723ed8ab5201a70a131ef955a2268d37	743
579	images/animata/cards/579.png	5550cc7c15273d290bfcad0afb6e1a51f60c92a81224eb31879677e3701313c0	1474145	videos/regents-club/579-v1.mp4	bad2f2856cb6ff260e5c3628630c62089ab140683bb59bc8b9f8d3c16655d7ff	130567	metadata/regents-club/579.json	7e12185379665bddce25eddf86c85e6145c645f733962d9ee6b6a1894857088d	742
580	images/animata/cards/580.png	9dbe1d01be787729fa7ebab1a060a72a74b36ea1019fee517d21989918ea2f70	2404876	videos/regents-club/580-v1.mp4	cf1d8b3c2417bae0845d5ec10cd788bc9550ece2ad260fa6789ac41c6bfcd974	223001	metadata/regents-club/580.json	f84fca62d31d4e84d8523f2952e0a61c69715dbbb526b8cffc930cb28fd6cff7	745
581	images/animata/cards/581.png	06149cb15275d53a55efa9a5ee7bd1b4384b2c2710ebbfe37c138133b1528868	1424141	videos/regents-club/581-v1.mp4	2e43290a78bc011f0a860f68083910f930db9e9ceb966c35f6d6bd068d48678f	144286	metadata/regents-club/581.json	8428b75a4774f47f00b1b2c507ec8513ab866135d4f2a63e1564b1d3f2881046	747
582	images/animata/cards/582.png	2392a6b9b945a58c9e2f6663d78b0008156bfa370a928074806e35def7f09fb7	1481013	videos/regents-club/582-v1.mp4	2481d0982c3a733941b66aabb438c1feb581fb82d3f8471e6bcbfedf994c6610	135048	metadata/regents-club/582.json	65dc0fffcd1269290e5f4a706f891648151a613f6552547b0f114600c42f04e2	740
583	images/animata/cards/583.png	b89503c661f53fbdc524086b0292b9ee7ba66c725ad675b3f499a1bd2d0cd4b7	2065177	videos/regents-club/583-v1.mp4	3724835939e383767b420e558d5f55bb8dacdc84d7472503b522db68a6f80d3c	168550	metadata/regents-club/583.json	3b2cf7722ecf0dca55f153adfaf23e4bd5e5dce223b3180303fdc0f9d3b88b88	748
584	images/animata/cards/584.png	3615d6bde9a8673418575c381651b88b65ddee765a72add5b3cb65bae3a4e1af	1483678	videos/regents-club/584-v1.mp4	1c73dccf4b23f50da59cf419aec58531317e0982c34e1d3ec8ec9742ba3bc144	144050	metadata/regents-club/584.json	2bf937b31cfa31b508fdb8cf4f004a6f2370abe0cec8c01e33b4adab65591bb2	752
585	images/animata/cards/585.png	a15f0bcbff0f01e27863cbed46fbfebb509f47b1a9ea8529d18a6f0b907ad752	1877315	videos/regents-club/585-v1.mp4	59e63a5a569b1d9a7933bee9a590674e42ac5e5a1d3fcec51a6a2cf4cde65c93	154783	metadata/regents-club/585.json	2b6944421246f187bade660e82b3470d5ba37a548199de055a5941adfa824ec7	743
586	images/animata/cards/586.png	c1f03bbbafdc87fdeacb8d91a4ed757db153783d5816c10187fe27b9f8882d1b	1311603	videos/regents-club/586-v1.mp4	ca7d6a631b3f6d3237ca13b8a723095440f475846e97d6cae0ce6342c2d271b5	129858	metadata/regents-club/586.json	c3651a60026d6f273c5033549a3d89eb52ddbdd2d1bf6c7a6438b6f5c1f63b59	742
587	images/animata/cards/587.png	2b6712af3007e73d79f94de9431a2ed5e191928959a3498817b752747e565aa1	1415740	videos/regents-club/587-v1.mp4	34a082ee5dcbeac83b60f66d6f94b8795185e3360de992fb233491a443ad356a	136233	metadata/regents-club/587.json	294ac3ec58e73ecb8c9377d0b60d6871c5f36d9f7210530e1f8440e863c59117	747
588	images/animata/cards/588.png	d6b069e41da4cf0e2199633d38ef24cffaab9674e14f8e984e34c918b84b344b	1451187	videos/regents-club/588-v1.mp4	e70af58c55290d02bbf5fa5ee498260128f714b722af32a3cfbc11e93f362297	131390	metadata/regents-club/588.json	ae9b6541b01221667f62d830d99f4338ef0ec121b220dcbad6f9e059d2532674	747
589	images/animata/cards/589.png	4a393ee2d8c5749ef8dc9213e534a5a9795d356aafe392e14c0a17477dce07db	2097618	videos/regents-club/589-v1.mp4	883f0f74d99fa776c9bf7e1208fa63259e6bcefeb6573a65272def4d6e8697cf	177868	metadata/regents-club/589.json	b3124f0fbda8f17eaa40ae46af8de32c439896d641280dc59cf2d5edbc321c2a	744
590	images/animata/cards/590.png	8f43ca26beb779a40e5b187f6e614d69b76ab57d8029686f7807c116359b5ff7	2165167	videos/regents-club/590-v1.mp4	32545c03e737153684f1b638a32474b8fa92fd2ccd622ff52baeca5d83443d6f	186060	metadata/regents-club/590.json	105bda93526dd873046513d25e448d2b2873a5dd00562b56386a5c27c17f3b5e	744
591	images/animata/cards/591.png	32d12aa7b524daa90c3a5a650a007998181cd26aa7bf19b495d6b291c4b98feb	2801847	videos/regents-club/591-v1.mp4	321b5da9b2d554b6c68f912a8bea8ef06c10f23d0f41959e56b2581ef7e000bb	261369	metadata/regents-club/591.json	0873a5df0517d89f9aa7b2d2d4ba5b69d3450ed75a9d50cfa4c4d4cc3540f58e	745
592	images/animata/cards/592.png	28912bc73313f316c481fab6f2b748a5a9070fde08df165251a20a74e71ca2c9	2137783	videos/regents-club/592-v1.mp4	e1d5c4ee225d14935133209c5eb5a98eceeb199ac5aa2e19df5353e8718d795f	169548	metadata/regents-club/592.json	542daffe0e0581cd397e780c05190dedb4daf1b703a7c0d287de64a4b370be8d	748
593	images/animata/cards/593.png	aae7f4dc2fd1f742aef59a54e143e3187db3556c5b8c3924e7313c056bd702a0	1776916	videos/regents-club/593-v1.mp4	14d6ca47e5cdfb26b80cff246b15d830bc38c2bc2c1c526d56a59b671683f230	155425	metadata/regents-club/593.json	d0fe87efbed12b7e87ec428b0d33bec522d3f2b4bbe004417d69a766044bfad4	745
594	images/animata/cards/594.png	f0ca3a187de9fea8489c2d022d04520c42f2c4179242be8f129260c7b3c035a9	1376638	videos/regents-club/594-v1.mp4	9531215af13f4152b68313e3651b33a7746c7546f3a934b6abde780068c8846d	133553	metadata/regents-club/594.json	5c922b876cc0aed29e073759214f26742672cf3fb5de7d24d3a5f2d994c0e7d4	746
595	images/animata/cards/595.png	6adebbfef2c2648c61617c5d8ee2e055f124b5b1eb26e6a2c6f82895e668632b	1592957	videos/regents-club/595-v1.mp4	1bbda7e4895b90de09a1d1052f508edbedcdd187e0f74854b00867959c4ce9e4	161210	metadata/regents-club/595.json	8e007f6c07bd2b9ced136664440543c1f9cc870de1090a422b2e5f4b7efcaad1	742
596	images/animata/cards/596.png	aba4612d51d57a8f0803ee269731c79b2957d2f14518a8ba25224aed77517ba6	2119962	videos/regents-club/596-v1.mp4	f4dded2a2f8980364f18da25dd18871e6b00fa3ec7d9f883b0a19cc9dbb583d1	380972	metadata/regents-club/596.json	1fdf7ed584aa114417ae857077b5c7a56407b81c08baa54f20a501585ca37ee8	746
597	images/animata/cards/597.png	bb3115ad0bcb3232f76dfd0e865fa81ff1c8d55f8110cd658ba5d4f9f23a7d67	3284782	videos/regents-club/597-v1.mp4	0598e7b0251ea534b1a01caa2fd84e1f8486127e129f4d025263eb9ae54f9ae9	388473	metadata/regents-club/597.json	d054cc1f88f7d5800244391657405384c4c4a3faa7680b6731f02ed8d84d0343	745
598	images/animata/cards/598.png	fc00398e90f3c542b2749ffd6b7626acf65816696a258f98a35aff381faf0790	1552328	videos/regents-club/598-v1.mp4	090cc85d8a3127f8bce6be179b4aab48a6cd3b9d4272093a4225801c715d8cd4	138677	metadata/regents-club/598.json	62dcec23b6333fee9a2a6392fedcf89233f360a025e0a482f3293d318553a7ba	748
599	images/animata/cards/599.png	60a22a6eb14202f4c3c424feb019cec1bc0278fd583ed1feb7dc40ee38ca51b4	1508460	videos/regents-club/599-v1.mp4	d8ca1e608b3b109c65b15994d6124b4e87a7951f226642564b88c13b83051830	143220	metadata/regents-club/599.json	6de522d823198461b785e125f9273b157b0d0adef6bd5d77ac09d9a84ebe516b	746
600	images/animata/cards/600.png	de4dbc12077b82cea405b2b235b40d948ab059555cdebff04ff1ba01f16cda9e	1533779	videos/regents-club/600-v1.mp4	2089b9f737586b51a3400a22ba18ee75bab65c093078ef8f32623751f166f94e	144651	metadata/regents-club/600.json	a525ee7b943e484076ccaf6df1f1f0a44b50d708738217b606ecc0605fee6955	742
601	images/animata/cards/601.png	7df8cd93f37a6c4343111c6376dac3adad769b02a4c45c6007c0c7842006e95b	2143303	videos/regents-club/601-v1.mp4	3a950101d644bd474da66eb9ec9725685fbb095ab8cbe2ce0d9f8a99be88015b	175183	metadata/regents-club/601.json	0501984e54f23c5c4fe4d9cfe4c32259a3b894ee2feb3be55afa195d990d7f80	744
602	images/animata/cards/602.png	0cc7f93837073e23f01a8e1923ecb8f395c6be5e054e614c0c22692874b43a2f	2419267	videos/regents-club/602-v1.mp4	74e95f141c953ad798bf314f1926d56ca2464050a679faf38a336e36d4085b92	201555	metadata/regents-club/602.json	b1c1d4958883eba8546534aea0dba30da00f118fe13936883677fb4268cd157a	744
603	images/animata/cards/603.png	1c6c93727871f6143ae86099c355a52704706293c45ba644b3ca3e461aac8992	2244783	videos/regents-club/603-v1.mp4	7011609fc526d1bcd48d24508fb231747ca6be602aecdff6f6cbc9845abe3d22	178284	metadata/regents-club/603.json	3b2e095bd80a66eadb0c88f08645ba42dee177baeb8ad50fa77208330664f6f7	747
604	images/animata/cards/604.png	8601daaf7711c84f315eb449a3d431d4e3622e3cdac662292ab9cde5a5c6f63c	1327037	videos/regents-club/604-v1.mp4	c662046f9eaa19557ba81330fb3f176c5f8b88a220b1c9d617ef9e19c4d0c6ac	130446	metadata/regents-club/604.json	f27f49aaee101ccfa7d297429f60660bf228adc3f170e1b94aedb18f6a5a5664	742
605	images/animata/cards/605.png	04a14929c88534a533bc0cf683ba837135c76a144c2e6cf89bf01b3b21d923c5	1563769	videos/regents-club/605-v1.mp4	675704c727870d014e61caa76261e383359e42b66096190377602bceee332670	146167	metadata/regents-club/605.json	df329ffb40d6b98b8887d5c26785a0d7820a65af057386c46cd0d2f305eb4f33	741
606	images/animata/cards/606.png	274ac1bb3f053c63425311a5e0cde60584cd52cae7459d602a73935c589c9570	2717006	videos/regents-club/606-v1.mp4	e9cd28028217b839bd33ac57855295561f9b39bd23fa3297cf6ed36306537e48	229519	metadata/regents-club/606.json	6e6d3a2410c4859c331d0a682b35d5d24ac489a6309c512ccbae833ebd623d0e	744
607	images/animata/cards/607.png	679885c401fcac46db6e91b9e3e1df00c09552027f6e58e4019fdd2d9ec8746d	1188456	videos/regents-club/607-v1.mp4	918ae6c62ad69779987b01fecd2033b356963b5d78eb5129b1aca6731d61bfaa	121166	metadata/regents-club/607.json	146c2a45f7471777e4f980824ce3bf2489b68f40ae29bce396d3c5b3d72396a6	742
608	images/animata/cards/608.png	f24d818b63d88e13cfcaaaf18fce3ec5c371b73960a1556380663bf04cac31a1	1531634	videos/regents-club/608-v1.mp4	d055a98f68bf18b7c197caa9ccffc49b1264b4b8b61c019863b92dc3a2a2fa67	143264	metadata/regents-club/608.json	e14793f83ce2a5fc2d97f4c106771c470e224738743e4d5d1c8e8d3f5ed70a22	742
609	images/animata/cards/609.png	b0594a64e8741f4ceb452e039493484d5b65616e9efd594d95752f094a068fc5	1939406	videos/regents-club/609-v1.mp4	5416ea503ca9ec7be7dedbfeece6a8c9f8153f1b73f4ef66352aa3546e9aa088	165213	metadata/regents-club/609.json	ccf8cea7abdad5bfcd9a97298efc027cc3558b325534223cd5203597ff3dcf3c	745
610	images/animata/cards/610.png	704831d9fd13ef35fbdd4d3a82b3a3960e232c4b22fd57167172f984d82100d1	1382243	videos/regents-club/610-v1.mp4	6a1256891ef13c75b4b388e45e89e7eb474748b5fd74b28bfe9613f3bdb989f6	131454	metadata/regents-club/610.json	6a0e1321464572e50dc5ce21e377aa3cdc8f601bffc9743dcb726d6f6841ae49	747
611	images/animata/cards/611.png	9378203db4cdd395b2a88f79562892afde817b0cda368f479864ad947101f8f1	1572433	videos/regents-club/611-v1.mp4	e2e984149069416490e96fa408da1be7c31c52e32029f9c429126272ee00cc14	154868	metadata/regents-club/611.json	bf0c9895e589e33c18ef5b3f5264abbcd41932c8e22e77418df6d5fb8d743bda	752
612	images/animata/cards/612.png	79673b1ddd709137a2518c6560ced9e9e04da9df2adf5d0737a31c9db3f8af0a	1378731	videos/regents-club/612-v1.mp4	621ed3efee1a4b7d1b957323d89d75790f0c3e3d8b652c8e21f3522e7c98e8d2	139041	metadata/regents-club/612.json	4bd726877814698ecbc6f98d87452fa77f525ad62079648071fd93f7f6d4264d	742
613	images/animata/cards/613.png	ec3d134a64cfa6d9680222f12fc188912265aee856178e5bf0c5791a43285a02	2572689	videos/regents-club/613-v1.mp4	2fa86587e247101ca7ffc908ff5d24bafc8caa4b232629fedbc14986505842e9	209257	metadata/regents-club/613.json	2c61b638e179d6a219cb5438543f5da0fa9c25562760acac34ca79d3d8feb592	747
614	images/animata/cards/614.png	e469c1796ff310ff93211e59f5d5c229389da3f16a48d1a64f829a15f6b160a3	1988959	videos/regents-club/614-v1.mp4	1914521f101e8ea11a0d1b830ce5218fe0119d8f70442abe845f43e68a96413d	165393	metadata/regents-club/614.json	42d55572adc984bd2bf829815114971931cd67d3b436914e958430b6f52f9bc8	748
615	images/animata/cards/615.png	79e7a346e6bb7e8dcecc21b300ff369f90bb15f76d0e89b9c4c76ee01ecb3095	1587143	videos/regents-club/615-v1.mp4	1adbbab91177ca2378ea80d6a3004fcfb93d32f9f3a6d1348366cfb2a0fc201a	132403	metadata/regents-club/615.json	ec43d47e8c16409acead18e638f3ceb1511b2403fea85b9c33e81a939a691861	740
616	images/animata/cards/616.png	730dd756fd4d5f6995e602ebc5a697a4e11addc53f47fc0cbfacab1d008f9ac8	1462341	videos/regents-club/616-v1.mp4	3d578361182e8ff5d3fa91a31bf03863a602d6083501cdc6fd1ce5b25193f2ba	128191	metadata/regents-club/616.json	cf2f2ff437020d7bedbee54c358e4162427739a21afca97fcc07202db0747425	740
617	images/animata/cards/617.png	ba7c5db0b1c3241a6e5b3db43a6aa9cb5009a61baaba9ea8b9676f71ce8ceb5f	1631983	videos/regents-club/617-v1.mp4	da1594048e1d464858d104e45a6cfac8283f883c1f03769b877eae171e2d8261	157618	metadata/regents-club/617.json	759205f8755be09215ba80d3c59fac60aee247f262f90971e2f140ca5dc8b36d	742
618	images/animata/cards/618.png	d768ce02c7c81759b5f7aa338754e3021dee0e78b17f886ba82a80dd983fcf87	1730990	videos/regents-club/618-v1.mp4	c4a636ebe10ff2cf0c5674306859a4451915d0035eea0babf12a1df8648f1b88	160350	metadata/regents-club/618.json	43cb6ad8fbff5093506fb02d1b49514c250d20d3bd56f424cd7ee6ec11375668	744
619	images/animata/cards/619.png	2c2dc3372f6906f78c13a29651186211524074492856963c4ae4c3428d4292c3	1876757	videos/regents-club/619-v1.mp4	86b64164b1c00f8cc662af7a042b34992014aaffd421880e90d83c9eb0bccee4	170282	metadata/regents-club/619.json	3cb3525045344042ed4e39dedacd2bba91431bb594666f95d9a03c9b9e861858	744
620	images/animata/cards/620.png	e595edb32d71cf569ae35b5013912560370b287abb70d07615709725bb71ab10	1544024	videos/regents-club/620-v1.mp4	2692354e49cbe6d5aa9e8a3d4a451566abd160f9a718905c7ffad7ba6d89942a	140375	metadata/regents-club/620.json	c7f390f5f020f674da79e93c728da19cb4e9b7b8ff3c3e2fce4b5e2245ebd1b2	742
621	images/animata/cards/621.png	6f249283ba65cd0b3667ea8f8f8ecd4105afaa02e38d0f7248ad01879ab151e2	1436471	videos/regents-club/621-v1.mp4	5bfa6d8b97a3bdfbd1364377eeccc9835a689ed395d60f2a76a0bc5bb43939f0	137940	metadata/regents-club/621.json	9fc8b3492cd8c5eb8e1020ad9c8f7e6a840ce862f1d2b4d8de7fc831e1064837	747
622	images/animata/cards/622.png	2befd15f8e60f579d018a0c3dc1e85ebebfd40081dc8fd01482468e1fa3b9dd6	3276375	videos/regents-club/622-v1.mp4	ceb9898110ea1c4ea2d76a21684e607b09ce1c98945ce0bc7188a07fc19c961b	367914	metadata/regents-club/622.json	3a9e3b23036f7e7164997c317bf54f869889b3d85e45d36ffcdf2fdb5764d8c6	745
623	images/animata/cards/623.png	ae356df91a331caf2f24429e8ed8a9f68f603689fc84f0b8360c8a5a91121f62	1527759	videos/regents-club/623-v1.mp4	73333df3540e1bb3ff1550ba1d5713e17aa31baa5ec80332902631c63b10e7c6	157889	metadata/regents-club/623.json	3054814b2443e2ccca2613159215a6c42d2b30d21d4ac6a7a7394379764c5150	741
624	images/animata/cards/624.png	f7e6428e3d3f84bf3b96498b7fc6f2d78a1d7106e0d9cf31f773cdefb7c4cf4e	1606164	videos/regents-club/624-v1.mp4	840450c8cf2d1bd0ed9c7a549b0c10729278fbbd036104f8f1dfee07937fa683	137411	metadata/regents-club/624.json	a5be631aa45808b06441eab1d9c0dc19133b3d958282d69defd2a84e41d1edf9	740
625	images/animata/cards/625.png	40bb61c8ac47d3c914292aff31a6fc61c440c5a57b06df0736fe736a0e2a2467	1689919	videos/regents-club/625-v1.mp4	bbe9c24c9375884063b6c3ec212aac3270edaae8b36ee4a857803a88232d3f0a	148177	metadata/regents-club/625.json	1895a5fbac3c7c511210d2309a3e13faac83b55a8a1b12e021343a689d606b7b	747
626	images/animata/cards/626.png	3aa1e6426f3ceecdbb9d76a1892aa010f242d139d657aa2420cac1b42cad8f8e	1645549	videos/regents-club/626-v1.mp4	55c530bb1473f5a9dc8447d1f2bae97fbd83d6603f3786ccea48a30fe6dfe9f6	148595	metadata/regents-club/626.json	3cac8405cb0c30726fb4c19ecfed42a78e1d32a89369f59d1bbf7016334b7424	748
627	images/animata/cards/627.png	f597bb0a4a8b2ba76905ec268b35479282b3e7cf8ae43f4f7293237124a544c6	2050192	videos/regents-club/627-v1.mp4	4eda7e66f9204f4c55259ac9686033059156a615fb96560474d14ed64534e42e	178971	metadata/regents-club/627.json	eedfcd23869377663894257ea9610fc2c1ff1111242b841b811df61deb2c0bee	746
628	images/animata/cards/628.png	818445306d02a0f8bdd5561934dd2c927d42bcf04353f8b0df711c0ae7765b64	2851785	videos/regents-club/628-v1.mp4	7d6782036e4f7296308fdb5146a22d413440fc819976c918c4f92d74b40817e9	240143	metadata/regents-club/628.json	6f7b0f8a50ef5663a281ca20ef9287a14c71bb962fb5948ff56dfae20d945902	744
629	images/animata/cards/629.png	35016e55a44d94365e1336f43bfc641bdcd460abfd04ea435b671bfe8e38d28e	1660617	videos/regents-club/629-v1.mp4	1cc3e3c2d1c8e4889ad2c87de634d9999bcd588c2536eccd9f620be733d306d9	143333	metadata/regents-club/629.json	b95df64f12244488b0ce5a59e37ab5e6e74c884c8565f8d96d5c1818e8d143c0	749
630	images/animata/cards/630.png	914eef9f0eb363ef15a11504b5eb668b66b894c2dc0fd3db7ab0fe62bc5d0770	1454608	videos/regents-club/630-v1.mp4	3771add2470f57a804d6bb468a4e93e10da6455ff69ab12a0c6cf19fbf559145	133115	metadata/regents-club/630.json	3550af33fbf1e7f1dadba15e82d7437b31e7085e550d9954cbc916204a90fac0	746
631	images/animata/cards/631.png	0de51d377e044e277f304aedf285e3e513e5cf09cae7a6f4205b4233656c3ec2	2308493	videos/regents-club/631-v1.mp4	2ea6216bebb5cc0f3f84783d5367661b3ca9c28e892dea85ee8a83b26f06908f	179510	metadata/regents-club/631.json	2544109e9485132dda62515035fca4be23db669f9fa4cfca25ff463fe9abc18e	748
632	images/animata/cards/632.png	9b62f582b1f321633b98f29ed708c1d2cbda02f51a800e4dabcd3c67a0bb8e41	1600004	videos/regents-club/632-v1.mp4	4f25187e3889a68f95c97ab10d73d49e0e540e4545349865445d36f480134c29	164785	metadata/regents-club/632.json	2ee2b57ad7fef816868db1cdc45e34e80d457d91cea28fbcccc1a6c0d8f76d96	742
633	images/animata/cards/633.png	3d71e27e7ce3aab6e1f4562bde562e01eccc3a63bfb2337746e465d12f38d401	1759656	videos/regents-club/633-v1.mp4	4c47ff0751f7eb839134253130279dbb5e1f06eeca6065fa110736c8b4737181	159118	metadata/regents-club/633.json	12d9043f72c6c4ed9a7818976481dba39e2fa2480bed4db1bbd92f3018ad4572	745
634	images/animata/cards/634.png	faa27326894e945de09e3ca3177c4c0146057f8ffbf4b6bb9fcb331367f952b6	2004099	videos/regents-club/634-v1.mp4	83bc9d8fb3a9eb0f790fd9cb2aae24efadb9629054fa1a808b29659912d83d59	171140	metadata/regents-club/634.json	0fb3cc9e22e3bb3fe5bfb6ce5b197e191a2864e7c759fa389de87262d9e5542f	744
635	images/animata/cards/635.png	06b3e16bfab1450bd7d0d3f7ad6980679718f082c77af71e9736dd2932c8077d	2565408	videos/regents-club/635-v1.mp4	5a5a39a182ca5fd04974c31670623b43f7ebbb95983d5452033e319fc444dcdc	243876	metadata/regents-club/635.json	9546cbb438a84e206420dd69ccc8beb6efe6adde098856b2a87142228840630c	745
636	images/animata/cards/636.png	cad397a008bfbf6e71a6d56be91fec8e6fc2030c83cc3a98bcf57689a4c2a055	2363386	videos/regents-club/636-v1.mp4	f647947c4b05dd505c799d76c180a365e07487e1d3c76ec63a233b3beaed5736	235662	metadata/regents-club/636.json	34e4cc7a7f7b978145521639557a3e710dac345d82daa59bd5f5322fd1b2fdad	743
637	images/animata/cards/637.png	e1986c51fa6de108eb90e33f07f0e0426a7638bb2442f5dfb8e031026ec5680d	1521261	videos/regents-club/637-v1.mp4	830d4531a71b13668c928682a1b55f4e1454b1a5802994db487a90c3d60db20d	160572	metadata/regents-club/637.json	08361d83a158105ad71750468b80ce10ae8de4bc160c18d5f75772b27b5cefab	746
638	images/animata/cards/638.png	7023a87bea9d726b5739dd4878be04841812a12e0cc7e29c15f09fae3233a017	1668389	videos/regents-club/638-v1.mp4	7a0dc02ea6c1dbb9bdb88e83b3a5c461f635d3648b3af886e9c79590b51df58b	152545	metadata/regents-club/638.json	688429c9010f236402400b364a9de68059d079989f9fa531f0a352e0affb5ebf	743
639	images/animata/cards/639.png	5d76288f18373f609954e65bdd2c250494dc28d412b703d922c7c6e880f35200	1260588	videos/regents-club/639-v1.mp4	e6a3da86fd21ccedb648a241519069b395bf12e868f4b27aade7470a37ef712a	134279	metadata/regents-club/639.json	ebee593aaacf57308bb6fd7378cf14c81a7ffacea76c71a5645a3834c7fe648f	743
640	images/animata/cards/640.png	263f657b8533a3922175884ef4c1bbbfa5ec102d90642cac424625038b1af66a	1502375	videos/regents-club/640-v1.mp4	490023ef77cbabdbb0259a94c81ec60f14b08983519be0e7e6c2ca258e089d1f	154340	metadata/regents-club/640.json	bdba6d0418ff5404038d462afba8ee6f41fd13df390cecfb445b554a8bfb6e4c	742
641	images/animata/cards/641.png	11aac9af77771db56ea2017f281a52d8dcfcef00cd1b2b33ea452d38eb73626b	3394789	videos/regents-club/641-v1.mp4	8a42a01a2d5dbd92c460c4948e050c921d6130863db80da663e05db03774272d	334928	metadata/regents-club/641.json	18ff4a4a55ee2c3bd7e3275e7af78ff962ecfcfc5845d1bcd2e816d91583173f	745
642	images/animata/cards/642.png	1e8dbc5aa48d94cd6d17aa315edd89b5bc1dcb8161d6da6bc876524628d91c6e	1750688	videos/regents-club/642-v1.mp4	63ac5e81343adcad863c24f278b67643221b501a361371a4e8f35fb13e91e3a9	174744	metadata/regents-club/642.json	db5c45a64c349e417652dfebcbaf53274803d2d576a41c62b2c7b67370b6cc50	747
643	images/animata/cards/643.png	4a60862b1326a116ff7e30e70554fd687b03d31c0b5f6ed7a7c5cdc9b4ddd2f4	1705455	videos/regents-club/643-v1.mp4	273638cb689a5bb436379f7b5de05f82c77707327d0755eb08222d8821eeae20	143013	metadata/regents-club/643.json	e66506cbbfb9ebe8dd296b867efd32c611e2a25c2bd3f5f5c818953ecb6facd7	745
644	images/animata/cards/644.png	b5910a8ee6b3b6f41c1db4a8afb7a5987444f289df9efe7ef78b6f05fd70e698	1261423	videos/regents-club/644-v1.mp4	a756f9eab9543873cb27d3e356b793e39d8b4f3046eb8f5dd341aef29855da39	138894	metadata/regents-club/644.json	eb705b6e7277cfad4bc7b48c3574e49a4da0ea0d23798dd0971a9626df485acc	743
645	images/animata/cards/645.png	d6b09fdf1c59a22023f45e4b6f12f717841a741d7f57280fa9f6fd0dce9b3787	3287217	videos/regents-club/645-v1.mp4	ddfe88fd4d35258b05dc642047d319074781969b82aca3648ef7e828be580302	386728	metadata/regents-club/645.json	b8da32091ff5d058df9126c7eb95ae08de0acac0802ace24bd69fd133c7780c8	745
646	images/animata/cards/646.png	02dc82ee51530e8f4fbc5ead583e1e5eaa8287ddb04a8578bebc2adbe2dfee0e	1567844	videos/regents-club/646-v1.mp4	0195aee9ce2187f07d4fc653fad6f6e10725f33538fb78dd721b60f2eb1d3b69	144502	metadata/regents-club/646.json	79c2c79f665004b7b41d33d026f0f119a63a6f7c95617ca5615ed75e80c08ff1	741
647	images/animata/cards/647.png	0d7e13ffac8eb2901afd948a7783da02f7da8eb1e993fc0c7316a0de2406c70f	2642076	videos/regents-club/647-v1.mp4	e937dbfec8eef5b3561fa624692d36f95305799ff723e715df79cf1d8685090f	228151	metadata/regents-club/647.json	bb85108098e040bcf4f3888145916be4babca0312af0b1b8601acc070538fe09	746
648	images/animata/cards/648.png	378d7113777d51920b00f430ecedf2f81ef93339c55831478bcbd3bf43bcf502	2079181	videos/regents-club/648-v1.mp4	46352633f1e69763832faaa53a7a53687c9bfad5c15a7a81c7e5b242972662a6	169647	metadata/regents-club/648.json	303412f393484f72a9e42e886510d821f3e69576a2dfa9b66edc6f041fbfc24d	744
649	images/animata/cards/649.png	cfb86f61678819d61bec8f60b2a3c889fedf3f913fd3bad59f286fb6979181fa	1639972	videos/regents-club/649-v1.mp4	2d7bc19d675e8a0b89f32e09c9ed61fe1d214a8beb8c0798274672e4d006cdae	158519	metadata/regents-club/649.json	53db9de9ad1d207f43d23492f005c1d9642dda141a752f9a8abe94491b500eef	743
650	images/animata/cards/650.png	753ffe4dc0df729d6834c8ed307a08e542fb995995385b2cb60f63b0d37590bd	2229589	videos/regents-club/650-v1.mp4	4884d836902aa5e6a5f3a8e482bdf8c815f0eddc1dacb3d4c28a01f2e3d578ff	197413	metadata/regents-club/650.json	0f135e7a8956395a226f29c3c4369a1e41d16b857c649248b839db9dd5685154	743
651	images/animata/cards/651.png	7576221d71e382bb6a2db10e337b8e427c669148c9f4071e22e1b2fc46833c70	2656478	videos/regents-club/651-v1.mp4	26ebbbcac11be21d5fe9bf57ebf6730be1865a42871fa44144bd32c44dd5e485	231751	metadata/regents-club/651.json	16d3570c61660526223bb7544087951bca1061a97f5f2ec3ece8f8d11d3a6239	745
652	images/animata/cards/652.png	52164e4bd2a50ece6c38a89493edf79d1756fb7b2ce5f6339bd6b267d75a3004	1568686	videos/regents-club/652-v1.mp4	de2bf3eeeb21e10136b4e5fbd20f6c10545cefadff6145ce95e233de1c5cfd8e	139438	metadata/regents-club/652.json	d1e6153cfef71e8009d7e4f7f317f9dfb4faedccaea5d7a4b637fd54a74280b8	741
653	images/animata/cards/653.png	84eaee33e6b87b485008b012d6a83843ce0e72f9f021acb3834c077aeb1f393c	1477140	videos/regents-club/653-v1.mp4	f950b69fb9fae0344d6ce23bfc1e8a537a299485445bb4125da6fcf735870db4	160995	metadata/regents-club/653.json	bc39348587dcc6739f86c140225dd8c1a3688f7fad5cacda56b0d8629721ae15	743
654	images/animata/cards/654.png	4ccdcbe9e1425c4cd00cede2fb6341e48ada14370df3e4b0cdbcfc37a6b4dc16	1469081	videos/regents-club/654-v1.mp4	6132e7c319f3b827a4116cac87061d86dd0c70e220d6b79ad304c04e9e3a3102	127964	metadata/regents-club/654.json	b8596d05305012a407ca05c21657cb1452bdb095ab348d6c262939a4ce2439ba	747
655	images/animata/cards/655.png	b3af8a54c3bf1a37d918cc31c410ccc9d7da969100d37d704adecdfb5e78b18f	1440964	videos/regents-club/655-v1.mp4	713cd8c6cbae4f700c7e0165a5108f8369f7a4e18ad43708bf1dc3ff4139f793	160083	metadata/regents-club/655.json	392fc92eed64d8bb0fa973d3d84dccdffe70bb411e3771ffc02d9ec2ae8bf44d	744
656	images/animata/cards/656.png	b2a53966f2894cc2164ea98f743974ac565f49ba4d12365dc069b181837057dc	1987913	videos/regents-club/656-v1.mp4	63101bf756b2a61f794dd5f360431d78e9b6a425ed838308b71285c1045f31dc	161310	metadata/regents-club/656.json	4da7b4f5d479b03dfa6248c299f0c8ac1cae7f10c0bf55395d9f39bfbf09465c	747
657	images/animata/cards/657.png	864c0fb04da5417ba05bfca90bb0907b27f912f96e8770b20c895f97a8bd3f1b	2216100	videos/regents-club/657-v1.mp4	5d91d0e2ea70a5d51aa80e877cb8c18a65d11a4031e33f616c496b6cb584b8df	193260	metadata/regents-club/657.json	284efb99f7774edb69dbe262b467b45779178ac9bc47733b742d4e29cd79bc44	746
658	images/animata/cards/658.png	6d1bab8d00e531d40e87aae2399a869496039e2448e9237bc335a536cb36b173	2585333	videos/regents-club/658-v1.mp4	ce8e5a6c139ed5a1f3bd5e0116a2550cc319358819aec1ca088cb47797e7a951	199025	metadata/regents-club/658.json	eefc2f680882294a2fcef32880fed5100271d761a62aaa830cf532339e56aa02	748
659	images/animata/cards/659.png	d305077286c219cd5adbbf4f412e219b7a062f9d7beadaeea737b775fc814f74	1211791	videos/regents-club/659-v1.mp4	00ae28c0ded3ad84f348ed4acf3e55756bf73c585fd5fe1372cb6584c1a27636	120934	metadata/regents-club/659.json	56c465e2dd598a960dd987f06a0e9ace6a42828b8a9b8acd0215adda9d721264	744
660	images/animata/cards/660.png	b67081d1f109072672be50f62ab24a6f0929bcf6ac32d10a347be761ce287196	2491510	videos/regents-club/660-v1.mp4	4d6abc00f3f1937a6c85f47a5b51b0d265a589c7ce21470a413f46c81c6b310c	215335	metadata/regents-club/660.json	557c40435b04fd0979125bb22dfa85dd460b7ab9a402dee00ac4daf38370b13c	744
661	images/animata/cards/661.png	e6a986ff26bec9c2c88dc82d8ff6e1cdb5ab07060476a8c85260f181f744475f	2268555	videos/regents-club/661-v1.mp4	05cf7bc577f33972b48c04154859cfb878259a57b58e0d53d4cf23fdc3b4c8b2	176928	metadata/regents-club/661.json	852e0db71ee660dbe7daefa1fbc20559695f3aab4ea4aadbcb98031d8601cb66	744
662	images/animata/cards/662.png	978dc0a3745db51c1b5d911f9238e5881011041f00b9ae4e0c44f0d25e5b853a	1747770	videos/regents-club/662-v1.mp4	9fb8b69013812472e0f3aa6b97ffd28313f9699da74f0127cf73558d07f86852	156748	metadata/regents-club/662.json	d40def2cf720ea786265d953c94f773f977a39403e23942006bf991ffb45a8c1	748
663	images/animata/cards/663.png	4571d745f5112f1c619cac91d2f5cb0fb8d0b90ac7c3c4d8537bec55ca4b875e	2181298	videos/regents-club/663-v1.mp4	0abeb962b9308c91a8f2821ceb0a9e3b851999ed6eb71082fcb5e5a9399f430e	206641	metadata/regents-club/663.json	a4cab6030e419aa5dc79a184a04434bc66d0acad104425fc99180f4e4ac6c2a0	744
664	images/animata/cards/664.png	56065a30e58f166c94ae0ba0551086589f92d4e4b882f9598306e98217f1c20f	2791281	videos/regents-club/664-v1.mp4	9a4c452d50ca8cc496ec964811a821b47ef98729587cc1c97e2382cf8d83482e	250294	metadata/regents-club/664.json	a622b25d108eb9ca8a94e699316e7902f25f52e7ef689b3ea7fc8662f08004e3	745
665	images/animata/cards/665.png	2f6a31a349f8626adc068386374dee0ddb1fa3e41c57a06053773115b71012aa	1351883	videos/regents-club/665-v1.mp4	fe623c320797960e3b79b16843afd0eefcc053d2a278cf2a4f4f3026d5e47319	138320	metadata/regents-club/665.json	cf51b676737eaf8349b451323b8b56c85585804204dadb12ad92e0d63b7f702e	742
666	images/animata/cards/666.png	e01584e2f9660ad85b1d6085124a01351ae53d26d307d92f36bc49db5fd6190e	1505352	videos/regents-club/666-v1.mp4	3cf0585ac8915d8fe42b82001a690184d4de7f0e874b96f178a8094b009f2b71	139015	metadata/regents-club/666.json	cec2cef32342c2aa21ae478e052f770a6d9243b8f71e664b9a09f6382d36a9ca	748
667	images/animata/cards/667.png	82760093aeedb69ec9cd82cab30a998f6807bff8435a806a2c61b240986d1eb7	2296520	videos/regents-club/667-v1.mp4	b3de733c2bdfa180d67d39bd2418c7ce47574253d1a896ea0fc0233a36aa444b	185838	metadata/regents-club/667.json	68b1081d8c7eb5d2923e049c22b744fd56aa958e2e2fdf41570753b03de2127c	746
668	images/animata/cards/668.png	02e4fd89849fc4eb7afc88d79e5a8d2feaa003f766724b252ed38dd6823bb9fe	2332828	videos/regents-club/668-v1.mp4	24707a3b28b8a90db2586553808f6515fe63e3daa3f6e0061608ef107c99ce3c	206953	metadata/regents-club/668.json	39d181a2a46afe59b7a02d081d7bb7e12f2821d6551928bc5bcba1e077eda1db	745
669	images/animata/cards/669.png	5dd06d7ab90150bf69c926db46f9b8451cfff557e0c8baf2af09f553b5bde099	1491641	videos/regents-club/669-v1.mp4	546bdc6b906b67db751522dab080c81e3ba6cabef46a55c24046d57856af0eba	158595	metadata/regents-club/669.json	2d412bb60e9cbc6eb1190c5274ecb7f7ed41b229db41caca95a9627b9d901eb3	741
670	images/animata/cards/670.png	da0bfd9b120131d1fd85305cbf87f84cd7ed4a457b5855fd7367dc6b0edfde79	1494792	videos/regents-club/670-v1.mp4	9a3032225415d4928241a06ed9c63c3c694b8df4490d50e3d7c1b86b9aa6730d	123757	metadata/regents-club/670.json	0b85223e175d80978fbe71a7c8c14a91a92e6e2e6d4ddf33f270c18a20807b88	740
671	images/animata/cards/671.png	a4cdd5fe81c5909fcf15d787902d3f1155ec4ff4d1f6589a81a4482521a19708	1512493	videos/regents-club/671-v1.mp4	0a515d7554b2e5ede62c02deaf661672a93303be086eb97c0a557044cdf48314	133256	metadata/regents-club/671.json	afdb69f923b5e69a90477682b51f25e1de3de7c3cc92716969f854706a244103	742
672	images/animata/cards/672.png	50b9763909b63b46998e8eb1ff9b0899e2c5f9e9b6adf1bc27c7dccd5456a446	1777417	videos/regents-club/672-v1.mp4	0aec14c7036f3aa5c0ce28ff74b091d953a9c4895c15e2cbef2318518d8b5d60	150908	metadata/regents-club/672.json	da480c4da994906a542ae06dda7d7c47f53df65cf45b0cd0b2d44f129bdf7406	748
673	images/animata/cards/673.png	64ec13394337cc7461accab6ef68e9ef303c9193c752ebdeb77fe497c59837f0	1120000	videos/regents-club/673-v1.mp4	6eb2c67377901d095249ca65b3fa324adf7714e864d215e73a3a037d782a5e66	117402	metadata/regents-club/673.json	63e11247b8f34c4ddf14629668a4c185bc9d2ab94c62680f64c258ec021c3591	743
674	images/animata/cards/674.png	450a94799021f9d8b5eca38792fccad56a98cc620d3254c9058c5b66407843dd	2444769	videos/regents-club/674-v1.mp4	0578f75793898556c1b7f3f459471bf5982ba12590a7de16834385d3769624f5	245213	metadata/regents-club/674.json	3f03c960992a4654ba34985c07d817e54fcc4bd1ee7998c25fe3f887663c3a78	742
675	images/animata/cards/675.png	2647538df041cfcd99c1658404f09a4f0c35d10956a4003caadbac64fc1b1c8c	1434791	videos/regents-club/675-v1.mp4	261b44e5fab223a228692581b7c2ccbcd9f1bce97a62dc1943a3673a7cca3939	145917	metadata/regents-club/675.json	5396cf44cbef5b6c59bf076ffb1dc121298ca0ed0f04b6b07b22be8d3baeb33e	742
676	images/animata/cards/676.png	6af5c4e121787c4b938a94043caa2742acbc2edb0b589a3369be0a90bfe83889	2442914	videos/regents-club/676-v1.mp4	602f7738a3a4ab5e8a3b3b2319171d989d1868554bd5cab89e93061e104d02b5	211547	metadata/regents-club/676.json	ffd74baaca77fb70f5ea4461c9398af2f326c959a4f0425310c2de85ff7c7d82	744
677	images/animata/cards/677.png	62ad34e66c77a40dc4c4ef658caadfe6e62f5bbd23a42be1fa9799b3a47cf073	1530060	videos/regents-club/677-v1.mp4	1bd95c877ca11bde3d794709e5fd089693ca0cbda1cf5740dba7e7be9519fb03	138474	metadata/regents-club/677.json	7c559c342428a545bd43157c6e322a8b2185fb99b491ed012795da762ec936c8	741
678	images/animata/cards/678.png	6aba9b63d0d5b9575728ff30725b55fa9e4ae4fa3a3e6196414943608f432bae	1716042	videos/regents-club/678-v1.mp4	cbcdf8f5f9fe25675b7d32f852048194c8271164a7765c53a43c0be8193491fb	157928	metadata/regents-club/678.json	07a7277801bc520aa0eb54f070b6b5dc3db095b6dd6023053120a218ee3b9167	744
679	images/animata/cards/679.png	caff4817eca071c95db07a23357b881f48930503d2d5c69b48331bdbba422fbc	1345945	videos/regents-club/679-v1.mp4	dfca500bdbc244ede62fdd52d3e0fa5a6caada82f07d4feaa32f65ffd20dcf3d	120218	metadata/regents-club/679.json	e88a10dce385e4aabc1668fbfcb31237ea821be66bde6819b57b19fa704c04cb	746
680	images/animata/cards/680.png	7b29d44680cb64dd31d9d4343c8a85f8d80fc9432229ac11b51b6c41e43187cb	1947398	videos/regents-club/680-v1.mp4	3e9f933f7125cc74d1742fb63d758dd9b75ac8d8f0647c097da54d631257ae36	164542	metadata/regents-club/680.json	d9abe1976c6837564a1a3fe64b3498a8156d10340f048d08ff33787d0a95b5af	744
681	images/animata/cards/681.png	22956e2d110f756f9c6a1ffc16ed4994d1e7b2c2aea82afe4f5050c8261182da	1067561	videos/regents-club/681-v1.mp4	1ed36b7c09f73f1603b7d3a185b2f6b6000090ccce653a055346a427ca656a07	113793	metadata/regents-club/681.json	eb7d0feb3a5a01a48d6f4794b6e138cc8ed735b16767e7d101f7fd7146954d48	743
682	images/animata/cards/682.png	8717a0938b44e12919cf4600296312cb06f05fd43348be41a6bd73b144c18f6d	1986386	videos/regents-club/682-v1.mp4	810be583252e67b90e4ec1c972dba6ac9d420e661d9e990aecf641d55becdee6	162628	metadata/regents-club/682.json	b2b82e23cb7c2a6379ac7fba05093e390ed841b87e37ec9190c8994ea3a44485	744
683	images/animata/cards/683.png	d8f666b9818f5fbe5bd492c96288a720dbd2779b8a5fbe9df074a5a1ccfabc7c	1999914	videos/regents-club/683-v1.mp4	700035486017c904d66a96b529267a042891835c254aa32a0ac12ad38eee198c	158815	metadata/regents-club/683.json	6be7ede8c75f513c24a3c81dcc40ff497b31bc6642cec362f019f7611b53cb7e	746
684	images/animata/cards/684.png	30ff8a5db212f7c5646db48770eee184d9c8465707e4cd9f41d96945cf1e13ef	1655998	videos/regents-club/684-v1.mp4	0fcaedc19da6687ac6201197ddba1ad59c040138f279bc339cd7df249a61aa73	145251	metadata/regents-club/684.json	913ad0f971976d0f88063b26b2805f1e583b4c8806a6be3cf7b82cfb6bba2d72	744
685	images/animata/cards/685.png	9a4585ce07c957e7c39418b688761ce5995d7717c3674fd68cc2162a929b4546	3751937	videos/regents-club/685-v1.mp4	5a277a7d586e4c7361097edce2b6f3f19526cb9cc07a3bd73129074eb72410d4	363465	metadata/regents-club/685.json	22bb88529a13a9173a4c25250bdef29b17331dce054dd3c4b721358b897d1b67	745
686	images/animata/cards/686.png	299f4c3b879fa190a39a3e81d0e33ede5d9c5e9234ce979145bf7fa50ad6da28	1608689	videos/regents-club/686-v1.mp4	fb57f192cfbfb3fbea250c86e2d702033c9da2978944c33b48d0ad48782709a5	144178	metadata/regents-club/686.json	0fd1640f1d906384510988de79a4aafd4e11d3d8a483e2f1b181514ec5d6771a	744
687	images/animata/cards/687.png	1a449d28d5941648466a8bb18bd109c2cd25da31f4b061b657c76a674ad27a33	1295782	videos/regents-club/687-v1.mp4	96824cda5c15850702678a3086f5d37d7a9e301e725645261289085eb2340871	123899	metadata/regents-club/687.json	a0b4c14c424bbd2b3817644a96661a8f7b66a75a81543d0ce6e19504058ea595	748
688	images/animata/cards/688.png	13ea952765e06802897459d2638ac185ced3e9adf24102578341607acccd100f	1749345	videos/regents-club/688-v1.mp4	547198cd684f9c11f28952be07e04ef4c9ce981de3bf93372db01df8e43bcaf7	183573	metadata/regents-club/688.json	8ff2d1cec9611e8a80eded203405067e661a4f4e4a82ac700f08cad37e2fa3c4	748
689	images/animata/cards/689.png	81478a1fedc6da30c72ebfc5e0d431ed92f0631e34f0750794f0289c27919a5f	2275696	videos/regents-club/689-v1.mp4	a26b4532a0a71f301f0e69b78cd819bddba3761fc406abcf69a4657de55db8bd	184476	metadata/regents-club/689.json	11eaec5a525afd6704dde3c1429b5d909d1d0c5cd498a8cb020a8d577756cd88	744
690	images/animata/cards/690.png	3dab331aa3a7a4e04b405f167237880e8a41a109042bea96a3ca9c281769def0	1548564	videos/regents-club/690-v1.mp4	fd7d8f385e26776c3b9df7e2efac91a231e040ec1b941c9446703af467261915	151369	metadata/regents-club/690.json	e1c61ebebd24fef2c5539e8f745c8eb5cec55916ccfa732aa4bee77a85067e9d	744
691	images/animata/cards/691.png	0c84042151cee33cf2cb9e3d4f3b0bd73682a41a423ea6589bc3d0777ad2d477	1450522	videos/regents-club/691-v1.mp4	969563700b791656b810e11d00b406408a5803fc52f16e8b5290d01044a6dd61	129098	metadata/regents-club/691.json	0dbce4dd8e6b1a41f4c32569759fbb6735153493b96560061b9828dc9fe2b714	746
692	images/animata/cards/692.png	3d032d17ba6abc9951c301d7a12714dca6813bf2524aec6b7e927322812ce3d5	1942623	videos/regents-club/692-v1.mp4	52fd7ba1d3d23ab22801b35bfb894c085fac3cfea83787d639aa5f08671e9d48	162970	metadata/regents-club/692.json	9812dd30b9d4858bcb059c981589a4611ae167a005ca91852149477ac1279a80	745
693	images/animata/cards/693.png	0c7915a16b76db3f5b77e6119305f5f49a706e9c59a09e47e35f8ca2cc3b1bca	1649561	videos/regents-club/693-v1.mp4	ad83f5486d5a91571caa9ae2b1c5a7ef7dbfc59f626f13d07b712f2cc62385c2	160512	metadata/regents-club/693.json	9f20d3a51bc0df58b041023f8fa6a08cd5aaf10e92f8f611342d512bfd45f30a	746
694	images/animata/cards/694.png	dd714cc7a98cf71b4a6d179b79de128f3a32a4cc377454549194b2af4a004dfe	1880568	videos/regents-club/694-v1.mp4	4ddc098ac5f96c4bf53edb09bfdb76d9ccdb3a0190b225be507e4420905ef05a	156288	metadata/regents-club/694.json	11bbb079064eb0176eb0435681eb245f8d02975d6a27efbae3c8d75eb77cdfef	745
695	images/animata/cards/695.png	4bd6890f77d3415ca14e895c7fdd8f0c56b0f84f2a619d81eb72190f2dd4f923	1299839	videos/regents-club/695-v1.mp4	f9bc0894f873aa000d1063d8ac209c42f9cea82ecf2dc63f3689a99941198d26	121292	metadata/regents-club/695.json	9acb3abd006feff57e554da5d3762cea303355d70b6ded5abdf4b2fd1f123ad3	740
696	images/animata/cards/696.png	241238019a16e0629b032056b75cbd543198289d9b432f6e654c4c41041c49e5	1375471	videos/regents-club/696-v1.mp4	2c50ad19e1bbca46f6cb85761660efdcba54fe2989ad47812e6d08dd38105231	128126	metadata/regents-club/696.json	8aa5075a03fe60d0884512b29f529a85590d2bd17c39869182d585d07167436c	746
697	images/animata/cards/697.png	b06445b6e2b3c614da1e336936a98a6d0d3b91115c2205e3df763d787de24808	1661103	videos/regents-club/697-v1.mp4	42e4f05c7f3b1fb0949d88ea402d68ac946f2aa3b16585a50437575d61a4c763	144800	metadata/regents-club/697.json	729bc43efffc810cb62ab449332fda5494820d0c8911bba3c201daffac1ed1b7	744
698	images/animata/cards/698.png	7798998c69a815c40f35e8b93c39f2b443fb4a888a0a7dc971041323ab231ed5	1442299	videos/regents-club/698-v1.mp4	27f7394bc349e5fb3d93212efd7ff9988c5087872f54ce58972e37dda5768745	153376	metadata/regents-club/698.json	142c3d711ab11fe587c32626cac9f2f2be43332f163abc2e8559bbde5fc6a5cf	742
699	images/animata/cards/699.png	2fc0a89a6be28cfda2903e5992770ad17f1c1e42483e6cbb9af07eeecd364381	1500719	videos/regents-club/699-v1.mp4	84c9bfff617fbf60ada428c23a70c646ab6ebfd8709158b801a8118b64fc0f72	148956	metadata/regents-club/699.json	2ec8922d0841f3a0703bfcfc6a705c4e527295d5a38afea26026945ef5a3e3e5	747
700	images/animata/cards/700.png	93b7a2caf32d895a42b1e0ff3181126faff47df9d8d59a18bc11bb3e2e8d0ff8	1723030	videos/regents-club/700-v1.mp4	13dc4a3dc7f7dcbf46e71d85affae207a1f299ef9e5bc0624be011bf27ca880f	174728	metadata/regents-club/700.json	42744921b4405e1bccc5fcc67428715757b06ca10cdbce8ea16831816dc8cda6	745
701	images/animata/cards/701.png	bf3a7b528b5d5b2cfe92940750384175794e007ce88bc6708d6030ca1dc85b47	1774642	videos/regents-club/701-v1.mp4	7d058a4645dfa0d12e3e98398b8b654d4790923ac6ec00d9c1af0add198806f6	152591	metadata/regents-club/701.json	c62343d7a7bb1d5885823ce2514f87dca9c808a53474ff18f64c8cb55a175ae6	747
702	images/animata/cards/702.png	2680760023e6b76b34ee01772e1783f9f291cfaf14a63008e2d055c9ed9674d9	1699303	videos/regents-club/702-v1.mp4	64daf18fc5e21b499e4c06b4ac8cb6c1ff5730c351637d86e24ad92aad1cbca3	141862	metadata/regents-club/702.json	5a4ee1874ad8c9ae65ede1a5003c38b500a3cb7ee2d5dc4419380f491a3b598e	748
703	images/animata/cards/703.png	518cf1a9d633ad1f0b3b68e6d6ab36d8f1b7a96e873f231b4d2611a5329d2c49	1763329	videos/regents-club/703-v1.mp4	471bc164a6d6769c99b58b006e03876c4b5c560b2c048d3563ee099f64dba3d6	162105	metadata/regents-club/703.json	089387791da13f73747e4488f86031dd60a18d657a248f947dd8b25eeb9e74f5	741
704	images/animata/cards/704.png	f5b4974007e3f39f96d5c4bd0c75248d88320e8cb71c28895b440245b01608d7	1665784	videos/regents-club/704-v1.mp4	eacf6a1cb1fbec6ff5ba685a5d493c1f6498f1ca63c6a89757ca12f101b8729d	143810	metadata/regents-club/704.json	ee14c8f9940fb7c92946225cb9ebe5e2c1e1aebeb9ff08f469bbfd2551801c30	745
705	images/animata/cards/705.png	0afeb1b1e5532b21a580dff24069829d4460cf3795342ddd15e6531e3372e31e	1762565	videos/regents-club/705-v1.mp4	4713fca7e33be1b598627db0acf720990df0f51bd9cec39dd80e318cf7ec1415	137648	metadata/regents-club/705.json	9982a003b266918fc71efd4db1079d7cfdcda9dc497750052022f728cb353376	742
706	images/animata/cards/706.png	e67d92279663852f364822a55a79b82cf5c7d31872dccf5adc514feef9d7dd45	1695291	videos/regents-club/706-v1.mp4	d634058c877db351ff57147740b57b11dab6f765dc5134932a123f63c8190184	153007	metadata/regents-club/706.json	ac08eadfa1325bca59292a6ba279ff85bb8c55e4495e7024ff1a78ae36c19344	742
707	images/animata/cards/707.png	c3ab0fba838c4b5602960138a20019f6e73a4e256c6d1711f0bbeaf8d0d01303	1924713	videos/regents-club/707-v1.mp4	28b678eda553ab300c048e5b87b2d1b566fd183f97f9fe04519ad708d025afe0	181566	metadata/regents-club/707.json	a782718661fe6031803dbb5d7cda4dc0f87773cb6939f72be4f34a042dd3659c	747
708	images/animata/cards/708.png	f48ea3d5416a1beb6326eb0219ce09932057f17c27a2294339a48f7174e4e840	1405688	videos/regents-club/708-v1.mp4	c970f3f9782fff95d24f46806c965c369a20ec59336a176d2c3818b669a47520	129696	metadata/regents-club/708.json	ad04d16c6bf02932e60f3f07045955daa25fbfcd51bb1ad1b30b38fd3f2a8c5e	741
709	images/animata/cards/709.png	1b388d62271a6043ef252a21cf1665be7b4448e1d030cbed743bd7717c736bbc	2609146	videos/regents-club/709-v1.mp4	087ae459caa0fb58a5a3db642847e6447b9cb78dc8803de2dd019102073fa3c5	235147	metadata/regents-club/709.json	d1e00db3b8f34ef7ea35b37f06a37d480d11f4da16fa1d0076a36ba087a95a18	744
710	images/animata/cards/710.png	2def5b22c9ad563a17ddc21cbe3cf1e262585088a5061b529137dc3104acd63b	2208841	videos/regents-club/710-v1.mp4	9900c2169384d9482dc13ecdf844456047a55c68609f91113af6a08154f56b2a	187895	metadata/regents-club/710.json	ae9a4e9ac57168e95524ec9f1f53d93f87411a827594e9138880a85902b0d26d	744
711	images/animata/cards/711.png	865dc2657917293ae2fdee0fa7af009e2cb1b81f98441cf3cb2ba4fa2e68bb9f	3043044	videos/regents-club/711-v1.mp4	8f90e40f16f710165f366ae4a486bd810baddb1041c929bc10724416a941915f	287228	metadata/regents-club/711.json	ea8a42850ad4b91af7c69d45f6d7f2e805d2faaf3a4383291b48a1d9f9468d78	745
712	images/animata/cards/712.png	dd240261e8e85a34862a26f323ace3f770f3a74de7145fd164f5a0f86bae4252	3133771	videos/regents-club/712-v1.mp4	c0182b132f2b5c8420a3b47314ed9fa6f18cc95ea5b93272c3ef3a8b0a9e7682	237228	metadata/regents-club/712.json	57a66072c27d218d3c17a6f594a1d992ce5b8a2929313be6cb3f2c83995ee095	746
713	images/animata/cards/713.png	27a25387f650f3272eecd615790630f3e89f353d97dbfa2da6f48f27232d8734	1165580	videos/regents-club/713-v1.mp4	3b32ef59ae8b858358141ba13ee3161c02b10461526b7cdbd9f8157fe1ff73d1	122129	metadata/regents-club/713.json	6fae2f12aa4b8ee9a01d19b8881e0e61bec58d174870d9f594687111e4baf9a2	743
714	images/animata/cards/714.png	0de7e9be7db5095f334acabdd17201f8d77708d1739f796266c1286a66916f64	1679977	videos/regents-club/714-v1.mp4	77d131b4d62be20d1c19756751bcbdcc8051b2b8a2de272b2cb6d2aec8706b1c	149924	metadata/regents-club/714.json	d86504a0ee5d8fb9b0ac4c490577361cc7142b9535e163e7a4d5107198dc12e6	744
715	images/animata/cards/715.png	0ade6d8e96104d4ac86d45b04316b157d1a5d8ab7d311d80653cd22dcdf96e0a	1224101	videos/regents-club/715-v1.mp4	9b20c82631cd3f54556143a50efb705fd25e56492b8a4e8d6268b831fc9c5b03	133728	metadata/regents-club/715.json	b853cce1a0f1e06a7481ac9c26c39344d47f5b534a85e076d682d885dfbf6916	743
716	images/animata/cards/716.png	76b3a3d33851b7882c4676a53248faeb338e49e16035871b9a1049613fec07d7	1860667	videos/regents-club/716-v1.mp4	dfff7747fa8789438c5af94b60a87719d4b8f4aa7bb369b66d467cd8f630af2c	207529	metadata/regents-club/716.json	73cedbe9614021193e5659dc7953cb0091b4a1f0a37abb8e3f7c0471f99c9500	746
717	images/animata/cards/717.png	8956a4a01233d305cdd592f28dce7904dc6a8625d2ed3bf6fde4322db91ac1b0	1390996	videos/regents-club/717-v1.mp4	3762343190524546101204574769419b6c01db2bcce97deba56c6c47a586e710	128945	metadata/regents-club/717.json	f18a184c51f322e56b6c39d715dcb11a2ee1cd20eb59e856dca5892cfa0520f4	740
718	images/animata/cards/718.png	c66d5e499209197618912f975e37146ffb2babcf64a0fc97af86bc2380640d93	1517072	videos/regents-club/718-v1.mp4	fee9212821ef071ff19a5652ca9abac9520412abfd5b6066a4d4ad3ba0bcb1ef	135058	metadata/regents-club/718.json	b8358b58777cc59f7e3e302a07ebe8f007fa4b788315e14f0269f5a8696fc597	740
719	images/animata/cards/719.png	8ebeccf68bb9ba8a4d6a51f013af56f31f7f312325d1bd292bc355b2ce51c89f	1773364	videos/regents-club/719-v1.mp4	06d900cd0b9dc0469a0c47e55497fb562606274fa58485fab9832229315fc669	138810	metadata/regents-club/719.json	84f340d8eecedbea0e9ce1dbfe0034885bf05ee5c185bd21547c715646f6beae	744
720	images/animata/cards/720.png	161918300a633f9af91f4d7851284db6ba58aa9d8d97c81b84de5d0a6d8e0e72	1629728	videos/regents-club/720-v1.mp4	9396254370ae7fd5559864697a77dbe3401f3f2dc12597357a0a1ac2da3f3e2d	134522	metadata/regents-club/720.json	93f38fae0d7ea23c6b409bd75217e4026f8fae171e10ab9d14e396d7f2b9fb12	741
721	images/animata/cards/721.png	8839b2efeace17dce58d9d0e2324bd907d869d67624c8bd85cd229f4d3f0b973	1602987	videos/regents-club/721-v1.mp4	edcd0e4be311d58867008e8e176bf2875385af54e87e23782c8c7519b7251246	153421	metadata/regents-club/721.json	e5b7007ed98a3ecbc23fd920a4c89df4bfb2d0f252861de0e194008f125cc51e	747
722	images/animata/cards/722.png	bab89bf9dc66643603708e321d5810804a6151c2365f2fc2120cc4962fc8b441	1753423	videos/regents-club/722-v1.mp4	41c87c8550919efdda6a5a208471a5f2a438fb995b96142f514fdb4a27cd5fa5	153781	metadata/regents-club/722.json	56a2b90761515d459f423c91d3cf115139a9fb5d3e29a40df9e0282075d729a7	741
723	images/animata/cards/723.png	b2c74b2fd689117897eb052f822f870244f8de1e9ccdd911db2c4aeefa5ca3ca	1883845	videos/regents-club/723-v1.mp4	34330fe130baca9e7fc9eadf908a43ba56d949294adb7d7e80d0ed07086c39a5	160079	metadata/regents-club/723.json	7b62ca6172b0916d4290cf7308e3149e208b6fca22cc6d52c750459eb1cf3ed6	748
724	images/animata/cards/724.png	6e9de0c0155dca939cee3baa26059a65d9bcf51736aa9fa3cd42bafa7337d8c9	1589070	videos/regents-club/724-v1.mp4	54abde72c6b813304719aba41254ed536776fca4f00dd45a6b3139f677e45e31	154131	metadata/regents-club/724.json	6224c948c5c178c907d19713bdf41aedc64f53b32d1eed360541c0352151a695	743
725	images/animata/cards/725.png	763765f33c0ed41667320ca97f6a69316179a16bbe80a2cc2e8bf961db391f85	1730794	videos/regents-club/725-v1.mp4	e6790de9a4e895cce760477dbf3f440c1574950bdfc7e724e4a37315a0baa05f	155198	metadata/regents-club/725.json	7756ef67949bff1699efcfbb29df0c1c0ba6c61153f4c733004974167155c8d5	745
726	images/animata/cards/726.png	d5ebbed81cf8f89ede3dcaeb9e758f90c121ad26c70f94a107b78959685d51da	2860559	videos/regents-club/726-v1.mp4	b35dbd1e58285ce389eefa014cb746541fd576f0c0b135a03f7a77e42e9227bf	333422	metadata/regents-club/726.json	2551bb88af9df5a5c4d31e0fc9edde214060ff5c1ee3528130fba18f75ceb5f5	745
727	images/animata/cards/727.png	26699b7422b940bb429e4949693735d6855224868a1e8123841c2d0120cda6ad	1418547	videos/regents-club/727-v1.mp4	374fc52adbf2fe4643e6427aba94c96bdf032f4983e40b70ead517b8e0326059	136717	metadata/regents-club/727.json	52bf761e89c1d30e7775abf786e9bdd66e98495b0dc8b8b4f4993746a5889a95	742
728	images/animata/cards/728.png	98ef06f4b0c62bf62d487dfd5ecaefec742aa616f6c15c5d11fcdbd892c39502	1583875	videos/regents-club/728-v1.mp4	1357bda3a46aac4c72ca6851960b03efa816e66cf5311b9323859e8cda3c992d	138356	metadata/regents-club/728.json	11563f4bb69df9698d9d644cdd0508225d892d7dad307012e73fe530b6cc8e3c	745
729	images/animata/cards/729.png	585a8042c6f2384cd47ae3fc42d2593939ca423065b4bf8f5ff8fb4a1ea61fe2	1557786	videos/regents-club/729-v1.mp4	fabcf575fca87a7a57135bd23a53ca56f0af88e94dd62ae630753cd3fa92472b	152432	metadata/regents-club/729.json	2015da98d49e918ce3bef317da16cecae1b43462586151e764bf274e59f79424	742
730	images/animata/cards/730.png	f3a0ffc310058faee2c70b2189e8022bd77040d2c0e8b1121d96ca8d0476fc08	2099578	videos/regents-club/730-v1.mp4	dce2b35af405a41911ee6d7acd300722b9e45a0c8fe3fa1098ee0f415f274898	213191	metadata/regents-club/730.json	1722c0b2e89a9455c63243ae8dfc31313c7c32b75f1192c5f0293c35f26f1138	745
731	images/animata/cards/731.png	9e7d0c2922ff83e8ec7a1fccb39ca4c65938fa867da1743e9fa3f71fc37794fa	1723479	videos/regents-club/731-v1.mp4	fd9c3fee305ca39daaf51ecc9408ad88be5ed92903c4d42a0252adcb6ed6b892	186181	metadata/regents-club/731.json	e1f8dd7a36aaa0a2fad50ef5120a6d6d39c9f1b1f5ba7a289b821b5e745a932e	745
732	images/animata/cards/732.png	105774704485e11d13f20edca9ea267b43939d2c457f7a0887abddc20649d822	1347294	videos/regents-club/732-v1.mp4	018305302b6cb558a1ea7531653cc37c501ed37b3cdd228423cd38e47de19a84	133984	metadata/regents-club/732.json	3d9195ebffb8ae29b8c38a044835e989ec88563e14406423dce9acf408041018	742
733	images/animata/cards/733.png	662bfb0668b7d626aa70b69f2eaafcad385dc64041b14b2f2c3e98d6bcf29006	2360344	videos/regents-club/733-v1.mp4	1c24d88a382e8fce69f98ba22d336ed1b537fd7dff5d503d8680f5a6726f9ef2	210089	metadata/regents-club/733.json	c14e1a1d8e2fd722799ebfad3892791af4d123f440f3740c54138acfd42ce094	744
734	images/animata/cards/734.png	0511563bab48bf706db277ef14016c319859ddbc8fd9195e5355696c074c89ff	2331923	videos/regents-club/734-v1.mp4	dd6468a244496061ffbd8e65f426233749621fd21e998e52289cfd7d30a2c85b	211975	metadata/regents-club/734.json	15153ba16f1d4f80396be4b2ec1136f4bf4923cda839f2eac0db5bac78de5820	742
735	images/animata/cards/735.png	0d49737b6d19167444f12bc2126579a976364a2842eef9abc929bf63de820e38	1413718	videos/regents-club/735-v1.mp4	a44df13f77104a6dc131eeed3ffda15cca161f6a78971cfd83edbcbafaeb37bf	121408	metadata/regents-club/735.json	15ff85fe792eac305b2bdbdb101ef90bd10c46b6937e6ebbbbbb775429702173	741
736	images/animata/cards/736.png	1aa9579730707ca8461fd5b4d0cc862fd55a34a6af50bc3834947418815fe302	2220582	videos/regents-club/736-v1.mp4	dacc9db033498af510482106035493e03b4544fd76265df887961654212cfdf7	190371	metadata/regents-club/736.json	ef0307aeea33d284c771eb6ff9d6d8ef961a8e4609b5af54775e7091f37aaaf0	746
737	images/animata/cards/737.png	3b44bb9f5bf792559176bdcbce2c92d16533cd87290aace365213f6466ba5ad3	1668152	videos/regents-club/737-v1.mp4	bf969b435a9d36ceaa3e5f57263d8467cdcbe4bc3670d92928b11ec5462e825d	158554	metadata/regents-club/737.json	bf4a1329ef1aa08b2b9a0f024219c15de980c91906441ef1eca97d893e6f25f3	743
738	images/animata/cards/738.png	cb49b56fba86b9c1fa0ff219edc185790d0c4544375eed257c2b326dd2069c90	1548668	videos/regents-club/738-v1.mp4	7714c6cccb9c2765e414de3c33a7705ad76839c3463f21da3cecedc4a3402477	144080	metadata/regents-club/738.json	bafb644cbe2147d264702d53e36911449811cd58494f3e823c53b48bacaa9118	743
739	images/animata/cards/739.png	3622799fe08aab451f8109e0c0befab15869d65492e27f8190cb849b29caa296	1502578	videos/regents-club/739-v1.mp4	bf707bb9c047ae6872464831409a14bae76a3703c6015f95584fdf5dc87719da	142210	metadata/regents-club/739.json	19b8d150593babc824444f6350937a0322a9a49a288473e74416b30bda96d2c2	747
740	images/animata/cards/740.png	1ccadf1d154a1e033e578411809c93af6cc595161bad68d0c39054bcab8e16d6	1613045	videos/regents-club/740-v1.mp4	7f57cf127ba8e849b91370c0c2b60ebe97b19ee467668365f07c7ca69d3b9d7b	150062	metadata/regents-club/740.json	b1226a40f7aa100e3970d1431b6f4f339d18d7c0f02a5f22529c96913d2a39c2	747
741	images/animata/cards/741.png	3ddac297fdb654490848d0dbb5a9046208b3a2a2c4ac8024a94e20b62f87e193	2084486	videos/regents-club/741-v1.mp4	51d4cbd085799b96476936d30a322b4129c656347703ceb460e224caafe7fd00	166352	metadata/regents-club/741.json	6395954c14eb0488bc8db051f057eaa58ddb7aa370134b925905ec76c5c0c7ba	747
742	images/animata/cards/742.png	a33e5aa26cf4089bf0edf5c9eebec3ea6dae038c5913a21c676889b8b233a2d0	1723413	videos/regents-club/742-v1.mp4	97243af06952ec6fb7bba95e89dc6cf1cb51dff88a73970010dfe61ecb979b31	152788	metadata/regents-club/742.json	dee38bc2499e98dc26d73251ea4af62dd1be72e9bf9151c124050a8b66bca880	747
743	images/animata/cards/743.png	0960c231667353f63007c0e31a207f775b2fbacf21fdfa782f0d9bf90699b835	2544799	videos/regents-club/743-v1.mp4	aa6f687dab7b3a6b23accce1e2b2cfa14ba6fc084d7eb5aae2e2db941535db47	207888	metadata/regents-club/743.json	ccec02e55742026d0e13678a39ddceecffdd702e73132d327ab4279837e9e0c7	744
744	images/animata/cards/744.png	2b522d2e25803af0d7eeb997956a3f5dbc0c87a137a851d84ad261ef7c55cbf9	1569637	videos/regents-club/744-v1.mp4	d5e052f9ad92041b049ceee2584d9e2a4f843a1aa2dba42d882f354cc8db46b0	155739	metadata/regents-club/744.json	1bc889928fe61c5cfb9e7fb1bc6e253d2a694969725b34ee90474b0ec59f95ba	741
745	images/animata/cards/745.png	4e9d500a0514758721c628de726e8b9bd5c97d45cb0b1fc9b82d7707c007d4a7	1371564	videos/regents-club/745-v1.mp4	649ce2a5ddacee1acc4e5b2614f7cfdc64e318a0ac5b39396269bfdf501590b0	124904	metadata/regents-club/745.json	0baf3740f4b234036dec0321196ead76619eb7bd9b29e6269c987c0bbd4585fa	740
746	images/animata/cards/746.png	ef6f27515bd4870570c7665d1ef82867cd289fe242cf0e4d2df4e5426756598d	2214907	videos/regents-club/746-v1.mp4	7e02426f1dd2511b1791d55f675b70c4d2bc23d79effb4eacac5cee51ecde57b	209068	metadata/regents-club/746.json	3f8f7500b2073c8a06eda3e3282e1f76fca91031850c4a103b1ceed6ec393273	747
747	images/animata/cards/747.png	90b2dd5e6c9996eb26b6c84e513a366663be38c69ec5c924b9d2652a57d6ba5e	1234520	videos/regents-club/747-v1.mp4	103d89a0d4a1e312055d9260d5b6af3393e3bcb8a22432bcc6a783c117696777	133208	metadata/regents-club/747.json	bfb42a47fbe1e3594c7c6bedbe9211032fb2494d2c3584b9d7f5351e48f9f969	744
748	images/animata/cards/748.png	5dff5e67424001a4a1b6147af82a581272121bc59a2d119efeffdedbe8968515	1515392	videos/regents-club/748-v1.mp4	f2422127c43f9ee7e4c4ebe1642face700ca99df2c1013f0f15282ef2bbcbbd1	129649	metadata/regents-club/748.json	03ce8f28f219862292e9c67923a94f9f351e5008e20e74700b366342f5556516	740
749	images/animata/cards/749.png	54ef3a1655ecc8ac0bdd8c7626ddf9e0997975cc440edcc495807368286db53f	1786000	videos/regents-club/749-v1.mp4	0c1c989e1bed5401a4216eb583d7b7dda68559f500b90758de091fa6ca5eba6d	148740	metadata/regents-club/749.json	f815ae4b1d5a5c650f3b04ee152ac11c5a20dcef731008b684183ce964b167a9	748
750	images/animata/cards/750.png	857e46ecac294308e478be9d66292680ee9cb4ee28f414f575f8586d759e8678	3171350	videos/regents-club/750-v1.mp4	0f317926e047325b42c0716d1d6af9121cc6a9c459fb28f77790c8f739f35d87	314711	metadata/regents-club/750.json	d756fa75b8dc8279fc63143eb1beea69f26fa253191d4e5b4b1cdfb762acc717	746
751	images/animata/cards/751.png	93b3d87a2988c7389a9a37f91542aa3d826d6975bf50f73ccfc1ea6d20c7d40c	3599353	videos/regents-club/751-v1.mp4	ff169320afb41b755a8ebcfb53ce6111d9d7bb9c662c13eed943f2023e9d7e56	368252	metadata/regents-club/751.json	44451fd3abb51c7d206de1b9ad929e5073b0ed10e61916030ee2164b0f458a99	747
752	images/animata/cards/752.png	a38c02898b8a177c786e836af400d2af5db5776a558e1da9205747f58f86e5af	1803601	videos/regents-club/752-v1.mp4	c23daca2346c72998fa8d887ca322681486058c6a38ec1de05dc57a54f2ba7f0	143490	metadata/regents-club/752.json	8561292a3928ca529660407c25da8b797ede68cc7feaee2e205082e46708dfc9	746
753	images/animata/cards/753.png	cee53d7104d3955114f10fbc790c94847460ad2266b6e0ed4f6389650988a0b6	2723748	videos/regents-club/753-v1.mp4	5feddf107b24cc2afd07fa74e7f9f3f6c90e07f7aefd611d70ca01ad0be69314	263150	metadata/regents-club/753.json	000f015ba48cf3608c083f083b4e728ec3c5d3d864584bc6585e7af86ec76720	745
754	images/animata/cards/754.png	4fab46271af65646f1072bcb1890aa6a10c3f60b06a4d18d56eb8c9ab47dd12a	1612970	videos/regents-club/754-v1.mp4	bdb3c6cf142db456220e0d95bd65fb341be317e3c08d7faa6745747261b2ec26	188509	metadata/regents-club/754.json	c1e040ed8e7bfbba7287fe894b70f4397f648c57db85a294322dc41b67f906d7	747
755	images/animata/cards/755.png	af8a6f355ce53205bff3a5e07c680939452f6cd3634a6cddc1c4cb98a7a8ddcc	1532370	videos/regents-club/755-v1.mp4	8b0e2f08725cafa250c3c17783c874e31fe4116bae1334deaafd8d5afa57f31e	139617	metadata/regents-club/755.json	d2b5afab4bdea07a1d9e550a87054cf74c8ad8b856a5b0848f22973962d22c89	748
756	images/animata/cards/756.png	21bd3a351015393cf82fb82e4fd7ffa2427741ef228030f51d61020ddc6d0d2b	1427687	videos/regents-club/756-v1.mp4	09b6f3d986d622276d7a81ae30a1c39d96aab9b1d5a352f52ebacca185b7fb26	139278	metadata/regents-club/756.json	af7caa2199cd3b9e4c8cbe33170ddb27d6bf4acb335513e4dcc42a3fb656f3ac	743
757	images/animata/cards/757.png	1a49e44cadfa22a97b4daed57223af06929e6f53a3ce389fea79a61252e74d52	1373296	videos/regents-club/757-v1.mp4	5c7220c66fcdae27e54515852d036701325ebe2695fa93f95c53c7fdf3ce3464	137508	metadata/regents-club/757.json	fa7b7062a9d76cad15e6458898a2fbe9d8f5b0266d61999f9af780496b5ad9c1	743
758	images/animata/cards/758.png	2bd28bdfdfab3600b645b15a857feedaeba215a600dd65b03dcfd04311e17aba	2052165	videos/regents-club/758-v1.mp4	d4bc3d502d17f4a2a3a556befa3e5d753f97dda871a8f8519b5560b389a3cf71	158880	metadata/regents-club/758.json	adf2559e47a6a0ae6692dd59c82bf0ff2d8b31b0fdc8c837db090e28deee0b3d	748
759	images/animata/cards/759.png	369d357b9d6c1dea4a789ec411f36152f87ec5a441ed10c6f849f4b5099244f7	1813755	videos/regents-club/759-v1.mp4	9324e0c6ce75f622185d0082c8e0e103c951301c0d443923f5b355ff10ceb527	163346	metadata/regents-club/759.json	30683824489922373ec2503b7aa23859b60f56b992aa6fb7b81e88ec47da5b70	745
760	images/animata/cards/760.png	901170e43f2f9131f63c3311eeb1c46a579c9436aad403566ac369ff6a125e89	2598282	videos/regents-club/760-v1.mp4	78e2f1d4f2ccdcdb2b60a07e6d16ac27c7d0f3c5e97a313e8b45c1fd82512061	243314	metadata/regents-club/760.json	32ff85edfcbbec3ad9c10c5c82fe63b78f31cd7b39f0b4fd09bdab698513876c	745
761	images/animata/cards/761.png	ac0fb24013530fe534b7cb771821ae9ffbb59c36c7a8428e37e10802f0dd8ac5	1295047	videos/regents-club/761-v1.mp4	0c8e35bf9d3ea89c93e15fc6a4033b8c4aef7f18c2ac2104fd44716ef5fede38	123145	metadata/regents-club/761.json	28e716d1b980cc99782a8a10ef7c57e887ee2bf490659dc7b67fac38a3850398	742
762	images/animata/cards/762.png	80a723e92520e2fbd1e248c0aa96b47522b4d01d26522effd7bff6fbc9e3e2bb	2015488	videos/regents-club/762-v1.mp4	0fd3e66dad75c33648311e8af5042207bc48e3b1906887a630ef5403ca1608a4	174680	metadata/regents-club/762.json	4b9daac22eac90a8a4720c778bbc51c1c34f0aaafd76db8d90662234f35ad3a4	744
763	images/animata/cards/763.png	2f208d0befd4e7e3b137917726c8135f5e8132cc0cfb0b84e673cc5e52b5d71f	1757620	videos/regents-club/763-v1.mp4	5fb79ec00c6ee3953e7925d96362047c39a2b6193c77741b4e4dd2f262bb5a6e	159819	metadata/regents-club/763.json	ffcdecb93992c6c78ee6381cdde3b3a7e56c189f5963cf1cb53ddbeaad435f67	744
764	images/animata/cards/764.png	f27f524527a939801694e25d250579c95359611260f03b26a576b8aaa6ab6a19	1765740	videos/regents-club/764-v1.mp4	d56cde1de8e8d38ee8f9d536232b75f379a8ed1985e3293ea94a488b5f8ba7c1	193498	metadata/regents-club/764.json	a0e0c04fea0b768fb06ac488b6b075fd63f018ca76863cf9a898f1b0f9676b8b	746
765	images/animata/cards/765.png	2e56e3a81427bef12fbde08f407bf4aa1b9c6ed30d546b8b6c7e2e0bfdc8d1bc	2411436	videos/regents-club/765-v1.mp4	a5d3fcda8fa9a9508cecf9c44c6ed5ba91b73a5251c923addfbd8cf444f21f04	199701	metadata/regents-club/765.json	5c95446262b09c4d6192e4376cb5fca28e1713eccd208a1793553dfea14b4642	744
766	images/animata/cards/766.png	856a68776c95387fa46f8f6c59341b42d151b07a21a9052ea5c413517aa9f18b	2623516	videos/regents-club/766-v1.mp4	22c4af523ee602a326096f53d0c3cd58b60cfd6185c7969f0a3ae32e1bf371d2	250697	metadata/regents-club/766.json	befdd57b5403d3511f75e8a909885d92be14b27318e65af5692430857edfb76b	742
767	images/animata/cards/767.png	5851d3d58fabba7f03938b9f8a97aa09123edb17134c5be0aa76c041462f3e39	2240156	videos/regents-club/767-v1.mp4	a551bf047a212ab0410181215875444eda68e04275613e709a37597a42d634ec	192468	metadata/regents-club/767.json	23a5fdb795734438b769485cad9c88979526066e04f2de46d0fdb2a3a097291c	744
768	images/animata/cards/768.png	d7f04aa8577c7eb68982a78443a3a219d1f88cfee78d7ab7a1665a36e0f86a20	1509916	videos/regents-club/768-v1.mp4	d2dee9b73bd6e722f256ef654e33f0647de3a1a4f8d327bb40e5ba39c7500d4a	144076	metadata/regents-club/768.json	e10952e92a00e7db95b370a09ab2dc626da66e8ef8a65463c87347bdb458b579	745
769	images/animata/cards/769.png	888f26610fd0f2163781214e19c36ce488017906baaf7ba5f4b355a1c84f5888	1617718	videos/regents-club/769-v1.mp4	0e61ce05b207bab830c0127dd776778e373448609c203caed6afe7518a4e827e	157174	metadata/regents-club/769.json	1aceb6ff4cb48d26a01efad914abeef6c17375a466a1d2ad6d070cecce05b961	746
770	images/animata/cards/770.png	27ba2c7b084b4b128a599d9751962fd245404a61f23c32e456614b2f33eeb43b	1668908	videos/regents-club/770-v1.mp4	97704fca3636d4c9a9e386be7dc2962223d75aa18d07ac5b3b4b247219693048	149526	metadata/regents-club/770.json	a22bf7b54d78dad0a3061c14bdc4036a00c61ebdc78cb942a088f334829ec6c0	746
771	images/animata/cards/771.png	54c5091f7f57bb8df7068e425312cff1b62e8c2d1c0e96237b7fd74aa50ababe	2696340	videos/regents-club/771-v1.mp4	76fa3d2f02fc3dec74a9629fed2f02ecc42e554138980f425fae329c19bf5f2b	243707	metadata/regents-club/771.json	955e31e5a37b009728c129bffcd0a42f261c187db6a3091b007ccc3c313ac203	743
772	images/animata/cards/772.png	feed7a606fe691f9142fb485cfb6ab59527430c5d5a1ccce40fb2d8a5f5192e0	1999437	videos/regents-club/772-v1.mp4	0da5e1e1c3048c4c2034fada470b6ff6cb98b31d8ba4d99745895d2e2dcc5b23	164648	metadata/regents-club/772.json	75b4241938b6ed01a9671f6d9a7ec97814aee05a6de224df00cc42f461913691	745
773	images/animata/cards/773.png	5221947881dc4c9b0a572c0196524850a0923fa040cd46ce40a8bb4806d05608	1891756	videos/regents-club/773-v1.mp4	b7fcdfcb5db4d7847b7260e9f4b149bc3cf00c15457c52bd8555b38d24dddd6a	172899	metadata/regents-club/773.json	d2846640d9a002c545dc57e6482a9a5c96efcff9db938da7316218cab8364f99	744
774	images/animata/cards/774.png	2bcbc582e35c54bbcc6e1c57aad93e9ec096f93220f5fd226c321aea556862e7	1669275	videos/regents-club/774-v1.mp4	4a980142720584d54b587c3b8429e4900ae11257112a380da640bdb86f3bd4f8	149325	metadata/regents-club/774.json	97af50f2483191f5a3e20cc8d34027727645821e938d265f08729bb2768305b4	743
775	images/animata/cards/775.png	447cee8a2f8a60b567f12e0225bf8e55aa43eb58fc34b694188fd9bcb0133fde	1864323	videos/regents-club/775-v1.mp4	f99375f58fcd7e4e3d9a2a2dfdb14883e30980818372bfe9e98e7f8e415eabb0	156161	metadata/regents-club/775.json	29fcd5019f468d667c3910118898e39521ceb0a2cf6429ec50b459c99c43b665	747
776	images/animata/cards/776.png	5b4c2e86662532d6588d45155568e4bcad35e1110248fe034d6d7cefff49f2bd	1690665	videos/regents-club/776-v1.mp4	6cf1def96908c1e6c5871a51dd4fc5697b29a9f2aeac37ecee8b7e58853191f0	151815	metadata/regents-club/776.json	720152e4e463445a60f4a674c7c22fa11efc6c3640a9593887ce2f399f39b711	745
777	images/animata/cards/777.png	c0e29a0adb5c324a793238143fbef54cad1914da4d77370b4ec4c70d873e4ca0	1065495	videos/regents-club/777-v1.mp4	b0848f941b0b1add83a610eb8e8493ae18b9b7063175b373bba54e09395dc75c	115650	metadata/regents-club/777.json	4dfa234f973910cf46afb78e608e537ed96f9dd765077eb13a5f0909ebbf3ca5	743
778	images/animata/cards/778.png	a1583541694343ae984814ca4f70881ee1881ae13e60daf2d367fbf7c183985f	2082218	videos/regents-club/778-v1.mp4	add2c20e6c1f9feb49a8c5d4d091b6345a43ae2fef8ddb9338a1f26357bd07d2	180699	metadata/regents-club/778.json	d5e74005af0ab8526a5dc978b711ea4068bcbc9f81e4269f38da2ff5fb1e7f61	744
779	images/animata/cards/779.png	be05d66efae04b56a3476ccb06cba22cf374e637c3f215c2df796635f30e80ed	1335897	videos/regents-club/779-v1.mp4	91711517c332773c5a612a6980f187819cec008e6cd22dd336c1ae308dce5c39	144674	metadata/regents-club/779.json	0fffcc15933a4232273ac139ff1cdd6e4b668f1dc2b5f18e9385c5d5e32a653b	742
780	images/animata/cards/780.png	3c7535349a595856ac6588621ffe86ec8800e25d69bac10eee2ead701bbbcbfd	1706676	videos/regents-club/780-v1.mp4	05e19bfc7ff7980d1262cc4933830331d1d645d74966d47099998a791cea0bf1	143072	metadata/regents-club/780.json	34c912234dc72d200e10349e8f753dd315da59e61f780db99930abfa61968e36	741
781	images/animata/cards/781.png	71473a8bafbbf5b1a33e5701327c9a3f1cc6df81df84ff96e12de0310fbe4ded	1583612	videos/regents-club/781-v1.mp4	32f4cf86530a3ed6953f1a9a5f0ae845c8484d4069d84452581143da5f3e68c3	144548	metadata/regents-club/781.json	4f136ce309085427db80e2664673af1ba787e24f2ca1fccfe26e36be19d75f94	746
782	images/animata/cards/782.png	47beaa725ce400acc2c63ea9110c21fe6e859ac5e9f9c26b0244e9b327c78781	1781527	videos/regents-club/782-v1.mp4	fd95a1b8a33dc55213cec28d190c38ccd815646aad39b73740222006b80e5b0c	162968	metadata/regents-club/782.json	f381174a286c1655b145c6660d4cb89bf09f82024b628f867de6da47924c862a	745
783	images/animata/cards/783.png	5f022f79ae1de8ea5654a50422ec91c8455008920b65f5d7f743fbf796b0e1c4	1350801	videos/regents-club/783-v1.mp4	3d65fbcd87444422ee3a0005c28f1e5312a5f456c99830c16b39989e79a21c3c	155264	metadata/regents-club/783.json	29c2841b82778cfb0629b474412ca140eb1ecb244da0d3f2d092d8b9d0a8ff28	746
784	images/animata/cards/784.png	574e46e915bea8c8d7f2c539a5d32e3b306060ad133f83c1b09cbbc5ba5375ae	1513899	videos/regents-club/784-v1.mp4	80c2afeed8a1e68e21c55dfebda7e5b511e9d8b57dd1a006e3e13e2c0771d326	136593	metadata/regents-club/784.json	6212bc1b7b568ec83cef1e10b20a54f45a54fc208d46a4c207a3dcb88dc12d7a	742
785	images/animata/cards/785.png	b3af4f5421a62273b77ffb490ec4a13d95c2eba9e3b0ba6dac24a1f8f01e6223	2013788	videos/regents-club/785-v1.mp4	1fab3fe13a6527aa2a4654f568fe2e9fa85937d7edddb878b3abfd0e59399740	174420	metadata/regents-club/785.json	7bc8661dd052c4e371c98077d0a873528f2426da9bc3dd10c94c79e00153ff7e	745
786	images/animata/cards/786.png	0885a4e03d3c53e988bb4c8504f8f446a910f1e900e19a8e30be64018fb07543	1759834	videos/regents-club/786-v1.mp4	a5d49d884a682bd920d03511f3b9618e32f03c65787456d3961f5358641d73eb	184249	metadata/regents-club/786.json	58673d29c160eea49dec56956f15334589817f0cfffc1106d21a1c229a258b25	746
787	images/animata/cards/787.png	b5e8b5d725e14cea651faa76dce78ab53ed4d080ed137ff32d2be91768fe9358	1606386	videos/regents-club/787-v1.mp4	d354891b5cf8fffac7a4e6c5e325476d39b32240b5a8b1f614ca4f78cf23e12f	143522	metadata/regents-club/787.json	7c309da21fe7e68c9fb3a81ad24136c2a8288ed1495d08d3469978aa331a47ef	745
788	images/animata/cards/788.png	d2e9a8871b6c40962499b6f6ff3179f61f752c2940106df62df85d40516c2946	1359410	videos/regents-club/788-v1.mp4	2f4ebace04719b58b9e65b7d75d75ce5043855826267e873fdd6a8d7ece1e96e	134014	metadata/regents-club/788.json	c6a36408fade45ca9de167f7189e985e48bebecd2a57cfc23c5a699802ed6624	742
789	images/animata/cards/789.png	cf59fc61677993ba14ab7e0b3e8740878dac4f1479ab550b071eb0031bd01da5	1250693	videos/regents-club/789-v1.mp4	7bee3358abc499022d7c1a200dd1410bbc69e1a133b0d334c8aa76ca5ea15717	145493	metadata/regents-club/789.json	4d179981c2189a9b457eddfefb420d4520ae4021667e7eb85619183f5676ae84	742
790	images/animata/cards/790.png	5812280ebdf829e2f85ff8cc94b16fe92754db5f29e8b9d3c746aff4f8a4453c	1681951	videos/regents-club/790-v1.mp4	8c14d334d063951355740e0de4fdbdf552b5e948b55a744ae4c9e7c9de2f01cd	153411	metadata/regents-club/790.json	986e08458d2928ee7777b13365913248b26906e8fd9b515100abee9639fe0377	745
791	images/animata/cards/791.png	ce36f0501c2d2635af5d9e56e8f668e2ab1c85c7195701ba6d928649b58c2677	1849262	videos/regents-club/791-v1.mp4	979295c311108a01a566f1c0f2d8c09d1b43a1a3066d4d355405743812aa7b4a	144275	metadata/regents-club/791.json	04d7388bfc880ae860a4c976d09103e1058eff11aed7594f9b5c8fbb23606d56	746
792	images/animata/cards/792.png	f8ee3430c2193ee57495f7b3817c026b5eacebb571d2240c8f85fecf81a3e945	1943705	videos/regents-club/792-v1.mp4	67cb352c404db2daeacfc5c28f2ed1b4140bf85887a3e1f415a3cedbe76781e7	149884	metadata/regents-club/792.json	0a9bed74443899c46f5e0c1bd3c9a854760438379c43c598263fe320d4df471e	747
793	images/animata/cards/793.png	3fc88ebe1aa426dccd5bd24475599633e05224c1368623265fb6a0bca73469a4	1561861	videos/regents-club/793-v1.mp4	75885420272afa5fab01b13693f7d7568c916486f8f6fdfa320f479b1edf4583	133332	metadata/regents-club/793.json	c4eb02031e980cdb02f914de60645dcfcaa8dfc5147f4dac234cb70d53b2e679	741
794	images/animata/cards/794.png	0f3d257af929c1a1b8516fd1ebdca36ad64c50f23bf7840e9b78245eac5a8765	1534285	videos/regents-club/794-v1.mp4	b40b6cada337e55a5a5aaa6aa8cca620c290195b03401953a8df222b95b2abd2	139585	metadata/regents-club/794.json	e8717341b8ff00a05a61f953ce490ee95afc0cac571348ed91e80b947b6b5e45	746
795	images/animata/cards/795.png	5768fda1644b235f2443246b73bb44b38b1c26925378aa1796c274870621d652	1641225	videos/regents-club/795-v1.mp4	79a6cd357927daed8315d06f33cac0ee0ea041e55b148989a997a92968436807	155537	metadata/regents-club/795.json	777ddcae5d4e9436219533ea606a98aa17c490234f0a5769f315378739ca8bc8	748
796	images/animata/cards/796.png	fd3533e82e29b5cde243827b7db7eee655d8822ad6ec4b320391dd1166695955	1636535	videos/regents-club/796-v1.mp4	2266fab71f632ef2b05cc8a32fe014626d6abae23c4c0737bb63290bba9c8ddb	143255	metadata/regents-club/796.json	43cf41b8dd8b752e1853cfb9355513fe05726fc39ed4a827bf87a365b1d17ded	742
797	images/animata/cards/797.png	31d9d3b05fcd49098d6b169297ef6cf649b4869e67918e4f8b5c9f03818cdc36	3360051	videos/regents-club/797-v1.mp4	a58961f82fcc3db17d05775d9c2e16a5b278a1ee7a45bbf55ab50e7464c172f2	423695	metadata/regents-club/797.json	b5543fe99ff68f5bd9c9f80ce53393cc8271f25ec1510f0900b418a263a412d2	746
798	images/animata/cards/798.png	0d792fddcf9b619897fcb628ea9a3c2f02f898e328e0e1920a929efcb00e5450	2122959	videos/regents-club/798-v1.mp4	9618efddb3cbcf88bbeb6449a2f7fe4d3868114d59a7b4fd951118be1ad065f8	163660	metadata/regents-club/798.json	dbb6f3e7b6900c3fa673c09b285db2b18edf6501fe85062d6751cee684506251	747
799	images/animata/cards/799.png	8d3c1d960aec0381a02a45fc38547078fdaab2ba2fc3a28aec7a895501cee1fa	1386259	videos/regents-club/799-v1.mp4	910a68ff9d6d2be59fe3938fe1c618b35bdd76a26c81102cc9170daf084ff46f	126744	metadata/regents-club/799.json	206661087450d9509364058cd04ed6d605767369a75e825cf0adb22ec0c01677	746
800	images/animata/cards/800.png	35ea60c3bfcd727a117813a39770cd3c2f8546d023833d5470aad9780e817985	1541750	videos/regents-club/800-v1.mp4	f4d9e0498d952af95c1f25da7d8ef0f492630dcfdfe6af19192cd9f9c9f5f2bf	159949	metadata/regents-club/800.json	a5f2b377408f304a4c6a2cebd45787c7fb14b560019634b6e46e32bc847f7574	748
801	images/animata/cards/801.png	013938ae23ee3f3307394d3024f5345399052ce612749bc1124a7ea3aac1b7da	1380413	videos/regents-club/801-v1.mp4	27d6604bb68fb601b094d6ab200fd726d4394d8568f6e6088718d59bcfaa4c55	136964	metadata/regents-club/801.json	be3313e5cfef5f87f936e51089d178fe5f4b942f7f6ea3b79a672b808ad608fe	746
802	images/animata/cards/802.png	fa167734ca73e82850b13675028b6e0446bdb82dbe391928911ebdb6f1cc4b4a	2390275	videos/regents-club/802-v1.mp4	85bdbd9f9bdc7fe4d920f705741b02a3253889cbf55238e9ef41c9e355812806	197997	metadata/regents-club/802.json	97b905fe1316182dc29e1b49f5942dd6372ca07a4a8a8bac2a7841e7f6ebf2ca	745
803	images/animata/cards/803.png	3530b494848db6e1ef95e11903efaba626647b887e14ee3770f3465dcafe139a	1390816	videos/regents-club/803-v1.mp4	f12345c65435bc1ad0e230353853e6a1b7000d889e98ed6882174b96bd87e52f	136834	metadata/regents-club/803.json	bae9a5bf2015ae99d989c5c4d76b093f29553db8ea609cb17e9cb7888ef9a48c	743
804	images/animata/cards/804.png	e6a8149eeea692be4406cd256c08113fb214b915ddc827171a98bd51923421f7	1699650	videos/regents-club/804-v1.mp4	abf8054b29bf6ab512c81b467ddba611cc0fa02ed3f7aee183da2cee7b704f61	153949	metadata/regents-club/804.json	4e2e7a016533ba6e5e39020b475863eab928120e4038738015a438859103f97a	745
805	images/animata/cards/805.png	321800e457240a0dc060d8a3543501dda35ef96ad1acd09adabc1b1707fd343d	2233349	videos/regents-club/805-v1.mp4	1300136699a7243a6239e34acbd234b4f45cf62c7906d9ac10a69a2b96a6c6aa	198499	metadata/regents-club/805.json	b7c8b49eac50df2ec3c90f01ef357d029cda778e7425a8dfd37a4da971207525	745
806	images/animata/cards/806.png	070ea84a0d910bfb194e9e47d47c8e5f6bc65b0d0269a842bd45984dfcfd823f	1704207	videos/regents-club/806-v1.mp4	2d3dc953c983f3ebae5ce356cfddbe920563d5c067177e636d738713bfc44240	149703	metadata/regents-club/806.json	611f3aff1543f5c7d4edddc625f8e86c90394edc88188f022f33055abeeb7e6f	746
807	images/animata/cards/807.png	73f1ff8a5770b5185b814ddc51b22894689c9f30b49fd7703870b7619a4f2e30	1749900	videos/regents-club/807-v1.mp4	4939ff023153071217289135d96f91e43a7c28d820ea9cb3da141a2650235d2a	156528	metadata/regents-club/807.json	e9dfc9a16a05a94a1a7633d0004ac03517136d36e8d93ffc89816dd324c41fc6	744
808	images/animata/cards/808.png	96d84226de9ec91a22fead2a1c8d6885bab1475d026d698d91de5584bf13c23d	2164593	videos/regents-club/808-v1.mp4	9924701021e5515ee187dc7a42d33b1bb1e4acd7485110cf75976cb7b46ff844	174418	metadata/regents-club/808.json	9c337e6769ad0df7959636992397d56e5a2c4701169da3e5d9cc1076b1fe93d8	746
809	images/animata/cards/809.png	27b5963e8609964b40422fedbb2e543b05739490110d1514008a632bc610fa4a	2500343	videos/regents-club/809-v1.mp4	b494f61ca225db81fac2b05a41d2c2682101f0814155d37b0553c7e9ffe397f3	202377	metadata/regents-club/809.json	fbafef83c0cdf9bff138d935e576590ad73a1ba59f0eed85b622f658ad9fa42d	745
810	images/animata/cards/810.png	0d3524c4770b74308d4fcb272274d967858e813cba0f29d78842328e18601b0d	2451953	videos/regents-club/810-v1.mp4	e161ee319d616044fac27b9bd40a50e282e2a4e3cc4abbaaa095015645a51c45	214541	metadata/regents-club/810.json	7dc2f56b59e01100c61af5ed421088abd8608e88db008a665dbf8a41ec631a0e	745
811	images/animata/cards/811.png	aed4085d1ed40699957be491c5b85efccf42e05bac7ea37ca3bb3570469b1044	1488414	videos/regents-club/811-v1.mp4	42b74ceeb0cbb99240ecb54563f1cabc0ae70cf5b20520ac05ea68810530f3bf	139574	metadata/regents-club/811.json	84272816a2475a00beda3222e7acab41324f89dc4e66b97deb3ee244cb1bf86a	746
812	images/animata/cards/812.png	78a0d63ef5f95fdc5fc60bb5f5728046972c3ddfffe87a87d2bc6a94014fbeeb	1670356	videos/regents-club/812-v1.mp4	a6aa6bf1ed0d2057e7e4209ab4abd2ba480f3ed485f1ac7c01472cdad1071318	156164	metadata/regents-club/812.json	b2d53905cfc04494f36313ea8a76efe9f2b4ad27b176a57b5e7e577a09e08cde	743
813	images/animata/cards/813.png	cbc6440bb9c4f21cb15899ae68c28fc9d5494bb5d8969c870cde604bb7bcbd74	1322737	videos/regents-club/813-v1.mp4	dc18d425a95697840b29dece2f16bdd59ca6897b753f6903fb77ac24aa09ba7c	130090	metadata/regents-club/813.json	09a104d3ac917a6affa72458ff67a4c697c1d87ff7cf300f69843567338a5562	741
814	images/animata/cards/814.png	1960c5153c70e9c3198fbbb23eb1bacc1937d38ddf264a088365581460d07c59	2131306	videos/regents-club/814-v1.mp4	34c618c8d9d538dadd5767046196e9aa82da6d05f9cadecfd16ad191c58ade3c	194377	metadata/regents-club/814.json	a20a5d3c34b1d710eea86787b1d225e1e211d2e720de1626231337f87f9c17e1	748
815	images/animata/cards/815.png	24ba12cdf9254093a4fc6d4bc79e5124d935d496006d662b253457e786c05b13	2277435	videos/regents-club/815-v1.mp4	3e11f98c228cdf6e889802a0bfb266b30716434465e882c6444363cee71ea5da	203899	metadata/regents-club/815.json	9df61e8ee27e9f99d0c69f08b882a6bb3bfe281f918434a972c63fe8aa23be74	746
816	images/animata/cards/816.png	d8da3d4334b3b544d7cb97ae488b7545a3766aded49b31c504b48997422ae4f0	1482018	videos/regents-club/816-v1.mp4	4a1b2a40ea9c35136356c7a3e6efc5f039f8733e28a07d582a9d5ef285ac9fae	154515	metadata/regents-club/816.json	d3b208489cab195c692df49095cb0948d415ed61976f6648bccbc2eaa2171b78	741
817	images/animata/cards/817.png	12790243566c5a92b375e873e5ff7f582d92b3819267eeacf78bde5a37c497d5	1659711	videos/regents-club/817-v1.mp4	e8ac19b3ecc42c409a6ed71221b5d87e44560c5b431c38e69674bd26298d13e0	151043	metadata/regents-club/817.json	bdd47c9945c61c10e0750d98fc75a4afb864e88eef8fb4805fa3d022f81d3cc8	745
818	images/animata/cards/818.png	5fc8fbf21b129ed7731e9f59d3e910afdcaecc5846929c7bb2c89cc441fde70e	2274973	videos/regents-club/818-v1.mp4	498495fe0564c6dbeb89f4f5407ba87a48264d98ed9522713f2de40237d132a9	188038	metadata/regents-club/818.json	12c8e54807d33ff18310743d09e917cdc97e2d1cdbbd705880473924b8c6fb6a	743
819	images/animata/cards/819.png	78622956060463584b9110a3982072dfdf462e4ab3e8c68fa0ba1f305e3ea160	3170400	videos/regents-club/819-v1.mp4	9c075ba85e26f4cf7c95299c2c3338452ec8aa904e8b758812c65d1eb7282095	372529	metadata/regents-club/819.json	484ad51a664bf3ac49803785d52f1405623ac0b4c00a0ba4c77eb38c1d9a7a81	747
820	images/animata/cards/820.png	7617d87ceadbdc46ffcb73865be12ef62455227e073268e21a21bdfa39570518	1168613	videos/regents-club/820-v1.mp4	9610ef99142fc6f25dee5497365e491d1be43a6298af3e495d10a112475ea0f4	117993	metadata/regents-club/820.json	4c853b730174d74c8e004f91aa8e62362e1074bd148b3d5041deec5a0ee71e4c	740
821	images/animata/cards/821.png	8b6761e078da0860604c3a2afa40472dbb6274907354788b6d4007743c2034fb	1784158	videos/regents-club/821-v1.mp4	488d575b8775314d6abfbc5a08fe73f897a17463b0548403edd6049ddb66ccb6	154158	metadata/regents-club/821.json	cd4d611dd981ce40f22c27ba4d4fb154c6b98cf273930a7ae06e07776a3987fa	748
822	images/animata/cards/822.png	78ac1fd0e1d24f070740521997a3fbafd6287c1e915d46c0a91b07566337543a	2159596	videos/regents-club/822-v1.mp4	0e805a4374b28114591675345365c08e4d96829e85a1b01d6aa061338ae7dac8	185334	metadata/regents-club/822.json	1a6d44b33b74bbc62d7348e96250cd02a8dc4af4e99886a622a93c85b1fa493b	743
823	images/animata/cards/823.png	ab2073c8868ab3ed47ba7f7a11071dcd12b72191039fd7ea7a3339d55521d295	1807090	videos/regents-club/823-v1.mp4	200c801d2b1cd2f1d5070e93381fa95ac99ed08ec77392e3de9c67b5db2b12b8	161645	metadata/regents-club/823.json	3a9236d1f58fcb2d63ae80b72c694c28e7be815dc16eccb4183526a37fe03ff9	744
824	images/animata/cards/824.png	d881649cbba35a7c766b4c063ce9750e3f4db0881778c4acfd9914e17792732f	2174461	videos/regents-club/824-v1.mp4	ca84c2fe4de8ad48e45c25f1b79a327c3d43a43b95ede6bcb783023e43accef5	199929	metadata/regents-club/824.json	9c5578f2dae90d44a49929fe90a39dfe88dd41b91a19d57b1d99c06b4eb0d95d	742
825	images/animata/cards/825.png	82551a0e1485b620edfd6f899c463d7bcfb6b84382e0ad2d6f609757ec2d0cf3	1252830	videos/regents-club/825-v1.mp4	64ea265cc179ae88dd35b12839350b587bc95ee54fb58cfc916152b4dac50610	118456	metadata/regents-club/825.json	644d24e13cf419900eb3922d5e5ceedcf419b3785fea2fdf5db2f88fb7bdafc2	746
826	images/animata/cards/826.png	67818a92222351780b97be1b3bb2d4d2b2542e613837151741c90bd70495f2f5	1700232	videos/regents-club/826-v1.mp4	cd7fbb489261b568c50139cc43fc9618fcd72f7070884dbf3aebc70412c9fbf6	154663	metadata/regents-club/826.json	3758a1e415f8b6c77a82b2e8cb70224ef76d9362ee43967cbf2350d2c94b9ab9	744
827	images/animata/cards/827.png	51d57bf1e26b985b398da16f5853192d64ca4b48e196493ca1d3eec488892d36	2584572	videos/regents-club/827-v1.mp4	a93ee30b6f4297b27c227afc267632e7efb0febcf7ade71d125f48044d5487f7	217523	metadata/regents-club/827.json	042f20e8f85375e40bd5106639cab3a0ac4a01b74fb4381a7fd4d7752d8e76ff	742
828	images/animata/cards/828.png	b39d41913570f857196c2c3f9c37e337cfea62fa0d666dfa1d0831352d8490d2	1541164	videos/regents-club/828-v1.mp4	e814b32e0b316fd1675bf3c7c8fb7d33c4b943ffbe2544fb2e9924fb79aaac21	142868	metadata/regents-club/828.json	e5b3b96b26c387938ecdd6c8cf07e39f1be5f001050b44c0f8d83f300c6e67cb	743
829	images/animata/cards/829.png	99faf209bf62ae31d3e295f7eb8993181a61d5dc02a0a637012ca1612dd196f0	1546288	videos/regents-club/829-v1.mp4	6f47ab488c9b52ec3f92f7b200746d50302476d3f02eecfbdc52cb0d56b5477d	150652	metadata/regents-club/829.json	dbe191de9feb8872a70fc401a29fdf7175165bc58da7df433022bf4d3718c23f	745
830	images/animata/cards/830.png	6fee8098d40ab2282a8db8e01b302fcd0426a074d9b19599e228258beb212f2f	1943187	videos/regents-club/830-v1.mp4	ec45e9e030bef636f66bf4dd748ff0ec3b5bf901b3413dc471f7a44569440c2f	197778	metadata/regents-club/830.json	1a06a9b137bd85e733f424bb336db85856ebd8eb0e5a20d70990bff077f1a89b	745
831	images/animata/cards/831.png	e975eadd466f66ac1fc323937b26ee67357db8de445994f16f1af0eba13f089b	1648390	videos/regents-club/831-v1.mp4	520d7cd7187cb274af4f86527e14e20d64b7a3f43fb26bc8490e2f0e96ea06f7	150577	metadata/regents-club/831.json	e9ebe6dcb3a4f2582983a975adefdddd467502a8ed89880430c33349307a57fc	742
832	images/animata/cards/832.png	73b58aa899953400b717a34526dad49ccbebfa81f95547276859f752917b69bd	1593693	videos/regents-club/832-v1.mp4	b106407cc31b276777dd6ac13f68ead824b958b131885f3809d4f24d2e61a7de	134916	metadata/regents-club/832.json	a54ad554fefcd00920cc13257ca57df8c31f55b4d4691f77730d821ba0fbdfd3	741
833	images/animata/cards/833.png	d2f7312e0bd4c7e0a7a647e9d9c38bf775e27523c68858c7a1442aaef6eb3856	1707171	videos/regents-club/833-v1.mp4	7680357baa3628344c75a332e8f7c6be0590bc09d29ce18042e4ea895fbfeec3	150091	metadata/regents-club/833.json	062b31deca8d012cee5fd62ffbb73e2ff8690ab169e6392992bd09bd40a45ced	744
834	images/animata/cards/834.png	32078bd101c640c55a0ab68f632e88533a364d9d60b30d9988b380534e9c4346	1858116	videos/regents-club/834-v1.mp4	63f58cbcb1135303f12eeb20233db4a7341c96e3a9ca46d8e2df55d845407dd8	148396	metadata/regents-club/834.json	d622d85d8d8f3de31f0d5d898438ee0b7264170afb4f60961996bc1d69f0c272	747
835	images/animata/cards/835.png	bff5e5ab218291df2a2c118178e31da4574adac81acbb9a9b65f199f5f6fa6bc	2469173	videos/regents-club/835-v1.mp4	056a6882197caaa5f58646b683c6de4c190a173147171ca2b42aa7ed1f6eaabd	217301	metadata/regents-club/835.json	598d73541170ff30aab8591172cb266089f46c5e60d98424f933f96722d94dea	743
836	images/animata/cards/836.png	8d40f1aa108201964973919d514a9607f8c82d4b397cb24be10be413f7841ebd	1481295	videos/regents-club/836-v1.mp4	2e6a7b26a06dfdcea604e05c182e03b13dc3663705c62f60e2c4cda4ab949c4a	129162	metadata/regents-club/836.json	3838fddc484ba8077f78e493c56b468ffb1a9a097f1b78a012e730d1eb03264a	741
837	images/animata/cards/837.png	025cd24863fe81f68fb9130b9e4085c88c9c92f087ee691f4cc8e0946bd0bd96	2022900	videos/regents-club/837-v1.mp4	4c5ee1ad2b92c9c09697201031c98684f6fc470bcd509a3350899b528fa565cf	164625	metadata/regents-club/837.json	dcc66775565dd0251144fc83d28c934658f2e4a820363b962e19b8f91bb66ccd	748
838	images/animata/cards/838.png	e7bed20ecd33eb566d15f4e6a54f964aefd81c1775b3de5a53f63ec5cab2079b	1435878	videos/regents-club/838-v1.mp4	a7bc6be7441d6d1018689dd9a03a8c274d98e0016f893db372a4d06cdbcab52c	142239	metadata/regents-club/838.json	7366afbf1aecba1c8a7a491ac8a2da354d8a1e384cb9dc09e81d800825c61f45	742
839	images/animata/cards/839.png	3ea78f158bddb2b948d479cdff1321885943f64953983df16c158f673d268561	2870157	videos/regents-club/839-v1.mp4	c94e91342df84e2983e95fd079bf53d55743ce0415a671895d59c9898b415114	240963	metadata/regents-club/839.json	83ae7e389a06642122cd5bcfe07d1f58a1b360dfc00bc7d83e980968addc60b4	745
840	images/animata/cards/840.png	261f48cdb98e6bde6501305e81a669146361b6b123e5d4ebff8d9c40e2f0da56	1647610	videos/regents-club/840-v1.mp4	deba237b6c64771e2935eb8eb8368b35c3d081211f9d88f1d355e00fb6787898	152502	metadata/regents-club/840.json	0b650dac5bd24dab3a3da4db4e35f1aad6cd8cfdd7d0de0e143eda2bde8da32b	747
841	images/animata/cards/841.png	931728ceb097152347dc4945780c831c7c463f1ece6ac8255206e456be394293	1505946	videos/regents-club/841-v1.mp4	b9f0e651a030cdab0cf76e3af204fd08260305fc8aa8b5553c4a2e53cfd936fd	134613	metadata/regents-club/841.json	ed8d92117a9b43f4ac0da15e1b422ea61e3fcdaad7d47d2f14b606cc524de454	740
842	images/animata/cards/842.png	24f0c28df18f2f6baadb1fcd08af7fc4c82523034e78e49bcab4fe6fb9abeb97	2501111	videos/regents-club/842-v1.mp4	f1ffe9cea5016664b82034b682f838a7d2f3316c531c4145d389052b7dec7379	253675	metadata/regents-club/842.json	c7f3528d38dabb67326b7ca3a0b6e36621030f78b99fdb8e8edfb1777cc9f051	744
843	images/animata/cards/843.png	57d5334a26f1018f6831bbf2be7fe50a5b33abc37b0a128c90d409b8c6f43873	2922601	videos/regents-club/843-v1.mp4	b71633f34613b3efc160a8c03ce41505a649ac8ead9bd85f298f9fa3cf623020	304480	metadata/regents-club/843.json	2c09e7edd95211fbb6d9ed6811e97746364ff9ea8398c6e0d89885bdccadc560	745
844	images/animata/cards/844.png	7615b39ad317f62391079fe7dc7d3509ba593b0c6b1a6bd3f8ee2f6634818999	1899408	videos/regents-club/844-v1.mp4	5b8096f6796fa42ff8b6831ecf767efabba7257c978a1fd4cfdd212d953852dc	148691	metadata/regents-club/844.json	99de6eef91ab126850315ca304cb64ad38c24777f4d96fac15196149b0cdbdad	746
845	images/animata/cards/845.png	d7233189ba3a80c8d9c78edcaf98dfc9ebdc92be12df11e1fbb7e33174b6a5d4	2145660	videos/regents-club/845-v1.mp4	4d1eb9fff420ddeb4b8b73f4aef9fdd6ea8020ac6ef42fa56aac278ea7c2971b	172482	metadata/regents-club/845.json	4b1d09859260da1401514d8a47068351c428676f0c134359c1f6ac45660dc02f	744
846	images/animata/cards/846.png	0438d971c0f0b3ff09894b4bfd7c620aae9bdd90a42fe04f5ccd14a4028da773	1247711	videos/regents-club/846-v1.mp4	e4e539a529cf55f4dfb882a489d9ebe3e07b85586ef58033a77a7e5ec72a9d5d	121883	metadata/regents-club/846.json	2d5b7f6341bec37b574d8ccf63cd019a0ff551999206251345b149788047f2ea	742
847	images/animata/cards/847.png	63a1479a5769602299acc16ef31dcaf0b53d5ceaf8f3fd0add0f7c2836250c9a	1646955	videos/regents-club/847-v1.mp4	a392c9acc06c7f92bfc997cfc5457460d60c5b6b6de883edd8c12d8b483e7b79	158647	metadata/regents-club/847.json	9a426cb2ae2ddbfe81b3806ab299d6e276228a780cece072e1967f5aaa47b235	742
848	images/animata/cards/848.png	95f8b28743f9b5b96e375508b5289f0ca58aa61f9ecfc6d9d8f4a93f31b3a66f	1784310	videos/regents-club/848-v1.mp4	bde1c7b6347da71c6964f9f33038c0be4aecb4e69574ae5999ec8356ad5c1d6c	173391	metadata/regents-club/848.json	7a9d002a86442a8132981a8a0f4b88a2090f035bab5bf5b8a6bf8e3a6115d770	745
849	images/animata/cards/849.png	44cea729ccbcad56d7e1bcc1e3753d0ea4dfd9059f3ad91cb86cd19d3d260147	1257642	videos/regents-club/849-v1.mp4	e55c09f3fb91cf53fc5792a71d945086d452fc3422ea7da6b42f51f8680150e8	124718	metadata/regents-club/849.json	e19c8559c92cce0e267c59c33b7d2e1df7fddbd13ce7589a6cd92d976a3edd30	740
850	images/animata/cards/850.png	47f4ebbd45037e0cc481b05dbe820fcdb8ad75fb8557e5d2cc8048f2f45211ef	2014238	videos/regents-club/850-v1.mp4	f48acbaa38dff60f392977a9dbdffd1dc002ca5b61ffcfa573249f79930b4596	173950	metadata/regents-club/850.json	8683111867bf836b449012ed55ef753198602cc87926c6140e842f0b70d63c58	745
851	images/animata/cards/851.png	cecc238e7f4bc81e122bac7ffe232998d93dceba85aa6561db03f95cef497eb6	1680054	videos/regents-club/851-v1.mp4	c0d348164e523f884e32122a30f86735f47904c6b16e3e3e963aa6c86cd98e1a	156362	metadata/regents-club/851.json	53e6c26e9ba1ee24b71c8e6a11c8d2c67dc7d7f9b156b153a6a35226acbc9824	744
852	images/animata/cards/852.png	33b77e020eb2f1de67d14a2ef322dc81f7b7ce6b59b059b1a5f76b30d5ac57ec	2147801	videos/regents-club/852-v1.mp4	0dae159571578ae41d77f23a67b541bd6ebea7faf04e6e55a983ac921e923f28	196594	metadata/regents-club/852.json	29a90478404add562c1b5e7a84c7d924fab02749040aa1235ed668ef344e2afa	745
853	images/animata/cards/853.png	ff9bd11bd0207cdf30e4f5a70f1d125050a7f7292ef1494933a20fde14739f3f	2045955	videos/regents-club/853-v1.mp4	8b049453693a4b3e13a8a0cc27c0abc1769004016d3f85f003e6c1bd46202cf1	168646	metadata/regents-club/853.json	3029ad4ebb9b68f735c4c5a152240e56f4a77ec3af788689049e6a6a3763bc3f	743
854	images/animata/cards/854.png	0bc023e9766016a57b7dfb3b1eedc17eb31defdde87870bb6236e34765178928	1436045	videos/regents-club/854-v1.mp4	502dab8e4c69dad8e0318d47ef053b17de8699e430cb5894d1946e63690dce94	155061	metadata/regents-club/854.json	0490cf59705bc93dbcae71454335a693c335aac1a1a8eb29f43ebad176894762	742
855	images/animata/cards/855.png	59626c9fcb471e30759122bac717cd0736e33302caad94bd828f690342076272	2341846	videos/regents-club/855-v1.mp4	99eef10a88b4b8bb7bf3c1b8f6f795d1410d263a1d84c438f232285b281da72e	204357	metadata/regents-club/855.json	1d6b276c1f08b0b7c7cb76dae205b5f680aeb1d543f44a1b65ee45e6be37aea6	744
856	images/animata/cards/856.png	5acd554ec8f16175f3040150e948c8357cff62f4c4f4bf72c093a3deb5745758	2125470	videos/regents-club/856-v1.mp4	315f513612d22ecc3e1b45b61851b3984ba5786fb18d8154e1f4cd44adc429d3	168870	metadata/regents-club/856.json	b0cac88efc1b3b1fcc67a0a6cd140821ec48bd6f35e49e41dc48574f0cc3da66	744
857	images/animata/cards/857.png	d513b3b8d3b4d95bcc45e125b84d7801b04c8fd2999cc24076e6636a54c2e45f	2100840	videos/regents-club/857-v1.mp4	98a05349b5580433954cbf4e4d7f811cb6fd73d4d47bc49cb205574a0a818cbc	182538	metadata/regents-club/857.json	279c349cf3b8b035848335d4b31106ae1b1f87b57130dd6b8058740f8c60a810	745
858	images/animata/cards/858.png	d6c3357d37ba1f37ab146e784886814212226a15d5f7bda8c373077d465d6602	1737151	videos/regents-club/858-v1.mp4	67408143b136583adfd331f65ccb60491212ede6982a1d421c43a51db78fef42	156201	metadata/regents-club/858.json	9f69203dfacf61589c60f35e02c385593be0b9e66199acb14a281f810225f16b	743
859	images/animata/cards/859.png	60e694a328eece9eac984b8f7b8cf972cfc9f3c9ae507e159181b4bf87ba9f40	1425988	videos/regents-club/859-v1.mp4	aa35f6c3c3892ec9dc6ac15942b4eec4d0675c4126f19d5969ff765e185705fd	140775	metadata/regents-club/859.json	3594d5afe64a6eea0ebd6c16daa0cb469328877ed2d89798cb2653e36e0622a2	744
860	images/animata/cards/860.png	4991c2e473f9801130f1378c9566f3fda666555c061900eb45da935dd9115f75	1476056	videos/regents-club/860-v1.mp4	e59121e2cc5f06746717169a87ed24d6a322c658cb5a2d2cf06330d1c09b982a	140854	metadata/regents-club/860.json	be8500a14906f4318cf75dc3397fa461eb5a7d339a40cd02605dd12d08fc852a	741
861	images/animata/cards/861.png	73c7798a4aa2cf6f04dadf3b8c18f6bba2aaae67f00ed3ded00ba11e22667325	1344353	videos/regents-club/861-v1.mp4	fe2a2748e1ecdddf4b419729c86afefba8d0d74b1e98f98beb25d74b06932288	133203	metadata/regents-club/861.json	c88a0670d00b93feb6b7c97f11fd7bc7564ebeb8b41efc4fb5631514df802251	742
862	images/animata/cards/862.png	6b4a8d0566742b0c5cfba81e6a5aa6a4e82bc67b8b22c5824de59fdfd15860e8	1776120	videos/regents-club/862-v1.mp4	467ebcd5b3973fd89a11ba26f56372f448464fa16dacd0355b0619a07950aee6	167831	metadata/regents-club/862.json	6e6d20da4fd84106efcf43f2e6069bec4033e5a136ccd22636e2294b05953cd2	742
863	images/animata/cards/863.png	3619a230a356b85ec4d7ccbe8e553f6fa105c4b9b4b28192d83e553a6e4c260e	3090155	videos/regents-club/863-v1.mp4	bbedb4a638b0a74ff4aa29a1ded757892da4b9f3eee0c9403d6dd49921ecd3bb	259493	metadata/regents-club/863.json	723adb7811e68de3b1b63435271b17a108b5d8e8101c3b7a4ff6ed2e00629981	746
864	images/animata/cards/864.png	70957ac9b15e3d7b1b7f66ac99414d1b2ac2ef42b625e04a6849622d3448887c	1578231	videos/regents-club/864-v1.mp4	f6f5c49386295a98483550d1c5d33db54f9282243a58bd8afd071ada17e4060a	147055	metadata/regents-club/864.json	f4ab5fd80d3b321a12eb7b59c83a55769e4b91ed73456c0e11a95df7fe01dc58	743
865	images/animata/cards/865.png	100282867cb80d72e3f930e97bd884917579773b08a0e57c399570908868b861	1600024	videos/regents-club/865-v1.mp4	de9bf8a8763bc197a0a64ca9305ea003a80e8749eda2e004b4a8f63b80070242	142165	metadata/regents-club/865.json	ca6cc175450b17944aab18aa958d6ad4d030a5dec2dd275f5750794fa7c998ec	741
866	images/animata/cards/866.png	3b1273af3e74c39a6bddc88531174496a6b39dcd90d9ce5b8fc7f0c6fa9aaabf	1624751	videos/regents-club/866-v1.mp4	b5206f4de7d1ab67f07b52a1affc8b009c243bb47f2289b8b7abab1278e113b8	172513	metadata/regents-club/866.json	0e09fc66a694e5e1c87f63f04e25057485aad3c68476a860885c8f7edc34f499	746
867	images/animata/cards/867.png	89c682a39d4aa34344434967d0bc201af137dcf792575e39846d73a693159ec6	2065076	videos/regents-club/867-v1.mp4	7c8e1f580c8ee023c741280de167f0747e6e9e759056418a07afbb659f9a38e0	176836	metadata/regents-club/867.json	6d30c844d0f76427e4615b98376f8976fae3164bbd0a2d3c57088bfc492040ef	745
868	images/animata/cards/868.png	3ed17cb968c6e99ea168a9f3d2e84a615bce7cc7af48ffba8f80882645b41ec8	2207663	videos/regents-club/868-v1.mp4	70a0ef59faa673b15f5c95d4b4a2a81bbecee543a9208a8a0a2a956186894411	231594	metadata/regents-club/868.json	80819faf2de6045affe48fa1fdb41a004fb2af557128e541808f654416d568fc	745
869	images/animata/cards/869.png	0b4528cac2f6d93c1be42a15beefaddf6d86bca3bee59e9629336390bb2c8c74	1587363	videos/regents-club/869-v1.mp4	a7467faa2810e348e4428f3df6c82fb49462f732ca3f59a0bbf5ff3c167c629b	156021	metadata/regents-club/869.json	d13974cc6bede9325c89e060f6ae13b428efb4e912f315213407f9fe984bc76c	744
870	images/animata/cards/870.png	ca47475c524a61d924fd1eb7e13a2e1cf46f1328afc57299e6396c72d62e1fca	2087545	videos/regents-club/870-v1.mp4	9d5daddff3ad47bbda2fcbeee96b3ecc7cd2f585e7f5b76760cd9630d425a07e	172182	metadata/regents-club/870.json	9d80c2ad094f97241b14d42a9740c8cf3ff80864eba24b4447b98ff9f009c25a	749
871	images/animata/cards/871.png	8f7487c42a71383ce1c34ff1b166659315b947b79d6e861036eaae887de3c04e	2247178	videos/regents-club/871-v1.mp4	c01d55c022931f3babc62e53311b75f5bc43c0e5d588cdb6ec7c2c7b3784e708	199283	metadata/regents-club/871.json	9b4b1e238a03a046b743c77c98a49c2ee57b0b08f7cbc2f329187a58ad46c030	744
872	images/animata/cards/872.png	842f94475f3494c0a035e0db0c3ec305d02014260f76da53020ceff0ef863121	1874583	videos/regents-club/872-v1.mp4	33dc64d366763539da8f0ecc7f3ac562b9872a93f5515522037e752b3fcfec23	191886	metadata/regents-club/872.json	bd2c8866ccc2556ce6f6a9b68b53b1b3ac2f751f4e68605865e9ce73f24f53e0	752
873	images/animata/cards/873.png	a63a15d16e6eac8ccbd46fd98fa11b9f3d1a2f92e90f2fc9a8111bd2ec4d84fa	2566571	videos/regents-club/873-v1.mp4	cd9e03f312de8b636dee279af285fcb53ca9be6f855ae0cc202c4654065817c5	235435	metadata/regents-club/873.json	d9eb19c2e5301e17f1ce31cdec2b3d2f8e7de13f65010d345a80d494836799ed	744
874	images/animata/cards/874.png	4b7708db9fbb744db663472343765cd385d67b41f52ef877ce7b563bc9a0a2b7	2143288	videos/regents-club/874-v1.mp4	efef763e04cf16075d05ff0b0769a30803c6dcbf191b84a993633fea0d66e21b	178388	metadata/regents-club/874.json	38108d525f95db58d642f3743f0383a84504bdaaf3ea6b1b866cd9680d191632	743
875	images/animata/cards/875.png	931ad2967ded7b22cd182795a5a37d8ee123819ac1d3d787fa28868c43615c37	1606565	videos/regents-club/875-v1.mp4	93d3dc241db7d4f815d24c904ce057c5eb953541ad7466ec5fb62385e2e3801f	140869	metadata/regents-club/875.json	f50ba363de8f33aae600a7622dbb6a92a6392f875f1c504e12ffdf1203efeff0	748
876	images/animata/cards/876.png	e2a0ecf24481fbbd8825a7094ff43a618cc657b2818907bea30d12c222e2a874	1055092	videos/regents-club/876-v1.mp4	73ba0084a95250c8653d41042db5ff1f318114e1ca267d0249239971bc2b5569	112978	metadata/regents-club/876.json	eab5370cf5cd03cc78c647a92014597bdb27075794dacb68a4bb5d32f8f27ab8	743
877	images/animata/cards/877.png	b0f10ed00484d33a7a8d661418b0e62b5618cc03bdc8856f9f23740dd5a5949f	2305505	videos/regents-club/877-v1.mp4	ed6f082857184069915b90c729e59b365e8ff39387446d50116a2ec34b9127df	189317	metadata/regents-club/877.json	28c19a6a307d0114a6fde4f0a0118467a2cf3a52f37df0cfc52d36800423db5e	743
878	images/animata/cards/878.png	55fb4f2d6504e6b688d0348973c8408cbd4966007f931230e72084f3c9b463e0	1479764	videos/regents-club/878-v1.mp4	02d1a76aa18ef84a1d5503e8c4f811d76a18fb2df44fd4d6442a6cb1ac35b903	149263	metadata/regents-club/878.json	b99950ad7eb28ba3057cbb44a983d26286f295b6abced172e3478bfe90fbc99b	743
879	images/animata/cards/879.png	1fe1eb707e043bb9afde6cb86cb957e03b0cd3056a70666faa4f1a474a74bdca	2547654	videos/regents-club/879-v1.mp4	d7472fe50cf9098fd29199b4e5ffcb01744eed3f4fdfdbc59550bc9c7eb39217	218236	metadata/regents-club/879.json	a55b4ec6a7cf89d4b5f0894dccc1acd0c3f1b88ceef97b4b2a02b0022fbd2c59	742
880	images/animata/cards/880.png	3e5f6c2b765c7240a00a1440a0d1e44e726230fdefbda197b839867fc59d6c58	2223229	videos/regents-club/880-v1.mp4	8c30e9df21988c040d66b531aff4f0256b02469bce76cdc1be65f2ec1a5c8691	191663	metadata/regents-club/880.json	36cc7a75a2098e01323b36a63cba3606ecb735f0552104d93167ba761a8d60b2	744
881	images/animata/cards/881.png	e03a9fe90f30a5006f4467456948d612a894cd4a770a9c326550af00d3cf83fb	1533743	videos/regents-club/881-v1.mp4	08c71befaac408242a4296f26ecbd0b4f60ec326cbdf7324ffa750f82b69b31a	166764	metadata/regents-club/881.json	c9a1d416355870a1f31a004b7967f96ed34a40c4884abec422f48ece7efe8fb1	741
882	images/animata/cards/882.png	eccd7ed16bf7801fdc7e7a1fd688ecd06c86b239c029b65fcb34d6372f476678	1541113	videos/regents-club/882-v1.mp4	87c42e6548836f2a1bda2369da66b8ae18cc8ea29b86b1aa842cbb652bc68bc0	133267	metadata/regents-club/882.json	7661e73e204d7224cd69ac16adb4f38f5ad87e752267d4365d8e88f6aaa06158	742
883	images/animata/cards/883.png	15003e1a4fb1df3939b6c0afe032ede2dca8fced45573003bc65256e2b62dc5a	1499240	videos/regents-club/883-v1.mp4	79073642cb777fd740a6842c6efb70dec4463035d3a9f357ca893ea464862e99	154486	metadata/regents-club/883.json	ebeecdfac29ce9458862a769c1cb2c8de65dd082dea7915880a32dfd37a096fd	742
884	images/animata/cards/884.png	e433dc22f441c6ae6c79c99c1ab9da0b0789e5a3a7b438cc4546adf1efb222fe	2108650	videos/regents-club/884-v1.mp4	ac7e9d96597f0d2dad78d45662794633a8d130c73035e9da9fe3597d8a240e93	174177	metadata/regents-club/884.json	ddc225b43ac6fca45e43471a56ea75ee1b872f903701aed029787ab36311188d	747
885	images/animata/cards/885.png	504f3ba068ddcc3bf0f60dab5b9fd0af33efb161cd93fd0394606dac57478241	2459757	videos/regents-club/885-v1.mp4	896b9a202b7acb62fb3814c387f074dc733665cef32a9fac41dd5fa7bbd77b06	187191	metadata/regents-club/885.json	dd5d104c8726b5909ba447df993a69c1c4d3ea5fd11a67ed94c020aef9c44e93	746
886	images/animata/cards/886.png	ca5db71634e18070fea2bcee7904af8fabb82f439ed0a34bf507908e41a5f53f	1913558	videos/regents-club/886-v1.mp4	e3b393650529d654b3e3923fbe7eae64796bf62661454081ef04804efda82227	155799	metadata/regents-club/886.json	657dd4b8d1c199c70f34a567fbfd966b308f35103f6aa11cfc8c84b76423eef3	748
887	images/animata/cards/887.png	3ba4f52c4d5c4d1da7b071be73ba7fe7af0bc773603b714ef1dbc2be1b2344fa	2762133	videos/regents-club/887-v1.mp4	7cc03ba07a50c6bc7336d48670ceeddedcbb766e8a142a13f7d77b994f58cd3e	279272	metadata/regents-club/887.json	940ae45b88d41dd7f2ecb2c659d58cd8e228b27b012b7c30af470b4b1fe21614	747
888	images/animata/cards/888.png	ae5ae2ef31f9f62572259d28b619ce9e28587becf7dca8f0681af56afd0f4b06	1525796	videos/regents-club/888-v1.mp4	fec0224dd83e43882188d12cbd711916512c7dd1ecea1a826f8c34276c09c3c2	148831	metadata/regents-club/888.json	4be80559a1413518c280b04761b6ac740ab09ec14b897c773e4a2a8a092b0082	742
889	images/animata/cards/889.png	987e6be7658f067caee3f25a3c1f2563e6b1a057ba19707b3574c547a8c62c16	2056039	videos/regents-club/889-v1.mp4	9bf0119b9756398133a8c9e7271779c246525d328a1cdff1c86f9e4f291005df	158703	metadata/regents-club/889.json	90dc7ef0a45bd09e65c7311ab1efae32d8e81f22ee52b93e9528eaf91cf7910f	748
890	images/animata/cards/890.png	7d54492247bc4113dcef967664696458fc19726c88b421b17dcbf1f94b74bfdb	1475237	videos/regents-club/890-v1.mp4	997415cca2c372b364b7ddf82207650dc80ea30f650e3644c68ba07ad3206ba0	125296	metadata/regents-club/890.json	7989999a82264ea19b16c9c04364e3f875291e82933ea81508f4b527fb7f0f8c	740
891	images/animata/cards/891.png	7d323318b2be01c5ad25068a34afe2dabaa9a3ba5c7da0487e845d51ee0f043c	1214320	videos/regents-club/891-v1.mp4	79b20581b935a6d703193837f928e0e92f9f38ff51713a794c32d86f54f3c928	128745	metadata/regents-club/891.json	d7e6cb8d3ddde29ade766c58515d1cad9da011d6d99904a6822bf05238889945	743
892	images/animata/cards/892.png	dcf829a676efdbeead84cce1d5a5cd26e9582c7d84e1dc96bb6c51e51e39273b	1206372	videos/regents-club/892-v1.mp4	0e3dccbfa2a49f36b185ac54b868ed915feca76e8a038703cfe7226c60964f85	125675	metadata/regents-club/892.json	d485c35c58a1bddccd39bf6ae13c0c151d8ade3598f80ba1d914a793f01b4bdf	747
893	images/animata/cards/893.png	7dbb66019ecb36ad515fdc6fc291250000d3dcc1490e7b2a833b308cf9296e88	1481078	videos/regents-club/893-v1.mp4	8e17256cb018ed7cbf66a61c417e3e59b68a6d8ad2285ebfd219817e31dce358	142239	metadata/regents-club/893.json	c5fd7eae483d6c5895fed02f1a7b42958756b90940b08c016483eed8f8484c5c	744
894	images/animata/cards/894.png	b54883a602c6cc1828bbcd9b31a5f70b6084464fd257c045fe77710dd40f1f14	1482526	videos/regents-club/894-v1.mp4	4513831780c123b35fea0ab4e4400e102f6f1ffdb4224a27538d91ea283afedf	127119	metadata/regents-club/894.json	176cfddd5fa094e09f38b9235b0a9753480db8aa15e7f46a8c69d36b5b7bb0bd	741
895	images/animata/cards/895.png	7ae664b932f1aaf4e043ed60f3dd31f2e2ba5a3dd3c3830bf226b7c416f17e54	1419926	videos/regents-club/895-v1.mp4	fa1a1bd43f93b09c76911dbb6f7da6b5ad9fc79c167b0233b7c20b9df62e8ec5	159238	metadata/regents-club/895.json	da33fe28a67f288f04fd816cf7625be893334932986c2813ae51dbd626201911	744
896	images/animata/cards/896.png	994052b876e8f3350de5426e809da33e6d0a49ac1071a989c86ac30d8f1eabb8	1337907	videos/regents-club/896-v1.mp4	bc852b7f91e6f08ac78af41d9e0aed0ae0d855108b4172ec0a4b66c1a0a30479	140869	metadata/regents-club/896.json	8d361ae1a32ea48054538b58bbb4aa8e799dbe86483c34d6428cd7c15975196c	742
897	images/animata/cards/897.png	a0ebe7e3c4bb394c69c15d1f11350d303924f7079b562a17ab91b86cd326e0b1	1712111	videos/regents-club/897-v1.mp4	6b3bda978cb30d9d1b31421a557ef64bb88b5fbc53b67de981bb6c5d8719ae2b	176222	metadata/regents-club/897.json	ed79e4be38df6ed326e8b4bb12c26a2dedb9ed6c6b1204e8a6c3b4240b85f171	742
898	images/animata/cards/898.png	2b2abf8abf2dcefe46adb07491785b442d9957e56fb5c08012a2dcdbaaab7fd2	2624450	videos/regents-club/898-v1.mp4	8ef6030d341d6cca86adb5c7f1579e0af1547caa010518cd01d7b07924fb7c37	237092	metadata/regents-club/898.json	5d9cc68936195cc8d4f31f06fce094b48518afb9f4c8daa7470732312083572d	742
899	images/animata/cards/899.png	d432fa50c6e64ad45587c0867036d564a55d24b344a95133893d3d6f1bd83f83	2128732	videos/regents-club/899-v1.mp4	2627273c4a4e03b67450b24ec87840e1df0d08950cda2ef35e8f058297cb4503	195639	metadata/regents-club/899.json	7b4cb0e4d19ac1834d10b09135de36c0f86bc92f3a8ed65000b40400dd7fd253	743
900	images/animata/cards/900.png	4a60246226479a47b7a75ac3cb9a6075191f9b964ff0868202ded0fc4bb6689a	1885787	videos/regents-club/900-v1.mp4	6d3e2f9246fa1257ba7f76e0557f664abf68dd2820c7bd7032493d9741bcf6c6	155536	metadata/regents-club/900.json	29ff147874d9beee45327a5bdb4e86f0e987e6615730454a147ef3ad8a06320d	746
901	images/animata/cards/901.png	160ef0f8e3fa204e2203bb3874ff10815f775d31da268876e7bde09f9da1e622	1618990	videos/regents-club/901-v1.mp4	3146f5d8a645f349a7ba9517bebebfd389ce8fa29de2219785c496e6e30e5d77	159619	metadata/regents-club/901.json	5cbe20a8ccaea90c2ebcb87d29ba336be72353c0cf3fb22b1bc6ebfd94af1075	747
902	images/animata/cards/902.png	ed235429a595adc7397002b5851bdfe5d3330747fc6ea9ccdb3e5a60b409b10c	1855157	videos/regents-club/902-v1.mp4	7185c502298b6908bb5621a791802cd96b9b51a8233526d2aa691e7aa79ff8d3	160499	metadata/regents-club/902.json	8e7aa92a13d7959dd7495eb3d73a6674f3edc630669e6ffdb204a45079543db2	743
903	images/animata/cards/903.png	79709951a74436ca38ee0fd1596b586be3e0fa1dbec85904c17fc11b3e35cc55	1565076	videos/regents-club/903-v1.mp4	8aaaf9cb1599d3006a3cb3ca749a5c876bd9f10d48c1fde711d11e8beed54876	134869	metadata/regents-club/903.json	9697a31aa44ffe55e572f24a68fdcf1c701d48e6099e0219b58757ba4375a7c8	741
904	images/animata/cards/904.png	8801101f5ac3e81d48b002f5a004642159d47b503b48bcd76c36f14cdb6b361e	2045695	videos/regents-club/904-v1.mp4	de1d5e904d8f9fa7dee14862432a83501036e0fff80834bba571430dcab44d43	177886	metadata/regents-club/904.json	9e292918c1ab77c369dc80bc6efeaac1e7ab3abd577a572334c3d3818eff3bf2	746
905	images/animata/cards/905.png	5d5e76227563cf8dbbaecfc43374ba2920ac5f0ed663afaf9113b3d1e334b7dd	1652563	videos/regents-club/905-v1.mp4	ac52add340a60b2e5712de2192355fc3636308f0db83d0db49c888f916b102d9	156463	metadata/regents-club/905.json	48db8bc4f98e4e4ba7cb28e1eeabab41fefd2bf2d4ff7e551ea590152fb40425	741
906	images/animata/cards/906.png	5af47481563ee66e0539494c160e50e95d229c342838b7e7a5dbdc2bc5fc22bf	1255984	videos/regents-club/906-v1.mp4	300f3f8942e9b7bcea74987d897d155e4846f668769c6eebfb2f502720a23cd0	127615	metadata/regents-club/906.json	2aea33b5c60675f7deee6ed9c7bc47045373ed220344774c2c2188bdef2125e0	740
907	images/animata/cards/907.png	718e2ddd4b281715b3918cf5042150f41ffd9adcec6a9bd27e4f8853e5fe0e6c	1470593	videos/regents-club/907-v1.mp4	5ab5589f3133184edc54768832c900f22bdc2e1e1f7e2b0d8e6d272f86da394b	138603	metadata/regents-club/907.json	9d6e57155db1bc51f47fac52a9bbd67e061644ac44fc475dd569fcc26d103b28	745
908	images/animata/cards/908.png	2babe313b95a72c6d46baf67e9e4894f44f9d1a32f1f60fbc4765ab80f6319ab	2168185	videos/regents-club/908-v1.mp4	109ced744a80647386b97020a0fd13d56d6c1dce29e0a68ff992c2ff1b2d6e22	162300	metadata/regents-club/908.json	e16f3ba123da00b2f754e78164488f956669b540b055b113325390ee826b573a	747
909	images/animata/cards/909.png	70cf993d91b1d34f0e82e21be76b446c626d17cbc2f49491c491377e52d40bde	1465227	videos/regents-club/909-v1.mp4	377b6fdc18067942d3831cdf8f8c06ac0b8b8df3c5ea6231e5b81bd15471cdc7	146789	metadata/regents-club/909.json	cc21c599efe4e82c4a680eeccde252a1270aecceb1c29196cfd8225bf62787c0	743
910	images/animata/cards/910.png	9b4157625fe3cc187841b4efafc7b82f23f71b3f56fb55c4bb5206233353734c	1508370	videos/regents-club/910-v1.mp4	0c760d4625c34e02095460c697a4c6e38dc674f6f02ec1b85038f9a3785f6cdc	128712	metadata/regents-club/910.json	01133eb71f80d04b1f9438145e58bd4cf79a1f5a82bb714f87f28a01b67f6609	746
911	images/animata/cards/911.png	46406ce9ba6a2bd826a9f478db83d486692ee71194a29f0ac7e807cf2edd353d	2191845	videos/regents-club/911-v1.mp4	58af9d8aa47d51cb304e9028b65ce8e17283fefc56a90b6b36f8d1da0c48f970	181689	metadata/regents-club/911.json	506d75f33544abdd59d8f19ce250773ddf46e2d9584554e0bb54333e8b8707e2	744
912	images/animata/cards/912.png	341acd96d3e5445417e0912a98b5f711a24bd046914f0af8a876b67af32b07f6	2862943	videos/regents-club/912-v1.mp4	0fbe5b0883b3fbe28aad15897c3936af6bb6d38a4d6c8df109b76f795528dbf4	243352	metadata/regents-club/912.json	42779e2b36194bfad5592727b843658dc2903c5d18269221a56b047ef1a12166	746
913	images/animata/cards/913.png	f74020a06234f9555b95aa447d1ea1c1618151acb5d62ababf8f8f891fc6c8b4	1442261	videos/regents-club/913-v1.mp4	846bf6d581d120fc55e7a2fe7c44565416cd3c4219bea1388f0fbcee6cb46d8c	144657	metadata/regents-club/913.json	8192c61ee670047109cabd997621beea1e45bae0b980a5c3b7c16e6e64c0a750	746
914	images/animata/cards/914.png	0a2e1e78cb7faf1918094120fa9bb95bd05b2b2080993d2183aec49fc19486e0	2266006	videos/regents-club/914-v1.mp4	28394115b4256b5f6cde7b825cf360130b7e073b5036cae5db6734e812d14ecc	194592	metadata/regents-club/914.json	82cacbb71f975cabd0c6c10b0011ae342021514ed2d34b93c32f7625e293fee9	751
915	images/animata/cards/915.png	d19649c1f88f24d07179a2fee05779ea05147024295f803dea651ea60727d375	3644737	videos/regents-club/915-v1.mp4	d872278b755f70524135ea47b529cce31a7db544f55990b53f6e8421f7c81b61	320496	metadata/regents-club/915.json	12f8992acc18cfec5754fee4204ff59694603acd3e795690495a25a685367fa6	745
916	images/animata/cards/916.png	36fab0ce2d172d3ebed37a03922b599f43a9858d08e8d321f36aecc3e00b683a	1957203	videos/regents-club/916-v1.mp4	ac298769942d39df19afd84ac1c84761fa323747c8820608c7a5dce18f0b6fd6	167262	metadata/regents-club/916.json	f2b5aea3fc8a8f1df91ba7a3f270d71f971637ffdc2bb9aa52bb2d4ae4113ecd	745
917	images/animata/cards/917.png	7249a06c5f43081acf6606ec73985542e480eab935972607b124044f98450c50	1664009	videos/regents-club/917-v1.mp4	89541a75e3092cc4b7b9b8556e811453d9c787ffe9e8862de50713bded582004	139286	metadata/regents-club/917.json	61ad7947db603f478a7027a11d96f8af235a12f51ffd20ff3233f7e78b819f44	744
918	images/animata/cards/918.png	88c82cdbb2697914925b47e12dd73072a398e15843b2d536eb19493a2917265b	1552761	videos/regents-club/918-v1.mp4	b457532fcb8c97982702af8e8ed762942195b5f20c75f8603d1dee4db519d6bb	150188	metadata/regents-club/918.json	8dde33b1bfd1459bae3747066766ea080c96d9b35d291c33121f67b7e2dec4cd	743
919	images/animata/cards/919.png	5f948528083fb339fba57ea64e3895d9003aec24fb88d082aaada410ef02c5e8	1630609	videos/regents-club/919-v1.mp4	e78bdf3b9bc611a867bfa109544c21a16c3ea8ad1a42684fa22fa98fb759ab4e	144756	metadata/regents-club/919.json	514f0cf2bdb3fe275127aea093aa9f3bfed1551f36fcafd7b8613d0171063a34	744
920	images/animata/cards/920.png	9d63594db21b522645bb7b3c5c5da0ea4343d6822853689cfd1627da46836e45	1834714	videos/regents-club/920-v1.mp4	ea4b11e862b9d8e8f86746541e4f5be388aa00f1bbec7e28a68b34c9127bba7d	171061	metadata/regents-club/920.json	fef43d4281307e032ea2e6157eaaeec3f97f7c90da0d25783412458bb7486abe	748
921	images/animata/cards/921.png	d1c6440e3fb12d657dab87573cfd38de38b7f72aae643177f40d551f86727cd8	2169798	videos/regents-club/921-v1.mp4	f3e3266fd13ed61571da84ec2bcb408109832638b4f40e44c45284d98dfc3e0c	193860	metadata/regents-club/921.json	56f01862d3217a65abffbbe8d0c5542ed347d11f7ac9b1a4ae4bb5d8ee11efcb	745
922	images/animata/cards/922.png	a643cb1ea9de9f6f4ffeedfd676b1ddf4fd499da52ad3aa5007883ed61665b6f	1956592	videos/regents-club/922-v1.mp4	b70ec4ad397c109668fba8d93e4fb5d707c09daf4b6ac3d8f261485632dc36b9	159125	metadata/regents-club/922.json	606d01a2ab4608caa1512cabe7d0e89657d10b3be458cf3587787198d0b87972	747
923	images/animata/cards/923.png	38f52f008119bc8024642db7b1d0620f81ea02275cd932410b1ed930770f86ba	2663147	videos/regents-club/923-v1.mp4	a30737ae5365b3d9a5e253d56e8bf597067c10a3be6b4d27b50d19e5117239db	227690	metadata/regents-club/923.json	1e879fbf2296454bb5fe838c87863c4acd9d2c11c43369256d1d46535a5cc41e	744
924	images/animata/cards/924.png	a41cb13fc0e2fe95eaae67b035f883d557a5ffbd682ecec2aa30489e046bb40f	3104179	videos/regents-club/924-v1.mp4	16c77d54b9c896a3b0f6f641774fa32ee595779aff81f5e0e06c1091197a7dde	323900	metadata/regents-club/924.json	d347445776a7496aa27945dce1e9985275a13ad5e7ff4ef6d72d752e5d2e8e2f	745
925	images/animata/cards/925.png	a9f6a4381b6f727cd6f0d327b74e0123f0ec04d5c7b291ab2ad1450a541dcf7a	1669759	videos/regents-club/925-v1.mp4	a791689b5d262b5e5256139fbff03efc58efb2dc6d7bf6865b13fc3fc7194839	144341	metadata/regents-club/925.json	7bf775de66a0da0b198549a8d078975e75fe19a12a4a12430f87462d44fccd05	745
926	images/animata/cards/926.png	e2179e6290b134dc5b822c5706b9b6fcf0a1c96936f1ab0ae59d61ff25ec1b1a	1740860	videos/regents-club/926-v1.mp4	fdaadacd880b30da87da0125b866bf26a4c7c257369bd0bc36579907a0baf519	154982	metadata/regents-club/926.json	05f7531798a67f722dc63724e37a9130df2707aad201bfe50b0c369559d40f94	747
927	images/animata/cards/927.png	2c826b9f743ccf625452fb3c91b033b9f12e356d67bf9dabef0baeb2a8216595	1623659	videos/regents-club/927-v1.mp4	c14b7f3768ffff31a13b069bd3796b2ad4829570f214f27ad13077ba24c41688	139085	metadata/regents-club/927.json	6743429ff91801ed4ba5f7caea90ac34d3c58ee6f23180eb7ac1f9a367cd6d37	746
928	images/animata/cards/928.png	1cccb528271ed871aece785ef542222758a336add1d0baca7af7974ff38243be	1505037	videos/regents-club/928-v1.mp4	4150e737e9c7e76252de8fd0572e8f295c485ee010268bf015da30da698f7dfc	133021	metadata/regents-club/928.json	00b370e270d7bd4ef97f53bc9ceac54a43ef21a3f301eaae06cbe0228388e25c	744
929	images/animata/cards/929.png	f110e15ba6443ce7f8470280c4a2c5e0d208b0ab05aca6fb56be7203dc71dd18	1990243	videos/regents-club/929-v1.mp4	688b035b851b5ddc44356a56a3cef38f5397ee510081c8d5409e3e83d01b5498	172960	metadata/regents-club/929.json	53e0bbc1f1eb6113d8ff228a6a4edcfb892a27cdec684cca5299bbef266b7935	744
930	images/animata/cards/930.png	693f39ae899d78483b2419f100ad0afcfd1a1d985c24beabbc931b77aff6c71f	2048847	videos/regents-club/930-v1.mp4	2e94542ea5d227fb5ca6ea8dc5c5af5eaeaa3c373a1ebbecf2623a91ef32a16c	172815	metadata/regents-club/930.json	a353aef53b838df00e4b3f3ab4b13e945008ec35e1b7247f013e372e4aee8a73	753
931	images/animata/cards/931.png	8cb352cbf350b109882ad41166b5067d059be6b2e2afb5879b1436523413d780	1718320	videos/regents-club/931-v1.mp4	1b55c93d4a4c4b17eb8d98d47a56923e8bbeaca371affe51b558a2dfe91a369d	141146	metadata/regents-club/931.json	9bde6e7cb9274883a16ca2a9de2b2180cc9395067307de68aab11b9b8e0102f3	746
932	images/animata/cards/932.png	7296cb2e6a28eb60710bda5a65731d297037e3ecdce7217bad914ffcbecdc519	1167797	videos/regents-club/932-v1.mp4	971531bfb43aa127503070d307d970a3e1382cfc692a56cf102fcee59af500a9	159706	metadata/regents-club/932.json	78547560047d4f958415ebc93b60b4af8427c783b0d468c8fcb0d603f1b86235	746
933	images/animata/cards/933.png	58c35dc073980ea4effdc0b6228e8917aa18771909e53950f5f56f64174fef2b	1892338	videos/regents-club/933-v1.mp4	6b3f413c56e725ede062275cc71be76191e0a7f6362ada51a31a20cb60b17f3d	157727	metadata/regents-club/933.json	a701783002a7e99818d11bced5beaca910b2910a2629559d3a6e90ee55e1b30a	746
934	images/animata/cards/934.png	a372f410fd24da23981b4a62e3ee66fae80bd100a4a684f7a4a06bab96de2927	1589701	videos/regents-club/934-v1.mp4	5ab6971f732a958c8cb3db9032c19038f6ef53337afa486887986bcbd55b201a	147242	metadata/regents-club/934.json	23b6d11d2ae798ea78efcd75636aae15c377bcea1cb1a95e1040833658828b23	748
935	images/animata/cards/935.png	e889890a0aaf962b546a5ae4f9bb9485d9fa0956a695621b438f647f980596cc	1328172	videos/regents-club/935-v1.mp4	6f8a8dd6eb617218226d764dfe2c7581165ef021a3defd19a87d60accc2510b3	127741	metadata/regents-club/935.json	0d8b11d9ff093c05fe8b7c703bc545fae00b2525a3405bcdbb38e6100af50466	747
936	images/animata/cards/936.png	fe0767a8e8bca9ce81936b407963c7b1b852a8116c9b23dd73125fbc350f4dd0	1888082	videos/regents-club/936-v1.mp4	e0d30bfc9f394b69f1f5b44c0b5d5e2671b31a3ee2bbfb354ee866ea26486cdc	187141	metadata/regents-club/936.json	89507b1b11a1e61bc5a06cb2d85a8ce56b4f2cc23d39ace3a6d1b3a141f196b7	747
937	images/animata/cards/937.png	6c9e55954275a59f43d0cf21830cc1c7138ccfba1281941896f92f8073b1e12b	3723746	videos/regents-club/937-v1.mp4	a922de4181efed8eae942e5fb51eacf83963a71c82ad465f58a60ae5de8740bd	406510	metadata/regents-club/937.json	973a33fbff5c2921aa7e0c5cba44e8e2a9b9001a702deb5fb8e41c3ae9794435	745
938	images/animata/cards/938.png	05c9784dde209b1c6d79a1f3e0540626160b48700135045dac53b71a2ce0e216	1633856	videos/regents-club/938-v1.mp4	e573becd6a370986689c88f446b26c6b0c2254e3c0177705193e5ebcbf9a3b1e	158329	metadata/regents-club/938.json	c0a215d345037bb741e4a66020183c0f9cae7967a2b18c7976e17aca82aef13a	747
939	images/animata/cards/939.png	535a0e54bffe716a0c2879e250a4aa47aefac98e37f62bfee637dfcaf6194e8f	2769301	videos/regents-club/939-v1.mp4	8ee14ca7577cdf0f76a2c56adf4a70046e9efe19de865f9c3e078f6bc409895e	220797	metadata/regents-club/939.json	b89af0fd33626df8f5753811def6b8088af1ac258dfba2bf75bf94ca9246c1c6	745
940	images/animata/cards/940.png	6596ae8ce9d8f863135e2ffba86e967b3ad5d8d4e2206b1f70ce0aa5897a3c62	1728933	videos/regents-club/940-v1.mp4	8ac8476167fcc62765f97dcba82fcd41efca4befd42b5f0a702b42e4b613d39c	146316	metadata/regents-club/940.json	83cde1c55085331f0e5e389da9da79ef35a24bc03780d19f01a97fc6eda6d8cf	746
941	images/animata/cards/941.png	96cef3f29cdaaccc25f93f66a184b3fa3d0cc3ddbc4e566e494a9f2e18062b17	1501603	videos/regents-club/941-v1.mp4	1dc6fb6cf725d0a92d4e440690bfd58ffe555e61c47335009d8f8fabedcce325	141077	metadata/regents-club/941.json	1b3e5665a6bff4065a004ea3585cb8f248aa2334d48b0be3dcb7e92f8ff698d4	747
942	images/animata/cards/942.png	f878ef84fb2515e773e63d5d66532638f7d19c8dd038c6b559261aee35bd6107	1234929	videos/regents-club/942-v1.mp4	c822e8038d8579a20a1adc7a1cee6b5905d54247a64c336cba38ba90cf080316	127175	metadata/regents-club/942.json	2a0406b3272848f18734199f73a4a7cc59035507cf1fa7b18c752dcfa608738d	744
943	images/animata/cards/943.png	f049059a00d94199ab4d9d399bf4f91f2700004a3833d8a7644bf4c51c55b507	2950332	videos/regents-club/943-v1.mp4	28283e70bccb308f752c9d6a5ef0a2970a0d4f58e7e0b51e26d82f2a7e4ae484	302780	metadata/regents-club/943.json	48e57681a53a84df5459cb67879bcb519cc46a12d353da77db8b7116b07f8cb7	747
944	images/animata/cards/944.png	6ec6d0724512c671fcdee0f922a671620917c7b6c0da26f37ceab70ace48031b	1695260	videos/regents-club/944-v1.mp4	ac2fea1ff20ae2e4f1dde24b37d43597858a73bc9cc1031856d32d1d9c81fb83	159437	metadata/regents-club/944.json	b5edd65879df43d3d8123d4a32074f5faefe4ff19ca5e6f4b12abf333fd98b50	744
945	images/animata/cards/945.png	ac3fed22d21523148fced25dad15c5191f914172bc89b1999b874e96f2d29280	1145879	videos/regents-club/945-v1.mp4	cef70a6be6bd5224a1581e59efecc9304c7d294e8244d0ffa41a480bae4ac701	123978	metadata/regents-club/945.json	34a18c00e7878a593ca34bbcf7d45bda186d24bc40908abd59d68e67ead90717	742
946	images/animata/cards/946.png	7be80285e01172acffe20bce5b5833ca3493540be5aff6c4468dbb871f1a6f0a	1275569	videos/regents-club/946-v1.mp4	47ccd8ce91b7688d6010153f8336938abac1a6bd7853fb3004d5a967bcebc59f	122403	metadata/regents-club/946.json	d13caba6414e802109bbe0d6cc8d93dfaf8a42382387465d549107e6d2601753	740
947	images/animata/cards/947.png	6f62112ff0ca60dbe9581fbf7dee2c5b3c9f0db4a0c9cb90a73c92cd175a8ac4	2127479	videos/regents-club/947-v1.mp4	c63c84eadcb9e314220cc0dcc2eee8c920ad7eb5b52644f475294031516158a4	186569	metadata/regents-club/947.json	d8b6d979e1286beac52ff81b9945f8ba7d208a95adf8521c7e78aab2d50c801e	744
948	images/animata/cards/948.png	7bdad0ebf11b9b31d9204e3de30deca293de5cbd79e6ec05fc178733cdf706a0	1518097	videos/regents-club/948-v1.mp4	8b16f1cd913215ce621412c7c05be362ab2ef1da5b2d0a01073e5044af01fb4a	140535	metadata/regents-club/948.json	f7d6166b13099824f6ab2579b46055eff51f249d0900ef31d1d7cc624baae6dc	748
949	images/animata/cards/949.png	15072b4e77dd9bdbb587da6260dcc7005d95aed7f74425b4c4858eeb7afe2cc8	1910389	videos/regents-club/949-v1.mp4	b80720136f7df24362ef35ada08ce5b1ecd5d6913a06e3c24d202b7ce4c2749e	169234	metadata/regents-club/949.json	b4f02821183bd15fe74d8e8f2a02f3734bf1ec0a00ac931128f5554edbf70442	744
950	images/animata/cards/950.png	7727f8c86c5e5e1a16c1351388620cbb85c42714ccc5b1808cd2b5c51d78d824	2480514	videos/regents-club/950-v1.mp4	65e09f1349907bb9f7346a620d8727f2f0d9b66bc0036bc372f29e2f8261dbd6	242738	metadata/regents-club/950.json	b2e7a5320b5bde63478a7c5668d4f5dd0e3abd42fa26ff73aad23f809340f765	744
951	images/animata/cards/951.png	24dc21c440b922d2f48ed3cb1158cdc66cb9a443349f69c32ba2c1e8ed88e9fc	1490312	videos/regents-club/951-v1.mp4	4fdb14b08d4eb18f49f04397ec550db2eb200d8b65b1c17a53b6e493fafde4b0	152241	metadata/regents-club/951.json	e55419de953d6d8bae02ae9eb3ea34e8ed0388f2648615b339f7555fba2774bd	742
952	images/animata/cards/952.png	3e9e72c2cecc5be0b00a325b4b251a4a183086e1ab00d4466b42615606496adb	1605924	videos/regents-club/952-v1.mp4	2ed6d2a201b334f289b25f9a530e40a10dea48b85cd44e5fc089ace85ea293fc	173610	metadata/regents-club/952.json	fa2430b74ade63496d77de29a451be9cd71ee47a15902fde16bdb5cc72399076	747
953	images/animata/cards/953.png	c5eb66d55a98dff076c17932c29df19707e24edd4d87759a0e4a3f9bee995dc6	2445183	videos/regents-club/953-v1.mp4	48698bbd247324caeed685aa377a60817c1b057673745f6b21e7ac02b9b130ea	217358	metadata/regents-club/953.json	12e99da92384dd2dbb6c2597aa5b4b129ec3ddeff3096f2b3f3e52544adb205b	745
954	images/animata/cards/954.png	39e573c27b57c2e94e44c90b3be68021102d364d6fc4a04fc539636f4879fc06	3815519	videos/regents-club/954-v1.mp4	c8e34b48fc4cc38778306841c82b74caf89f95a3e2732e86ac14badb7b14088a	410527	metadata/regents-club/954.json	d73a703198998f05291517e523236d909b122af1367bf953e20064ba915e5228	745
955	images/animata/cards/955.png	c646caa00a8d95a471ed208892b48a157192d9fb343fd51cb556d0567062acd9	1850457	videos/regents-club/955-v1.mp4	e65b553e15252e55f4784bb31b6b0b0aaee9ef50cfaadd12806d2a9df2080f31	168619	metadata/regents-club/955.json	910b0439719d922c4deff6a7a42c57802416d4337f6fbb09cac825c7c6cd9f11	745
956	images/animata/cards/956.png	bf6137b3b7c2858d808c5967c8460f66ab0c2f2baec0db856982d60017b8cc05	1323308	videos/regents-club/956-v1.mp4	d8b257add47713aba8364fd12627b8b811ca708f5fab8d04e17e13d8d48df401	129591	metadata/regents-club/956.json	ecbcdde47935c6bcc340f12473a7b9014fcdb05b7b02efa23be0e05ac2390d29	744
957	images/animata/cards/957.png	15cb657d6122039f20e21af42f679148c233f31ab474c4ac3b107ccc6c8177c4	1385373	videos/regents-club/957-v1.mp4	d1a389c34ef1c505d6882f233baa7e42b356e2706fb18373ae6e9af06060a777	147869	metadata/regents-club/957.json	2fefc81a61cad56a7043c1af817d6a2b64ae5538d9b366683b85cfd01b97b3a4	741
958	images/animata/cards/958.png	d96d020a3b69b6d2fd492fa19247a6e654f84d3f64199509a63e71af1e879b85	1241754	videos/regents-club/958-v1.mp4	4cccbd1e4a809eb55477bdc16f999ffc108acf1917141cdf2981814431110e5f	123067	metadata/regents-club/958.json	0ef91c3c6cbfbcfea96c5acbdd21490f09a440675e083b173b378386e582b437	740
959	images/animata/cards/959.png	29a861c92270af5be8336332924c07b847f900ad2eadba3b3fd0a3c8353d1252	1785218	videos/regents-club/959-v1.mp4	c82136951d65b5e340d2c8119adc2169a256aabac1e10c40b889b2ccc02155de	154253	metadata/regents-club/959.json	65b0a7b5e66fb4522843058622fbb1861ed566ca01abf3846ffbb31b44ce0771	743
960	images/animata/cards/960.png	c28f62df33addbf1c3b39f7915746d9f0da0f4cd52eca105acfeac4308c05ed9	2601736	videos/regents-club/960-v1.mp4	c582335f9afb1daf6134f6ea173db55be3f33e209253f76d52447b4dd5ff6720	215631	metadata/regents-club/960.json	d1c1103f16e740b6d8472bb1c189ddf634d74bb9bd96c59db5cfff77ca8989e7	743
961	images/animata/cards/961.png	6356f4df8b591cb9fd8a6638f599bf58ab802db99e08bde684b6882848fe5288	1421279	videos/regents-club/961-v1.mp4	936d70a949d9c444774356c607bac8e2138a6da340a1afc0912241550077642b	138453	metadata/regents-club/961.json	d712a8269199f1ca297975ce4460333fd219d8e60db1990934b05391955994d0	747
962	images/animata/cards/962.png	1c94d569d7653414ec4403a53663ff11c2f75b05f7b93b15b96fa9f8cffd1d51	1852425	videos/regents-club/962-v1.mp4	c561e319b9d7ae08e2234b5c4dd9b7105e41b69d16b21b496b200da9a0323293	163504	metadata/regents-club/962.json	5185533928de4f9e748d16ae91ad62eb6ad71a8d292d5f331174192911946fa6	746
963	images/animata/cards/963.png	c39790f4385a9242bb92ec4593c725cb1232cceecdb015149a485f4d954fc6bb	2174248	videos/regents-club/963-v1.mp4	5fed08174cff6eb4c24612e19b18c8f41e3d021173bb9d8a11d630160de1f7cf	175922	metadata/regents-club/963.json	79d06ee7be859aaa5e6aa351438467bd31155825b823825c980cc99bcce25b82	745
964	images/animata/cards/964.png	d4b07ee8ca3d254f4f875701faf8a90626c3ac0cf75f6a8f7f2e93998085900d	2187711	videos/regents-club/964-v1.mp4	fc82774df4605cd61a0e923e127066145f3a8d01000ce34a5b3689a6fe569998	186042	metadata/regents-club/964.json	1f2b46c4363c9d91327af617dc9be59e027fc740dc7d5f3a1f3a57e92d9bdddd	744
965	images/animata/cards/965.png	6538b0cdef5db08704ac659dbbae8f7e3133936aa60270fef56fa7c4cfb6354e	2071070	videos/regents-club/965-v1.mp4	78639056accb996c3cc5190441d030f2914e0ac60862cd8d451f59bad9881f5e	215843	metadata/regents-club/965.json	0d9814a20f5459319bed76282fa95f26834bb88201747ef79d33768c6bf845bb	751
966	images/animata/cards/966.png	20bf6eb4f0bb31998fba6835e598a6f7f16eee32456bb0cea8b978f4ca279634	1680914	videos/regents-club/966-v1.mp4	a4db4d4ed7565b468286d0515dced05420ddff5371ee312144d108ec681b93b2	149827	metadata/regents-club/966.json	7dcdc3a1e8c55366501a5ac4bb65f6ff42b058b34809cbc15d2e6e53a0c739e1	743
967	images/animata/cards/967.png	69d030c28f0273738fad35e14d70d33f5a61f5fc6d8f8c412398c0311e52e679	2497310	videos/regents-club/967-v1.mp4	0d5e54ceb01b24a36c20ea175dabef11a6dfe5bbb518a0768309823f509c4406	242133	metadata/regents-club/967.json	f9556da493c3fe30366d2d81be8dfddbf5a54c0fdc302be4c8099b242274db22	745
968	images/animata/cards/968.png	78a48175a6f3b0d5f27e79619e240eacac49ae26833c9ee2a22437320baba9a7	1907822	videos/regents-club/968-v1.mp4	7d72d49b2795f1e220c480453d588b0a85d9ec364c7d5b072ee3df5afee309c1	168922	metadata/regents-club/968.json	a95b466185a437af3700f02478b63359d2fbcfacddcc7c6d487b4c422a001934	744
969	images/animata/cards/969.png	c7ec280bcbb8ef5df1037e6accd0b4ae121ac66835a5753128292e25f4070f95	1224539	videos/regents-club/969-v1.mp4	b28f99fa0f510ecc770a0a8ab6a96a12e0bf7c1e7858e74e7e3c0f0163f4164e	127188	metadata/regents-club/969.json	fb0987e536072cb370c19c93f6eb3ec0e18ed8c4315ac2d83c168bf93e860f46	744
970	images/animata/cards/970.png	89b62d755c0b1f1f82b82297881dd0cf874a7d44bb3c0de0ead45d1370c50e3d	1813840	videos/regents-club/970-v1.mp4	a651aedcb178a1bf45b03ecfcf042f5462f3698849155ce691bd66186b2ed9ed	163116	metadata/regents-club/970.json	b07cb0b531c984229f9354884824074431a8d4207f0fe6882c65b8a639c76e9a	744
971	images/animata/cards/971.png	6ff71bcb57e0a3e5fc4aa8c15505681421da3d0bacadbe87619c087b3a5a250a	1514733	videos/regents-club/971-v1.mp4	700755fc800633523acdcd352be2b724e91455fcc5bf7a1bc23123bf8bc15ee8	160207	metadata/regents-club/971.json	9914aab5a185147c93cc5a12585d3fcadadd0b83968f3c82b99ff2d80b761529	743
972	images/animata/cards/972.png	bed6434efb097fdf4b78b508d943fcfbc2f5d7fb333a0c5829369b146684edfd	2194196	videos/regents-club/972-v1.mp4	bfb721ec7f26908537a044088f15c200cb0ea9eac924357c9668a5ce3949263b	190799	metadata/regents-club/972.json	b5ca8bcd98507764af5574336a8f0beb4b156d294b077341f7bb5a70e64c9fbf	745
973	images/animata/cards/973.png	af6e138de66a3b172500f5ae07dc214e4e2ac3c403d1de2ca5e61913a1147b78	1230531	videos/regents-club/973-v1.mp4	a16dd9e3bd4d864c6dc23b6845e5800d9520b59ded2989b37eb5ce4480746ca7	117086	metadata/regents-club/973.json	eeafe231b6761705500f92be562a1670fc82af2f4f7520a46f4dc4ca7894f0f0	741
974	images/animata/cards/974.png	ac8e80b0987e46f26e452d3a381d21cf4b0eda25b2e31d3723c3da3dabf1b455	1688011	videos/regents-club/974-v1.mp4	8985a5b20e646bee05efb6d38d8ab31e077a9d2be79c271722116a91c0eea5d5	134629	metadata/regents-club/974.json	2e272bb702a02d59222d4fedad1624df1da33fa538d361a98b8ec1eb8ed1b7e0	740
975	images/animata/cards/975.png	8d0b4676c804455a5e42a9b26be74c009f7ce2047f9c9ba811c9240478d64ce0	2196239	videos/regents-club/975-v1.mp4	79d34e45d79f35cd4473fe3c18ed76e89b4c8461307db52a9b709da27734bab8	191060	metadata/regents-club/975.json	f1221d1554b497e86e0b7b2f1e33f36302c3597da774163fc0d4bc7df1d34fd0	746
976	images/animata/cards/976.png	7c4dbd565923895df20a619d406f187fdf3f90e47390af16359aaec7e289d2c5	1582205	videos/regents-club/976-v1.mp4	a693e8680d4a34807e217d93bae99a935deb533ab38d915a2e723ff5bd647019	165094	metadata/regents-club/976.json	3858f120fc699184b39f88e091872d01d950b284cf552a2d55466623617a799c	742
977	images/animata/cards/977.png	545b03831d2af3de63e572abf010a826eb714da9674750b45ef0664727ca4b88	3691427	videos/regents-club/977-v1.mp4	e251ffb34b3d25969a95708727dd4df77fd86807fa3a337b54d951591e8f0d7b	462866	metadata/regents-club/977.json	83e1bd2d3c17ce52be13963cd6f30109531d5581080e74b01f9f53d4b2791980	746
978	images/animata/cards/978.png	e63c02ad02921e298b3b03bf5ac9c4cfa87430f4a8a74d6201257ec0416f306b	1526510	videos/regents-club/978-v1.mp4	03415e6fcee1a05812388f2f9a63815999058db7f1167b7b9f2965eacd6977bf	147887	metadata/regents-club/978.json	1ce31330620f087441dade889f9e977ed69cd6e85772dc3f8db25af516c5c835	744
979	images/animata/cards/979.png	e764fee632d42b61e69c7347c91c5853b0c4f0f1cc84d07f472aae102d139e67	1406608	videos/regents-club/979-v1.mp4	f7c2237e55678187ce24fd002b40696e543a4d21caa2b031e4baa339c00296a9	158042	metadata/regents-club/979.json	5803e8258c15f5fcdf4dae2a2523c31b0611ff433b14369f3d618bb264199d84	746
980	images/animata/cards/980.png	91062949c6933700b0c6586486ede45e299510f14c69b9d7daf396e49bb461fb	1821241	videos/regents-club/980-v1.mp4	fe097a1396302d886a3019c73f7611ae10245370e367c9c58f6c2830dd6f693b	159210	metadata/regents-club/980.json	637e5679d169e89374f099327b81b4b13612cfef22349e4e4bebbb88120c8570	744
981	images/animata/cards/981.png	d6f21a7da49002f84d7bf537ec7dd47c12da64b8c8bce678b1b1fb451131dd54	1732748	videos/regents-club/981-v1.mp4	af8f8b27e5769e4488aa7d1689c723355f214e9a023a5cb78bf3d8cdbbfaca5f	147083	metadata/regents-club/981.json	3d30f268d71361d7e1f4247825e0923a43e0a10280a0993902b66f6e5d656724	741
982	images/animata/cards/982.png	4b100b24ea5effab753a40e9b784eb1467c599c992eafc3ca3901385cda4b6a6	1576654	videos/regents-club/982-v1.mp4	a02fde66109e0eb9c150cf7685a572177c30f3bb6e816adce5dfa6cf75370881	135974	metadata/regents-club/982.json	3ecf70ae7b289c89f2b941827f465acce01e1c68c755c2985927ae019dcbd88e	740
983	images/animata/cards/983.png	8f9c50fc7fdcdf4e298b2ceff7a0f889a4bb72770b52934ce168fd4bc22fc4b3	2086504	videos/regents-club/983-v1.mp4	021a1dd1e5e2f21890550af88a6c0f822782193854d0f1063c5346e4ad98e68b	172293	metadata/regents-club/983.json	8376cd06ce8fe9ee4ca6c4c63a3ec278fe7ff4688a63cabdc673b57dd123e7f9	744
984	images/animata/cards/984.png	eb8be94c48c395561bb66052ec158101619cb1860b9798c9eeaee4a42b5a13df	1678812	videos/regents-club/984-v1.mp4	e8b023d15eb421a9e9fb29ece685772584214524340c0e3e21045fba4e16f95e	152485	metadata/regents-club/984.json	e208e2fdfb0283a587543ba96f13fc9870ca9dd6be25e3bbfe58d16de76ccaff	746
985	images/animata/cards/985.png	73c8ce6c05eddedb84e000a9da89db0c41eb918a2fd40ce832190564debdbfc0	1870937	videos/regents-club/985-v1.mp4	b9a2b0e2990577e149a7a54aa2f6a48198fb892ca3f9a40eac60cb81f4f051cb	143153	metadata/regents-club/985.json	40e01cc1719984973bb8141ad6d0ddf7c7d274c5d84022e1d04337bd19b615c0	744
986	images/animata/cards/986.png	99c20fe256b8414c851b94430746820a3590f4a00b16953477c72394ec352967	1499198	videos/regents-club/986-v1.mp4	d15e902ff218b6c9670af4fcfc24fde1f5edb13185f9561e958d5534c8d8f9a3	135323	metadata/regents-club/986.json	d53f5bca856a268378c52e85b4e204cb33e70fdeef01f1e16f8b1b1cb87cd15a	741
987	images/animata/cards/987.png	0590d7ffbdc8cbb27e64630ed1a2b05ddd93ef96d3d8cb538fe8b6b6dc5a419e	1301279	videos/regents-club/987-v1.mp4	32baa525fc922d82616a9b11b3e3b456f7088358afb90dec1450473c9bb8137b	126729	metadata/regents-club/987.json	e9df1eaf53307816098285695aff6443a687dc6f84295366ae5eea0d7da74955	740
988	images/animata/cards/988.png	8020740128def3279452463179aae57da7bef9c512279f4e0f3a1e80ec511701	3241613	videos/regents-club/988-v1.mp4	502f2c99d8f02ddb6cf2a1776099646aaa287eeb197216801c2b18352923a71e	310120	metadata/regents-club/988.json	3a5205244cd46d6e3ce543bf74aa470d4d2180b032f200da5f677fca784da717	746
989	images/animata/cards/989.png	1bbb52407be570bfafe015ba820953a461673baaf398238852cdb78d86a16a6d	1458845	videos/regents-club/989-v1.mp4	9d6ba238144f164c353b507270f113ffcc0413208f4dd381b902759b05108596	136194	metadata/regents-club/989.json	de495465f0bb646d5e66afa0169760dabc6b90e273c0193fed2a84898824bc35	744
990	images/animata/cards/990.png	332f3395435da55dc63ba01a75ba21a667208332efda07f49ceb9284702b1277	1508650	videos/regents-club/990-v1.mp4	271bfbbdf96bad799e6b0f6ea810ddd08e0d4fe9c115cad8f73953e89b2db5c8	156002	metadata/regents-club/990.json	d98e56e60acdf44f67fe71eb42d95814c20fe0d0858db4319c25e26da596c86f	746
991	images/animata/cards/991.png	013f3a6a38590401150d233172737a4119c222e3fd9e72b279bbf335850abe2b	2083354	videos/regents-club/991-v1.mp4	97c59ee7c74bcd5c0c5fcf01cbfc5b4f0273a01b63b8967ae12be61a9433eac9	176699	metadata/regents-club/991.json	9256649c0713d3668def45c7d50036292a8f0c3a233047f45ee200e13cca6c26	744
992	images/animata/cards/992.png	dfda2832e15a0b531046ef262b1d49ae421419eccc0d74efa7252ea88d1158f5	1646835	videos/regents-club/992-v1.mp4	4d00091ef9bf1c1f9405b95c3849e62c7c72a2e09d1b5c539709116d0b1dc36a	168361	metadata/regents-club/992.json	e62b1795690aaa68800ac49658a834f1a27393b590df73b911b51d12666e9fa5	747
993	images/animata/cards/993.png	61a0e083e7e9499f6e77869c16bbec8d2ee12c9ae721fe2858bf5d0baa2f4d1c	1521308	videos/regents-club/993-v1.mp4	9571577e5dd3872c4e46d1709bbcdf30189b3d8a255245f5a65587f400da53b7	131890	metadata/regents-club/993.json	4aedc26adec31cb6fd0b00a1a2dcdca30ae12395aaa79178bf12ca2cc2f57efa	740
994	images/animata/cards/994.png	627e97de8f260d91b249b8646e5529361fc07449e8fe764db362e671bdfef146	1879095	videos/regents-club/994-v1.mp4	0fd3285547c2bc6d374db7cb1c83a09c0c3c674b1da97e4fe917d5c716d7615a	170938	metadata/regents-club/994.json	d994b1cf687223cfd5cd12f97e3284dd5f120329d14a547ca7371d1cc09fa58d	747
995	images/animata/cards/995.png	ebfcad878965eb256e32da44bcfe0f006541000de3ce7f202b70e17e24c17734	2596664	videos/regents-club/995-v1.mp4	0f1c1d68fb15d2afbe84c265b19fdf48fedc6462f45c38e0994508b601bb7fea	266976	metadata/regents-club/995.json	d1340015f3a9f4776970dc921e3bf0ed4752741c38ed4318c894a819468a7bf7	745
996	images/animata/cards/996.png	432e9a1e895b15c917e3c5d256930bdb8f52a645630a853184b722b4b51a4693	1726189	videos/regents-club/996-v1.mp4	78e1ac144680daefed5644094d5bd3fc77b72a6575bc8a25b39c8b5e00567e5c	151448	metadata/regents-club/996.json	e99a8daed01760b3e9a8864e9d7084ba928a1ef1b8d18a316c76d7f5cf4bebe3	745
997	images/animata/cards/997.png	a1dc3e532eaa6e2bb9a3acdef97b6d5397caa4657206b7502b25dcb77bbd2d50	3339447	videos/regents-club/997-v1.mp4	ff34d01d382a1c9340fb197fbce3147d7a20e6ef5fdff3c66240eaac6b87d0f2	302133	metadata/regents-club/997.json	f514beeb26a3641f09a025b63f6c87b2b34cdb40df8efad7df135b208d0effa9	747
998	images/animata/cards/998.png	94ba6f4c17201e22ac9d3f255efc51da5703949675136302b7aeac43f8ca5a4e	1596028	videos/regents-club/998-v1.mp4	ad02f9bfd625b8b1fc248898eb88404f26bcfefd2f48f4dd3edfbaec4a72e893	133720	metadata/regents-club/998.json	201927d3cbaef44f2a3b75c0410f820e6c65dfd2565ed4d29a99e4af69f220d2	740
999	images/animata/cards/999.png	34424747f8241b0427e0814bd3a92b9af12ef111173cbe6ae28d0555e01aca2d	1876094	videos/regents-club/999-v1.mp4	0639c51f0ebfa0d336ee33f8dabc661aa2d1c84e776afaa61b2ca41afbd28300	165302	metadata/regents-club/999.json	d72332513ce2ecdcfdc9b15346e442a5273dc2d3fb0c876ed3508d5baeb58b38	745
1000	images/animata/cards/1000.png	57593ac2ed34419b8f08b2af98b7d0dfc5c58717397703f799ed07f49c2b4f05	2664321	videos/regents-club/1000-v1.mp4	3b45cfa8ace6cea4b3ec0735c10fb6bb3715a7657074a77bd41591f40ae37c80	243022	metadata/regents-club/1000.json	8f98d94c9bbef30c184ac07277ff96ad3a173aa52934558039a125a3b4b7c770	745
1001	images/animata/cards/1001.png	34ecba094a87be9d80ed12a18ef3b53d0479d9d3424151a5c53cf65ebb558150	1369006	videos/regents-club/1001-v1.mp4	0c666deed0ada4f91848ba877df54581d7f343eab4ccd9126572faf5f6a63b69	136788	metadata/regents-club/1001.json	ae7371f2b1a08d288198b110f22bddab8e83bcd1515cd5965e5131164b1e242f	748
1002	images/animata/cards/1002.png	5de51e51c6f3f6fe9b89add3406bac6942bbcf36b88241dbf83ef720a11fb33c	1807622	videos/regents-club/1002-v1.mp4	128edce6cccd62010bada6b8d364d93035ae7077c6f0d9c9b8f7753195b3d0fe	146958	metadata/regents-club/1002.json	3cb8991e36a05e7ccdb70ab815c3c618a20b767c03949c7d931305f2d1a2f9dc	747
1003	images/animata/cards/1003.png	58846c7067f4c5703cb72f2a071a50b0133f01829dad0d3cef1d3bc5025ac421	1604938	videos/regents-club/1003-v1.mp4	692e07eb70e8a41f6d0c49e50482ad48c86203533c977329522ff295c43bd7ff	159356	metadata/regents-club/1003.json	5b1d554adcb37e9dcb5c9d4f5af2b0424a1b41ab529067ebf367547ddb3d39bf	747
1004	images/animata/cards/1004.png	6b84fd3043db898bffb79096b701dd4a481be89ea3fc53a6991bf8b5298441d5	1535260	videos/regents-club/1004-v1.mp4	a7a5924502bcdf93a8cd6ca9e69efc84b6c59bbe8cb232a1362492a65df11026	137290	metadata/regents-club/1004.json	eb5e35de601281f47a7f1c719cceb5c0ef8a93cf5120cb8be8fa559c4b8da18f	747
1005	images/animata/cards/1005.png	1f2510d26a1eb3bebdc7598168a4c9632bceb83f780d94910bec5dd6593ab912	1455422	videos/regents-club/1005-v1.mp4	1f0c912df4381856991a082c61eea0e94f33bdf9a38afb8e9a35e40fbb3af83c	146983	metadata/regents-club/1005.json	e170817e975c0ec04002d2bbe6d1e1aa9f1020ae09d15f00b1af2ebf3c3ef49c	745
1006	images/animata/cards/1006.png	342814d81e3b4f31dea1ceb4c28375ccca9a103097c864a2c4f7fe92463bb7d5	2211849	videos/regents-club/1006-v1.mp4	eb8db1102b785c26099b0cfaf0239e325da9456df2a58f067f984bd6f704020c	190942	metadata/regents-club/1006.json	ad4ae65800a2ff7ddbdc6048d5eac06a13c8b87e09aa9e39cd9f36bf32543f48	749
1007	images/animata/cards/1007.png	23b1eb9b67283d6cfd842fce2e9646f342c74f6317353f6b36d29f75f3ec215d	1642752	videos/regents-club/1007-v1.mp4	c735e932989ee865d8b741e70e43dfdde4112337a04655c4c9626d3c54a773cf	156514	metadata/regents-club/1007.json	9a2eb79f29d0a46769b96cb16ff604ed3f31e32ec7389381ec61f3e0fc83ce75	749
1008	images/animata/cards/1008.png	0a3ab7e60cd2f8d0185355cb00bdf1d9993548577cb53ebff509737d7a95c4a5	1907138	videos/regents-club/1008-v1.mp4	058924948c2cbee0df2f813db9b49d67ffc803dee04a4a622e0048f9273e191f	160631	metadata/regents-club/1008.json	65ed97f6963b8d1b63246419183d99d2feafeb63d9b565af43a1f58599bb22f8	751
1009	images/animata/cards/1009.png	4f52dd749530afbd939cdd7c1636a3afff6b3a2f44b57426f532d21b41a81882	1782583	videos/regents-club/1009-v1.mp4	9e329e7fb07a47f04f8ac54aada03bcde73dae99756b4ab7be70f609dc2eb4e7	155023	metadata/regents-club/1009.json	e9c413d6368358a9c450106c94857d7faf529e8af2765207548827ff456d7ed4	747
1010	images/animata/cards/1010.png	bc1dfd0bcecf9b33dfdcb846a9acc5b149e47e86ecf54c934010bbfbea9ecb02	2225868	videos/regents-club/1010-v1.mp4	5c6e25fe9b05d43b09436d72ad062f87950314cd877b5fa4b087184bfbd50ed3	201807	metadata/regents-club/1010.json	41a76385b65a2bc817bb14e8031aabb33d16fc72586fc1e7cc65e4ec0a11933e	746
1011	images/animata/cards/1011.png	9b6fe28acb7379b2391865739ae72df08d66263f0301e08b611ae268880e071b	1508042	videos/regents-club/1011-v1.mp4	bdf502d2ca162af6fc58ef57bb50a212a648bc2d94198827aa0670213049ac7d	149091	metadata/regents-club/1011.json	e82ac4a3094a9e93d9f36a034e7f614bc69c16e54afb25579bd97100666a8cf1	745
1012	images/animata/cards/1012.png	878642c72fdd1c136306a81b537c070f1ce0effc8a6d9633c9c595b6fdf18a0b	2113634	videos/regents-club/1012-v1.mp4	63c3b123c08e389578c4a3589033429570038960d5ed72c6c49c029c4bb811c5	181893	metadata/regents-club/1012.json	d18134b2be0db76ec7aa97904e11a8d3f858d20b01c96bfd03fb34b2d249f0ed	747
1013	images/animata/cards/1013.png	84a3009df53211ccf395ea0c006eac875fd4e8228a82c05a56a33b0c683e9b92	2152908	videos/regents-club/1013-v1.mp4	d9a397745a04713022e4770870d8cb25da76a462086e8a32021f976d17f72803	185148	metadata/regents-club/1013.json	147c40af5de71fa1624287777e252465c7610499395e1699c38e1f838da2c93a	749
1014	images/animata/cards/1014.png	b0362089c6a2c13943a57cde17046f7b1f5a7ba14e63adf1a51435dd2e30abb3	2783765	videos/regents-club/1014-v1.mp4	37b00cf2f5e5e0fb81d5075823f23ce5598068b2abca9dff67a3af6a69948901	243064	metadata/regents-club/1014.json	83bfbba96c3ca36a06f8e3253b717f8d929709302f3ea3f954eb14a7f13652f3	745
1015	images/animata/cards/1015.png	34701faa787878aeb61cea7db0b15c743c4efdf5ee556fc4456d1b944bd12e86	1424715	videos/regents-club/1015-v1.mp4	4085b2ea54c12c02bb3e6b889b13d809082de7f44836d9414bf03a6efa5f7077	158429	metadata/regents-club/1015.json	3f470d93c75d1853c761ce873dd9008a6e5d40272002036c5e29e0a974e3cd6f	751
1016	images/animata/cards/1016.png	07a4ac205d9ee489c6127c79d59329e156e21d8b6cf9f7a4a48200a13ff54c41	1700373	videos/regents-club/1016-v1.mp4	38ae92b705b68823943855f8cf93af85fa4d02548f5a2055cc15a8fedf778524	162571	metadata/regents-club/1016.json	7b893da5e36d7f100bb3237763ef2a74b45cb1979c12bb89f609c0d3b70bdd7b	749
1017	images/animata/cards/1017.png	150fb1d5b1fdade7cef774fe88b675b04e95a83452db87293054a59687b82191	1537700	videos/regents-club/1017-v1.mp4	f9a80ed1079bbc1f3f87fe539069e500c873fba4df354ecd3f0014f305e03709	132722	metadata/regents-club/1017.json	7af22a5969a35cd41cb690a869aa67003bbc4e5d7a58eb0974649f321048710a	744
1018	images/animata/cards/1018.png	480869bbf4a3d63ca0fbb6fa209337b53ef24b76452c7e60e61327a4b54b4a3a	2800961	videos/regents-club/1018-v1.mp4	0e5387986f228a0306df1f06fe41e01828c2e5b8dd60d0be83df26da39da8015	239519	metadata/regents-club/1018.json	eb99133a8bbb71d309447b6fc4aae1f43ab5b1ca16802f2a34e69716888a5abb	745
1019	images/animata/cards/1019.png	a373cae832b726c6bbba4b5b8affebaa0c63145c89b67f68e8d71996795e7e6d	2223690	videos/regents-club/1019-v1.mp4	0d2ef02e539711f1f58c9d209583696896736d12dc0169085e05ded30e03b1c0	182634	metadata/regents-club/1019.json	2e8e7bc665e9d0279933ce961cc51cde04666e49be6316b73076ca683c649e03	748
1020	images/animata/cards/1020.png	1bf522c785bc366858849f697312f9488fbc53d601e52e3fc4592854b4782e92	1394726	videos/regents-club/1020-v1.mp4	89244fb09377430bcb0e22df90158afbc75212c476dc0c39629d7c3209165f5a	127390	metadata/regents-club/1020.json	21399ffcbde51ff17563323870633d7422f1005af426b2d5554eb58251691d7a	744
1021	images/animata/cards/1021.png	dc3b35b2b20b6f89d0dc1ebe412d417325bdff860df8bb9afd5e567ae7debea8	2955835	videos/regents-club/1021-v1.mp4	998cd716e0a7cac4921136310fa9ec2098423fb1f2a184e9fba53ebbd5a66541	293711	metadata/regents-club/1021.json	a577591d761232da2a2093ec76e4f17138fc2ecca61a501497ed1549250e306d	750
1022	images/animata/cards/1022.png	f94830205b548a234c1c190bb3e831c83683fad4ef5c30e550df265cc9d42064	1465197	videos/regents-club/1022-v1.mp4	82ac3057844102f5195267e6612d9be798f13aa536a24c132c30cf153013a476	148189	metadata/regents-club/1022.json	973abdcfb3d164941a01a09bf3f4f7368d6622c737b7bc68cd062a7b0dde82a4	749
1023	images/animata/cards/1023.png	29adbd455c55dd40c73318bde1bea6e4bc9bbe321bd117261fb567f8720b191d	1343106	videos/regents-club/1023-v1.mp4	ebdb4915482454a2f0aa13c9a76b5f2d28987176d362609344040310383405a8	134999	metadata/regents-club/1023.json	583ec078e83dd985a021aa89ea8331cf433641df714df179a0e5432aa1ac2a5a	749
1024	images/animata/cards/1024.png	064025abb6403f892ed3731b6c9a5723b18ae41ec1e9f3a26002b3a8e13c3e90	1268077	videos/regents-club/1024-v1.mp4	a665086eb6211383d6876d4a9c82a65af919bad79c9280c7e1e86bf27b6cd14a	135389	metadata/regents-club/1024.json	c83134bbebdb2cdec13f06a920018ba28e0f6250c301e3e672ad824d176650d7	747
1025	images/animata/cards/1025.png	08a0a97cbcf1ff8588ecc7eb94d970e5ae676e74e5d7b87f0aa7b5919b1a70c0	2241073	videos/regents-club/1025-v1.mp4	894e494f7b9bdf6b5e80a2d25e64544ec38c0e59fac37a1dbec4dc6de7ea29d7	192055	metadata/regents-club/1025.json	b0ccd154a60dcfa739819c03696fc6acabc3e309714815bef2ed5b736baf113f	748
1026	images/animata/cards/1026.png	db1fccbc1edae20d204c65cb70c3289e7777cbeb2beb77d528a917e66f37d401	1676552	videos/regents-club/1026-v1.mp4	9bd990d187d7fe398d8f0739176db330a0dd3eee67d27c8f64d5d5f4587f2ba3	157571	metadata/regents-club/1026.json	4c93216973d161d0f2d75d3fcbe345ddfe92c7a262322d1ae753972e7d4d27ac	749
1027	images/animata/cards/1027.png	bc95b6abb154e995072cd06896ab3f52a5be1e3c4215a8033e8463efe0063eae	1172934	videos/regents-club/1027-v1.mp4	1c336ddfe1f2fb7fb5eeded472c241fad1ca8d4f67ca0068baf7b039944049e5	133080	metadata/regents-club/1027.json	fc47053b6eae03ada54017f62c422d55c41efd69bfe2c8bd0e799f6387da2ee1	746
1028	images/animata/cards/1028.png	e6ff9e84bb76cb132a534a24f131c12ae928d474785fa0b4379e2b68985811be	1732164	videos/regents-club/1028-v1.mp4	3938b839aa0e58a7bd54a0e755f3418217c0c09bd9a5c0d3705c6fe883d54335	162365	metadata/regents-club/1028.json	467eae15b66a2047a4d1a3fe2987d1f14ff4b12f77bc52ff8900a1ca8c77c635	750
1029	images/animata/cards/1029.png	b427b2ee4a4a9276c2532a932e8daf31bb9448b02a48575616e01639c4522f2b	1747310	videos/regents-club/1029-v1.mp4	c7d69ad40895392f9c8ffc6880dae6cd84a44fed40423f5d97e61aad756bd2a0	207923	metadata/regents-club/1029.json	9ba6e8d62c765c285a48449161f3a8224f518911d0351905bd244110b2575e95	750
1030	images/animata/cards/1030.png	e5202ee1e4ef2ecd125a72805d82e640a3d2c71e72eb52aa33510decd5911ac2	1632658	videos/regents-club/1030-v1.mp4	0a4c227a8b82c3ab48e7c8b90db56c008654ce11207fa3d6782b28d71e6af563	180996	metadata/regents-club/1030.json	d80c9f0f8ed1cbdbb1a8183836ac61e09b063df25ef2fc9aa6f341b410e21c5b	747
1031	images/animata/cards/1031.png	ef68cdd09de9c1644d0baf8b75e47806da7cc724a740159970f84791282f74de	1413155	videos/regents-club/1031-v1.mp4	463895176764837d00800ac14a9c55f40f57ec625a20c46604207aa040c16ba5	144343	metadata/regents-club/1031.json	05f6b16dd3c28b45a103c3c51376c587dfb9bf33539a828a063461322838bf4b	745
1032	images/animata/cards/1032.png	af486a8cf38968631f84710ec7e92691183a717dbcf7ff234d7991507be98a9f	2071942	videos/regents-club/1032-v1.mp4	d67d235af2cec5f7635991a2d885d4c33482a40a1c02b87855697186b43b36ba	176016	metadata/regents-club/1032.json	9104a6df4df0e13618e573f9b29c4e8f723b6e55c4e15a39c361c6c6ad9538f3	752
1033	images/animata/cards/1033.png	4a9516488157853c5949832aa6c5cd3fae43770ed4b1db12e26bae89517a6633	1637581	videos/regents-club/1033-v1.mp4	c3c5a98428645d6b7b7c565675a381eac01532bf454ac984566361f9b0b846a0	144537	metadata/regents-club/1033.json	7172849f2cf6f59409e67ec89a0d30991046853c467a91f43c9b95b67cae5de1	746
1034	images/animata/cards/1034.png	f73ae2c1dc8f49e6eaef55b7d370c481b086e9c0dd6dc14878233905044a6050	1363894	videos/regents-club/1034-v1.mp4	7ebd67b11aebe0632178b3de2a70c558ed9f209b5d36fddcfc0cb1d89e856e1f	139650	metadata/regents-club/1034.json	38f45fa00eae10c9e3478e4d72203788aad7fa3a1799e818e237d6451ee44c25	745
1035	images/animata/cards/1035.png	6c14525d70672842874c8ca7b2ccbd8ece60ef12c5f585e60a528d76c91d910e	1670934	videos/regents-club/1035-v1.mp4	6725584a39b10a9d2033d2713b2131138d7ba700046b5035bf793a4f26d55484	134939	metadata/regents-club/1035.json	b13835161ca2be216cd159dd1e394d1219d2df4f205d366e889129304560216b	750
1036	images/animata/cards/1036.png	33609e30e83c3415147ce89a0578d4a0ae4806ff430067d3460226d8cdc6becf	1129363	videos/regents-club/1036-v1.mp4	b9404a0164b048544cbc67a287903f68ed703e35498fa3b7faf182ad6bbe6133	122903	metadata/regents-club/1036.json	abe3484ab8625e508061c56f2f140f7b74def56f39d03de05dd3e7b27481a855	745
1037	images/animata/cards/1037.png	ace34d1737b253291216e07c084d63f59f2f393a41b83cab7a46c9e44e044c96	2426467	videos/regents-club/1037-v1.mp4	ec17ae34b458af038c1b7f377e58438bc6b7c4dde19bb82a1a94f3b9115f18c8	232435	metadata/regents-club/1037.json	39a6e5e2a957aa33c3b882d9b0d1e9b2cb2ce94b3d07f2cd4d2dc69a0974ab30	749
1038	images/animata/cards/1038.png	3b12e6fd737a235ea52cb5d91a24fbbf3fad0956d0ef21cc634e09a21330e594	2638926	videos/regents-club/1038-v1.mp4	70536446971420e8a7655a2242f46cc0ce1325574536bdf5168de876b681b964	254511	metadata/regents-club/1038.json	7909c956f7e0ee818e1bc98004f4e9fe35aa1d9419869bdc02cfdc3c99915345	747
1039	images/animata/cards/1039.png	7a2bcce3574d9d53d3d3df850d1143adb07f2823fcfc7d29342da71ff8406a0a	1453267	videos/regents-club/1039-v1.mp4	57148a39a451cded7a799e0cc64eeac184e5b41881b3b88ef82843ddea2633f3	136749	metadata/regents-club/1039.json	5a7af3c3c73d94bbf6d0849dffa1656e9e6d8beaa847246a86660201ffd6d115	746
1040	images/animata/cards/1040.png	05db9a60d1a23174ebe2d296c631685676b33146490398d4e4aded9da68ddf81	2465620	videos/regents-club/1040-v1.mp4	892afd0d7bbf713e3b807e46ba7382ea9896094d86b480df2af280e3530a2185	203731	metadata/regents-club/1040.json	d5593022d6a602eddac7e116f1a52d4bf0965156ddc62409384ea1ed06973aa7	747
1041	images/animata/cards/1041.png	50de8a4c75181d020fd36ba14d8c83caae660885566a7ba61b20891d617abaf1	2333194	videos/regents-club/1041-v1.mp4	3852838cd807f5f648137b6d12920d37874eb910920aafa30317668ad045e28f	223927	metadata/regents-club/1041.json	78c3bc9b52de35ec0a20d4ef95371da51b469a8d879258557dea664d5ef98d87	747
1042	images/animata/cards/1042.png	ae1f499ac344489af108c2b6b9506e9baab3dd62ad68f8985c12656d2ce4666f	1915064	videos/regents-club/1042-v1.mp4	efbd4d5dd690cad96f4534f1956e10d719e2a043d851774817764fba4c112555	195163	metadata/regents-club/1042.json	9f291713695ccc314ab947d8228f83c2df7875d246b7d16597e9528f75b0d878	751
1043	images/animata/cards/1043.png	9f93b59aabd55c0869da758e7617a413cf0a374a528509b4eef0e87cec673e37	1460888	videos/regents-club/1043-v1.mp4	5e374442fa7dd535b9981cceaa62fe15c05d827c50c64f3c85948a4f33287a65	137582	metadata/regents-club/1043.json	2e47bcb5fe5bc2b312b9280c1cb48267fc70ce8cbf5d31a1a99d462b0855debf	745
1044	images/animata/cards/1044.png	cff6effbc7aa39fda21f9a8fbc06cf7008c1f1a2806f4b6436318ff96128e016	1439543	videos/regents-club/1044-v1.mp4	aa4756225fe58a606b0fdc06403f967642bd44031f49a63f72ca850982735183	141165	metadata/regents-club/1044.json	fd23bfa15b08d9ad77c42b4587f20913b41ced23b967e4301878dea408bb29a7	743
1045	images/animata/cards/1045.png	53c12b75bf4c61df6954edada75d9090c09f04e62b3a779fc93bf49ab32faadb	2458936	videos/regents-club/1045-v1.mp4	47fa98b5aedb22f7895b055588273ee0394892ded7b2fcf34e11b8fc28b02fb0	205524	metadata/regents-club/1045.json	9288276abb4941bb6948cc1d72fb979fbe690c9edef479471378f0cae3372d0b	747
1046	images/animata/cards/1046.png	b9ecc9a0cbd862a1615a0a791993a2c8df393c5eed369d430584a606abf4786b	1435702	videos/regents-club/1046-v1.mp4	e236a81d876fef534421126b22bb06327315f3bde552dcbcd56ba1fe2e116f6a	128466	metadata/regents-club/1046.json	f66342955cf03323d8f5f36c1f752b8bc8b77f4c898555d76b36fe715bcf4e48	750
1047	images/animata/cards/1047.png	0da3b41d9b57f57d511323f6b1104f7a465b7d003f6352929044600f77fc4327	1959562	videos/regents-club/1047-v1.mp4	5774bcd4276abcd89bd24371fd3b2534e776f1d86e671d0b10ce628326b5c397	219449	metadata/regents-club/1047.json	230eedadec1b06d5c8c81caf380f46baf0e4607d85ff7aee44d21021270d39cf	750
1048	images/animata/cards/1048.png	7054a3d9f221e10d4fb12fd970cfdf4427195368bada0171de3deb8da5c1bbe5	1899662	videos/regents-club/1048-v1.mp4	525a2feb6d52133f8fb67000544052580f3b494f4a487eb9e3c1d3726b599557	166954	metadata/regents-club/1048.json	c59c421242514dd5a7bc177b0893f15bd194a9905b43eb5b717953050819ae21	746
1049	images/animata/cards/1049.png	5933f786d24b308fa033dbb984b54ce0869f86a85d43baab2cfe18438d161558	1825733	videos/regents-club/1049-v1.mp4	adcffc40bd6f1ee44e62066cb391561876f30a428af9a2bee505ac4995fae293	168247	metadata/regents-club/1049.json	ab845b012b1b5df0ca74faa86fd457c76dbace2908cb1e7024c5fb6bed9ce538	748
1050	images/animata/cards/1050.png	61a444762c5d5e1d743f661b23185e33fb09f7ab5d6456c3ffbd13b1801197c8	1808364	videos/regents-club/1050-v1.mp4	44cbe101d7b98c66880526734f89c42716b99904550137322f5faeb176860544	181540	metadata/regents-club/1050.json	95e2891625c8d5c147eca5701dbf889e7adb98fa58c5af86b4e21ce87deff46b	750
1051	images/animata/cards/1051.png	0f0c0ff206c24a9220b77de9790961b18d6018b4be845e91febf06acbf137ec9	3507854	videos/regents-club/1051-v1.mp4	3141fdf5365dc4c101a42987606a0ddd1d4f7594af5e79f021c22bd6927c9c4f	383121	metadata/regents-club/1051.json	7949299a2330ee5f3ab75b1909369413db6ddc7296bb30f1235bf0e4394e16da	748
1052	images/animata/cards/1052.png	0af3653c102512a44868fcdf805e7bf7dc0c71964ddd17a829e3c4170b403963	1985228	videos/regents-club/1052-v1.mp4	f3c4eadf697706e4ee5e4d2d3fee587146ad72d3f96f58256c1ef42b2d143c67	165554	metadata/regents-club/1052.json	e6769fb43565975ec3add08e704c4563abd59699983174d4b474839101c6879c	751
1053	images/animata/cards/1053.png	6004d301ac111c5f6692a2c16d95ede075a79c186f93a2e4a2c5fe424c180c54	2135850	videos/regents-club/1053-v1.mp4	d72c4c50acce321c0b8d631c5fd29defdd2a3162822f0979dc6028e790865a13	187986	metadata/regents-club/1053.json	0d0a67a3b6af2d30ee5c19ffaec2603cdf0c17f8a8cc0369be1e06a3737bbc68	748
1054	images/animata/cards/1054.png	f143b57a6adb02ff439a180ce5e1b08d9040770b0dc1826ffab2d1f75de0161a	2392979	videos/regents-club/1054-v1.mp4	9a17e7f6ffea3e3f324cde5d7b21f32c737a067fecbc59c5214445e55ce7c16d	193311	metadata/regents-club/1054.json	dfe98af2abaa604cb1ccf71349d40c54542a3dcea64997981e6c9c134a9ff80e	748
1055	images/animata/cards/1055.png	29b1a373ca381e837b2fae82c9cdc701c1785d34800e5742cbb3c0e173a27560	2186719	videos/regents-club/1055-v1.mp4	f1b2f4f3a7f55a9f00a4792acbe9400d58032edae2fc1b7ee5ec2a160769cc09	210895	metadata/regents-club/1055.json	d6037c350717730907d114af79ebe79050ce50d362a308aa62bfd928aa168525	746
1056	images/animata/cards/1056.png	5bfe676cdbddf083f8feac830f88071838070a42cb08afd39ba07e6058311c1e	1854205	videos/regents-club/1056-v1.mp4	1d0a235cd82483ff424738e56146f3255f2a523b789f1a0b5d8107f9dd031e28	169228	metadata/regents-club/1056.json	17d6896f35432e085dfd5f0484adf6ea32ea830f75316d9abeb5fcbad3d51f1a	746
1057	images/animata/cards/1057.png	1b7b5641ff8d9f020d2e901540e1a64dce458952f76bacf64a86f55ffa7c99e1	1644026	videos/regents-club/1057-v1.mp4	f39c7aa2feb6302f5552c4fe65cb8c8d86692b21089757f9bd196a84c7870266	156595	metadata/regents-club/1057.json	5f6e3fadcf4354f884fa23678e1112f38cc2721e20c124d5cf0cf275c78f2d3b	746
1058	images/animata/cards/1058.png	de0904cd9bdaf2bc1e46a023009149ad45831143aca4d6ebe3cae1f4ff2257ed	1783555	videos/regents-club/1058-v1.mp4	4a6f62138b62ca84e1995712cbb8d148b2108aa2618299fe159df50faf226876	160306	metadata/regents-club/1058.json	fb4ffcf7edc7857df459d40fabbca427da078a994df425851c8a7dd821d47423	747
1059	images/animata/cards/1059.png	cb50940b7dfe21e4b20a941fecbc77b3e39363b3452e09855a0ec463ce91040b	1555998	videos/regents-club/1059-v1.mp4	32c05890199c2b0c7a112e84de679af15058449ea878df41f2c5129487990a32	146413	metadata/regents-club/1059.json	c9130b553062b46a06569c41b994cfe91e99569d09c002bff52303e528871d9e	750
1060	images/animata/cards/1060.png	e680206eafbe1bd0d73142c707dc35f6fe4a5948012fbbd678c4f03302a978c5	1689930	videos/regents-club/1060-v1.mp4	ee8367719f3d9bf2cd0e81ff8a0264eb189c865cb0ede1cbcda562062ed82559	151542	metadata/regents-club/1060.json	cd1da32f391f3e5663928c28e10ec7d67383cba27e897b308f74a9e2f8a4bd2e	745
1061	images/animata/cards/1061.png	68e524bd15edff88dcb2153e60c359bb30c0256834ec58ac2f86d999fa38a3cf	1802677	videos/regents-club/1061-v1.mp4	7f6300f91ed7dc96a7fc54922049141289ac1c2b035f1f7473bdbdad82693a8e	166248	metadata/regents-club/1061.json	220ecde95d853f4776aab38fa52104ed96deed1a4b8598e208f8701c2716d7a4	748
1062	images/animata/cards/1062.png	6ebab8aa7405157fe7530eab57e07099af2de1f3b048b0f1ed2c547caa155950	1385221	videos/regents-club/1062-v1.mp4	45acf49f2c07833b9d7545580001e827b2f145e474ee469eca2b1dcace327903	140181	metadata/regents-club/1062.json	cc39d02394e5d8196e653962351b89ba3127775a6c2a55810ca5c8550289aa0b	745
1063	images/animata/cards/1063.png	7f943a1065c217d71ca68ec4cadbed53ff4cf539390cacaefba1fcafcbd5de7b	1615220	videos/regents-club/1063-v1.mp4	fb44457fed459c7a7e6649362976956cffff9513cd11ef06823bea6873f60a94	155149	metadata/regents-club/1063.json	b8a032b48f63f24d2af1a2f9afe7e9663ad2736acf98d1a015230eea33b674c3	746
1064	images/animata/cards/1064.png	032b79912687be988616ff92e3c6f623bf7e320bbb6e0d8928b71c3e31afbfd4	1447207	videos/regents-club/1064-v1.mp4	87cb7d0691bda672a5b9c0a875e7e56ad86ab50b93c6e2628da5f84426062bf7	136353	metadata/regents-club/1064.json	ffa0d0beb95515a564a5123a917bed4b685025170dcefdb7a0a6683244e678bf	745
1065	images/animata/cards/1065.png	66cafd458e18b51cd2f1658feea9cc83cf891009a594f108bd0a43f8b1296e7d	1350822	videos/regents-club/1065-v1.mp4	5b406d9776c7dab359ca6a188956606f639873c5ef64380c460dc45cdee22125	141566	metadata/regents-club/1065.json	dd1e1eb96d4185e1c2cbdeba5d65cbf14162bdcba921e8f9e6ceda9e7bc5c042	749
1066	images/animata/cards/1066.png	8421a0cac47d1d11176f2e7675346c0abc3fcbf3b0966e80b3f1fedb2e3f8d46	1612280	videos/regents-club/1066-v1.mp4	46f5aabaec845376685b0524a1a3a3b410ccb380afc33846833b5dc20c0d1cc9	141009	metadata/regents-club/1066.json	c447da5383a07e6b47aeb7c7a466a658a055b038f1383390718230af203ca6bd	753
1067	images/animata/cards/1067.png	14cec656092ffc2cb959b44708fc3f2c55d97808b6cb874b585a99d7d6f7908e	1875235	videos/regents-club/1067-v1.mp4	50b5a26f93b4c0e6726dadcb35dd3b2d4f75d175354c49f41bf7b8848c257cf5	180062	metadata/regents-club/1067.json	6998d5e271ea3658ca5ca5f38959ca2c71a5a31d379458be0b8dfd9f09f5f590	751
1068	images/animata/cards/1068.png	b09c9bf033a7f09330b09d0b1d47faa1dc59f2c570eee1e32653786c674b7dc8	2088824	videos/regents-club/1068-v1.mp4	e38edf87439dbf50192d50d4d3075c2aca30db282065f5e775eddd01a71d7cfe	175881	metadata/regents-club/1068.json	4cfe1ebba05cf448ba9a41f6e2ea7c5b62359b6c77fbcdc48f55aca24274c108	746
1069	images/animata/cards/1069.png	b36fcd568641c15d07fa803a96eaf16a1f319eb0ddc2dd6de5d04a54de47abf2	1500970	videos/regents-club/1069-v1.mp4	241404193e0072396b83a1fd9b1ac9adebcf74f07d19642065e8ae48e773513d	128086	metadata/regents-club/1069.json	83d86168c8250c4b0201120084a7c3358aad48175f488539416848b4d27c3d56	750
1070	images/animata/cards/1070.png	571a7bc2ebdcd7872c7f1e61125014e4332964e535d9d9d16e2c6df21559d9d8	3534214	videos/regents-club/1070-v1.mp4	e194958c27d6c55a68bed0d0ac5cff56cfa0eae0d18cee5269638e9328818604	390545	metadata/regents-club/1070.json	bb07ff8c3174176a3d4f75c75ba888545b4cbfa43da94a7ef632dae0987b89a3	748
1071	images/animata/cards/1071.png	1aa88b1fa98f2e4dcf1fa23d38eaed9f41355e4429cd616aa47ab47a2edecaf8	2508731	videos/regents-club/1071-v1.mp4	66aeff8ab44ed856f9147b82a1eee7b8688ab9a8989c5af83a9b646aea62c331	223458	metadata/regents-club/1071.json	4baf729eb3137677beb12e447cc8f97f3007f6b34cba2b7e5c6f10eaee6b9e0f	747
1072	images/animata/cards/1072.png	525b19d3a2650d80887318193c4d56adb81a5a4913a2a35a610087ca9b6b4bd9	1872949	videos/regents-club/1072-v1.mp4	a3f42205e62be353d824a0a06eb77619d41a19a1763bb0af4b930a89b3137de1	166540	metadata/regents-club/1072.json	c2f846afc6ea14ccdd7ae7c7833245c449cc4d4a7df7fb14851fa7aa9afc4ff1	750
1073	images/animata/cards/1073.png	d6b2e7ef2d702d1255b96041d13c11c1b394c10e24bc6455eeb69ac97b2d70e1	1580133	videos/regents-club/1073-v1.mp4	1aa0b0533e65c2c4e63cc7f09dfe4f449bf98b34be3a2430ce48e4dfd9e8e53f	144721	metadata/regents-club/1073.json	831be64504f055b96f5686fe8e32080f75feafb8ee9bb99e41c316d18ae03f1e	743
1074	images/animata/cards/1074.png	f3c95728beab32df9454c82ae6994a2510e357f4ac63b31407a7c1afa991be76	1602631	videos/regents-club/1074-v1.mp4	e1b9da60b5c2fedee74a0d9805e32df5c2f3b0c509bb91d63e52c547db46710a	163041	metadata/regents-club/1074.json	8e1619fa68717e0bc7b76c5b7b6374bfea1c94386c4bf1cebafdb9de6240a9ec	744
1075	images/animata/cards/1075.png	c730b7c7d39c59bf0464938fa3ad51aa68535a1e556e360554d67881301ab8e5	1564023	videos/regents-club/1075-v1.mp4	081f7167004d291f6e57864c12ef2b2706a959d538a775332d8d49272c764cbf	134900	metadata/regents-club/1075.json	dea3b3096f2077438d41e68b308c2cffb902b6ceab904a1af07a9fa121761583	751
1076	images/animata/cards/1076.png	aa08c880ff74f324dece5cd86aa41d99b50cd6cbf778767ddce70a758afd6e41	1815421	videos/regents-club/1076-v1.mp4	677522871e3a1beb22136c4eb9ba5fd37c150a56fa7cfb19bfe026a69dac7fec	151364	metadata/regents-club/1076.json	4cbd44b6d44c4abb51d3318b674bd8e7b2c9c002f3d2c0d2735264d0a63e7562	751
1077	images/animata/cards/1077.png	f5a93f42973ed55b9b2dc210f6b28db96c0298f077920d442b1db06907570af2	1677572	videos/regents-club/1077-v1.mp4	27a5ec15d9d38930b15582b83c407159b59810a633695f6e29e526ea41ebd207	162369	metadata/regents-club/1077.json	1516c4647be170d6316b486502acb23c36034fa947c1d03d1a19163740cbb031	748
1078	images/animata/cards/1078.png	a0a33bba4b071b1135f7c8154e444ff14c1d61327dfb491d44af47b6d4cca96b	1678569	videos/regents-club/1078-v1.mp4	c273fb736e47aef2755009c1284f6e8dc10f62b0d969e28548b3421a17a7dbd5	151481	metadata/regents-club/1078.json	11aad32b43cd641eadbbd1a22449c74a53a4b3b0a464f6c3215f89ab24eed836	749
1079	images/animata/cards/1079.png	42b1c41fada4cf8b54c4b67e6e159c126885f88eec673a3a6d521cc7aab875b3	1392648	videos/regents-club/1079-v1.mp4	f5e203d84c3c6cfe2b2ad56bb6ffed3835b535fee146f5bae8f7da7af2306abf	167071	metadata/regents-club/1079.json	5442924c5d948f67fca1558b3993278e91adbc0a4ce3393acd412f2690ded36a	750
1080	images/animata/cards/1080.png	caa47bcba43c4786792f6619744b2241b18043aea1cb73c49d1274545b8f408b	2115205	videos/regents-club/1080-v1.mp4	cb1fa4fe144ce212e3b9d092e7c497c99b6423fe134540843a0d73882c4aef1a	196471	metadata/regents-club/1080.json	53ae384f98e54cd3a11b389e90f71d4d89190df06aac9c21dedeb1264725ff9d	746
1081	images/animata/cards/1081.png	fd04b879cba106bad2b495ab0128c226c45d7cb58e8d3687086762698b40b4b0	1528199	videos/regents-club/1081-v1.mp4	d2174539337c71a0cc89d297db1a7346b82b58d525bfc58f2ceae029d4b95906	147704	metadata/regents-club/1081.json	c9794b6fd1a52a44213a3523ab2e6481d4331f547680940605b82afff507d636	750
1082	images/animata/cards/1082.png	194c181159cdecee9db0140c55133a43d8544d0a686130c7b150967372d13554	2361985	videos/regents-club/1082-v1.mp4	722407c5592142abb22b2e0a9ffb6c2cfb3030b8bda6fbba4a3c1c19333aad18	188994	metadata/regents-club/1082.json	266b188aac6efb0f3d5a2f035ee7a079dd772e7b91b30ba194fcab36586fd7ec	750
1083	images/animata/cards/1083.png	b5c6f032e8900a54c159dcd1e48cce8eaa6d4f1cb803d88cbf8ba7e987ad6886	2410301	videos/regents-club/1083-v1.mp4	011f06703968f946fa2266771a4af696030e0724365196ec618bc1a1d3b99ad3	210850	metadata/regents-club/1083.json	42ca0056bfc2ed53a49e3b751dd91547bd1a600d9e4e54eed87279bb2c0fe7a0	745
1084	images/animata/cards/1084.png	302fd83b0c246b24db04930e292da96dd13aeca7e682b9030fabc01a63e08328	1575044	videos/regents-club/1084-v1.mp4	dfb50a031735398a68808487bda94cc62c48dea582c1a36ba2531040ed38e190	146089	metadata/regents-club/1084.json	c8235ea4475c043c234cbb0b0c52b009ba255ddc973c3babcaaaca878d901f1e	751
1085	images/animata/cards/1085.png	ec6311a1904e344fe1df6308fe6d294e6e7794798821313fd80f06cf2f88e62d	2817889	videos/regents-club/1085-v1.mp4	96d14b2fa79c3ae6adb71364e4fa2d2d4fcad27e66c5d4556253ea1e13c54a0d	297369	metadata/regents-club/1085.json	e250ab66d3a9923f30813ab53169c67ffe8085f942da8c6f28cfd833250e93b3	747
1086	images/animata/cards/1086.png	ef0c2b2d8d3c3eccc9b3ee4605e59bf284f4fdffb498532a2e558c3e6d508215	3004759	videos/regents-club/1086-v1.mp4	2eddea2e8d945f542859dbdef4ce131f65cef09577dbed14f4a14aa31aabf046	344008	metadata/regents-club/1086.json	82dc27ae0a78a09aff483452a8d86553a1377614a92c8f659f13058aaa52f6f5	749
1087	images/animata/cards/1087.png	c1796e9a2711f0bd9605dc14a31d67e9e886fdc50f5ae82cbd5bbc67e074ca35	1470516	videos/regents-club/1087-v1.mp4	87e269984b34846508c287697eed187ee7d88bdf4857630f9addba287cf4f4c1	136501	metadata/regents-club/1087.json	0c5de5d98c817812dbf6ac1717f910d625c09d5720c81da1b83a8a5c3a5565aa	746
1088	images/animata/cards/1088.png	6e4413ae93c368294a1d21cb40d04ccf02282c215ec167118b9810b07c9c1624	1463508	videos/regents-club/1088-v1.mp4	bded4bcd59f88c7678bc2dfe3e31b5d61ee7348130b9da9b8e179fe04f6c8648	144913	metadata/regents-club/1088.json	0ebcd5178b97c00207c04e2b4e234aef4329fc1a10b03a7891a7a9602b758831	746
1089	images/animata/cards/1089.png	aef5e5891950cedb7c03f1968e0cc864b432c94628dd1897d5830cbae7063249	1699476	videos/regents-club/1089-v1.mp4	e0a0f2b37f0100e6118efadae5160cec1676e6f8fc3c003c7be4b937920338df	160785	metadata/regents-club/1089.json	50259c8e141c920e7276d5cc30e41a02f3066b6e7e95f5b565f3d457198d862a	749
1090	images/animata/cards/1090.png	b48be1eb87b7f303865c3bff1265fab15cc33edeeee33bdd130d17c3a909e914	2983577	videos/regents-club/1090-v1.mp4	91cb4e97ae0f57eea29dcd61438ba6e795e5ea9c8c1e30258f175d45c48af66c	281098	metadata/regents-club/1090.json	71e0b4259e06f03ee7bc07152ccc7a8d1eb27552fad8e60604b0aec4a0b4a116	748
1091	images/animata/cards/1091.png	d5b79a8616f0e6300483da32b546cace9a3de06588edbda2a2e33ba9e65230c1	1474059	videos/regents-club/1091-v1.mp4	543cd158bf304db73217d226daebcdc21227ac9db1ee25b511b8bc70eb2c0eeb	133099	metadata/regents-club/1091.json	f39902dc42bfc3e869ba81763a61efa97b09bfb7150e5053d1bb6ede483a97a2	749
1092	images/animata/cards/1092.png	de04a95733f93564d1fc258d96cf281f20677ca87118a05497dfda8ec9bd57dd	1586197	videos/regents-club/1092-v1.mp4	cd9660b9b87c36fb03469606a55f6d85e844d0bd988f5d7a0bccb7abcd4164c8	146053	metadata/regents-club/1092.json	79ea6143da1a7e922c687e6d25b489bbdac40cef5e4b2ca77bf77d356386b289	749
1093	images/animata/cards/1093.png	4f94f5a8fe777b441a9c2a12470709443abb43126443ce2f75cd82e439596eab	3917120	videos/regents-club/1093-v1.mp4	ed87b767d1b68fafd87e3334329fc0e1a344e79f48698a6fdd85e04323543cd0	398248	metadata/regents-club/1093.json	f49e22af6bb19228624e92ca2bdf74cce919dca56d05efa624c20e69f4665987	748
1094	images/animata/cards/1094.png	9023cd83165f346b3ae03c46e0982cd7ba4ef9a1f1a1aac3439a639ba607ec70	1669242	videos/regents-club/1094-v1.mp4	1b2553869323df29b94f19e06f9429b94193079b5865de52e043b6971b25f344	154454	metadata/regents-club/1094.json	568dea7a33d28887a3894fe77ee3d0f7b8bd257d20fe1eb8a705478c17c9a55a	751
1095	images/animata/cards/1095.png	136a5f26e7c1d8eb2d5f86da8986fa3818467c804f98fc7e406a01ffe0a25fa2	3600687	videos/regents-club/1095-v1.mp4	998ca97f72e825acb9a6edbe55fb3b87b879cf37f1b1fc099c49a05d6f961d07	399439	metadata/regents-club/1095.json	5e227a27efe8eddbcd778e70a8eae59afc3c2d06080f62dc6a25125206adbef9	749
1096	images/animata/cards/1096.png	06f600362685a2c49d47ca5871517c98cca4ff3906809374dcca49f15a6bd9a5	1671388	videos/regents-club/1096-v1.mp4	34c4a3cff765fdf91cea7a1bfe2c803b184679a5ea47c0eee39adacfdfb99d0b	177210	metadata/regents-club/1096.json	47af6693a4aa700f41116444fe3676a89b47dcd3265d4d339be307b59466c8be	745
1097	images/animata/cards/1097.png	ff79382eb53f6689a0af8e1977ba7ce642b17e19d4874125872887b3f710be04	2217067	videos/regents-club/1097-v1.mp4	bc10aae9f700960b910f6f0bda9c76937c1cd7c536b18a6eb568d7dd403f1f99	189295	metadata/regents-club/1097.json	7a8bbc0c1943b17c62280f66245fabe0709428a075900b0854daec31db1a8535	748
1098	images/animata/cards/1098.png	dcd2362ec7f2f35f2a33042a5361fb88fbba27a1f2e2571ea028dc53628731c1	1215940	videos/regents-club/1098-v1.mp4	6acd3216379ed961aeea8e61f709ad4243b6dbe3bdb8a1c08f796215ed3fa43c	129902	metadata/regents-club/1098.json	ce99faa0c32b869322475ccd5f10339c88a3f9ef9d77dc159d3cf737e91cbcc3	745
1099	images/animata/cards/1099.png	a3c090dce453b6157eb72dbd56403986a2cee68364ce99e964059b2a865156da	2217857	videos/regents-club/1099-v1.mp4	b8fd585953f418ef9f7a221d82218c585691932d7e9b394ac557f7002cd7b945	186547	metadata/regents-club/1099.json	05a1b32df266e1166581967943457d1665b52b6f8cbe9601e3de27995fc90f95	747
1100	images/animata/cards/1100.png	45c62ef404c33266cc9c37f2975e8ac2e4ac53de27e9f8448cf4c8a9f986e360	3299923	videos/regents-club/1100-v1.mp4	1d254465baf92ab2da9eaa49255524bd01a58be9a70a664d26be0199b88ea817	363833	metadata/regents-club/1100.json	1feff5261bb35073c03554f4cd0f053c389e8106d58d019d01705db06564e07f	750
1101	images/animata/cards/1101.png	6f2b7bdc0a3fc9e9d91f19f04cefc138c7872e96288c8ecc279704d10828cc61	1461786	videos/regents-club/1101-v1.mp4	b0b40a839de44eba483598fcdb28132917ccf7b6a2d5f115e5f9ff88f462adfc	138022	metadata/regents-club/1101.json	b0b497f304b945b472bc827306dd1f78e5c20ef66ed71422912a90499cb08aba	745
1102	images/animata/cards/1102.png	49036174e095737e3a53a853916c3f830d11f7f9597908aed4ba08e054e975d9	3514809	videos/regents-club/1102-v1.mp4	e5bdbf9a7b0084c3fe3bfeaa8f77a78b0881d2d7731d33ed5948ccbb6b7e062d	570320	metadata/regents-club/1102.json	1e4914dcd70e889473c4ecd3b4909e162da243dafa4d1d52c21a9c299aa1fcde	748
1103	images/animata/cards/1103.png	6685017f2bdaeca2ef653f9ef0b649fbd664595024b764be484f18e656ed561e	1564606	videos/regents-club/1103-v1.mp4	4d4bae6a248f41006bec848084241788bc86ade427e629132506a4835237d667	146776	metadata/regents-club/1103.json	08c057ed5cb530a2319be35afaff9d0401fab1a92c272d675d9366e7475947e3	748
1104	images/animata/cards/1104.png	1c1fc5bd8b32db43c2da7c46e8f26cd412543e5a111bb39a6a4fcad3ab517f7e	1715092	videos/regents-club/1104-v1.mp4	6a6590a8e9fbf4b12fc250adc1a19ef876e5d37b663267e13f078127c1fbd770	173591	metadata/regents-club/1104.json	93e31afe82ab3b326b3392edd65590a3f916a5a267e873e671f47fbd641cc7e3	748
1105	images/animata/cards/1105.png	90c244ec6b4b8d8628a9d9e63c4c3d9f5105fef87170b6c3fb5534a348d2568a	2097526	videos/regents-club/1105-v1.mp4	eba8c543f5f22c0b15bd71d93ff5a103c0182edee79b6b562719cedbc6a57222	167088	metadata/regents-club/1105.json	61b377d9de15a50f0ff9cfeafa05f05140c1d54b8d741b4d701177d349d2a83b	752
1106	images/animata/cards/1106.png	c988c835f3c02de15ffbcdeee9298a632c53e75b072e0e5d33c8ecd39669ed9a	1428722	videos/regents-club/1106-v1.mp4	75ba62c8d70b77f9c9110de5822690d871beafff83ea6084826b9d8206c4dbf9	142592	metadata/regents-club/1106.json	a2f01ee9e0bb2b7b51d03943c47412cd250b1c4add01c83cc0358feaaa9d157d	750
1107	images/animata/cards/1107.png	fb97b5ceac0df08de3b1dc1ccfe5ea51c87fa62af1f069ca5f59d882066c2239	1300279	videos/regents-club/1107-v1.mp4	7ef66722292bf5892eeaa611a214db1ee35ba7ce67925d782b9efb0c652e4ed7	134942	metadata/regents-club/1107.json	449b30a5146d6393ad9f6c1a51c09b0a66c31de3588de1ce7dea913696975153	745
1108	images/animata/cards/1108.png	a409880c705b95a33740acf1b2e2f8506f1fd92cc8093ac720c488738337fe1a	2012882	videos/regents-club/1108-v1.mp4	15010802d81fd7e2ce42c58cc555a339711700842ca5272ec31c96e5376db941	165085	metadata/regents-club/1108.json	3a906d249cfc19a3f6def49ce3ea1a5166835d164cb82ab5304b19f5ebe80bce	750
1109	images/animata/cards/1109.png	befa586f0e276ebc689192a55942a16729c0028f2ca6c5e5830b2f126e82b6a8	1591871	videos/regents-club/1109-v1.mp4	15a754c91a13378fe7b6febeb20b80d046914580e739b9414f880576be2cc339	156480	metadata/regents-club/1109.json	5501569cfd05d896e7a9ff62919482a1da820de8dd8f09065f55482672f164a9	749
1110	images/animata/cards/1110.png	e8b01585d3a6bbea38c2cc6fa90524e63d0d00eb1f36b89f320251488307abcc	1233971	videos/regents-club/1110-v1.mp4	d73709970d8e8b9ced709056d2f3e913c48d2e17e5652dd094eee168b3afc2e4	128316	metadata/regents-club/1110.json	74b2b978d8181cca5998c1923e3d36e25b8d3097a27d995dc628fadf47a5020b	746
1111	images/animata/cards/1111.png	2b52c87916ebe4b1df1a7a0123c0eed5f64c74913725838cbe817d6d2e5e7b53	1478757	videos/regents-club/1111-v1.mp4	0b53e88f7ea2ab7e5453ba954bd3470f2c67495d368d66e60bbf3e7bc3bc207d	127079	metadata/regents-club/1111.json	56d2f03ecaec995078e45d9d20bfa57458c58fa52a24a7089d31af55f1512fdc	752
1112	images/animata/cards/1112.png	3d9f63e8d973b08ab0c3f51897cdf2f22c58d1743d78022e3d760e63df6aac7a	1659141	videos/regents-club/1112-v1.mp4	89dbc2d3b7b7d1cef072f80f21392333463139f00bc09728890182651a454089	131387	metadata/regents-club/1112.json	3c4f84231624507c3cba4f43d78a663aa052e1d12fbcf6f94f87125bd31c0cdf	748
1113	images/animata/cards/1113.png	c5f05322d2e2f3c805fa5aa2419678dc7e2b1bd7d100c421a3a79aaaf97b6f0e	1268054	videos/regents-club/1113-v1.mp4	c63351e34ada2a00fc2a4598e4632adfa45f43e7b17f5eaa3ddfdab7cb6eaa48	136384	metadata/regents-club/1113.json	50dd5bd0386c45da529be97290d210f1465a89dec14ff6ccc7de60b81278c811	746
1114	images/animata/cards/1114.png	fb62f9b4eb07b5f2888396cca9adc08fb25766e2a1479d38bb65d5d0c9eaedeb	2792256	videos/regents-club/1114-v1.mp4	45253d0afbd3981f8b567f0fd8e2780ff25a9d968b34100fe3ee9c8e43fd4604	246065	metadata/regents-club/1114.json	8a5bc8777c81deb7937747593c68884c7fed8de21f565c57f2e21bf1ed0f55a1	748
1115	images/animata/cards/1115.png	986b04a1df8f899186bef60779d9b447b10ddafd537540489bebd7f07dcd5855	1599865	videos/regents-club/1115-v1.mp4	ed8f686914d3347704dcfddaa0a1fb0f8e147993184fcdf4b5fab6f57cddd97d	146859	metadata/regents-club/1115.json	c160da57ca40d6b5e41161c202de3a3d7fbd1af85208bffe69d98d198b6c379c	747
1116	images/animata/cards/1116.png	1ddd6c40bdb0b360af55cb4e711c10a0ab118e9d2cebdffa14417e4afaae0dc6	1379105	videos/regents-club/1116-v1.mp4	0f3c22aa53ae4aad3ad701b60bd383a112f8eccbe7c8a6f106480d3a9c248071	132459	metadata/regents-club/1116.json	64aca462a9c28500b375f20c0ee946883457e2185ad8127150fc44e4c3b3b045	749
1117	images/animata/cards/1117.png	ad9c717c17279d2b035391d228a659f56f4c5868c2ea0ef35fc4c32eecc7a9f8	2004340	videos/regents-club/1117-v1.mp4	01c16bee6da6fbc49535fcde9b7cf02c61195ee84f1493e5cc7757723f5483ea	161665	metadata/regents-club/1117.json	2349c5afa415241b6e30ba84644154cbf22fe07d9e3bc56d3d60ab1af20835c6	750
1118	images/animata/cards/1118.png	efdfd401580a742fa8ab72df40535d30b74da22ad956f0e00ae134273dc93056	1096494	videos/regents-club/1118-v1.mp4	ca5de3572c960982ee8868607ff9ac32b86fe3b4b99204f482dedd88addf02c1	118969	metadata/regents-club/1118.json	49e61f4c3b4f73c3195b309910d54db2a2e4eac5e623b529e53e55fa0e0a7ce8	746
1119	images/animata/cards/1119.png	d55a8e293ef7e59f2777e8cd27c3dd61efd1e836d9f9109822ab5f9dd5276585	1575212	videos/regents-club/1119-v1.mp4	ad9dea83bd9ddd65fbd5bd0348d9102876d49d7eafc19a9bb5104f8a021a6d62	143389	metadata/regents-club/1119.json	499278051bebe3efe0f9c5ad92cb1ca8d6596ee95c18b9ba5612dd586175bfcd	750
1120	images/animata/cards/1120.png	f425cfb6c18c46201dd8329bb0d246d5fc59f7d26c463a21194bf67d90092371	1675771	videos/regents-club/1120-v1.mp4	110c2a5151483e089da862c87ae7452b34867f253b580a3a859a30d1fc4a086d	156664	metadata/regents-club/1120.json	f3d00e712295fb3dbe7622a7411fc7d25163fda732ff42089aa70e751b413e73	744
1121	images/animata/cards/1121.png	1928e7315b5a80d26c251077929524a31ef661bcac1d38f673d4059beabafb45	1550823	videos/regents-club/1121-v1.mp4	b987b9fac230c210318a07449aed019208b83ca5ba36478435399917d19d7318	138661	metadata/regents-club/1121.json	1da635888def785c15fa2038bc5f8d708179948af7eb701c343f21c8143c8be6	743
1122	images/animata/cards/1122.png	43def2e405817a2329c8843b1108e3d15eb7604588a5966e26f1ff501e450daf	1277947	videos/regents-club/1122-v1.mp4	bf4f5d8e0b99161762da575bb9bfdd99d7096e4bf98bafcb88e5241bfc8fe176	146685	metadata/regents-club/1122.json	f9071ceb041e58c45d3792807f784e3754f5458201fd352eb4d99668900c2474	746
1123	images/animata/cards/1123.png	14fd95bcab76a04e4762bc06ea9a433e7c66c4ed0d27b1d11aa08bd9bde23618	1719742	videos/regents-club/1123-v1.mp4	744a23e10fff78a9c083a67c35fa6356169e4e0d4b596e2bae1fedb0d081fe6b	152734	metadata/regents-club/1123.json	c38f76cc12275a303e697486e47550a0424add5881d71f4c224a1abb475248e3	751
1124	images/animata/cards/1124.png	4924fbc8ac35bd7248737cdbe1482830f8e649d753e8d1b1eb875216c3773fb2	1570412	videos/regents-club/1124-v1.mp4	dae610222a5757551da1e462ab7ec9e748c6019f37b0154b6d962f68f51f6377	140912	metadata/regents-club/1124.json	e86f5fd5b2a768daf56f0397ef7d2066062a220962fb528febf69b99a52499c7	743
1125	images/animata/cards/1125.png	949af6a1260df42179eed286a66a34423d73271be4e1278edcef89c9e7e1ba8f	1880271	videos/regents-club/1125-v1.mp4	3e6a81143635950e9c149df8ec0f6a0bbbabef1f4a320d00b6a84edd9396bdfd	158934	metadata/regents-club/1125.json	a469e4dc568a9a07952155204ee54778ba6d6d7c3e6fcf16d5915e62ef399654	748
1126	images/animata/cards/1126.png	5ee163f7d38d867268564559b90ee8d8aae709e602432733d56bfde08f76f97e	2186123	videos/regents-club/1126-v1.mp4	45ac080f0e5836fa0ca66ed397c2142616c12d2c1f41703515d1e08ba95b5afb	190468	metadata/regents-club/1126.json	6a94ac991f722e0d3c7e290c8a5b3ae84ed33f226f3b875fdce13627900a5ad4	746
1127	images/animata/cards/1127.png	9f5d3e6473d304ee929dec6b14aade8ed9129aec1d3e355d1679b59472ffa904	1403968	videos/regents-club/1127-v1.mp4	b2ee886ad8c45fe59a2d1d86dbfd094ad0e6d8340af09bad51066ed6f9cf2067	144597	metadata/regents-club/1127.json	ec2787152b3637182a3181e374f931d6b0cdcb6d3319e3833311f6b0e00ba9f1	746
1128	images/animata/cards/1128.png	61f9a801fd5dab8adc624b03128ca30fb1e19b287ffef2cd5c92248bad7cb68a	3499456	videos/regents-club/1128-v1.mp4	6ecc99dbebca67c028d9c8a33e432a83be742e6ba198a6ec7b1854b1f819467c	351775	metadata/regents-club/1128.json	6ac2a718d0b28b6d3d6e67726490b397da2e7558c175c391bb450f725d7e8fc0	749
1129	images/animata/cards/1129.png	e37f916fff111af4fd5337982933908186b3ee2558eea7e13fe5e74ac5e28542	3443403	videos/regents-club/1129-v1.mp4	75a388bf2d7c3c846d65e0038a742092f6aaed5db931eebcee617051cdfc0c7a	373976	metadata/regents-club/1129.json	100c3dd18c7047af41a64b030566c98244cef65901fbb8ec2f2521bb0778f75d	750
1130	images/animata/cards/1130.png	3d2a62a4dc0490bef832308b74cfb96d212426d8c4d7dea16a4b2e85ce51d381	2731245	videos/regents-club/1130-v1.mp4	32497dfc9215180afabc28cd3b035802e608e98c8828c5691f9cefe2a0374e0f	301525	metadata/regents-club/1130.json	b6e1dcd6af5786c228e4c9c4df574c14faddb221257cae7ad403fe474a0bf65d	747
1131	images/animata/cards/1131.png	d85bd9472b090929ffb30c5e68cb629a69bef6d09ecddddcfd2e4ee0618c350b	1508706	videos/regents-club/1131-v1.mp4	f31c310eafe554f17122500744b0fe0b4cc533bfa432f89fdbe97572f4a3ef7e	135816	metadata/regents-club/1131.json	1836292a7df83e2c913e5db216bbf3a867adb910a50fc35f2cae951d01633f3f	745
1132	images/animata/cards/1132.png	b1df34ad09cd6c313e99c5ce75a5c36d4f71df14a38b1e058e94a93e5af87a28	2384182	videos/regents-club/1132-v1.mp4	713f8e5224af89fab074c2cbc0bd4a7ef2b5506174a57a791e7e69ae4affa38a	209768	metadata/regents-club/1132.json	45626543fcdc97c14d6fca80787fbd5d8b03928160493aff215e497ba901d2bc	746
1133	images/animata/cards/1133.png	4ffb97a49e24f759e9ad1a9734a3954639878dc29b7b547b59a8164fe84e9c4d	1469070	videos/regents-club/1133-v1.mp4	bfc9f8e01093e79539733c184f2d2836d304c3ac7f7e4f27bc938f429bbc417a	148801	metadata/regents-club/1133.json	b81e8f5ff866b075dc527ce8d71bd62a9e91c835c96d6c9f76b5b7a18feb2a2a	745
1134	images/animata/cards/1134.png	05f00660cdf10531fc404b0a9d760be83709abf31b9737b2a1cb6b3b2467d02e	1679331	videos/regents-club/1134-v1.mp4	291f5dce1158646012a86dfb18df91e2e1b1a8aef6a01696353d1e4a2ca3bd7b	151513	metadata/regents-club/1134.json	7d3fddcb362ed7256febbf551d5ad1ff6d48843d877c35c1be30f1db2746fe78	752
1135	images/animata/cards/1135.png	aa363405d04768dc6bb282045077442674d09db729c62c66c2c2ed8b1c8d733f	2074090	videos/regents-club/1135-v1.mp4	6c9fae52250f11a9e94cae2cad11980b79453fdd7d1bab2ad1a1592b759ad0f1	186217	metadata/regents-club/1135.json	b4fddb23adcf4dfe441607f1426cfadeef4661bf6bcbda5e3eadf4c3348b0707	747
1136	images/animata/cards/1136.png	478e3999bda8149a311365c19652b93719a465ddcb07ede67b1aebfb6e155631	1431755	videos/regents-club/1136-v1.mp4	eba77da38d7ac686ecb13e609226274f87cf805ef179757a570bb7b9409d6581	139475	metadata/regents-club/1136.json	38d11b517c8b2afa16a26cab68221ccd9bfd3a61d0338a92bde81c80400a4005	747
1137	images/animata/cards/1137.png	1498e280f9ed3e09470fa2f5e21034eee066656b2959acfd9dc0da7185feff11	3059348	videos/regents-club/1137-v1.mp4	da8879d4de22f3b5fa620ef4128f2ae9767b791e27eb749d525c4c7b48cc3417	272302	metadata/regents-club/1137.json	ef042d4f02facd740c272e0fa5456062b853b5e2569937892977784cf1985345	755
1138	images/animata/cards/1138.png	fd003eecbb940ab93fd24f7846db54d20f135e8b8e7ca3d647580cc8b937d641	2253933	videos/regents-club/1138-v1.mp4	d36cac2804526e9f2014d1e977e966a0c25b5df7ada969d55d6c9922b135d683	184092	metadata/regents-club/1138.json	ca110daf9c8b0bafb8517ef7bb37b5958e711d75bfedca739390a12573f39976	749
1139	images/animata/cards/1139.png	16ecc7e44739d5b133c8f3b2725386b9bcf85c881900488ae27f3830f805dd15	1543633	videos/regents-club/1139-v1.mp4	ec4d6e1c893dc706a4b3457b1c261297775555bf095b85bd7ee66db877ee66d2	139625	metadata/regents-club/1139.json	76773c084295630f857574086aedd3048a63f36919cc9b6fd9358fb625ddc31b	744
1140	images/animata/cards/1140.png	a394562266023d4ef2dd48aa3617fb70ef6856f365f8423b4ce77f7a2dbfd7b3	1383462	videos/regents-club/1140-v1.mp4	e1e4ab9adc807c4a17af94bb38cb7e0d02c16ede1ebff9880802fa99f5046e59	131352	metadata/regents-club/1140.json	50d65159205207d1190c34efa84713d72bc2e1bd66a67acf40acdbc80f4048a2	747
1141	images/animata/cards/1141.png	c1f9bd2680c0a86aaf477d0eb38b202f2973fc4db8829971767d225b4a1f1e4f	1608890	videos/regents-club/1141-v1.mp4	039d58a0341d6486e9de74f2faffbe798889b08ea10b4d179184eace6fcb2767	143317	metadata/regents-club/1141.json	818b7cccfa30ad5e4f576fa1d1981f46b135179e84440c9c25c9370866baa971	755
1142	images/animata/cards/1142.png	a7370c95a7fec19b67688cf36671af6046315dc336c23fea5718ce16d1fb17ba	2635485	videos/regents-club/1142-v1.mp4	a02508b72be674bc4943cef7633a40a16cb91a39f44c4da02c4923f1e72c4ecc	260259	metadata/regents-club/1142.json	304d96514472495fb2a6dfb0ca8c8dd75acf5f7c320e81adf4c3fb5bf2dfdb69	745
1143	images/animata/cards/1143.png	16f90cc399290855f1eee1e9e68e299c817d80ca2627da7d432e8804787bdd95	1427170	videos/regents-club/1143-v1.mp4	3648fddeaf77e5fe84ff93557a93d10de8b728734d4914e10bb6aad1d507765b	138584	metadata/regents-club/1143.json	3f7fcc91b2d7e89085f4d28d1825290c95e1746c99a040aa29b90ad70b007149	746
1144	images/animata/cards/1144.png	418174db9e339567bd33cfbce54d5abf3b7f52df1645d5da8518083e86d95d41	1737094	videos/regents-club/1144-v1.mp4	78903f32a55b98f314c519a353603b23e1aee254a083e4321376a2f1e5986c3e	167373	metadata/regents-club/1144.json	cdd5adda77f3421225c992c03cec70e687688779cd4f444a96bb0c23f9bcb7ee	749
1145	images/animata/cards/1145.png	15c5358b3e69bfd1b57bfa68972c552b658149ced131cdc85eaae2aaaa6f797c	1200555	videos/regents-club/1145-v1.mp4	056733088e578a5cf54a711de2aa7af9bebff913d4c8a18da9a0141a7d24eb45	127835	metadata/regents-club/1145.json	9083343cd7ec9632f47bb979a0d91defc735680ef3b34f4026182c0e57656b62	745
1146	images/animata/cards/1146.png	9a6ffdcf23e92cb86939947e6502ed68897a4524be97a787e597204aa339906a	1511146	videos/regents-club/1146-v1.mp4	352c26e3f68d8b3644a4bd98dacae492f777180c21a744b5d6fe698093333eab	146014	metadata/regents-club/1146.json	b6447e98a60f2af03eb6197a6df2ab85a1a5a07ec27c3e34644d54d6efe881de	749
1147	images/animata/cards/1147.png	1915dc43360864b0b8ace8f6af9df1d5044f0a79bc2980b686e6968c0ccab911	1554260	videos/regents-club/1147-v1.mp4	6ac0facbc4fbbf13d3555e48cfea95d811cff01f60aaf62c12e12fb9cded86bd	147544	metadata/regents-club/1147.json	c31715b39a0bed1ef1fbc37bb906761a0ccb0b0fe7006e28ddcc4d7092cd72b9	744
1148	images/animata/cards/1148.png	7d113cba79bdde38104908b76ac581d65c9525f33580914a8a3e9b9d3363a6b1	1652092	videos/regents-club/1148-v1.mp4	077958a34ed585a08b37d6aa33c7ec51cfe2ae3b8e8fbb26856af183d3cbfe41	138604	metadata/regents-club/1148.json	f585f8d0101264cf76c44fdaf105c1515291d481a4bd61a5c4544f9e0c887ac4	745
1149	images/animata/cards/1149.png	4f5b3f4f8c5eac672fa1f25a5142f013042687193b0cb0d3ff11e0908e7e9546	2471895	videos/regents-club/1149-v1.mp4	1ff3f8518e52deddffc8be347363447ce6d79cd24ade98433db005a8dd214e44	227297	metadata/regents-club/1149.json	0ba7ccc21d3b0693f035946d197cb73d863a9c5cff1d39b7c01923836420bc9e	745
1150	images/animata/cards/1150.png	153e57af41106650ae9dfce17479829e4cf5054e366cc537e2c18e89be77b20c	3529327	videos/regents-club/1150-v1.mp4	d4426d825dff6408620bc21af0455ead5c8bd032344a88740b93e54b18f745ea	393741	metadata/regents-club/1150.json	6bc68bf2e9f368ab162eff512c94ea35d1aeecf5d1d6b9fe184748f03bb93708	749
1151	images/animata/cards/1151.png	808f687591fab46ca6d07fdd662d64e714090df4603ad59cde7c2bbf827f3986	2872526	videos/regents-club/1151-v1.mp4	15519eff8527e4deac46ddbe2b9e6b218634d837c585f876f917ed89a927180d	246901	metadata/regents-club/1151.json	bc2632b82b027c56339948ef35ee1a33e362c571ff95c077f8bdf2355fe74798	748
1152	images/animata/cards/1152.png	3547afb774287bf8ec0a35785fddd053594433e7193950aa43dd994cee0da702	1772644	videos/regents-club/1152-v1.mp4	96d12423b3d467dd770fb28079771e677bc5fbbef5c88c1917c6c186033a0fef	181579	metadata/regents-club/1152.json	e04191ec74494c9a51dad701ea3a1094067b9aa0a4f710514138949585b3a8cb	751
1153	images/animata/cards/1153.png	eb39a42f33e2a8ccfaf03dda3a463b069b01ca37a705f9358d222b08916ed211	1579693	videos/regents-club/1153-v1.mp4	aff1e64a53b4bee755dcf3c76589a1c64c84668d04a3ba19ab44ca1e58fa3258	139957	metadata/regents-club/1153.json	f17cd1baa02998072256c25d145984f9b57ae22b117d1063f35d734e3f61fda5	743
1154	images/animata/cards/1154.png	47fda048ea8ddb8abd1f1fa9dde5d90ff4affb2bb2fdbb274705b886422a9029	2170779	videos/regents-club/1154-v1.mp4	6824c1d511c5fea6726f31b060f75f75e2896e9a924eed0d87b70ca666378008	183937	metadata/regents-club/1154.json	c1ba21b50314c5e696b3b544781de3a86f1dbd2e522d12203d2b97a00ebb14ad	748
1155	images/animata/cards/1155.png	52975759fc42a8045abc54d857c95730c0721ddfd6e5588dfe124aba75f6bb15	2303773	videos/regents-club/1155-v1.mp4	3caea99c9013baa74518a6cbded3810810eef405f2ce8a538e9162252c0a66ce	174753	metadata/regents-club/1155.json	0767b020f4a9ca51c5140d6e963316d4eae5ba198c46c2234e25afc6d43808e0	750
1156	images/animata/cards/1156.png	9fa456488ee8aa1e126d359b43216518aeaa26bbb3b15c63242c03126aece8cb	1716483	videos/regents-club/1156-v1.mp4	9c41650392645d7b8c6f3d1a8e5ed8bea6585a2606cfdcaa08dd62cf13831bfc	147933	metadata/regents-club/1156.json	ce56242f3802bb8f6ebb38c06cad79d1014f1a16ecc340b127047324517a395b	749
1157	images/animata/cards/1157.png	c8f92bf9c0df16e993c2e34914e34defdfcdf2f7dc6eff2c16bd0f04680d1d38	2093008	videos/regents-club/1157-v1.mp4	46cef5c718e5815717e161c263ce40d591294526d3d467e7f0164059d5baee6a	189246	metadata/regents-club/1157.json	deaf07098d91ac31e809106db193414dd8e178c7b039b0cbb7869347e67a8693	748
1158	images/animata/cards/1158.png	fcc254efadcdaeeb5bc20b8c38417c5d5269bbaeb1d85d4246ca056a374d0e0d	1298789	videos/regents-club/1158-v1.mp4	1d55303076d70b0b5835712ac5413bfef40c7c83c9302d402931978520357c4c	132388	metadata/regents-club/1158.json	c8050d59f7535723a78b12d38daa526ebef5feee260fac41b1da0f4862577422	746
1159	images/animata/cards/1159.png	a59bea3fe900aade3b48b6e297fddc7f4944b122b0da2539b006fe2407ba6474	1488649	videos/regents-club/1159-v1.mp4	b0dcbab0a69a9c26f2cef574ee7c79d808b79989b0d67f8ce7c9019980667833	151918	metadata/regents-club/1159.json	7c634e25c91fc550e8391c063adbaa4756239e6ac193d3da320d17ba754a2e98	745
1160	images/animata/cards/1160.png	88e6677243e458fe453d613c23d2d8bd2f8157bea43ecf72abd41471ce368e4c	1463327	videos/regents-club/1160-v1.mp4	b95d4e1155bf642b7e4a8960c03913c2e438123b35f3200ab3c9991b9ace40d1	161059	metadata/regents-club/1160.json	9bf9120b96459543da1981b0bdd70319ef4fd3f1c868d4a1ecfed59196b335df	749
1161	images/animata/cards/1161.png	1099d45a23ffc0900f4325b7828be71281d22c3b022946909c3f10dd841ae798	3039640	videos/regents-club/1161-v1.mp4	9a2fcd0eb60057bade79e99a3f8ab7e15079639e30de85dbd525dd3503654f62	278645	metadata/regents-club/1161.json	672e08f3a6145add2f3ea2d4250615f49baea12fb2c24f3019403422ab2e5348	749
1162	images/animata/cards/1162.png	9834aef32e4e26c4491dac212394cac6569267a91e8cfc1d63a4d97f55b20a6b	1643529	videos/regents-club/1162-v1.mp4	d3efd2835147eb86e09aa38293436133d10888fe39f3900498072bdb27e390db	148042	metadata/regents-club/1162.json	3bcdfdd4a78dde41bf28a505f200948e09834b7bb596f30006e779126a34c5e5	748
1163	images/animata/cards/1163.png	9d6ae0c6ca3a3cbcb96225b25aa65d8e4a2f88fc283ccc134d28f50259de0b90	1432001	videos/regents-club/1163-v1.mp4	c847735d96fbe566fbab83b55cfad3430c4ee19839866f8aa948e97ae632e567	138359	metadata/regents-club/1163.json	e9a7573d78931de8f99d7499e5ef23ae84ace6148193d8aaceffbc5edec3ad27	749
1164	images/animata/cards/1164.png	a3166c3bb154f221953a744a35197cbb677f1fb35dd28240ae850f12dd3817fd	2548116	videos/regents-club/1164-v1.mp4	6220b83c0707ed6b1bdbba73798c499387f151e079a915145be0b2e40eac0fdb	266933	metadata/regents-club/1164.json	d0e4d7c88cad4b7a565ea4ee0b5549224312a4925be16811e3d5e23f437e1ec0	747
1165	images/animata/cards/1165.png	4f6b156ad81e6ba941d52d4366abcc04416e0156398b1430b235dee6f77e5933	1752503	videos/regents-club/1165-v1.mp4	efea06e374227a18e15cb51a6aaf6f862f1e492cc66a9f1e5c48a87f032b9fef	157490	metadata/regents-club/1165.json	4917b1e2521d803636779791f8eb65b3fc8286b4b113dde310c08fc42f90a95b	749
1166	images/animata/cards/1166.png	e79ccbbe4cf007d96d56d4815d0c3f642a9dd316a2f5ce60e8e8b4c5c5ff55e7	2096906	videos/regents-club/1166-v1.mp4	23783f89312ecb77e35c35218b447dcc954dba4072d726ece9cce0ba0e5561d2	157854	metadata/regents-club/1166.json	19e29614e615c7b37db248295084807aee32e47454a4dc0aac965b573335d330	750
1167	images/animata/cards/1167.png	7511ec989761b9b1c977931af34dc344f78c9e357385c48153addfc21e6f13c5	1736993	videos/regents-club/1167-v1.mp4	4193ae34552b2e1d9570f10f9deeea17c2b370f63abe1726d7f7e7b7a30a96cf	161931	metadata/regents-club/1167.json	ede154b9e6354c82d048a17d529488550c004adaa7d17ed0061c973ce8f27f50	747
1168	images/animata/cards/1168.png	745c205e5ba19f905a0b4edceb6b8f234f368cd73e86feb5ca56f6d78e0549c6	1478630	videos/regents-club/1168-v1.mp4	643868e5a8a900f44887c09ac7a6187501e0351e9d88391d64356d91e52de977	138593	metadata/regents-club/1168.json	ed164edfaf8819b0cdf5cdf0976c7e17a101bb5a7142c6818b38859e5e8f8b18	743
1169	images/animata/cards/1169.png	62063facee036f2b28f31cbe94de19c845e5671fe17c136b7d8ee029263ac853	2165083	videos/regents-club/1169-v1.mp4	1a4a954f90d1f516b6e3892a67fca6f44e95c409c775f8ef6c05d25bea04fbbe	168673	metadata/regents-club/1169.json	8901773445ac263fe625d211c5564bfd506d702f42219ce099633b11f6080113	752
1170	images/animata/cards/1170.png	c164921c60787f2ab24a9f11e7ebe0a31d0f86524dce8979ac2fa4dd145cbfca	1424439	videos/regents-club/1170-v1.mp4	234fc6f9cddb5940e0da2229b0f8fb25943f8f6a752cee5da2865e5136b26fa2	141588	metadata/regents-club/1170.json	9147125a49820dd8548adbe7b39bb06d3f52acdd519a496bc0da5dc13d57e315	746
1171	images/animata/cards/1171.png	228697a70ef05ff92791120bc458bf5df0e339a9613e0e5cc69f1037dc91d6ef	1411931	videos/regents-club/1171-v1.mp4	4e3d8f323c5df249c2a90b0641ad46bb4a0aa97a6216591cd7fbb740887a65ad	130510	metadata/regents-club/1171.json	b6ddd7194488f52d022f1aacc835bc2f17ed63d7ca1e5540bf4348f83dbb2681	749
1172	images/animata/cards/1172.png	a2b9fb9826d880b13741a80897f2f3626963118915126b42ce6e669dc18a66f4	1519677	videos/regents-club/1172-v1.mp4	7b5a74a875cbc0fcd78614fe5c5ff8ce3d53e52df8280a286533a29f394b683d	134048	metadata/regents-club/1172.json	1553f5e10629caceb133297261bae6c4a22fe5854f896cbb48585782559fa543	750
1173	images/animata/cards/1173.png	842806cdb1d585aa014432f3113626f083209347081bf218b360b41463486ce9	1389175	videos/regents-club/1173-v1.mp4	52ec71d837ada276394963200a173a83dbee1eac607e4bd394913dd3d2868932	137655	metadata/regents-club/1173.json	d7e445e2bd8b305e5c5d02a4059e605bc6715699f95124bcb18512761b70652e	743
1174	images/animata/cards/1174.png	23f6000cad018f81f90e8ec2f00e78426f6fb7862f4f29e000249e1c989a931a	1422220	videos/regents-club/1174-v1.mp4	56ffcf12b412f74e72f03b06ed1e55eb6608973cf198feabe6424f03324d5807	134815	metadata/regents-club/1174.json	884a026e0423717b689818cbbd22a66288baea919422f8c5f54948de4e3b9a4f	744
1175	images/animata/cards/1175.png	4eebfa47d7974af8049ea36c75f126918112eaf82e2f8e0737590d90f67dfd53	1985125	videos/regents-club/1175-v1.mp4	22abdb47cf5ce0fe4548f9240b4c84e233eff44626a2866f3a6d040016eb2fad	156590	metadata/regents-club/1175.json	419cb0a3adc41748606214c96f02dd3061c53422ba3f15a658a1f47da0bf7a56	752
1176	images/animata/cards/1176.png	fb5dc648070f6a9729dfa5fe95eb99ec7315ec93d24defc9c29cfc1b30b78aac	1550460	videos/regents-club/1176-v1.mp4	bf0cd3fb4bb40ce19986c7de1e0aa15b70b6167f0eec0afd94b9ac04870dedb2	145752	metadata/regents-club/1176.json	e79e28afddb093716c2bf7d4732d001be741396144483e77f47b71660496a9c3	745
1177	images/animata/cards/1177.png	73fbebb59ea9de7943e1c6170b94ab8f89feff32a4944b1c5c78440b12cfcd9c	1654018	videos/regents-club/1177-v1.mp4	dd2e169b78b9639b71434aab9ee629b5701ecd2d8ce55bd1791f24429a6147a3	137069	metadata/regents-club/1177.json	374c1b7c58534dda74164f7cdda2b16c0d8079454a51d641184237256f7037c2	751
1178	images/animata/cards/1178.png	112950017a06e662a65364dbce8edc9a51966d7bd94bb7a4fe678ec543af111c	1410419	videos/regents-club/1178-v1.mp4	2aa8daa45c68da1f5084261bb1dde0ebe609ff1c580bf3f5dab42cf44997be30	145641	metadata/regents-club/1178.json	5a0ebfe5219806f9cd250fa1d21bea53ea2c982a8990d06cd4f44e463b367b0a	747
1179	images/animata/cards/1179.png	fd58b4b60474e01c30e6cd4609e650d3e0eb8fbc1c829648b5585c6912ffa6ca	2392454	videos/regents-club/1179-v1.mp4	68dedab3bb7205ccccdcb661675d2e48c6125fe78057b5eceb69615ef9f9e4d1	192361	metadata/regents-club/1179.json	a240abc0032ccbccbf50a7074dc7d55ceae1295b992745d0aa80778265149e3d	748
1180	images/animata/cards/1180.png	b466a5098806070646215c275224986b65056248cb81cbbeaddd6abad7d18805	1890714	videos/regents-club/1180-v1.mp4	7de7949a72a0d99851aad7602814817f6665eeb974a8b50ad47c2b2070dc09fd	163878	metadata/regents-club/1180.json	5c033ac6dc114921c36b2eca4f1898ea23276d301a1dd8e729baad6caa75ad84	749
1181	images/animata/cards/1181.png	627e10bf93ecb1be14cb312b5ea92f7335cbd0c12f34a73c70ece85eb403fd36	1942878	videos/regents-club/1181-v1.mp4	c238f256fc56bb1e1ad0b7e86066be73611b90ac4428cee90095449e7008228e	169598	metadata/regents-club/1181.json	1b86dfc7f0c39c1cb2388c456b4c8ab53dc75f57ea08a637f4c0981cc5de9c20	747
1182	images/animata/cards/1182.png	6990028972a8e0ead664fac08c143222b762299a32c7b0759a3098657c193401	1618663	videos/regents-club/1182-v1.mp4	0d1331c473748c67528ff316786ec9cd80f722e0d5bc564304c996e04bbc2ea4	159984	metadata/regents-club/1182.json	ad28203659a71d4a55380caa6371de2875b46bd3cd2cf9ed1eccfc5a74963e16	750
1183	images/animata/cards/1183.png	89db2469db9876c4d79050a4e51dbe7d2ff7464f105630dac004cdef5cab31e0	1661674	videos/regents-club/1183-v1.mp4	5a81f37bf8b917c40a698ad66c58075de32f2d32331ff72a94a73c1c0834117a	132681	metadata/regents-club/1183.json	2ebd43a22b11ca0d0698124c92dac0a803b1a884e6b4fcfd241d3704178c02b8	743
1184	images/animata/cards/1184.png	9db6b61cfe573e146301cea310ecd2862933edbb4d98b7e2fd8acba9dba17629	2655839	videos/regents-club/1184-v1.mp4	a7ba4f51dfbea317d3ca9305d0dfca41e3cc5c792a4226b1ac8de696ccbfc396	221475	metadata/regents-club/1184.json	c893bfba9d6db6cd1fba393435a6d4e043788a3a93fb961507a231689eec26dd	745
1185	images/animata/cards/1185.png	8994febd8d85e99c353c28b703290eda1eeb0ed25f809a8fdb9904413b5a44e8	1500659	videos/regents-club/1185-v1.mp4	c944c166d42387e8ca780d7a4e8438ce3c98900699831b2699f5333f6e7fe6d4	135559	metadata/regents-club/1185.json	81fa3b0b4b0c8473d88e8ae17f7dc0a897c0b085e6dd447cc454da3973028fe0	745
1186	images/animata/cards/1186.png	370add6ac8c67bb1ca3b264ff427925406456c7e1fea919bafe2c9e650605640	1572309	videos/regents-club/1186-v1.mp4	07a596c3c37162b41bd1affc34f0d378d318aa0e1f9b88b6d734cc1f1e1d5801	138508	metadata/regents-club/1186.json	c4706f3266273eb37295fb34b16a2af77d4edf088df334142cffabd0620309b7	747
1187	images/animata/cards/1187.png	6bedd6c56db0ba57f9be4f1bab1b10313cca0e3b601dfbe3f78f91c271a61e79	1585700	videos/regents-club/1187-v1.mp4	370121051467d9dabf226e24240f2ce2e170ac3e89c0e821d8afefd4ac84ffd4	159033	metadata/regents-club/1187.json	dd13f6e661bf7420aeb19370257b0cbce2bdf5ab1fcc1bca608fde80220c3801	746
1188	images/animata/cards/1188.png	127d1968f1e52d50c6af991b0a560cbc1b8ce976d47d9603c16b7f1d635608ff	2410888	videos/regents-club/1188-v1.mp4	3297d778237883a402f52331f536b623715b257354d3180a251db788f182510a	184556	metadata/regents-club/1188.json	0284ff943bfea70e2a4616c1e9f4937cbd6e2db93e51337b86274f73726e74cc	750
1189	images/animata/cards/1189.png	554674f1ee11b131f9790eac246f45508f0d9a0848f0021ad4186e2ee2962ba5	2503661	videos/regents-club/1189-v1.mp4	82865772a00a3efd5358a8b27aa08f295f90ca1ef339f342b0efc71be776c4bf	231427	metadata/regents-club/1189.json	56983547dcce55ab51934138ddd283b806c4b19c3ec915cd8e9743bf1f9875c3	746
1190	images/animata/cards/1190.png	832e9fa53cbf2fa27f030963edbaa03eee70e3527fe41ab540808fd9f0695818	2231419	videos/regents-club/1190-v1.mp4	13e11a93b686692444100a179dcc00c817f044c25da18c33f5a294cacad258f9	200432	metadata/regents-club/1190.json	ad74f855bd9f0ab05b551db4206a83042f5668daca3ce280fcfee84563c1b4c3	747
1191	images/animata/cards/1191.png	664e2d53701fbbdb12bffc70f535a1751de283f25d3a83cc532b27f2da51456c	3094211	videos/regents-club/1191-v1.mp4	1203494fc4ee46aee11e5aa50cf2506a15a40535a824464497b72465501d5313	267641	metadata/regents-club/1191.json	e3d6faef526b2f5b70993cfa289d7061e256ee0602f316e3c383a7acdf1765c1	749
1192	images/animata/cards/1192.png	e1a308c9df56d06493952c50e44548d682f1273cad500a8adb10fc556acb651f	1357179	videos/regents-club/1192-v1.mp4	451a26191d2d79e1a74265005358993a8025a336f1d5dca4b28a42699f2933d1	149323	metadata/regents-club/1192.json	fe014e6240d2a14c936956a2fdac2e5f75d75fddea0ed4a62fce4f85dcf31b33	745
1193	images/animata/cards/1193.png	8cd415bac5ce4b2b3d0b67c69390b505379e840860ef83c09cd7ac50e06cc452	1617070	videos/regents-club/1193-v1.mp4	34ab1152699898934a50dd8507ffe0e7760d80b522fd388a4b137133c84cf9cc	163925	metadata/regents-club/1193.json	225ab7abc56a68d6a5d9a4ea451b3f5e5e078eb90628af39a3904b5ef84d1b74	748
1194	images/animata/cards/1194.png	c982586a39a9ac4599e27276ecf28cee7a742847d1d8c56ac82dcf93b3e3b528	1538782	videos/regents-club/1194-v1.mp4	de3851d8d4c49fae46baa7449b48f2bb078e69e590cdb73f758a283dcc65dbd8	146231	metadata/regents-club/1194.json	55dc566a461e9691b365c8d520e8f8e761c6c55076de76697f38f11dcff4dae6	750
1195	images/animata/cards/1195.png	b15b984dd7e5b90d8d357962bf86a7d3cfa3b8052254883e4e8a3c14880cd8d7	2211875	videos/regents-club/1195-v1.mp4	1adbd0d353ccf70891c0ffc47803314b26d055be2a546b9ff0a94ad86336359f	175359	metadata/regents-club/1195.json	719e8cd7422f1b2d3142dde9ae7b0f33d4c42d2ab7bfd1f2122432f1bcb553e7	750
1196	images/animata/cards/1196.png	cccd149c7a961565e42c17d7977dc439d663f4a99c23563e61f1cc70b5a97476	2447940	videos/regents-club/1196-v1.mp4	be7dcbf26539c0fd9816f4ca6e78299886336e17cb1e17b453d9aa226a7db118	216547	metadata/regents-club/1196.json	1583aee7825e4b5fea91021b133297ff51b021c6ede1ee423f69e4b8c649068d	749
1197	images/animata/cards/1197.png	1b217d361618026668d65815888b0bd29b8a7c446a5e7246f1e5778bc82e4cb2	2215850	videos/regents-club/1197-v1.mp4	35bfd2b7bbe5962120b21cb66eb4bf1a74628eec4c70616851a82851680b932b	165608	metadata/regents-club/1197.json	d34dd26843b2083d71cb50a67cae8a483058f1bd080c0ad2b217615d5050ab22	750
1198	images/animata/cards/1198.png	e2dd0f7da5b815736f7ee6c505ec7cd1cb6583f29e01b9ed5c8c380457464d80	1391154	videos/regents-club/1198-v1.mp4	cc90f87a2e298a6aeb0c7d52e92c93dca464bce90cc3d514b9c9982e0ca11eec	140290	metadata/regents-club/1198.json	98e3b274c626ced6a3e19bb9f2588c05dc100ebf6775531ac1b6c6b71f974dff	749
1199	images/animata/cards/1199.png	6d36c020cb86199742826278a1420126b973ce34cf52d851b0e01a6c96509dc5	1422553	videos/regents-club/1199-v1.mp4	04929a17432d5aa237aba7dff22b132d6915730aaab32b750bcaf66ff4b475a0	140132	metadata/regents-club/1199.json	32c43b8ace5575088878bd077a7fb315faf3a035e71420e558651b813cdd428a	750
1200	images/animata/cards/1200.png	8aafbd93ed499ce3f85196f764b6618897c0dbe7a707c8b6ad926f215ea7d3b6	2223469	videos/regents-club/1200-v1.mp4	ce2cbc4f3752b74e1c3ce446062e2b68f2119a518291e9725cb42eccfef974cc	200816	metadata/regents-club/1200.json	29d16b87d16c916997b3aaff5a49fa3973678620d3b4db610e017eb8cb3cdfcb	747
1201	images/animata/cards/1201.png	17afc5844af6847b96c241334d9fadd13c4432f6d8cfe8c4131966e058410c61	1631525	videos/regents-club/1201-v1.mp4	f1b81713304de008825eac8c0131017af125133459cc55407259733abf0340b4	143111	metadata/regents-club/1201.json	153d3c5861ff3386cea82e28482d512a14324af9eb92b07e22df5a61e780a065	752
1202	images/animata/cards/1202.png	f1a8561a7566b532fceb694f90b40008a428d82d437458a480f0496a90302087	1580784	videos/regents-club/1202-v1.mp4	c891faf6bad3678291de8e5b2e1623663be948c5a8460f20071d7b4e853d8e19	164849	metadata/regents-club/1202.json	f24e8d0b57047e3feb5d39033b755ac350625cb631c5ca4a6e6996c69cef286b	745
1203	images/animata/cards/1203.png	8ba8b23f9bfc12013bba3861c40b96def65a5497720bb1b686705317a7b0cea1	1788601	videos/regents-club/1203-v1.mp4	0c2985bf84dfba6ab97c7465bc25c7c80d8a94d1c59d123b635d9e5adc91a8ae	160746	metadata/regents-club/1203.json	4083d63507e59a41fe7b4f272a199aa4e9924772a4dd83d1a74c836e83fa45b4	748
1204	images/animata/cards/1204.png	382821f36ed7928e157288c2b38c90d80d4b55ea36f694d1e8773203157a96fa	1565046	videos/regents-club/1204-v1.mp4	3d48ca633ed8feaa9c98cdfed318ac88886aa21218f0fbaa439204388289171d	144070	metadata/regents-club/1204.json	d316a5e2be5553d87d2dc95a6ba2552b273c2da56bdf956d105652e000f9c2bb	750
1205	images/animata/cards/1205.png	af5fe6a9a232b599eb14edde14e3c8f81267e4e4b6b618ea6781de7a49288bef	1299360	videos/regents-club/1205-v1.mp4	abc4ea147fe47377fd39fac4ac727f6072c7ff7728089a807d4c8efbeec9dde4	130037	metadata/regents-club/1205.json	65d05be058a407693657722a27e6cdfce6bea05c8b100fd251c10faee8c3e4a2	750
1206	images/animata/cards/1206.png	c448b93713eb43d27915eabf40c645b6509e9211d9b514cddf5a2fce418ad21a	1718073	videos/regents-club/1206-v1.mp4	ac58cec240ce651d8a2435d77b006f640942cd2df32cca3e6c4e2248245571a7	154267	metadata/regents-club/1206.json	51ceaf49796aa615ad7d4d96d5ec15eff0145db77c21e42fe121d8a72ddf722b	747
1207	images/animata/cards/1207.png	5c6aae6c1d763e9fa4737b8ac3869300d967e0e6f16215bc811aec5fb7521800	2042689	videos/regents-club/1207-v1.mp4	cbd6d8ce3ac5a725c3f0737bc01ed9147ad7ff3cf34a6949b8841de56f0d3ca4	200961	metadata/regents-club/1207.json	512a0daa68be8700eb79a1f6b26db98207a6c97795745fdbfbf474c119cb4d3b	754
1208	images/animata/cards/1208.png	760946514424457f7b86841ebae99a4a35ef5f7783520ec60a5c1c2c8c8d4d8b	1233379	videos/regents-club/1208-v1.mp4	5ed1ab6d92e2262da38f9d4f268eff4d61db8e3b893c06eef5c64256d41e4e88	137443	metadata/regents-club/1208.json	3f18ceac5cd2b5b8d568887f64debe1b969a122462f349aa2f0d5b8c2e3ccbfb	745
1209	images/animata/cards/1209.png	68c178172f8b9354c775d400225dd1707413af84188bd8db1dd7ba608f0c6455	1265225	videos/regents-club/1209-v1.mp4	eb51ce69d4ca98a262778c4e876383493bc77215ccdf2ea96bec7ca3ca5ffcf8	139881	metadata/regents-club/1209.json	366527e898732fb8b94914c30c8ec34b9f2d3b3fa20268eeda48c9482c1f0fd7	746
1210	images/animata/cards/1210.png	6cc5b012252ca455a18bda494c07703017c048fdb8086b942733a25c1c326144	2578117	videos/regents-club/1210-v1.mp4	5f5733147faabd90829450a3697515dc67b3650b130e9a23a6f359e62a037534	220825	metadata/regents-club/1210.json	a4f26563c7b4d9aef69f10abe6752e7ad26194a06cc2f92caf31a0f48d34400b	747
1211	images/animata/cards/1211.png	9c912d648f19a9fec6f00e1d8019ef1e84117033624feb775d419ccd17ffa60f	2421710	videos/regents-club/1211-v1.mp4	abb30dc185e3904f8fc21c9fba8e5acc976f637c9e7b07ed684a6a5c767502d7	216730	metadata/regents-club/1211.json	3c2c28191261f4c6eed970a0034af78e3974106ed7bdc9e2bb76d9fcfd617a60	747
1212	images/animata/cards/1212.png	bae960f8ea3602c2fdc650d7a52b7338c0d7215ebf69995618b11582e8a31438	2207937	videos/regents-club/1212-v1.mp4	0d7511e25d033075d2c3841e1dcd54100d380a391fe498411b3ef0cebd8a3d59	202065	metadata/regents-club/1212.json	89d38ec0be28389b15d455e82e5306c650623bd3c3b3de67339ebee6e68d9eaa	748
1213	images/animata/cards/1213.png	746b648b3359cecbc78fd50cf3ee793c2d9c6ca48d6559af274e1b42904e05b8	1414636	videos/regents-club/1213-v1.mp4	b77e5946a3bc49a8395f7a4103dcd4053fc2a659e2316fc4868bd3654c593d78	141867	metadata/regents-club/1213.json	34ed161ad9a6d9376474e46d496a3f005687b1ad4dec642879c91426b7d5e70b	745
1214	images/animata/cards/1214.png	4a25fc72da710fbf99fc33caf89c6ba6cf12fb0f04e060f167a32f995f55e551	2444069	videos/regents-club/1214-v1.mp4	9266c3ab3d9006dc50f101c3b1521fc41d534e300f3c2d93c6916a1d198b9891	263798	metadata/regents-club/1214.json	b4f568c9dbe23dab99eaf7e9722e8b107fba86ecd3045739410e21beaa9837a5	748
1215	images/animata/cards/1215.png	5798c185d164b2c09e56c1438a9f30a73ae6ff0071cb3af6594a20d7768860a1	1377103	videos/regents-club/1215-v1.mp4	9d27c672e8f70c3cc09c62454d793fc21e67d1096e83b27c6f7cd3ee6eb1dcc9	138829	metadata/regents-club/1215.json	d6136c213dc770be2cc23bd256320a2f7c1155d7558f48f1874eb8ac9ea8163f	746
1216	images/animata/cards/1216.png	40db5e692bb22f48e1e7a9877fc797ef277b1d42d765118a9de66ca1b08e5e1f	1393747	videos/regents-club/1216-v1.mp4	b984a994eae00a2a9f47efd5c0f8c9a288368284df6b8c1f64d8d29fe556ced5	135617	metadata/regents-club/1216.json	db79adfe2c1c0d1200d36c2139d8910d36ab528a8ca5892bca623096e37dbd45	746
1217	images/animata/cards/1217.png	9cd1da177166c5580bde124ab335ecea622dd8359512546e473d78baa2570ff6	1773387	videos/regents-club/1217-v1.mp4	452063efb03ed4df8926e24287eab3987e04871414729a36c2d469a75fea12d5	141144	metadata/regents-club/1217.json	b2917490db4a40546386244e67f8516e69283f67b7164542cded191e92c5f660	750
1218	images/animata/cards/1218.png	21effccf4199df52ed2b7c474bfab6ddc3293a1d44f7ca5d4908625ab0b56fac	1829256	videos/regents-club/1218-v1.mp4	3b1de3ee85277bb92b77f63acbde95be8d9743e14d7db9b5c69433526bb15002	165358	metadata/regents-club/1218.json	0a0a66f0c1617d7c9ba7c7cf296f8c6a8dc4315d38187f30279ba37ab7b42bc7	748
1219	images/animata/cards/1219.png	aa89216e99bbfb87fdcda144c96572c39776a50fbe34dad99ae3e35a2c5b475e	1755392	videos/regents-club/1219-v1.mp4	04f91d63e5eec6a95e7698e8cb32a49274a64e7ffd14a1568e07b12b5b29ad7f	153118	metadata/regents-club/1219.json	6a134e792c3b1caab3af52ba325f3a1f2b252c13bde52cecd7e4e84a0e6b64d0	749
1220	images/animata/cards/1220.png	eb4b276e98600f56a165e97470f7c8a1ccc4e2db9ca373e1cfd99186365d06a6	1728719	videos/regents-club/1220-v1.mp4	395e1e82cbac0799ba825fee04b7621c32bcbedb391851cb9c46356e1ee22a23	153497	metadata/regents-club/1220.json	109390ba24a312d87290b02aa385049716b41fb6e548d0f78543c6542ea0acec	749
1221	images/animata/cards/1221.png	f8bd1012e623e6b92b378516a25261dd23daedabfb6395d80a17bc68db743f8c	2275721	videos/regents-club/1221-v1.mp4	2c546538b3f50b05cd117fc7692cf072dd75465200b04af5d0d0c9cb8bf49b7b	196142	metadata/regents-club/1221.json	98d8aae683a8ebc151d34eff73c241878c1187998f09098995bbb79a6f7869ee	749
1222	images/animata/cards/1222.png	2201f01a34e44df6031315ec4dde7cbba3c2a5b0039e72a66b785c7eb693c18b	1829066	videos/regents-club/1222-v1.mp4	b1532f474e363591d8e4785b886cac3630e979eaf37ad220f7fd6f28b758249f	175403	metadata/regents-club/1222.json	6a1a19421109021f4b4df3354a5c6e1ec5a60900e5dcf72a7806f2d0f6da145a	747
1223	images/animata/cards/1223.png	6dd810972df371ca0b544c4596a65d2294c45f9ef69e9c91b28de5033e333076	1680894	videos/regents-club/1223-v1.mp4	a20e8c711be379240659dd9e013046bf540bc6063bbece17e19379efefd968f0	171560	metadata/regents-club/1223.json	caa1f9dd702d891f4eae911d9a18c0715af347da0140abb53d7a1077190e1c42	750
1224	images/animata/cards/1224.png	5133442ee7b5258ed80936af8485230b47709787b2727cf0943ca271dc47bbb9	1802986	videos/regents-club/1224-v1.mp4	7456e58e03a11640ad71913a6ab15fee28d1a0410276df63196976d4d4f9f916	157539	metadata/regents-club/1224.json	6d3ff61884919d4348e57abffded8fd0d8a5f5ebc3e5f5ab240fc6017515cdda	743
1225	images/animata/cards/1225.png	361b48d4d01bf80134f781227f686938a901839c1ecee181c261e37085ec21f4	2526230	videos/regents-club/1225-v1.mp4	30dd1872baa0f1e0f4d745ca7764898472f8ea38cbc1c885a3c794385309d3d0	226494	metadata/regents-club/1225.json	fcaab3df926c10b3d01bb40744506fcf611164f5da1a552813cc9ec6b7093919	746
1226	images/animata/cards/1226.png	1ecd03cd68e43f9f04b85f0d2f159ae9a730611b7e3c32755156646c34d77d9a	1272211	videos/regents-club/1226-v1.mp4	8ab466f3726bddbaa0ea55f7af4a652dc4d235bb128037ac036adff80fd41ea0	131459	metadata/regents-club/1226.json	e289f056798f1da451deab42351ad5857e8c34c17eac75d0cebb774ea8f22254	744
1227	images/animata/cards/1227.png	f32fbfe119910475c003be5ce371a44979ce31a222e481b7fd9f06fe8621f054	1357091	videos/regents-club/1227-v1.mp4	2ad65e33033c84d86c24970f4916d7ca321f51c906782404cafb69df60ef3cbe	139734	metadata/regents-club/1227.json	06849fbe00d83920ed62d431c4d4b2578381c688332cc22f1f19b67a51d5a006	749
1228	images/animata/cards/1228.png	ccf7ec342aeb3381d90b2acb9a7ab2dab6b52eef430db8ba73f8422fa57d063d	1972220	videos/regents-club/1228-v1.mp4	ade542812944e46534d49e58fe5e56c475f6beb6f61802d73b7eba564482f40e	160832	metadata/regents-club/1228.json	118b1ac9f73f38aeb59b2dc984e241d8b38f63d5212338ac2b2a5fa71c49ea4f	756
1229	images/animata/cards/1229.png	22f5a91abfec69f86a316537094d94898c509724205b8f2d70ef4d24ba1c8c98	1337388	videos/regents-club/1229-v1.mp4	96939d4ed514e10a68eed24ad63b11f81c9b83464decb721562cd4e389906814	130451	metadata/regents-club/1229.json	941d0a68f24b386951027597dad14d20e63818750618b74f3e4ae758371d269e	749
1230	images/animata/cards/1230.png	b8092b2d2bd7c5c8aa1e44063ca15ef92bcf45783764fe95c05f97f7c202a711	1486354	videos/regents-club/1230-v1.mp4	ef99ac6581a151a3fabacbc254dfe04c79a1e3d46210f6c0a67c0c2f29eb1807	143560	metadata/regents-club/1230.json	ea86c32213d056104daed93702e64d6cf0a667d5a0f4c070ab64a1dca43ee68f	746
1231	images/animata/cards/1231.png	626231d717a4ae6fe775bde3ae89bf6bddf56aaf56a49230d71b016ecee94d61	2308568	videos/regents-club/1231-v1.mp4	6a13828b49802441d609dd239d3669e7ac08825aa650b34b599cd16eccf795ef	202022	metadata/regents-club/1231.json	9fbf24dafa568fc198c40164e6c59be70643412a73e07c927af78c8a511e4918	747
1232	images/animata/cards/1232.png	0c3c15bd95836b15e686f89cbd1fcf48cf7321a55e83984fa0e3b4a77e831c2c	1642029	videos/regents-club/1232-v1.mp4	2842d08d387fb959bbff767a9e14666ed39d419dab373e03fac4941fe036cf83	155755	metadata/regents-club/1232.json	f3b1e02832b67e507b466f1faa04b446ccdafa20db4477236fee56819397caa1	747
1233	images/animata/cards/1233.png	295d6e5a103d2c98d2eb1f1b7c4bb29d467ef3a5b72868740dd47b96d8c7933b	1510342	videos/regents-club/1233-v1.mp4	d52aa90ef566e32e4099f5699373d633ccddabe89e9577ba5b9996003ed03421	127941	metadata/regents-club/1233.json	620c2bb810545fe2bc7dd7dd630408a36f5222de9e753de664386dd27b0b74c7	745
1234	images/animata/cards/1234.png	0a6c46e404451bc274c069ff93f027628c86b3513327ff37e0e559fb04995647	1721203	videos/regents-club/1234-v1.mp4	c247cdba5dbdc19a44ef5fea4ad54f825990eb6f64129164c45b28b79e899857	151950	metadata/regents-club/1234.json	079473ba46ad88a1f5a85ad5b568bd3376953d0319559bf0ad4695559d637b68	746
1235	images/animata/cards/1235.png	89f645c541849aa8a7899ad8e341c0159fd0bf61cd66ce3f6523ed848c91e78b	1671352	videos/regents-club/1235-v1.mp4	cf9a7eb716df580d10d3f97c942af20693a0d42e883f2d5f6b025b5f8c59c123	153596	metadata/regents-club/1235.json	c047816f507c5a0a88c6820a3661ef4207708c8c4e8f31025d00796fee9abdc9	747
1236	images/animata/cards/1236.png	75d0d3e77639c67ab347a744b36f65ef6785825a588e2d95bb51e8e0aadc3a15	1505544	videos/regents-club/1236-v1.mp4	f0b3d8cb0a41c44b3849286183ae6f7144d5264a2b56666685c73b67681db1fb	135548	metadata/regents-club/1236.json	2573caa27e11a2a892ce398bfdcb74a68afd7f6b32c1cdd1478f685e330c451d	746
1237	images/animata/cards/1237.png	2f620c1cf7ef98f4882234bab23a9f33abd2c3ac9e95adb8c433006fa7e5ca83	2847802	videos/regents-club/1237-v1.mp4	2eec978b53432c14491ae45ec5b99d9ddb26b582df3030e4ce2002b70c5a29c1	229947	metadata/regents-club/1237.json	f16196a728257ddd12f83155755df943a5a514017385966941fe1553c5a656dd	750
1238	images/animata/cards/1238.png	a5400a52db1e7ba7a3b763d6b303300a489d3fb5d21b503a3a91cd8522001c69	1672460	videos/regents-club/1238-v1.mp4	ee613d3205224cd17cebd4f91cfa42cf8547735a8552900016e8310c55183634	150272	metadata/regents-club/1238.json	56cc6645b66e6d54d4e16855834372a8182cf56f9df4401faddc8453a3998190	751
1239	images/animata/cards/1239.png	1f79925b1063c7de77ceff2db1b928682579e1d932fc42fa30998dc3f35b81b7	3560016	videos/regents-club/1239-v1.mp4	479d9356d6d8f8a2eef752edada2271a131b3a9b806615b3a3856e289c6aa462	374363	metadata/regents-club/1239.json	aca5e2153bd6555bf1bef7d376f701ca982414667d1752201a2ca1906ebc3a7b	749
1240	images/animata/cards/1240.png	67025c60809fc27f337c9531489dd3cd6b198d1d86cdfab6e922fb6aa9b8237c	1525428	videos/regents-club/1240-v1.mp4	724be1761141dff39048d1a13c9313768bb666a8c33373f17abec72d3db917cf	147108	metadata/regents-club/1240.json	a634d700cd9dee0d6c05a236752cc8975c901b1ff2fc38c32119cf53d5540147	745
1241	images/animata/cards/1241.png	0f7b44df8f02eedc31b9679adc479e52169a1634dac428696f1a7f04b9ba6655	1590263	videos/regents-club/1241-v1.mp4	d45257ee1cfd2cf433a04c4eecdb94adbcd4349be99c0768de100b882d785a7e	152987	metadata/regents-club/1241.json	ea3ac3b2c1e5bccc7c0e2a4cf04926011d48aafc5ccd0409ad0d5677f615610f	747
1242	images/animata/cards/1242.png	9a8aae6a6bacaa20ec34baee22beef9fb3628e6ede77ba4b27fdd8392e23156a	1757435	videos/regents-club/1242-v1.mp4	1315e67ebecb98b61bc4fe790003936c7514c3c271921d0dc7aef658bb8d5b59	181129	metadata/regents-club/1242.json	c6ed6c6b51371938e47ce1f12496a908c906bba18faf0cb650360477491a35b4	747
1243	images/animata/cards/1243.png	bf327082cec7a48927d1b513bea6d8732f2143f770bce408f3dfc822c5fa10d6	1491953	videos/regents-club/1243-v1.mp4	0c3adebd4f99fe816c87d5fd56feab961d4c8e9c9a6fb6d0f1f9a044d1b361d1	151906	metadata/regents-club/1243.json	c5d0a117ad59b2fb9e3e67606e5847cebace994719acb98d8167dec8d7fcea96	749
1244	images/animata/cards/1244.png	392fecff97aafea74e03512304f276059a22a81134e3e90a1c4581aed6f6e11b	1266346	videos/regents-club/1244-v1.mp4	f5decd4e6c0220ce17474951970b1e84dc108de4833c573ba71242dc82981926	133392	metadata/regents-club/1244.json	974bf332d55bad50769c94450c649e7be5c5a4e3b6eec9f3981645c06b4a07e0	749
1245	images/animata/cards/1245.png	1f8de283aaf69591e6abee8e96d7d8ec2bfb0efc34ae6075514965cbfdea5fef	1987144	videos/regents-club/1245-v1.mp4	11530c45858276471af63037d40bc11334a80ffec21de1e5a47d59178513cc3e	174558	metadata/regents-club/1245.json	92e5be9a6d9009b500c750db86d42ce727f074dca647c9f99326f47dbe6cc787	747
1246	images/animata/cards/1246.png	9f3420886cd897435fe98ebba8729ddca2d5dc7106fa029374f0e749881035dd	1594691	videos/regents-club/1246-v1.mp4	91fb6cbf70aeacfe8aa106150ef7d2705e53412904d32a50d2ccf00463cc737e	161941	metadata/regents-club/1246.json	71202e9d69171dee5197f1ef9298042f899c1a2acf2b3064da6aa3e161abcada	744
1247	images/animata/cards/1247.png	5aa7de327d15b99ef4abd253a6403e0a46b75b8d82222f1a8173440d595128b3	2098399	videos/regents-club/1247-v1.mp4	08c0eaddec4b649088767d8a27041ed895de1bfba1877aeae0f0b874ccc0a392	159977	metadata/regents-club/1247.json	59b30f3d10d230ca848c8e6aff4bd6f7fce8bb745a550d7ee03a29cce9aee0b4	750
1248	images/animata/cards/1248.png	5381838fefbed90ee2acab221a6286e3a849f129e9ea766539ef784b9cc90731	1373900	videos/regents-club/1248-v1.mp4	f47fb4f53b8f99d199e3a8c2e706f6870e1560f91e175c4f07d3fc8a03514ede	131565	metadata/regents-club/1248.json	572f2ad4888518c119247349944cd471542625a42ef3a88d6e46adec3571923a	745
1249	images/animata/cards/1249.png	8a56cb8c963ef7c9ce56a837a84cbfa5eff08b2cb8de7c41ba924055a3dc8250	1596987	videos/regents-club/1249-v1.mp4	888a6a91ec11198c9e08b8b9086901960d0e59e61a90fcc069087f909fae2a8c	154526	metadata/regents-club/1249.json	581922082f7108930de5abb5699a122ae4e07abe92946d4ce69c993b8a938621	746
1250	images/animata/cards/1250.png	fe5b79a377e6b3d5ff84b4caecf3efcd0d4456cd668a1f4c4a39982d4c7402bc	2754550	videos/regents-club/1250-v1.mp4	b2b7f4d9606d55a813b7a8c21dcb6ccbaa9a451986a56493af4e814230d5580a	230239	metadata/regents-club/1250.json	0321c000d5a75c9d11539759e7c428a6826eb36c0df30cf0cf7fc5246be006fd	748
1251	images/animata/cards/1251.png	9017316b118a2339f7609dd9730a0065aa26d172a08137c686b127440d3e87f8	1824891	videos/regents-club/1251-v1.mp4	6bb4d6fec18219cfd1b272f2dcdda8b025c07246e02b43ed2bf7a919caed0792	171897	metadata/regents-club/1251.json	f86b51d7f82bdbbe73da1bcb271c38099fcd8672da5602f11b71389e43c7aa81	747
1252	images/animata/cards/1252.png	5029c8ff48924b37c0f483b48c552354f81d57be5a61cbe1dbf55f237e1b3f84	3343264	videos/regents-club/1252-v1.mp4	f33b8863e50164d0a085536b028600198a0bcffe024accb0776afc5349020b99	308185	metadata/regents-club/1252.json	251af19194a30a825f65f6e181f570f98afebd8ac1bcff0f29b950e0aadac73c	749
1253	images/animata/cards/1253.png	3fa2a7b218291b75a079102e8e364124d33f6b41a09150b802bf65165e4c169d	1676419	videos/regents-club/1253-v1.mp4	6a3272947ae944f0e63a8d82cdff92cbd200ab54ce2c3b44565f470b528f846b	154362	metadata/regents-club/1253.json	5d9b5259c8cabca2f5bb3fd0539e1b5a240a26998d9372c7da9b4dce31f788c5	750
1254	images/animata/cards/1254.png	d0650a2d90f0eda9bd553401d463fb10693f1c97c613939eef5e54134f08d4b7	2034517	videos/regents-club/1254-v1.mp4	06f3bec59a5404513c79da75f5ee7091ecc1cd51c302c7d1baad8da4b344a58d	151027	metadata/regents-club/1254.json	8e532eeba972a1fd8790ea9ae473a81cf399aa80edf88324d13cbbc8c61738c9	750
1255	images/animata/cards/1255.png	0cebe59c3a0f01ea5b0edff8139010baf7a819c695e7a5340ef18399bc927e63	3326613	videos/regents-club/1255-v1.mp4	21a03a7cad35c81a51b531020806446febfff43d55c5df5d42fa972193bc5168	304211	metadata/regents-club/1255.json	be4fd0131b5ae266093eb19d36553d48e2dd13317d2dac0189c4cb185c4a7c3b	749
1256	images/animata/cards/1256.png	83aa0d2fccd88307979fc36ab6ac9a95aacb0904c4766b3bdc87418a58f756a3	3046789	videos/regents-club/1256-v1.mp4	3ef1f1da476953b461f7b6a42f72a165c623d605f46e8598cc8950439e6820df	277465	metadata/regents-club/1256.json	542c786b4a670b63d03d42cbdf2a867379fb99125005e575093438731f652063	755
1257	images/animata/cards/1257.png	c641d9a85fee09ff7faf7e3e08ab27bc01d809e997d7374664c1c1b566ee70f8	1715773	videos/regents-club/1257-v1.mp4	77bb2a281a9d3513d534793e4fe36e332e50a222fa7ccccc51c60a4c90970756	160138	metadata/regents-club/1257.json	1e42f4f1bf5dbd17571765f2b08d5ae42ef813a9ced5c01f1ed3a68eb0243afa	751
1258	images/animata/cards/1258.png	a3667753f01f8764fc8a014872bb03b548499cad023ef6bc674d3ef3f1a70510	1458689	videos/regents-club/1258-v1.mp4	6d8ee5dbc0820df9d5a859bbd0895e8630f3d27773c0919c7df10d280a8b9e90	156421	metadata/regents-club/1258.json	1717fdba16c19ad0dd3f1a137d5a0b2793f813c6ed7fc1c7b2e90455e2185069	744
1259	images/animata/cards/1259.png	36adc9c3dd44b78b3049504b48bd94d856741238461f33766227b7f6c67e1a1c	1528980	videos/regents-club/1259-v1.mp4	6d7c8eaa629893df5ef8b94e4f0c84486caf633ce38900617abea121e4610ef5	145028	metadata/regents-club/1259.json	6c81398bc95252b4589ff624a73af1820682bdc62ce2a56d3b228d18a5470e2f	749
1260	images/animata/cards/1260.png	cceef16dfa2ca6709e44d122a449671e2137ce1d1a5dda75bc9bdac4d0f4c409	1588459	videos/regents-club/1260-v1.mp4	921f15acefe4940c328de8f22b3b7a146c4ad92413e19cbc57f2abac0e7f9d62	137790	metadata/regents-club/1260.json	767c952847fa2a74e42c815effe7463265a39edc8f97dbb23f3649c24c5f1d49	749
1261	images/animata/cards/1261.png	d37d9f8b3345be901c0ab6cc97bf57a53ba4381f8ef15ecfa93e1d3c4d684c75	1371411	videos/regents-club/1261-v1.mp4	1a1a683101f0c62b20eccf6d89cc9d8932d07c9416e6acdb2644f640b1a2536c	126616	metadata/regents-club/1261.json	81acb596e7f5d0e764286e208a3c5ca113ebfe5faf6652f3d111ec79cd3e993c	744
1262	images/animata/cards/1262.png	66d9825c30f21a0c14f4fc5e0ffe74f193b7f5f45b6eef7760827ef6d7b134a4	2134010	videos/regents-club/1262-v1.mp4	5b22ffe9e9c348f7e4ab75ae5aa162198e1351c20ea2d2abe4b94ff275c27cca	184415	metadata/regents-club/1262.json	876865a9f436ede97f5b09e3c3c7cc81b6ca4a680f9447ebe79ae8eb48117943	748
1263	images/animata/cards/1263.png	5bc3feda359a7d71bafb194826e4e4143df9b2b1ec930f85be24a67e2af9d289	1525261	videos/regents-club/1263-v1.mp4	421216db65cc5cb59fd7c2a639de034d9e724c3fa38535e1786453620d9ebbf7	140009	metadata/regents-club/1263.json	4aa5c221d416f8d208ba17446f1a39aaf6e4a2b0f2ed903ed7cbc0187ccaf787	751
1264	images/animata/cards/1264.png	635267c3d276f4bdaf9dc49e54515b62fdbc982c960bf1d06727bc8aa898b320	1252098	videos/regents-club/1264-v1.mp4	ee761e9743c95065668306664506e2b5ae1fe9a3166c5bf6b469652e1e70be5c	134837	metadata/regents-club/1264.json	79d219134cd5fa2fb88096a5fd7363b8122f60682d5ddff33c530bf90c87b913	750
1265	images/animata/cards/1265.png	60bbbd78fb500fbedcc98ed3ac94233fb8577c5def07965f3659ac7e6a0ce49e	1699806	videos/regents-club/1265-v1.mp4	fcd3f33f15f30e3bbf42fc36f2d99c2b6bdfd4d406a0debdc4d5d0e0bf42d699	167815	metadata/regents-club/1265.json	63d44539b7c3273422b2683eacf2cf9633b7cd55cdc92628bc4036c5dd5c6e02	748
1266	images/animata/cards/1266.png	498ca37bc4a00262325bd9c83d2e5743dead0949d83123510fc9fc21dd798512	1521491	videos/regents-club/1266-v1.mp4	728c5cf6017dd3af92f2a1e6e81d844eb6fa88ff0c228b6b4803789b37017bde	136562	metadata/regents-club/1266.json	322f10e8d9cbc459986dc4a68ec158e41cfc7fe6802a31a2a5066b4b997e0d65	745
1267	images/animata/cards/1267.png	364150ad6d8adc121f2e3f2e2fcc3f0cd9e0c3cee1b097e8998eb55f77f0f41c	1345420	videos/regents-club/1267-v1.mp4	38cc6998bbb40aaef8720aa70c15b05cf08ecbfdd5fa4440d15eb5354d17b688	130639	metadata/regents-club/1267.json	32ca37667101e806e782cdfc50f8d7f993021bfb01a37dc0017392b246ccf10d	746
1268	images/animata/cards/1268.png	39d1711ee20cd2857e96c89b7344ad542866929db9d16c9859731a2843e5e5f8	3006096	videos/regents-club/1268-v1.mp4	865d64d84a018272600a3e27149798754bcc9d55004fd8d2990c7a7306bef9bb	348828	metadata/regents-club/1268.json	1dd5cf0f44b6a3b07a9fbb7a8111f96ee4341e04510949ab9e512924f7065a98	749
1269	images/animata/cards/1269.png	3adfcec9594b1de517a1e68b5288867adcfb8f629526ce5501bb590386824221	2156886	videos/regents-club/1269-v1.mp4	39276f74242e7b9f7de740cbdb6eabdcfa8cef08184c43704bff48a337eaa440	174304	metadata/regents-club/1269.json	0f22ab21c842442e469c236b13aa8d446adb968151f62e4dafe92c4476890711	751
1270	images/animata/cards/1270.png	51625a4ff2ac3364fc01017e8ed78923ee8b396e23ab5f8c81559c17cd1a1ad2	1604436	videos/regents-club/1270-v1.mp4	95da06de94bd17e96eb13e4dd042e15ac5aaa27cf8c87651cd1ec5edbd9abc47	147401	metadata/regents-club/1270.json	f783f18cc9e94feb0b56aab6c1a86777b6041e9bbcb8e8df8c887986cf556008	748
1271	images/animata/cards/1271.png	1d7287aff6a07f9ee02c54d3d836da7621f0a8ce7e227cbcd417924eb02200ff	1890432	videos/regents-club/1271-v1.mp4	aa3d67c92aa87c1809375a1810dd4b048e91f26a2689e2f72a84a242a29ce045	160790	metadata/regents-club/1271.json	8c7ba1d16493a0c8dcb78a9786d7ac2320aded2272355128581c835cfd4c3181	746
1272	images/animata/cards/1272.png	29c97e86d00d156873fab8c40ff626edc0de819628d18e2f67d7733dc7d47ba7	1258413	videos/regents-club/1272-v1.mp4	8e4e91a3a048694fb479b6652f0d4789f1752cc076db70b97b3bf962debe00c8	121321	metadata/regents-club/1272.json	a38a5eacf5e96ee4f32fc2b0e3a5a2e43a6e5b07a5a7a0007bc384f0d8a3d03a	743
1273	images/animata/cards/1273.png	92dc2fd6bd0dda500c5c7931767bf3ef3c69b10c6988f2912559708ba0ca6416	1652056	videos/regents-club/1273-v1.mp4	5d74931a224b81e302945fb79c03b2d98e9a888507e88c3ec9843bc819b0e489	139749	metadata/regents-club/1273.json	c8d38f63308d1c45221f899d4b5bbd14429d901c945996762fa0500b2755fb79	748
1274	images/animata/cards/1274.png	c801efc7b4bdac1cb2d92ee7e222742dd85c00ae45e6538b899e9eadad65e94b	2633565	videos/regents-club/1274-v1.mp4	a32d9a665fa1b30a4f5e025523d31678be60fba821b822643656e15de0eb9ecf	208935	metadata/regents-club/1274.json	ebbdfd961b8cbc09742f22597d2e425e2b72d57123511a673dcd2934d5a2409f	750
1275	images/animata/cards/1275.png	c75691736c4e7759a3c5d7eb438017f1db9790885e4853fbf012248941cd0a7e	2274607	videos/regents-club/1275-v1.mp4	74f4e91f071f2ca617e31fe583a287065b2d959642291fbd20695ee087a11d17	167561	metadata/regents-club/1275.json	847838b6583edc2dd2c8c44fcff4c00551e32768902f77c1fe96f9f7afa67152	750
1276	images/animata/cards/1276.png	4f572f362a5894b773b90b2474e639b2485276f4b102aed8e6ca68e64077e900	2893418	videos/regents-club/1276-v1.mp4	2ab841a27640079f8dd1d2484fa6bc304a5955f6ddbc8f1f3eabdd85f712ba8c	217822	metadata/regents-club/1276.json	e12386616ba67c36d7e53ef471c6a84ed7418091246434bd3d592e2e4c1e190f	750
1277	images/animata/cards/1277.png	98f4bda688670910ac02081ab80021f62e3d9394b740c499fb7c11b27a60e0c0	1635567	videos/regents-club/1277-v1.mp4	000fa660837cb757b40c384babcd0e7b4fea33dedac0e614cee99e7371df2771	146919	metadata/regents-club/1277.json	d3309ab4c52de93befae8be2fb4c7adeef7afe7560c1afa222c5f1ef0d95cf27	749
1278	images/animata/cards/1278.png	865b03da265a0db88b662ac107edbcc875243d0e8a26e457b5943aca57ef5b1d	1825091	videos/regents-club/1278-v1.mp4	95351cbc7e8b1cca085a7e0293576ea0bbd051393bec33db7acfb11baa914d76	174204	metadata/regents-club/1278.json	9436ed30ba3c690ee05ac4bd005621eb57ec6cc2c8d1d73a70550999f8e77004	750
1279	images/animata/cards/1279.png	61ac6b7d09ae224f22c5ea296744c263917d2eb3125923b59f35e15ba25f5d16	1707878	videos/regents-club/1279-v1.mp4	0c06ccf506387d8143bfb8e5aed2463712c24bc661bb0dfca6c813795167ad36	149796	metadata/regents-club/1279.json	bc77c8c1a5b586ac59675ab18c2d9167a88d2b986c41f1c2bdd6395f3cad834b	748
1280	images/animata/cards/1280.png	868baf3423a083077b9b3ac98f9c49774e755427427344575145e9e76d735b7f	1655449	videos/regents-club/1280-v1.mp4	5380fb545ecdd4e6f3b1ab66d71489e2908f01ce516f3a2dd200f3e581f4e57d	144243	metadata/regents-club/1280.json	985aa9987e00e87f185b89ef73a42d6043784040964959fbac81cbea21b47de3	748
1281	images/animata/cards/1281.png	fb89ea5abdba289f62a8de5d9d8d50ff4d1dce2c5e66f4e63b44f21a7ecb407e	1600454	videos/regents-club/1281-v1.mp4	443aadf2dd8e8f47f9465507f4662615d2dbd9a8553ad9480e1eb888662e02d2	149973	metadata/regents-club/1281.json	923e9b023630c1cc23c60480da7fbb0eb732f7c72143b757de585838f91bfbfe	746
1282	images/animata/cards/1282.png	999df80e6727241ce976090a2f651892e399fd953c24b2baa022701bdb8fc487	1299564	videos/regents-club/1282-v1.mp4	7ccd4698a212c43fd3de6e09445995652e3cd3eb7d61e118856e9a01da6fcda1	137344	metadata/regents-club/1282.json	84fee2592fa7a3d4663f7471d57c4d9c2373ed084e627e9d8122f1738b2669cd	746
1283	images/animata/cards/1283.png	de3f5a06157b4f514b6118445f3f711ab1b9cda710680fd48350d8551251b906	1462104	videos/regents-club/1283-v1.mp4	8bc361b07c7067c061d65d17a7e87d4108ca3d45596ccbf73f01fc22efa616e1	157086	metadata/regents-club/1283.json	6472a3c621f0ef54456fc40a95ddcdd00550e195e867d4eda7dc4ba8160a70cb	746
1284	images/animata/cards/1284.png	4ddb6dedeb8d9c61cde9c8afa9e65c40f3aef12063302ec0c780d2b53e0bdf3a	1212680	videos/regents-club/1284-v1.mp4	d0db163b24f779e770a044e4d3106bdaa0dfe7b50957e3ff3bba33995d8f8f48	127651	metadata/regents-club/1284.json	e7afec9bd3e3b74a9ef0ffa96be4a05808b3e2f8188e99397efc3d410125fab9	744
1285	images/animata/cards/1285.png	d9b18733bf633ec1a792115433256e4dcfe44df4db20f545f4a8c9e548d110dd	1476194	videos/regents-club/1285-v1.mp4	10f8f580b51a03621129ac2510e5bd393c88abac6d7c4356d166e552a8b7ea63	131738	metadata/regents-club/1285.json	e43013916c01d7191be08088301e57a5d2cc5d7be8f232e31597ea90526c0d54	743
1286	images/animata/cards/1286.png	7d0ef978246260f29a7ad24610d7baeae178e4ea9d77478e01ac2dda9b91f20c	2313710	videos/regents-club/1286-v1.mp4	690a3f37f66ab95569497f782505fad4afddc3479676f900deada26fa9e00b16	196525	metadata/regents-club/1286.json	610d8f05ffb428902b0ad1eb8ba69d88d9770b41fa8d808282e1d0a6e9422a2c	745
1287	images/animata/cards/1287.png	ae5e7038b8fbca3dc911e9664465915f18551543de10c7cf129c022cbc072116	1153235	videos/regents-club/1287-v1.mp4	3c1ace2805b68ba4b544b9b7ff940897f3589b1f3a3566f3036fdbb7635b4da7	119178	metadata/regents-club/1287.json	56e6d70f5dc99bfdf0b7ab8e4e211cf4d1e07f76cec269a6787e89ecd3f54068	745
1288	images/animata/cards/1288.png	de51ca5163c2d5bc01cd00ea654748d786a43d65b933867d9be6faf9d342cb22	1426752	videos/regents-club/1288-v1.mp4	00db95c8b8218f4e5040d99a03e982a417f0d718b25b880f38f78d1261e5bc8f	137544	metadata/regents-club/1288.json	e52110e708f7544452859f36061c165f36f7c96bc978cf212eb301a4933fa673	745
1289	images/animata/cards/1289.png	37a5abcee3097ddf52cd3c49575f76179c8050059f34003404a16ef8fc29c013	2227212	videos/regents-club/1289-v1.mp4	e82db3a1af83995292faf8971e65326d4b5cb6adc079b325ef2a5c7974cb0e97	200646	metadata/regents-club/1289.json	d9c41f6e74c516b62ae5a089ae770e52e45c45a092b1753b7c4a580192e59ca9	748
1290	images/animata/cards/1290.png	6fd3a9a05667a04e47c93a555fe46b03cdbdaf8e2c3bd0813bb98979777ac0b6	1964350	videos/regents-club/1290-v1.mp4	c68805fac137646a4adc2f55ef4a29df5e7b02fd4d6c3d6de42b80d51ec95b6a	152858	metadata/regents-club/1290.json	6b5858764a48fefd7fd2aefce6cd4116f0cf9b1fd23eff7fe8f1a65885c64242	748
1291	images/animata/cards/1291.png	6e0de10fd54d8231d553927e44c1fb79e789f6815a19ab4449f3da629fe076e8	2323487	videos/regents-club/1291-v1.mp4	67b1eb3273a3e3191e554f2f289e29c259b5be9a7e11182d45b52236d1955b4f	214680	metadata/regents-club/1291.json	7d05f8b2a2d98523c6cb2517ae4a52fa02d06b9d2fbf85cafecd115be53cd5c1	747
1292	images/animata/cards/1292.png	9e8f3f526af277b46cfab58d4f38222a593c62bffc4e5be4c06b9e05fa8008b8	1565527	videos/regents-club/1292-v1.mp4	acb6f0edf398e882fb232dcad2c8f138740babffbbc91cc5a246217af7a9e0f0	150107	metadata/regents-club/1292.json	175cc33ef01345db3712112dc73e3becfdcdc9e5d687a29cb269152d32b4760a	749
1293	images/animata/cards/1293.png	320ffc8f0a72057827e96fb5b62eb9c0a52b02da2d9ed299db633caf31ac3d51	1709268	videos/regents-club/1293-v1.mp4	ac324dd81b30b3084f4ec5f3e15fed7988cf9ca0cbe5deeb7aee32c947941664	146300	metadata/regents-club/1293.json	c1262590459c7c79039884c13ddac81e5827a67bd733494ae0dc5dc036cc3fdd	749
1294	images/animata/cards/1294.png	4b3d5a14500e8b694aea0dbf026cbe6f6e2c5cf840decd122c44097706dcfb9a	2243827	videos/regents-club/1294-v1.mp4	596595e1544356d182ca24c721e532101d0f4d6f4ee47f6d8433b8d9a6be6e37	197880	metadata/regents-club/1294.json	1765721537984b22fe53c063f16c5201cfe8d409f54e6b42b197c1fe7e199fd0	748
1295	images/animata/cards/1295.png	cfce6deb49fd4c0c2f1c254581790796319eac01a97558ec06d9e818daf4dd98	1885036	videos/regents-club/1295-v1.mp4	b01fd36185fc1ad13a5fe4ddeaa5725df8b7335ac7f5632c31611d01566554ab	162450	metadata/regents-club/1295.json	f14cd35a20b2d9a68f329d70f8df81a3fc7218f4ea1b10fb278a00a669cdbe57	751
1296	images/animata/cards/1296.png	5647f628755878ad48f3e3c5fb10baa92139a1f6f40458a07e7eb156ec600f08	1995548	videos/regents-club/1296-v1.mp4	cf0f74b855de3d0a081a4767d82f4e8d6540d0dfebdc0794feb6f36c9180722c	166048	metadata/regents-club/1296.json	3160183a187979cd9c07a4eea88d9e7179a877df2e4af6d2c2f85905a1db527e	746
1297	images/animata/cards/1297.png	a09641a0348fb08df2b5926ddee30b76ea6f79926d89d13163e5d0d81497c8e3	1729677	videos/regents-club/1297-v1.mp4	7ca068326ec072afea8051d3a4320105c73b3f379d8138e1f7ceeb91bc978dca	148591	metadata/regents-club/1297.json	8b3d0e201292baf1d4bfcf91cd899c419a83647ecbf900d8815d040d88cb78f7	751
1298	images/animata/cards/1298.png	217231d019126406b9d2383156dcbddf3a8beb4ede2d4a0ba50a1554637bdf56	2254670	videos/regents-club/1298-v1.mp4	11abb3ee84a489f6ce9b6953508815ec8e334c8d37818e43cab7ee2e9078d0e3	181382	metadata/regents-club/1298.json	64dca190cf6e92d9292abc29e96ece5596662a976133de4753fd378a13588cdc	751
1299	images/animata/cards/1299.png	2470d26dd789ff7edde5672cef342163017a1e04db87c52a63b401013fad0f18	1124152	videos/regents-club/1299-v1.mp4	7bfdd7cc4ba60c0d50ffded64340197d226676f843b383da594d5c06c92429c7	125819	metadata/regents-club/1299.json	4df1ebdbd891cbc04200bc0e7b3ea3549f82a9d9b9eeb3fa8b50ab4cbbc1b91a	745
1300	images/animata/cards/1300.png	a901595caa39ca95e81035638f0b541de8e3af5c14998199a66b3baaf992bead	1344691	videos/regents-club/1300-v1.mp4	c24e4043a17f2a183623bfb92fab2292642f04485142a95ae5f356f6a93b1bf8	144061	metadata/regents-club/1300.json	6b5d1c6758607979c47b6206b31cec8f6d8b5e6443451de12b9db5d054c4514d	750
1301	images/animata/cards/1301.png	72d470e90234d0f8ac2f9570237e71aa6e5eac1e45db05c4edd8c32286be19a7	2079932	videos/regents-club/1301-v1.mp4	0814a554ec922799fe701e268a766986ce83dfda1f3627227c5fc593c05dea28	171925	metadata/regents-club/1301.json	3d34e14278a667fe95f3b2c5ba72087b1cf586173383c119e619b973d15a0ad3	748
1302	images/animata/cards/1302.png	d380cf24b17a4e722112712643bd9989467cbe80041b1902490ed12e0fc8928f	1109139	videos/regents-club/1302-v1.mp4	f57cac797139d7a3be006809be59eaf8e8fe8d7cb2c313bf3f2d6959d998c836	118971	metadata/regents-club/1302.json	5e389eacf5f1a96b36d035b06ca1d919a4498c585bfbb1d200b0fbd9ffeed087	744
1303	images/animata/cards/1303.png	9636e3c651077c763d4c7e39a1eec6a84cc88e2d0fc5f3e749b52cb1805d81f5	1315302	videos/regents-club/1303-v1.mp4	8c8125d42f6aacdc6aaf8a927425f85b10f4c1b8c4f62d9e1be201b35ea61174	122691	metadata/regents-club/1303.json	8b8f68475d910dfec72196af0425d36fe1de37d9bdf5cc6ba15109ff7818213e	745
1304	images/animata/cards/1304.png	466759dbd5effa67f5f3ef29ee1c2e22a9777d6e267ad07b33a96f7b1f1e46d1	1440180	videos/regents-club/1304-v1.mp4	9d32412274230d59b697d9d836d5b96c4c4ad0c4d528994e0bd35c7a1b84543a	135385	metadata/regents-club/1304.json	51839ffd00e2f48175ff743fb06f4af40d6fc6eeb39cc86e04caecf7cb1a870d	750
1305	images/animata/cards/1305.png	f4578f3b8858a73e481849f13f5d9e803fe77a695b351b7cdc0add9558520de3	1081586	videos/regents-club/1305-v1.mp4	b20e348e6ed1431ae9547740a1d7c8632320e0aef602fd278cf7145166027e41	120220	metadata/regents-club/1305.json	cebdec238aac192463a378a9c1a25be7d1afe0f53bf8034693cc46edb476a44b	745
1306	images/animata/cards/1306.png	b36300211098c905bbf9972ede8d366c55d5c5a83e6734e1aa75287cc8eb891d	1567438	videos/regents-club/1306-v1.mp4	9c3989742b6137c5ac5f4f4222855eafd1dbab0856f7355d2900906ead9d2c66	142890	metadata/regents-club/1306.json	2960ec2fda21bacb0d032efda1a11eadc8bccecfe98f80ffde72cb15ccbf9b97	750
1307	images/animata/cards/1307.png	23aeb719e8a29c6a43569194a73e6426567aa8febe7e38e489187b1f0648bded	1755013	videos/regents-club/1307-v1.mp4	28a6e082078e4deb356687cbca13933b7f5515da7c74e3670b06cb78a20a66ca	161525	metadata/regents-club/1307.json	4a1c352785194b5cbc36ed1f1bf6d1e92ebd5550355f18afdf22d01b6d7e6703	746
1308	images/animata/cards/1308.png	880c458910c499a4bd2f196845651035f6a73e5a93d6c26af256a33794fc4ac8	1684263	videos/regents-club/1308-v1.mp4	9c05b88c619851dccbb0bc603afa3c0326781723a2625572c540fd547a37cbc8	175260	metadata/regents-club/1308.json	46c570c9d7a90c8f1f7a5fc8a0ecb809d10442ace835dce3aa3eff762d1cd242	750
1309	images/animata/cards/1309.png	f533ac46ea6c5bca1d48dbeb3976c49925a39cc1fe7f915d9363d3976de4d9ba	1917196	videos/regents-club/1309-v1.mp4	0aa07d67d7f214ee200a6f3045f0ff6cca52292c12c6c06b81ac853aa3520f2b	174338	metadata/regents-club/1309.json	1e7de55099a397ce85d3aae41dd2739a65d9e624d7b5f88ff18b6d4ed42412c9	746
1310	images/animata/cards/1310.png	b16d659f3319848e0dd4ae95f86ad819fc15497f15bc5ddde917d1d2b2b9b2ca	1531030	videos/regents-club/1310-v1.mp4	9c9358dc91e77f2f6270fc3a86e8bf6febe553bcdbd3bf283c17df41647a3c96	132408	metadata/regents-club/1310.json	e90e741685c821d40b77546bd28f1e87f08d020785e3c5307afcb60a6238d0ec	749
1311	images/animata/cards/1311.png	f6e701a4dc943834e90495f096a4878d9629feae9a5dc47fc01f8a575e96db9d	1549702	videos/regents-club/1311-v1.mp4	34bc0887bff1dced6accd0a47a0de94eb4df923241530bdd6c534bb54022b74f	136682	metadata/regents-club/1311.json	9a1a74d041186a53939ba2c92396a639c833e6d025a9c291a7bc15dbbdce81fe	749
1312	images/animata/cards/1312.png	c8e08ee6968561e4b0010d24b9118b179665518beac930eed9e6941e372c8e93	2439750	videos/regents-club/1312-v1.mp4	896e111b4e754d261bfeec5ffe847fb85f5e21fd93708f02bc387cdb90b04ebd	393200	metadata/regents-club/1312.json	e28f216e1ef56b57fd9c253d0d407508319eb91cd9712c3bc5548246f483447d	749
1313	images/animata/cards/1313.png	d8b4a2f44c624e2818bb070fec7bc3c3e4ad963c40562ceb1817406cd86db9cf	1984167	videos/regents-club/1313-v1.mp4	f3c7aefac3e6a01d715451944d5667b7971152505050444adc23210e9efd83d9	164785	metadata/regents-club/1313.json	9aa1d07df9f81939ea6f05b45a6182a1ad60d8b0bede55e2d1cfc3df68cdac5e	748
1314	images/animata/cards/1314.png	eaa226eb7612f5d108c06f8d99914e767c35a5d7e9a4af0df12e1dc483b178a8	1691949	videos/regents-club/1314-v1.mp4	8eb66bcfe1c54a7241393bf0bed489182467490174843c917cb7b3b2c18db6ad	145066	metadata/regents-club/1314.json	0580bf38a0fa3fc858522762d04c6de4ab27a31bb6f856d6069d872cd6e34665	748
1315	images/animata/cards/1315.png	ba1e507313e2f8f7aafa1104646c7b2f194c7b10c9312be57f38ec5d21e14c31	2004618	videos/regents-club/1315-v1.mp4	972afe6bb8106cb39f543ca9046fcbc578009ef921185fc8eb6301ce3843e2bc	178126	metadata/regents-club/1315.json	f92fdbedf125ab54028febdce1942d8b943974f549da4ec8d4e215a55de0c6a2	749
1316	images/animata/cards/1316.png	3464d46d4e513da4278935377ff338c52bbba23d170366c6ec3b2ee1cebb3440	2079219	videos/regents-club/1316-v1.mp4	97b82a8917eb01988b7bd0a9e1630db1db71b3006f6ec4fbd134b1987dea0af1	182341	metadata/regents-club/1316.json	09893fef172fc193756e4c224147db6f05db48e6d95602787208183b882aec0e	746
1317	images/animata/cards/1317.png	7e1b6cbc2040e48962db22c3470e905d466d2897b6a7675ac5b29a1598a70822	1333521	videos/regents-club/1317-v1.mp4	815a4c90f8e79f1b0dd18fb99e77fd8dbdbffc7950eeba9f9b80b8d846871b28	131295	metadata/regents-club/1317.json	c7a932eff128b032ff6891b32613037fe75a910ed4db4f1da3cd989b68880ff4	743
1318	images/animata/cards/1318.png	f1037b98c180838c3ebe05f2af2ae8dde7c1053c6f4666ddbf95a00c614213be	1429281	videos/regents-club/1318-v1.mp4	c5d278afd55b1eb03ae6877c6d759cd89d6a09c4807c66dbe6442342a5997b82	131016	metadata/regents-club/1318.json	05bf05f3d2a138c9014c2e20a8981c0d63f9d744ffbbd0b975a5d7e9abf776ea	749
1319	images/animata/cards/1319.png	fd658e01cd293d6bd9c8fdc245c4a0aab9bd662595c9ec111fad8383ea3436ca	2014549	videos/regents-club/1319-v1.mp4	1486e1605a8ccf8e39f1688cf2367aefa48bd2d3c76dcf8666f536cb326a71d9	176342	metadata/regents-club/1319.json	6083a43ab7ed3d7ec008723d7ca78e21865f21c312941e7f88ad1dbf9f5dfa21	749
1320	images/animata/cards/1320.png	100f57873264024e4436ff07afbe08e6188a8a849a9c25160fc041daf092cf71	1446433	videos/regents-club/1320-v1.mp4	5bd64e2ef9a38e73be9f6b7e845aff337ff0893eed246886d40779a1c0daa0c1	129813	metadata/regents-club/1320.json	0691daacf213297070d5987dd0b9c10a50228714821802dfe3fb1fc241464015	743
1321	images/animata/cards/1321.png	f4bd52429e22a3b31729407a594d4b899dd6432415d4e800b52fa73e0859fd31	1648355	videos/regents-club/1321-v1.mp4	7397560eea4e820a44d5bfcc31ba5e51a1e5ae8710299a556b8c9035d31101a9	146853	metadata/regents-club/1321.json	6a77f56059234ffc76097bf3f58ece5e2889077561edadfe0cccb605f0be7974	748
1322	images/animata/cards/1322.png	fe38c57e568eaa1610bcaa2c5c86220e7661d5507646ab3780424fe6b78e0ded	1479416	videos/regents-club/1322-v1.mp4	26a8b246a6642aa88a46627a776fdc545c4a8ce22f4cb9dcc4b801737719d84f	179857	metadata/regents-club/1322.json	294a45d2939d75cd3f7efe17abbad344851ec958572bccf5eec572d21d35e842	749
1323	images/animata/cards/1323.png	f7ff4175b54044b1673be24cf844639d4c9c832aa5930205467a349c087f5831	1828343	videos/regents-club/1323-v1.mp4	d41999ab6c4fb23e8026b125290b928a172c3a234f9f6cefb259cf2c04f18578	149051	metadata/regents-club/1323.json	2c5cb00bbf1a00fcaefbcf1aed41bc62828341bab1bf9df6997cbd0407d03d81	752
1324	images/animata/cards/1324.png	c903f505b35624a94f607d6ac8f1e8e4d8857004d3a11bd1b7b14a8089d5fc56	2095892	videos/regents-club/1324-v1.mp4	35dd8f6978ae251d331f4b5712e48967ac918b62d444109e6ed3597bca59d55b	191881	metadata/regents-club/1324.json	fc67ccbb568123892cd87eace046fa2992761eb62da7d79f0248e50d5f45daed	747
1325	images/animata/cards/1325.png	9fc211cc4129078334c56cf506de4e0a9f4aa895f7dccc0b8fc66358bfee003e	1433948	videos/regents-club/1325-v1.mp4	819a4720186ec447cb97d85e2dd4448ad0ee93c1694bf627a91c2fd5baa8cbd9	141244	metadata/regents-club/1325.json	01528f4b938414b3ac055036384869e537c4f299eda47c32eac848ea504285d5	746
1326	images/animata/cards/1326.png	bf1c5d9d8a3ec6d74896a0123a2aeb05d0639ea4aac64800219eac9996fd8d25	1501985	videos/regents-club/1326-v1.mp4	c68ed5a05547982f5bbfefc8b355b1a03a2e9a9838f0bfa93c036bc67f67dccf	143932	metadata/regents-club/1326.json	af85a7cd08b9a019116e51b8729d6ef148312d1ae07b286b3c61827a055fe31d	749
1327	images/animata/cards/1327.png	86491f033687063f7d62780ca46e4f274d89a5e61bae2b5839c4e8980982966f	1908315	videos/regents-club/1327-v1.mp4	7b051959194a31664468b7d505c2b4eff1b49f63d6164aecba9b324b09a8451a	169341	metadata/regents-club/1327.json	6659d6ed1a3e47be53020f90c3a098b779315cc3ab5b6e5c47fc358c9f030cff	747
1328	images/animata/cards/1328.png	1007cfd89e5084a69edf97c7e09c365472f19c98c7e79b292c56342c2fc2ff6c	2284811	videos/regents-club/1328-v1.mp4	6e93a9fe53656d8789605a20e010e540a0c980309c679a7e54d7b8e4229cfafa	194095	metadata/regents-club/1328.json	2153503e058cf6aff3d2dd63c12542aadb52034a8de364ea8f34160cd4829134	748
1329	images/animata/cards/1329.png	96dd6b90c6f0ee00387e82df0de1bbcad8e67ebd7e1b92e03b1b8363d26e8446	1207793	videos/regents-club/1329-v1.mp4	91970c2474616cac8903b301d61e8fb950cecdfd660f15bb4c1a1c5e274d36a6	130262	metadata/regents-club/1329.json	9f8725217078d6236ce0a098701b5d13fec0d0197865a9d95d8a1185f38390b7	746
1330	images/animata/cards/1330.png	f3b3c01cec1fdae1604e0667fc3b6d36c36bbf09666b868123562d80487b76ac	3005473	videos/regents-club/1330-v1.mp4	f92c74fe5422b759aaf51e67faa8d4f19b83b0e6143ff79b225df1a1f3779737	281531	metadata/regents-club/1330.json	347a658f8a4e62fb9688ec7e3de7142ebc2a11dbf4a756a3fe56ac7532d4df84	748
1331	images/animata/cards/1331.png	67527fb1da25cf4f74354dd2fee02a9abf88548bdc2c973b37070a27a0f66c98	1535614	videos/regents-club/1331-v1.mp4	7b940b776cc081e393a5bc37246b63cbe03dace4dff3644b5c4d5f04f9ae963c	133003	metadata/regents-club/1331.json	a73909f95bda426ce32af54f288903b67b38a58963437d6cd6cc5538359fb496	750
1332	images/animata/cards/1332.png	2b5cdd09da8b8330449112d21425f9841ad9a0aa04d9fdf6dce21f51ae99ae57	1680741	videos/regents-club/1332-v1.mp4	76539a295529cc3ac5d677f02e681d059452729e0e0acd5807315bf6eeb476fb	149602	metadata/regents-club/1332.json	9b57640865d883476d6b20a630b432a5d7d09b09ad5d7191859ad84a7824313a	747
1333	images/animata/cards/1333.png	22bfdefd1daa56b2b8a0535b4b7048fc9397626b30a86e6a0aa2b9f97f23ff68	1872136	videos/regents-club/1333-v1.mp4	04ba8f8ae4eb9b9f970240e07e0c3519bd233a118d4ef6f7e46b88a91e5ab6de	160053	metadata/regents-club/1333.json	2be86d747405a4889b45292fa4e494f4e94f3cff931e619dbc100641e9c0cfe4	750
1334	images/animata/cards/1334.png	9afd51e85b3ca933e1a324c27c9709b008af75a4c8e738493d59e54b25f89a21	1428409	videos/regents-club/1334-v1.mp4	06a62da1d540173ca46799a9e3c24d7672fa9fc2df714f4d6e0721445446a3f7	139274	metadata/regents-club/1334.json	08815d708d4a44caf0fcc77050c943023cefb935930df0f57b5b31039725f3c7	746
1335	images/animata/cards/1335.png	a7202e0c89d4a0f3862ea01c64abab7d34bc97b65254bc4112894447e94e92c3	1386628	videos/regents-club/1335-v1.mp4	7d2ca79070883a9258592b1c78c05daa6ecebfae75e6ecc23a1e4e35555f49e0	123668	metadata/regents-club/1335.json	4dcd4af73c840c01d9a43e443dd8ae19b3b579c673acc97678eee92bebf2e186	744
1336	images/animata/cards/1336.png	10c16ceafdde3c6681c094b2c0e9e514bbe3fa9475eac0271046899929279ade	1843983	videos/regents-club/1336-v1.mp4	143b67bf6aa37500def74ede58e4985ecff0a61f2cf2ce225310f8ef1991dd39	172578	metadata/regents-club/1336.json	ce06b4577aa708a6eb6634a61d9d46f3147be4513cc95c130ae47815544b437a	751
1337	images/animata/cards/1337.png	69a7186cb83901b38e6f55e700d2ff18b7c79e3755456f7e3c12e53a3dec9082	1701344	videos/regents-club/1337-v1.mp4	96fe6fc973771c39fe6f029f7b14295dce70f28ce58fd63eb368ac0c70e23990	150055	metadata/regents-club/1337.json	4142be9b3fad865ff2f3ac5d30859f00c3c65fe019c774419993eb248304f413	747
1338	images/animata/cards/1338.png	f37dcaadc27d4f5c52fe11644eb8a17363966723ce96d03850d6bf660843474a	2169435	videos/regents-club/1338-v1.mp4	c9b2df722b5d238d3aaa96b64cf4f01d42eeb9d68c9fa90a3171b8304533aec8	178131	metadata/regents-club/1338.json	cea2ccb53e103fec53637931489f678824a32112d9ded049d84b910b8ea4acf8	748
1339	images/animata/cards/1339.png	13010f3febaba9ab245fe983f619768d5688516087527f155380b481e93f0b0d	1324909	videos/regents-club/1339-v1.mp4	0af4be76db9b50f0f6bde0254c24fbd6595b9dc81cb5173c6e711b6ffb63a2a6	125707	metadata/regents-club/1339.json	f27194a832b4236763a507a393a4ff31da4feaa37519a00d58f71732ceec853a	744
1340	images/animata/cards/1340.png	262d35e7180256ed69d0c009440f392ab7e6014e16f7b1ed96d6ff9c2a0edbd9	2410359	videos/regents-club/1340-v1.mp4	475491fe89b5a90af243f832e1af4c0e7026cb08e71d6b83793175878b10c46f	194246	metadata/regents-club/1340.json	9f4095434fc399bd4aea53d92a4a30b96e0601ed48267c10cafb50499faff765	748
1341	images/animata/cards/1341.png	4ea040bcd471baaebca2771b613fa9a625cfd10d731af7d795e5068beaef4e13	1490872	videos/regents-club/1341-v1.mp4	47e529c82ebdafebf57a2610c3d07bfabf8f35f6e189d9700537a7d02f76865f	125708	metadata/regents-club/1341.json	b0f99c817546c76cedaa3941b6084bed4c0bdd98ed14a43c6139c73675fb6e07	749
1342	images/animata/cards/1342.png	95783fd8b8cb89bd5d94b515170a68303341c21a09228c1d7cb5061f44415dd7	1603534	videos/regents-club/1342-v1.mp4	1b7caa422ab4623a51a8ab83c38a5545ab9ca4dda66febbfd5808e18f0586073	144130	metadata/regents-club/1342.json	cf0047b42c24b79330b70ab494d2266c1bead898a56ed9f9194c63ad0f90088d	745
1343	images/animata/cards/1343.png	d835035a6d42017109c07168446bc4f7108e1a20733895c61918a317ae48a390	1387249	videos/regents-club/1343-v1.mp4	4b9ce9e5ab7bbe4374d061583bb3a1f56b7bb7155fba3e803005f9c0aad7092e	154296	metadata/regents-club/1343.json	e1354ef28ed2f8166cb991e5625184c04b699272667fd5703946a01e1276d1ef	745
1344	images/animata/cards/1344.png	8ce95459b5ab1a7da2ae5c7b9e48d7fd91c9c53e845a683d5b971cc55b14a70f	2321295	videos/regents-club/1344-v1.mp4	3705535d3c33ed98fed7b6eed2961e4d4382d26b6024a9f03ef8820bc0ad7f06	215377	metadata/regents-club/1344.json	1b8f380f691bd0a9b97d99ba3fe18e39b1a1b7ee5ceb9ae3147a096d42bad298	747
1345	images/animata/cards/1345.png	d9ce25cabafc7f56ffba0b3eb28d167341933e9b268812470d59b7c2d2c53972	1154719	videos/regents-club/1345-v1.mp4	9c649d69c7541a7ca879d11dc835ca0060f6e33d7d9824100dac690fa286e91a	131837	metadata/regents-club/1345.json	d78159cc0983dc97e87137d7958a80a4b4f7d8656ca6b83ba3339ce80eabf906	747
1346	images/animata/cards/1346.png	573463c318809e0d60e26f70e0307879fde53795140eb79e32c47917951e802b	1285552	videos/regents-club/1346-v1.mp4	909aa35938aa854fa28ea2e3559830d92b72d6974b04a6afda01fea162a83beb	135053	metadata/regents-club/1346.json	15fc4501c143e0140d6fbdd03de9874681f3da11c1b21a8dc8e476ea23ad98ba	750
1347	images/animata/cards/1347.png	7677f65e721d6039d3bc3b6872f4ce9d3f10a7a363246bbf8f93cf651375644c	1916039	videos/regents-club/1347-v1.mp4	f730b58ca8284e0dce0b5c71c0043de0d90aa263374fdf19b6cddf59fe3f66c6	179204	metadata/regents-club/1347.json	beeb8a96c55219d0ba6627152b7f989d1e818edf9cc7ae61a902b186118513f9	747
1348	images/animata/cards/1348.png	eb6076b2039a5e2c923254586b67b6bfe4b553c366ef6df7a509deb77f86d1c2	1584173	videos/regents-club/1348-v1.mp4	00b3621432a627fb9ab4575a74f6ac594b6a39ba5e180f75e0dbabfe5fc05cf4	140361	metadata/regents-club/1348.json	d8f0428c3f2d8b0c134f853f7c50a4214195ffd45d941a789a290cd860e885ea	744
1349	images/animata/cards/1349.png	2139df80a1c78096d8a7fc3e4f5da867946cacc8c7377efffd521725c67aee27	2452559	videos/regents-club/1349-v1.mp4	d201239a856c22589e49bedd602e1c85c47288524ba2a30ae99745d30e9ff53b	219359	metadata/regents-club/1349.json	d53104d7ce9d5d720ec73e32d245a6e523c28b793d417f6afec1c031711ecfb6	747
1350	images/animata/cards/1350.png	6b114047369e9df4fb83a7a012708dc0ed328a19984ec42a7604af7adf5fb90d	2007445	videos/regents-club/1350-v1.mp4	45fefe3f74ca783554a60e140249d2d92af7ecd247fef600997711f1bd27d1e0	167798	metadata/regents-club/1350.json	7cbfa39bb637bf8ad9e0d0b7b18bb21825baadbed22275309e1eac31e91f33b1	746
1351	images/animata/cards/1351.png	556926bacb74d580e8259b39725012d6abf2010cf872fa87e37838f9aad506fc	2682740	videos/regents-club/1351-v1.mp4	4fd8ed9fe155a0af8d2598a4d1c6bd0b7512dde31158c26f839806fcde779eac	216188	metadata/regents-club/1351.json	ecaadc74fa445d4875c1a39080e1763871f23fb50c5bd9ff45287e6f8ae19bb7	748
1352	images/animata/cards/1352.png	5cf0ba23156ef41e03617c5921a7d04aac873a12be329f33e2990ce70dcc178e	1416301	videos/regents-club/1352-v1.mp4	ea8114451013c8333ef93dfe8be20bcbb9ed0a599977bbeb5d9c00b4ca836ecf	139942	metadata/regents-club/1352.json	c9accb72caec4c1d117b3c339b1e3a4e4e82b56940b555f6c4a998c6584cb229	745
1353	images/animata/cards/1353.png	bdb146bd8f345ecad763bc1d93b9eb10625dfcd1d6d9b6ee98d041604328c7e3	1569861	videos/regents-club/1353-v1.mp4	8655b260507354044e4c0df662d2a7e7988d718dd377f525dffe9509c57f7e0f	145186	metadata/regents-club/1353.json	e2de23678fb02e9b4c63e078d523aefba86bb746034d712c72b5eb97b40d0cfd	750
1354	images/animata/cards/1354.png	26ddadaa386fd32fe99ad780b9e19f330933f7faaeae11aedaa8574a23b5898a	1391244	videos/regents-club/1354-v1.mp4	f0f3ac6dcac39f0200f6a9199258360aba926c82568816da7a8f30ec01409190	129674	metadata/regents-club/1354.json	737d714194e77ad6fb6fa51014606afdb1fa79cf101536a28fe3b09e37742ba3	744
1355	images/animata/cards/1355.png	0595ce96489a39bc17ab5fd4486f5b951cc6c6c089352deb4b5358d53955c083	2018931	videos/regents-club/1355-v1.mp4	24acb70a8a606ba57bb7372ac35cb16c280dec04702a4a2b7ac9c058d318b300	180982	metadata/regents-club/1355.json	e979b1efbad2724870b61e15a16c82106843b01be769bfa880997e804af3a0cf	746
1356	images/animata/cards/1356.png	e7ddb7018b6c5fd46a675f5fcd3f8326ed691be7bbe467a214bf5a5dbd99dcfb	2531391	videos/regents-club/1356-v1.mp4	868edf99124e711817b3c9ce93e638bd1f3cef73da70bdee0933cd1d7baf2fbb	204350	metadata/regents-club/1356.json	31e8efdee798fe6ca811b6e9fbd064234e8c9ff44af32132178bcdf5bd5b9923	748
1357	images/animata/cards/1357.png	7da61d481518b666cade0d8ef466e568ae9166cb319e06a91632041d5378b453	1634662	videos/regents-club/1357-v1.mp4	983e03f047db0800da3b923d3895acd6616963238159a27b2224ffb837a5651e	157253	metadata/regents-club/1357.json	5f9f22f1e5aba10823f658f4dcf7ad4182667cef3b9c920b2b5f66cdc8b3d954	746
1358	images/animata/cards/1358.png	4bb92ff83681cd7917b6038d5bc057ee4fb39c527bf6c6a6d2ab63cbcd2cd0fc	1420333	videos/regents-club/1358-v1.mp4	a8c6b59765d25917a08d4d257ea68bf2fb6c71d46dd4dd31e302564fae87e7ef	145907	metadata/regents-club/1358.json	03c73ed98c2cebd07eeef4bce35e6c4f0cb5a09b18a43d0b272df6d0b78babb6	745
1359	images/animata/cards/1359.png	b22a426949f8db9d4f252ad037ab3b4501cf65fbdf3e75430ba398b83dcacaef	2225852	videos/regents-club/1359-v1.mp4	82c3faa7b50b4a185a59a4176ebacbe5594053d8f9279e60443278db973a50fc	200511	metadata/regents-club/1359.json	b078e28031ba35d7f21e30ba386c36cf64533c8059d46d2c50c1d080d4fb9f29	746
1360	images/animata/cards/1360.png	bb029f78a36f9cca1e5f8664adf1c03ae72d98fb4bba70c91585aee1b424a9ad	1491518	videos/regents-club/1360-v1.mp4	e7edac72d0e4d84099927136c0de92e7396d141e46be12f3de933e8770c830c7	148460	metadata/regents-club/1360.json	c348aef72043eb97098439963293506da543f4733f720bcd1c432ae49d2dfcba	750
1361	images/animata/cards/1361.png	d2a182ae994253d8069b1ee46af609cf7226b5142b4ad31aaca5e8a75ad6789d	1910111	videos/regents-club/1361-v1.mp4	2c8fd94a11cb5a7ee473e23f728112df037bb12af081be17ddc155c42cf1eef1	161133	metadata/regents-club/1361.json	5dc014b929011c299b746fb4b9536b72a33fb57a9842e679fdca8ddf6fab3778	746
1362	images/animata/cards/1362.png	a462622633b8d3134fd7d4b6d275c89f3ba95c2365aa71efbad5e91b58600410	1319614	videos/regents-club/1362-v1.mp4	f0139422e08f6e64505d71e0d7c7e8ee047c8b465318b2501fde16518bce056e	125176	metadata/regents-club/1362.json	4141275e4e66b8110b357f1330a222615a720d9ff77fcee58799d03635a08b52	749
1363	images/animata/cards/1363.png	69f02e6fe87af22d9f260a286abdbe3e1b1aa8166411e555a157bd50bfc19b1b	1956495	videos/regents-club/1363-v1.mp4	f7ec286c988d7a858fe89889442a343edbae23684b120d2c66491d43ecf783ba	161941	metadata/regents-club/1363.json	f5ddaab5b19a8e5a36c334f1868948a33bf59576e2f96f41d7c7019aeb5a0df6	748
1364	images/animata/cards/1364.png	c75c7294b389e21ee2495954ebafc61fb9761d89e6ceec525f71e99595a10693	3475849	videos/regents-club/1364-v1.mp4	de9316f1b80143d663521f709d0552e66495fe92b8e0e760d133beb4eebb1478	371483	metadata/regents-club/1364.json	148bf600a93848626450883b23bb0880d27c342484083c6a48467c5e7d48eee4	748
1365	images/animata/cards/1365.png	e54ec5931815a30d02f22ca7cd77694d9a327902cc3f33cbcadfa71c0775db31	1588408	videos/regents-club/1365-v1.mp4	933b2d13c201a028e79167a94055feac26eb5dc375ddf5a78e322fe9d4f5d5a6	156079	metadata/regents-club/1365.json	fcb650e8ef44f4d040fd25e44fa42494de5c43f90c3d9e6cca7da1f70077cfe7	749
1366	images/animata/cards/1366.png	e29a32ba57f143634688a58dcce714133116d10e0a3f536e289a0da2c7f4690b	1487752	videos/regents-club/1366-v1.mp4	0d63d3a22b236e60302e1aa6df664721de8fcef751028dfa8482b1d0734bcfa0	126649	metadata/regents-club/1366.json	667d0449bf3664b27488eb4180ddbfbc05cdbcf2738c57848e51b591ab249673	749
1367	images/animata/cards/1367.png	3bf7934f0586dcadaf1b804836a37bcd9443f86b1a024a2c5972ca072004a37d	1542239	videos/regents-club/1367-v1.mp4	8cf567050e9f42e6076a605873a41c8761e1a2fdb3af505dd3247794d5537fc2	158493	metadata/regents-club/1367.json	0cdc1cef6f8d7449784209a48f8643a06d8f55c9cd2eefa4a67db62654cc45a4	748
1368	images/animata/cards/1368.png	346ae325efc96297fd64905583254ca018dfe9e489cbea60a13b432477719b82	1638885	videos/regents-club/1368-v1.mp4	42bea374ccae3e493b307a14962a0a6789a469404afea06a8c680d1b5515a133	142114	metadata/regents-club/1368.json	7eb20c566e9ff8b0f876d02eeb700ecfec1fd2ccad9be68bd2ab6d4d620689ef	750
1369	images/animata/cards/1369.png	eb13c8e4c5a97535906c0adad1a3351b19a7d2c8252a3c636ef4183452668868	1192522	videos/regents-club/1369-v1.mp4	d1a582e981e184eb09edbd4780e5d55e47f2966c18fefc6ce1f4a6acd0a5b879	136801	metadata/regents-club/1369.json	8a158b70b1e205c5f64d68ee11d4a4f5c71a282c285a6cfb71fec63585dcf2da	747
1370	images/animata/cards/1370.png	005c562109401306c89ff1001104329571ae6bad51cd61a962ec3d60a6fa6800	1560290	videos/regents-club/1370-v1.mp4	75af00a4d49d57dc924abf98903bd6299b0787d80746bcf2c5105c93e31ab578	159566	metadata/regents-club/1370.json	096cde5f325c190cdad37eba282322b9097236afc27899226f3ac498e41579ae	748
1371	images/animata/cards/1371.png	33011b3d641781e04caec5d31b375a4d3bdc54ef64eab923f4b468f1a2250c69	1894304	videos/regents-club/1371-v1.mp4	3f7f357cd846b1bd29003a9b06b2e2f27d4a9943ff6a95e316c7a255e9fa976d	184843	metadata/regents-club/1371.json	5c8ef3ffcd809e90ae4df25b8c10137accc0089f018e79d5d0b197e237561f82	747
1372	images/animata/cards/1372.png	1e56462ca2469100cd90ccb0fe5926f7d7a47cb4a47e00d4386e73aaafb7c06e	1424042	videos/regents-club/1372-v1.mp4	60af88f9a85792362afeebabdf97a716b43fd08db39c3a251063100c8f17dee0	139565	metadata/regents-club/1372.json	dcd49b900dc0d5df3dd4927187ce2c747c6c80bf130f094101bf01d96029a5c7	745
1373	images/animata/cards/1373.png	ac1bed5d7de1ab3466ac224c414136fe79d6cbf1e26699c6988688486a52128c	1492959	videos/regents-club/1373-v1.mp4	289f91e6769df74c29a7e28c711219daffd3227441ac4c019db6983aa47de65c	139462	metadata/regents-club/1373.json	b5bfe95446c56b47d696baf504b435fc092ac1ddc32fe4a2561431a8c82c5d2f	751
1374	images/animata/cards/1374.png	7e403ef7b6fca284735f2697e4e47ccdc8c7d8ff31eb911e72b74892461b8d04	1713440	videos/regents-club/1374-v1.mp4	08a5cae9c25d770bd1dd81d96a2050f9c58caa200c3c02eaa4f2c653b408bd2f	154088	metadata/regents-club/1374.json	71a16d6e5f21d0edea6f2a7173b28d337ffb939e5b76457df68a59d090431d46	748
1375	images/animata/cards/1375.png	2dce21fd091cfc9b30d25dbb3f5850663cd0f701703a93673fa76bc569bad07b	2616877	videos/regents-club/1375-v1.mp4	51569792b4d058514fc7a99e1942944f4a90e4bdc09a49f82f48c4ad91b00ebd	241130	metadata/regents-club/1375.json	12af315bda63e94314519763d71123201ed86297513921e648e4811179775290	747
1376	images/animata/cards/1376.png	b6c6db19a878c7d2241a0e4d3e95cebda9b0d9be58e3eea702b564d0e4814049	2294805	videos/regents-club/1376-v1.mp4	bbfa36e03c72aaadba1f32b11915ba05815b22439bffc13cf80e64ea17067817	185411	metadata/regents-club/1376.json	689216eae1a08a3f2d4862aa1eda01ad151493acf70eb2fe5613189d224b9bcd	747
1377	images/animata/cards/1377.png	73edf95b47c40bf4241e88de0fbf2b6dfe06005ed44f017fe55d1b82c70c9ff6	1463803	videos/regents-club/1377-v1.mp4	f406c3044506b8e2f012b2968f1e9739ee861b7762a89c7eeabe98c7e57d4dd5	174414	metadata/regents-club/1377.json	5151bba6103785bab583389462bd3ff2e45da61d4b7ca99c3df6293dec48b33e	745
1378	images/animata/cards/1378.png	ac403c66e8693ea314a49fdee445502f07e3a4e87de9b4a73592bc2044de5900	3148134	videos/regents-club/1378-v1.mp4	54b53a5c99e1d2c1e2de8281717f1bafa3a26862ee9ca8b7e93d1eadc950a7e5	289868	metadata/regents-club/1378.json	8afcef1719d9650ee407b8cb1bbf93073fd81ea5d0f2b28fb9a5a39ccb922e9c	749
1379	images/animata/cards/1379.png	937c1534d70a16ab3471e21cfd117e62bd6503f41a59722e69956561997fc7bb	2446268	videos/regents-club/1379-v1.mp4	cc8d656dfbf6ef6744ac5671576df4fee9942a715d52ef6378b3a1e43e71db0c	206885	metadata/regents-club/1379.json	aa48d60b578b92387ae89b4b217da218b39009bb183c96ced39b2dada236e929	745
1380	images/animata/cards/1380.png	831999d2802a9d97ee2e7e709ba9bd020513ba5ebda06d14a55c6692cafeead5	2029550	videos/regents-club/1380-v1.mp4	27cf7a9f18d2ece85aaba3677aeebe09db8742de41478d50231c4030cc8a122e	171382	metadata/regents-club/1380.json	5ab566748217f8c18a2cb9c9a66916ee65c9430b07cf41101ca5692ddf3afea1	749
1381	images/animata/cards/1381.png	5765d1b99b722777b187a430e2034ca0f1f71f497eb922af42fb9b015bbbe6f6	2431289	videos/regents-club/1381-v1.mp4	019ce54e17b1d9fe36c64b28b3c70e833ac6969b3539b711c838a9315ebc8846	204592	metadata/regents-club/1381.json	99de03c8ad9af7adcc6c3c8518cb361631d85a0944ad5d503093e83fc91c0284	747
1382	images/animata/cards/1382.png	41e93b1381a9aa398ef03dcab777639a8c63f278e684693d66954ad511ddacd5	1512695	videos/regents-club/1382-v1.mp4	678648e2fb4f57f0dcdbbf89c6fe55b3b1e53bcd3ffb8ed61d0ec7c712705797	126555	metadata/regents-club/1382.json	bf7b40b834f7a022fb62d6f0d372787b1c4cefa527b3f5de5e7f071f635c2cad	749
1383	images/animata/cards/1383.png	69c040841015474dcb2a29d027d0a44bf63ee5db5f3c2efa980b2f67e5546df7	2615761	videos/regents-club/1383-v1.mp4	ed11ee654ea638f313d610cd1b19bcc8325f982e7762539f21d67e2420dad327	224782	metadata/regents-club/1383.json	6dd791aaba9493a6678f322daaee6ec3329420ce07f27a4763309689e8cc23fa	746
1384	images/animata/cards/1384.png	1350d0412b6f33a4f1d809e7d98d8df879f75e5ad911a301d06eaac255dc4503	1381870	videos/regents-club/1384-v1.mp4	c91fdfff704ec1e696141ba38ed57ca6a3162fe5e3890da7f9e4fc364f85b407	150213	metadata/regents-club/1384.json	f1a746cc7a22b8ec581bba4a0a9d5b44273d407b92ebeb0212bcab4e2acaf51a	745
1385	images/animata/cards/1385.png	ccd3d93706d243ea8b83bd902e3318f6a1028d004d0e6b17971df37002fabf30	1466463	videos/regents-club/1385-v1.mp4	98d7874e9aa9e0458b51cf2f3cbe222ae2f6dc678ec2b729f7e23b82cd64237c	172465	metadata/regents-club/1385.json	e358ae65dbc835e03da836b8b4219c68edc202fc26031a5359f25815831b7bef	745
1386	images/animata/cards/1386.png	32aa1b3ec5569b2ab56752d0a9f2242370f443f4276a1b5ff9f2f5b89cc72241	2444193	videos/regents-club/1386-v1.mp4	ef4ea2875ec7fd2fa69d174c81d4f34433ae500e44f38bb93d5eb102e3f3d55a	206251	metadata/regents-club/1386.json	e5b112f6596f3f21a55079878740637f6ac8759e15aa3e9c19b18093d535c736	748
1387	images/animata/cards/1387.png	6c2ad1bc645e16a7235f099171e3f6291e40f172c3bcc7f1c97a70654a315666	1493172	videos/regents-club/1387-v1.mp4	df92d8b464cc570da8e255e695d42955432909c95cd824f5c5ddb4342f51e00f	147110	metadata/regents-club/1387.json	ae35aa9cfe4bdca2d3098a84f69280c608fe9b907c811b302cb9591f7954d60b	750
1388	images/animata/cards/1388.png	22e7f4c719c1e1bd9eadd3527690a4ad3efce421755976043ff7a51cc24314b8	1557750	videos/regents-club/1388-v1.mp4	35297b8de016dfc9b75f43b917e1c11fb007e6b4e7eb90a87a38e02695ee9d90	166103	metadata/regents-club/1388.json	d251c647b5efeac05db91d01319b4b973ff868e29908d38ba65769edc9bc0f93	745
1389	images/animata/cards/1389.png	a53f849cfe558d950cd309f75b860d36a99dea3ccaea68ba0956177865dba800	1435194	videos/regents-club/1389-v1.mp4	03d468544fe292578f3759f1e2dd53bf47696a8081b1c5a990701f0000945f70	144972	metadata/regents-club/1389.json	325c359a76f934c487cc9ef6f03fb9bbffcc85dfde4318ce544baea89cb5566f	745
1390	images/animata/cards/1390.png	2569cdb0e304a0a5c569483f108f9f23f66470e0e6b1ae392aa7f7fe81a2c9d3	2220097	videos/regents-club/1390-v1.mp4	17e6df3b42e99702e3e8588897ab626d93cabc43806b9a75e2fc426ce2c8e62b	185268	metadata/regents-club/1390.json	121c593d8674bbfc6dc5c5cf5079735311f33e37934b989e33a95071d43c804c	747
1391	images/animata/cards/1391.png	9ae2e43d6c5c523a28002ead5ee80bc7e9218b137c4ce8369e25e9c0fe78fdf5	1629800	videos/regents-club/1391-v1.mp4	25da118c68158b0f0b5d863956c8acab04615e676345fcb511b74f1f798a77ee	158394	metadata/regents-club/1391.json	0faec0e7aa2fbd2085e614ae91250fa764a5d749e5a2df944a9acc2f6552908c	746
1392	images/animata/cards/1392.png	96be5376335b716930e379bb30db5a96308af4aa0a3fb3212338ae84359a6d61	1327781	videos/regents-club/1392-v1.mp4	379cb549aff0b809cf0b11f702cd8ea57a330cebbab520059792bb10213c387a	142656	metadata/regents-club/1392.json	c6d0e7c882f4efe7adbf3582d6e8e601827705c85f11d1fcbf75796bcc0d9fb4	745
1393	images/animata/cards/1393.png	8b42cabd2c16092c158a3d1c543ea2a1dcadd861accc975ca37921af32028d96	1476028	videos/regents-club/1393-v1.mp4	74d1be1dbda11e95ecbbce9a5dc94ffe64a7be8947b684541c7194ad2f65e9b6	135159	metadata/regents-club/1393.json	ecd17402fbe2d582c0f7f8cecaa46c0de0aa93435c4149a0348deb49baee7ff1	745
1394	images/animata/cards/1394.png	4ecf7299fc0021dc3ea00c32107063adcd681d39fbca62fa9fff29af6274e527	1695194	videos/regents-club/1394-v1.mp4	0ffb6ac5b70a20a249928e04dffb37740cb953ece272de6f584e21b32f7ec32b	159857	metadata/regents-club/1394.json	65682cef2a35500c3e84b08d4d9161d645f0ab26b7b007a3fb34699aebfe767f	746
1395	images/animata/cards/1395.png	82a5b86aeaac51e99d6781dea56d93e7002db77e6917d5966ba2fd5058b600c6	1611427	videos/regents-club/1395-v1.mp4	09801029448938a8af2504b4e4a6b23f31b9c0dc949821836bb8fc7422bf089e	152390	metadata/regents-club/1395.json	dbd04f71cd477c1ca339e2768384ec2e7f1404ab88c41a25c7b344bfdb4a48ca	745
1396	images/animata/cards/1396.png	f55547c349c37b29b13ef128e89ca24e09fb66ae18a8a4bf30fbc9af33d87a96	1875190	videos/regents-club/1396-v1.mp4	d303a7d1400aac382779ffa952dfe9b0b96ff7c4de0574ec0f788c5e8a01d592	169340	metadata/regents-club/1396.json	81bcb19a5bf0ce40374b7a857492d80ba1778e19d5c7050b2d1e995708aaecca	747
1397	images/animata/cards/1397.png	751603e02812bd9d93b2db592300edf9ec7a4d43c6defe30771f20bad2b77abf	1543825	videos/regents-club/1397-v1.mp4	16194d83637ccd8d03dc492d344c122fbf1f9a9075ada27f3249e5c581ebabc9	141218	metadata/regents-club/1397.json	54f3a7574605b9f2ad029d45ed8aace282438c74b77c42fbeb0c77f4b6ad5be0	745
1398	images/animata/cards/1398.png	ea9dd78a46f3fe817cb73392bcc400eccf7de4d2d49df1e5b804df24550856da	2153794	videos/regents-club/1398-v1.mp4	2cf5efa2dc069e436abc2e2698bdc8b9acf2869a313c76f4172cd834fc64327b	184232	metadata/regents-club/1398.json	282d98fab604d37aba439faf3c7e1016a4d05282725e2903a08554786d18c7de	748
1399	images/animata/cards/1399.png	ce121ea4f26581f1c21d62e5df6c02f85fbdeb102a3d8f94bd76d270fe48381a	1408384	videos/regents-club/1399-v1.mp4	bbd890bd8392d354963608dbf20176931469090a22201c533bfa18fd28c3b2c2	151030	metadata/regents-club/1399.json	dc97d29c14b041e2566f840b7ab192c30f1f03b549eed39b01475d39071211ab	746
1400	images/animata/cards/1400.png	60587b8f89d6503376c3110aed6b6444be19d6b8ae90e84931ce69cd204233cc	1595468	videos/regents-club/1400-v1.mp4	ecc4d05aed63a14e1765364c04dee3c8999be3936ff14b32bdb3d4ec9ed3888c	154662	metadata/regents-club/1400.json	56a34c2dcac4592810f5600d08d39fd19f445b5d6ec501e245901bf4a54a593e	745
1401	images/animata/cards/1401.png	d30963e9287bc5b56e7f1afdf5182a0508fd7d491935b30ffdb7bec0f8b8b961	2023629	videos/regents-club/1401-v1.mp4	60ea7d501b99e135473c9c5d78bcc9f452dd7cf01c6b959e3e215ecbfe68747a	175052	metadata/regents-club/1401.json	22eaf02e641577152f86da113614950facfe4d1f04638b06a9464b26a9f8b9bf	747
1402	images/animata/cards/1402.png	73d2ee775aaaa2274045ff19f6068efce61f5e5b069de426ae17f2f121e38e85	1971884	videos/regents-club/1402-v1.mp4	072e8c7e3d74bf6552d8c7f57d6a69649f81bd7393c7c3e58f0fc27e4a2c77da	178216	metadata/regents-club/1402.json	61e3323e13e7979787a5b628f3a291d8cfe98041293bdd26b4d27d1e07e1ac9b	748
1403	images/animata/cards/1403.png	e5a6348eafb7acc783d39f3197abae5815526f50f991131e2d6025f92d225af6	2271270	videos/regents-club/1403-v1.mp4	4aab736dd2381db3c4fc163f7af4bcda70e4131b51eb816148ed19b4933861f5	189651	metadata/regents-club/1403.json	cdc7e778e209655af45a1b80ab3ac7d023e4ccc2764f8a46732b69e5db55d2fc	748
1404	images/animata/cards/1404.png	d9e7bd4c11ace132386cb3aa0fc6c2ed9a106596d9eaa0b43c5e14c6a7ed52f6	1802735	videos/regents-club/1404-v1.mp4	e5e0b6c1452b9319a38ef6bd6435589f472266be561b15b180bcbbd64ba01276	157043	metadata/regents-club/1404.json	2953d84ff1c4c1ccf7e8380a6aaaee0fce3bf7eb56f54c01813c9b1018097ff6	747
1405	images/animata/cards/1405.png	300f20e111544cee3577fd34ed2ebdc3b0a60b32817821142269e1bd9303c8cf	2297695	videos/regents-club/1405-v1.mp4	9956e1fd6d704d8046dd79f958db73e272e642c52302806c1888db217b611d5a	204565	metadata/regents-club/1405.json	ca9dd91271ad605d64c9feacfad0ee185238ad148ed13caa605f92a2e1576ff6	748
1406	images/animata/cards/1406.png	99bff7548531bb00301da12c9edc14ffc902131a9b529a34ba7c65531ef586f6	2299190	videos/regents-club/1406-v1.mp4	2c3e15aa433080102c18fe8d9d3b9768744ab4fb942a1be5732962a106d31775	193577	metadata/regents-club/1406.json	3061211966c2ac46611c349fbf988c15f22ca808674994b96b6b7c27513d8ae9	748
1407	images/animata/cards/1407.png	8931acf97db3dda3f56085421700d9e55a73d07440f4ceee116a03083bf5f8d8	1471935	videos/regents-club/1407-v1.mp4	bd57ae325fe6839aae8db6b90680212573e0e44aba3801d6b59f07083111afac	141629	metadata/regents-club/1407.json	ca662d4bc7a1e21f6911b2e2b464e44a9369f3e0a22592843321ebe87508722b	750
1408	images/animata/cards/1408.png	ffd1297e416c594584e83f3076540461a94745a158a38549a35c648b5b4d61cf	2105374	videos/regents-club/1408-v1.mp4	f49558b00927cc9da24d03ffa586ecafe22ff8bada0027ac2ef792e87b96abce	170049	metadata/regents-club/1408.json	68ebe0584bc6179e6b06f63ec0236a618fc734517d75aab403322a970642454a	751
1409	images/animata/cards/1409.png	94f59fb8db87a4842af9b62c56690098284be07763cecce5c4d3a349d6a4a2a4	1399289	videos/regents-club/1409-v1.mp4	141bfbb63746e05af2ab0d8c649995a4b0e91104ce302493930af165446b6d03	135832	metadata/regents-club/1409.json	3ac9c460ecbdbd2b592c5fb6cc5a63e28529449d14c971a8776fcfb3f68ce281	749
1410	images/animata/cards/1410.png	b33f01599c523622f415d62666be733de13d0a940c8975f0378c9fa09ec08aa3	1810945	videos/regents-club/1410-v1.mp4	92dc8b9e5e388d6a5394bbf6aac6f062179215aad17b4be2b074842e0eba0f5b	167733	metadata/regents-club/1410.json	43bf827ccb61d676c9baa519e80d4ddc0a8163fe04b2f622eb98ca90dd74befc	749
1411	images/animata/cards/1411.png	8d29ef42cf6eac2497b70705e932b0b0fffa226245b50e7e44d9d26af8c4ef7a	1431289	videos/regents-club/1411-v1.mp4	9ce63074e853fde9c68d40130a31f016889f2d95f7823a1a24c35dab51652ccf	133960	metadata/regents-club/1411.json	1a03ac5bc2667a513f4dd90e05a0cad1b09b9b8f94878c55f7f3ea919555cd22	743
1412	images/animata/cards/1412.png	91dc03ea12a9315e5908c2ceeafe57e68dd7b36b1be6a4c0eed278188548f593	1376465	videos/regents-club/1412-v1.mp4	609f6933d82296d784bcbe6cb4bf2d5eba77550f1830acc100c11600d5574ee2	139010	metadata/regents-club/1412.json	171837358264489441c64bc51e18f69ce5082e38c56c698a7b577609fb17195c	746
1413	images/animata/cards/1413.png	6bdba6ce2519ea175f75a0a0427bc5b8466c921e1f5fe6c9784758663047243c	1162649	videos/regents-club/1413-v1.mp4	76aa080c4977078ee30a99e03994135800c76cf03d345f824abd8917b321045c	125692	metadata/regents-club/1413.json	6dfa42a10d4eba5a05a22766ad69e0e810c268c9f925fd28efcc92e9ff73dd79	746
1414	images/animata/cards/1414.png	d98a15ddd9b13dd144677ae58893c0d2b066d0f07d2b5b07f73aea19ea362e6f	1602267	videos/regents-club/1414-v1.mp4	a311c9050619c712ef297d4ff9d22ec9b6ff3a909957c8f5ebe39126a1ddfd6e	134288	metadata/regents-club/1414.json	ff3d71b4d848bdd61e35d63558f10b8575ddc04cb808fddac9d679b748065fbc	750
1415	images/animata/cards/1415.png	1c9ea8dd27b2012d61c0e42b18250bfba3bb5af40bd44eb6fc48469b8d9a1a27	2073575	videos/regents-club/1415-v1.mp4	92bc01889cc280e294b4542b9b5f556dba24e6f55e921c65b2621319f5d55a06	170506	metadata/regents-club/1415.json	cb9132cd8769120beea68888f4ac7b69ce393986080c0542925f966d963853eb	747
1416	images/animata/cards/1416.png	ea9828387273e2bb994aa7f73158ed6f55cb962ada4b8ac4b1ae6bae77a14389	2046108	videos/regents-club/1416-v1.mp4	5aeec0f9e4344de4b5a8ee7d33814abca08abf329dffe144bd430fa1266ae0c0	194616	metadata/regents-club/1416.json	18ea087a93b0dda74c5c91f11cb1d9a6407876e2f0f35bf9a0210f6ed0864714	749
1417	images/animata/cards/1417.png	9932d1fd2d49812740c3ea63517c335f1ff0c4bc749ffd5c339d4e1d42878f97	1846177	videos/regents-club/1417-v1.mp4	754316ef7b0989bd6a367dadc666ee8f8f44c0d23b62d3fd132d41ae454fe0ea	167047	metadata/regents-club/1417.json	a3dddbdde2c5110f554cf110aefb58fc246567df8b4b4980e73ef176260fe013	747
1418	images/animata/cards/1418.png	034f4329664c76ec4c06a49dcc16b20e682fa2c79d71e1197761a1f0c20602c8	1426707	videos/regents-club/1418-v1.mp4	51ff89bc0ae6f3ff28b9e82cda1fb51007a412848156ef525311c9c9b79d66ae	145166	metadata/regents-club/1418.json	0331abf51f6225215cdb9e0a2d1cac9a89bd2cbd25dbf1443815d667aac06911	745
1419	images/animata/cards/1419.png	a0d0909c85cc13d3fc190af8068a0f75a71dbdbeab19f97c8b03c5dc958cd2f3	1503960	videos/regents-club/1419-v1.mp4	066120025ce788e3a54689d3db44a0914916709591ea339f648c283cb755af2c	139961	metadata/regents-club/1419.json	812b406bedf7d7fd45ad1688fd15739351e10923c78372d793070fb94fff8173	749
1420	images/animata/cards/1420.png	ce5a9573f98813549e498c17c7c3249cee7b5b6b86e47f36b44691d31740211b	1452047	videos/regents-club/1420-v1.mp4	d0a3c7f5d5364c28caa3b4fc180e56adeee3cf4d4b0eae585da2d76d93b56a42	133734	metadata/regents-club/1420.json	dbe50e4f0a354cce55bf0b3b2b02f164a5729a605d589c302c0eaf1cdedb512a	748
1421	images/animata/cards/1421.png	a532408aaff0f9f1933083e13f263e47dce3bdca4927bbb2aa461518c5c7e1e7	1381768	videos/regents-club/1421-v1.mp4	caceb9bf06d320361d7588c8b6d5dcbb4980aa67540b3c37e865deb1ac85f4d5	137441	metadata/regents-club/1421.json	73ba650736801ab4fd327cad10478d5915c2f454b2d51d672edfced34ad01c65	751
1422	images/animata/cards/1422.png	48d73b991032f463dd9154f50a4924e69843d600dab0cd029c49c839e6a2aa6b	1668530	videos/regents-club/1422-v1.mp4	a134b9aa510d07653460abea79ab496fbab893121ebb3b6024f9f7696d11a122	157135	metadata/regents-club/1422.json	65e3c2564202cf123fcd784ce35f38a29a80d820bc56b5f615a022954f376a09	746
1423	images/animata/cards/1423.png	6e8f68a070339644dc7730e3243be622ce2bdf2b38bbba5f871c716ac9910294	1959274	videos/regents-club/1423-v1.mp4	4b4693449cff38f7a4fca2a77d8e52d38c75633c265a312a7ee50688509281f5	183538	metadata/regents-club/1423.json	a4f92bca2d8f0d4269f2cf50009c47b460b5d339aab9a04cfd2f2eff85f443f8	749
1424	images/animata/cards/1424.png	6f0c9f4648e28f9eebbe6204119a820b86b61780d411387389086863ea9b07a8	1378652	videos/regents-club/1424-v1.mp4	906c6df1ecf7b7b11df98f060a75151b6fe9f9d09ecc190043888ec025b71b93	154840	metadata/regents-club/1424.json	60a57e345e1280f1aed6fbfcaafdaed85f6b2f9c5108656237f1e25d99cf5202	745
1425	images/animata/cards/1425.png	391473ec4a00cc0c8e54d180499ef199cb4322ec18a9f08ec3a23b48cbfc3bb2	2086786	videos/regents-club/1425-v1.mp4	a6b3d60360b253c59b0d9ad9e8a720c6daea0774ba0c8ecb1009a236a559370f	200431	metadata/regents-club/1425.json	1bf493c0b54a7be1a29155eddbd989ce3818c68ce0a6a12f4f7139ed285c013c	745
1426	images/animata/cards/1426.png	b23aec236c8f6a6cfbfef5a8df6650886dee0353285234a993ffac4d3d376a0a	1743310	videos/regents-club/1426-v1.mp4	675689f503f3acf65677d08e15419830a812eb1ef20840babd81170cea55b1b9	151641	metadata/regents-club/1426.json	3e147e0239699543472024e238216066d8e129a449c692b64a06bafd2d53d1d3	753
1427	images/animata/cards/1427.png	d1fb123531c7f8b3b6dad73bf20bf4efbc57352b0c9eb0f64e1dc8e3b6c9cfd3	2458664	videos/regents-club/1427-v1.mp4	5010fcc3c0290f8e19a826573d6d890819b8684af546794a63bb7e5328bb7359	242194	metadata/regents-club/1427.json	fc4582736d870113afd907957ff2fc531b8e582d8fb2568e913ed5064b50d5eb	748
1428	images/animata/cards/1428.png	9ccac604cbee0d454359b623d975d8221a3637a2b82c3a47189b48097a62a4d1	1618604	videos/regents-club/1428-v1.mp4	3d2e54ca40af53be0854de1c3ce4120882f7757163791c2924747b57cdffc6c7	138376	metadata/regents-club/1428.json	d7b475a9030333ad8bdcb7a05db8e8f30629cde1cb340b8c04d21e83a764a5bc	743
1429	images/animata/cards/1429.png	575d668395dfaafbd49f5cac291026426406e5ef767c6bcac80545e1b1a0c579	2100768	videos/regents-club/1429-v1.mp4	1be01c7ec8b9e2bb889317f080e5e51b188ed4b038838cfcd799ec46fc1dee68	172916	metadata/regents-club/1429.json	4ae7cf529ea22f3f9fecd664fd07ddd752bb008c88070c166dfad3a1250a01ae	751
1430	images/animata/cards/1430.png	765d9704a6a64c7141a995c86d30beb5bf0213c6953081d77ea30aab78366d0f	1855173	videos/regents-club/1430-v1.mp4	feeeeaf5a31b374e0421babd94c027285cf822872f7b8480dcbea59b552e4385	171020	metadata/regents-club/1430.json	88260f4a5e66b41db5ac1a0b2890bafc44b0529912ca8755c39f006d8e045014	749
1431	images/animata/cards/1431.png	c006e8ee1b6af1a8eb733f248020a2679a049ba99f9bf094d48ad19bceefaf16	1628659	videos/regents-club/1431-v1.mp4	af6a8545c76db8ffbf4c2a259fc2d2ac2042c8204d493a31a955fcebb4474da7	146639	metadata/regents-club/1431.json	532edbdb3aa29f75491e498b48ea4bda503c664bbe06cd873a92788ca0e195ef	750
1432	images/animata/cards/1432.png	9873570c5fc9daf8d2ac46bf46535692c45554c05f35c8f9fbc6a85ac424b501	1750830	videos/regents-club/1432-v1.mp4	a9bca532cc30e989faf3dc681a2b97e25958f79bc556397e99597e6b48775144	152193	metadata/regents-club/1432.json	90905eaa07e821a123b63b69c692d35919d7c65d0d8404da91578b2ff5ba6939	747
1433	images/animata/cards/1433.png	e3c6264d47e9524295b2f81196543f122c75f1314558d7d423e0458f58ee8929	1616230	videos/regents-club/1433-v1.mp4	8adb099b30196680f32d52cb9145d76642cf80605fe9df25547ee0438b729df8	142908	metadata/regents-club/1433.json	159173c68273592d3093f7747a794222b291f8b0183e9d5ef0cf9cc8dec8ca6e	748
1434	images/animata/cards/1434.png	47fdb91c57bd3bfd7a0484bea8353f4d66192e2a90f70aefed497185dc5147a3	2687917	videos/regents-club/1434-v1.mp4	6794b8e4f44be6b6878fb3d7c6497cc6751df33b556d276d8f50fdd20a2b0962	233745	metadata/regents-club/1434.json	975651396129e8a4b716c152945a8a551645395f91fa5d1846097e6cf53ec890	747
1435	images/animata/cards/1435.png	00075ec628c923696233becf7eedbd6b356d2e1bfd9c7758e350bf02dd15fbde	2612599	videos/regents-club/1435-v1.mp4	1759d5b36206a033551b48f9d935211b95d2fd2ae263cb6e29ff6436cffa8ddc	331805	metadata/regents-club/1435.json	d709cfa7078ce11ddcf3efeb3a7d0043d6365d7d7ed4308024e9dac2f2dc7212	751
1436	images/animata/cards/1436.png	ce05fc1ab690e589bf9121ab189967a88055c7d75ff2a762e464f2b6b9898cc5	2426889	videos/regents-club/1436-v1.mp4	be4014f15518b82321f9fd00e5dc2f130344965392a0b81dbf42743c72fa4dfc	220667	metadata/regents-club/1436.json	241aed32fe2e473009969b3e25ca9bc7c15cdfb2ab260000c375fa6e47cbd48d	749
1437	images/animata/cards/1437.png	bc92e2bd7aa741bbc18a3a072531a558d7fb594e1b482a42d1fe76e3b0e04ef2	2055740	videos/regents-club/1437-v1.mp4	534c0b15da26f7c931977c8fcaff051dafe4357dda38fa8680a624aaca65b109	159536	metadata/regents-club/1437.json	5eb1b6b0e19b762c7c2b6c1c0cbe88e68850db2d5f7ee0f9f823d58dc833a16c	751
1438	images/animata/cards/1438.png	b118da2568d9112ce22d4ad110c1a55225f8f632f5828df6008d98b1410edce6	2115644	videos/regents-club/1438-v1.mp4	a19f798b52d6c0981289932f5cd0f012843109ed6c4364fee65379e4a6a81dcb	196582	metadata/regents-club/1438.json	e77905196ed756ade5d6731a7c85ce983a5861327530bcf5b234a36191231856	747
1439	images/animata/cards/1439.png	7082db64dd686509512ae83fc6cafc4db40dfb321d8de96c9ecadf572763319e	1680024	videos/regents-club/1439-v1.mp4	8b2fca0e23222227e6b287c44ff3db7748187c24509d645d3e2ec475445b91f0	140847	metadata/regents-club/1439.json	fa28bd2d742bd808aee2b4f28f00ba0c174efded94ca9d5b6fa546c90ea8c172	750
1440	images/animata/cards/1440.png	7ec3b247e2135a9534d8cf2704c8b7f404587b01800043a7a39cbcffadcbf027	1775599	videos/regents-club/1440-v1.mp4	5eed4d030a19c50be746395d78ed54cc658ac0768e665c693cffd8680787bd88	161289	metadata/regents-club/1440.json	8df3e60d19a51a12f7e55bce5b9cbd2a55416e273826a40779342ed734fe45ad	750
1441	images/animata/cards/1441.png	aec1b61f6c433aef94a52349b148db14054f057080a8703ef2440931d3c7389a	1362816	videos/regents-club/1441-v1.mp4	3768c90afbd5ba1d52a97848b7913f3ade2cf0e774d6224a077c2584a21e2c6a	128879	metadata/regents-club/1441.json	d4a565d013cbcc567dfd6603b6c95e32856e5e0109459aa64ac71726c845e6fd	746
1442	images/animata/cards/1442.png	b488531ac27f37e8c89fda3bab551b6be3273e6f21bca959e2c626fc5bf872d5	1351256	videos/regents-club/1442-v1.mp4	f1de155f19a3876b22a7115160da3eb16074eb7bb838ff2fab7e18174dc9080b	138409	metadata/regents-club/1442.json	961001fd617666bde0a4c1014bcd53d3c27300dccfd5c55977a18f3b5f35591e	745
1443	images/animata/cards/1443.png	406464be4ce2a5e6687783d905cd22f29466014c2d18680c11affac77cec5b71	1510150	videos/regents-club/1443-v1.mp4	d126952a79104ac8f668d7815a6e9718da0533e07f3742d2ddf82aa43c3baa43	142423	metadata/regents-club/1443.json	0563131a065a539b4729c6552136ef540d44475c3642f2a192f2dd57327c71ba	746
1444	images/animata/cards/1444.png	6bf941a4901c4ee3dfb0c5aa31857b95809dce6d8ebe3ea999bb8d0bbafdd929	1863610	videos/regents-club/1444-v1.mp4	5f7f4d0caaf6edbf9ef53e136db589203d5c9f100ee44ff76aa6420aaf8afeda	172780	metadata/regents-club/1444.json	3f9270cc98f64eadf4386d9031ab8ee5569da72ab49eeca153b8d17ad20519a4	748
1445	images/animata/cards/1445.png	df2fe13442ec83970476d2c3e65f6372dc3b8340c677c62d66f0f42541ccc544	2255724	videos/regents-club/1445-v1.mp4	f531c375bdf07ba6b6b6c1a8d86ff2165f9ff2550b7b370d13b41b79c72834d5	186080	metadata/regents-club/1445.json	dafe1027e6425cd9e676f14cd8647312ad8a56452e2fc65ae02a72e01fb406e7	747
1446	images/animata/cards/1446.png	fed38a3bbbf53ce79fb756098dc19bd3f9561407cf5458fc7763ddba6c7f31cb	2675161	videos/regents-club/1446-v1.mp4	3ea43aae03a98d72d604a4eb5f1900efdcd91be4d76dcecc3ec7f77484fe26a5	226599	metadata/regents-club/1446.json	1fc9c7b1a4a505cd6515e5b5be3cd36d4ffbbe2acb41a1ecc92507d5c4fd65cd	745
1447	images/animata/cards/1447.png	33e032a155d3df3006093843999832aa8b02c48b6fc80fd6f4a34861c29a4599	2268923	videos/regents-club/1447-v1.mp4	b0f8281b9072eba9adaccb2b629ff351db2d3c782195673dfd9fbb68f62908a8	196845	metadata/regents-club/1447.json	3245f8dacec82bce7e8f7138f6fc039f2e82c008dcede8be608be657fe7f9cf6	747
1448	images/animata/cards/1448.png	6cd4d76e29942d970523a37310a21fafea1489ceda69e753380f6eae9c54d286	2569713	videos/regents-club/1448-v1.mp4	b0afac8f1292a8f88b65e21a0426b77ff28e5ee08d6bfd7739f3588680710bce	210235	metadata/regents-club/1448.json	c8e8f6a036afb97495f56659038ff3e283ee895f3d89a6a5f499fecb318c6224	746
1449	images/animata/cards/1449.png	720d7566c5537a4d43254785f3e2ad480652f8dbe29725ff458db8f043e22148	1481527	videos/regents-club/1449-v1.mp4	83360d7486fd9544cfe48588acbb2266ab57bc51cd6929f9f20acad0806fa71c	150212	metadata/regents-club/1449.json	7afed31469dbbac50ab1d5e3e62011e42b5828438c878b87f139522835d7a7a8	744
1450	images/animata/cards/1450.png	ece604d1139e2a7b6ea025dd83670c4d1d52a3e7ce4b7493687e1ba7c1b9cfe2	2236594	videos/regents-club/1450-v1.mp4	009448843dff40c14b23d3582e48f5273a3c2d2916d3d5982354de04ac1fad5f	190155	metadata/regents-club/1450.json	8a61d16da4fb9d19f2fac82f449a7286726e28203be19b7097fb9d6628ee27fe	748
1451	images/animata/cards/1451.png	be275c6be9c7ee5de159bac4e6a73842f8d30603ba07a9243f759a748101bfad	3354065	videos/regents-club/1451-v1.mp4	6ec79b75296676f54b5c9abfb57f653f9db6970e40bc1d93d09ba5ab55f837e5	288234	metadata/regents-club/1451.json	abe2e1c06bb0212d8387ee0fed589b2414efeb4f051059b6a4800b7085f64605	748
1452	images/animata/cards/1452.png	e4110d2925a95983c5e36777137c1a211f11ff739df2d9cc591b7f12535639df	1544285	videos/regents-club/1452-v1.mp4	bd5bad7b441c43cbd777aa388435833bc7d27f231760ba0049e5f823750a96a5	128974	metadata/regents-club/1452.json	cd9eff9d6c15a3fd5b60428cbfe882cda5256e7b589754696430df9db57cfd6d	749
1453	images/animata/cards/1453.png	834ceb95eef7a856a134030f2a2aae0a46fee9f7e928b69e4bfeefe3243371f2	1569033	videos/regents-club/1453-v1.mp4	d4d0af082556ef0e903553ecbb469b0cd59f71eea34b2eb7d142553fb990cd36	149520	metadata/regents-club/1453.json	67bf2ba8892e3d2c8b9fed8a4fca4b79a8e544c2de22b73582a13ce593849d90	745
1454	images/animata/cards/1454.png	d774c96ea540f4bc0cac1000df8d5a974cce9d3e0339c941b75efeb2d9272750	1608773	videos/regents-club/1454-v1.mp4	963a4be7ddd7a7156faef1bc162f40cd632086589a4eaece145e0cf76bbdae7b	143896	metadata/regents-club/1454.json	bc24d4d59300ccfa2c06f1eb7f41244f0649734cbe56fbcc1a21aed42d7b3bf3	744
1455	images/animata/cards/1455.png	69f65700d6b1dac7e5e1e7927c2598f5192e47d8fa91d5b03b8cb1f8e78964d1	1675174	videos/regents-club/1455-v1.mp4	b613769e5e54a0379438016ead799d31e3cfa6814e4336e2b0a7f4375521b264	145868	metadata/regents-club/1455.json	35dba7add6736c8b73fd8df06fd164301d5f6d1e39990b508356e37868f8b143	746
1456	images/animata/cards/1456.png	3e288b22e9fea93744779698efa912a7f09e6a348cb33106de25365bdec2f72b	2217817	videos/regents-club/1456-v1.mp4	0b0a21c36921ce988e097f8bf5c7dde5fce8014f8f66034b7a5826c210237171	228555	metadata/regents-club/1456.json	a92115af50356da162dbbf3770278d39a64024add2b26c28f6ec8d83338bc6b6	749
1457	images/animata/cards/1457.png	a12269335e99890c577ba02e5c2c565f4e90a4821217a563edcdc6404f27d0f2	604940	videos/regents-club/1457-v1.mp4	51eac598c41e11c56d7ade59c522e55c2b2b3d11e4872f2b797fddffa7d1305f	190376	metadata/regents-club/1457.json	00bcc1154ddad0b5062fa88ba15117fa9e7aa85c572a78162a5b9d056fd97b07	745
1458	images/animata/cards/1458.png	79174bb2b411405c4db8e79336d8766aca8449f1179c41dd0c802916a15fd759	1486968	videos/regents-club/1458-v1.mp4	11feae01dd9b89a8a4dfc0acbef031d3a2ae7522c66c384750b577c6d9663836	136401	metadata/regents-club/1458.json	5be7024139f4af3e538c63353832759ac253991dd8c084276a2fe5da374a2f25	749
1459	images/animata/cards/1459.png	1f6ba9fff36dc19144f79163d416902bfed5098ba993cbd5bee1753bfa807f88	1308105	videos/regents-club/1459-v1.mp4	d85c1c49f58fa005f579df12b95332f2cba3f73001951b8ce721d386d306ea26	136252	metadata/regents-club/1459.json	13b4676f8ced199881305c02340668a869249aaba3b4c846870c95bbcff419a7	746
1460	images/animata/cards/1460.png	f998797da2e627daa11f5d45748bd489bbfdf51d844c5d61445c19a5a4445386	1474973	videos/regents-club/1460-v1.mp4	5117869521c760682d9ff24dfb0b5d6d1ce66a1dc56205094de2c777d13f5205	132569	metadata/regents-club/1460.json	c66a798d4f0b5f553ffff376389a26941d8ece8bf51b40117e0231938a6ddb96	744
1461	images/animata/cards/1461.png	eec7eb2b2e380a1aff769fa89c849b40a0840d265fb749925658559755b79d46	3338810	videos/regents-club/1461-v1.mp4	d04eb0c7668c48c30a678668792310649a9d01d3dba0c17e0859d25c5d2c60bf	370226	metadata/regents-club/1461.json	5c8f36309ba02f0bad037e61aa89d439dc5bffb23b3331bf0be6df4dcd4ad73c	748
1462	images/animata/cards/1462.png	d21a247df9ab91e7bb0e8fb147ed43afb1bdea7ece722f79a56f84fc865533e9	1789661	videos/regents-club/1462-v1.mp4	45652823654314eeea9a7a331344cd2b7dd2b5ddcc0825358e580c32f14ffe5c	159897	metadata/regents-club/1462.json	8f9c24d57723a46687042bb1a1941f66a0a96fa8a6563d902d238270c6f5acd7	746
1463	images/animata/cards/1463.png	6b561acd59084343fe0e952d9ae09e2ba3254708db018ee2849995702fffa5cb	2156637	videos/regents-club/1463-v1.mp4	1988b16d0e17c2207354ba0f877ecb83bdb27f01460151f1f9fa40280ec08f35	196039	metadata/regents-club/1463.json	859056913f9e371359c942982dfc0345727b7f963e32a804b867e1c7f6c219ee	748
1464	images/animata/cards/1464.png	56275fb39adbdefdcc2db59b94a83baf75d0263e099653586ebab549dcd84d41	1655823	videos/regents-club/1464-v1.mp4	e5d281b489a2707683ae5cd1ab9ca0e08efc97600e4938358f1dbc5b3f7071c3	151847	metadata/regents-club/1464.json	994ce475c971e9b63cfa0aa7e4e33677df53c349de4370fdce87d6583f9cea73	748
1465	images/animata/cards/1465.png	dc831a9e82931de57f1a8d6e2e58ec6b1da450ae43fe10cc3698bdfcfdd20cc8	1737351	videos/regents-club/1465-v1.mp4	c13d7cd99aa88ca97686224892678137406bf27876dc397e943e618c273c72d5	169141	metadata/regents-club/1465.json	ccc17ba6a014298e0bc8f1c71d23a3288379ab0e7243df2daf074f6cffe55755	745
1466	images/animata/cards/1466.png	c8a65084935d81b7724eaf876858e52e65bc3ee136ace84410e8d3b8f290fcab	1443191	videos/regents-club/1466-v1.mp4	98ca3b77b3538729b7d97b68e4e69b4e97025446e97db56b28c8c919807ad275	146692	metadata/regents-club/1466.json	20ac077ac047dabe0ba190939e00555f287463702106337d95b8925af4599f34	750
1467	images/animata/cards/1467.png	5f5a399a9f30949b5b4bb9af6de0afc2a8b0b3dd4d83bb9a50f020775c19cf46	1446438	videos/regents-club/1467-v1.mp4	8a6cf1e9e9d942602841dad76b44b7d7fe1ea7b81d214ee9441678c4ed0b2e96	137377	metadata/regents-club/1467.json	d1bb6898e16a5ec72f2d3dafb4f9e409d3c834a9978ae9375240de7c08f95565	747
1468	images/animata/cards/1468.png	8a5149c723a01d13f272b3c4e4f9cc1ba731a110daa9a6734ea4a91bef594630	1576049	videos/regents-club/1468-v1.mp4	bb32a81336c6f5436ec999f586da11d4148932df931220f5fc1ef1472c88ca29	147214	metadata/regents-club/1468.json	639e21618036a4415b958f298d8056de3df8c07ea91096f936461638999e0d67	744
1469	images/animata/cards/1469.png	67619e1b2c775e6f1426f9741e944ad03addba9ffa75e2a458316f5076431419	1764087	videos/regents-club/1469-v1.mp4	42e8c626da0fd9c40f89d331226625de7390e4518e26dda67f2ff4c86f63319d	153779	metadata/regents-club/1469.json	24947d729afba9e91080d94a0f9c476fffa092f6a26d04cdb45949009639365c	748
1470	images/animata/cards/1470.png	c37a426b96d9ec845380613152941d437e5b0e4de66030852a142a628c21f451	1123525	videos/regents-club/1470-v1.mp4	49520203776e1fc996d794778bde27e0846e82611442d35d91f8106f27bbd982	118164	metadata/regents-club/1470.json	a0774bc5a2395fa94a7d7dc38b7029617b00698759b111b78e3c6aa8de03cefa	746
1471	images/animata/cards/1471.png	e332fe0a53f2ce5c5546ab64bff7b010446b53434670da14ad3331640f5d7106	3186668	videos/regents-club/1471-v1.mp4	2bd17832414d7398a13e7838de85690eb832eecb475386080a3e95fea6931c39	280100	metadata/regents-club/1471.json	1be7b930de1e6dd0520700024ffbeb10aaee1e90671695325a8bbab4e7b6324f	748
1472	images/animata/cards/1472.png	e8436b04e2900c9c92166dd0c97e2c0e4a24c58d06f3af4859c3d02e516b1526	1266034	videos/regents-club/1472-v1.mp4	b3f8dfdd85178512bc4d91b96c3f3685e2177ee4fa606c6f55b59c2c034f9da2	132386	metadata/regents-club/1472.json	d2763888aadb0088af90e10192a80104e288791469ce8d73c2f61ce39d768a66	746
1473	images/animata/cards/1473.png	7d3cb1e19d970b9e621cd57855183e119a03c0576e85eca20ceb7a2ca4399778	1172699	videos/regents-club/1473-v1.mp4	6897d20bd5da90b505a72b373974f4f31b0c84f16a7d9a37396f843348968936	119104	metadata/regents-club/1473.json	f98650e8df3da1a1dc6560cc719e6dd66d1529fe19849915ad0f1ad3b2413e8d	743
1474	images/animata/cards/1474.png	df1dfe0eca39686e11ae777008f3a88cd32101157e2b7f9c7c16ec68e2b83fde	1710754	videos/regents-club/1474-v1.mp4	016a8cec41b7f48be5a1e49ab289fc14762cf2fabb8421482dedde754e763b7b	161768	metadata/regents-club/1474.json	2c1594d15c872079bd4ab1a375d5f47aa16a87fb407144a7ad64dac949313151	747
1475	images/animata/cards/1475.png	a36242a140c862a406390d6f39e53654abf77be385b8637ee9150055573ad584	1472042	videos/regents-club/1475-v1.mp4	ff8be866938ffe6796cb419f346e61f6569c916986dfd7eb0f5f55bd8739ecf7	135071	metadata/regents-club/1475.json	5973d9d9e0c8c49ce2b3951d7bfeb0249088f5d421c2eb3c11fe2458a2b37d09	749
1476	images/animata/cards/1476.png	4d0246a8e11ce4fc76ae19925036b045118d3a0de45dd77b6ef71229b345dffb	1461535	videos/regents-club/1476-v1.mp4	b07e75e03b1664a715a4825cca25eaf2bafa27d5e6bf359d3ee92bf3e94aba8b	141863	metadata/regents-club/1476.json	9394ec7a80c79590ad13147266ebdfb355820f21c7823440307eef8ff30d1fbc	745
1477	images/animata/cards/1477.png	9a71d6c75cab2a8a45433affea7f627fd849a66f764f11d4b57c01600fc19905	1979513	videos/regents-club/1477-v1.mp4	0c9cdab7ba2f391bad486b0d478b81ec1d1e30feaa805f179fbf6d561f267ae5	170998	metadata/regents-club/1477.json	23724fe4ad681100bbbd87b874654094581ad593d44689145dd1e39087057fa9	746
1478	images/animata/cards/1478.png	82a5cf7dd301da7eedb880f48abb638eb1ba2b590485a7d0d1f6e8518c0e278e	2309434	videos/regents-club/1478-v1.mp4	9795d7b36787dd78086efb95073af955ec5ec45441514954ab63be4b3789773d	205283	metadata/regents-club/1478.json	7cbbd0a246b3520634d90ac66dbd9d648d9fbd90fe2b5d57b16ac610b8a7f5b6	749
1479	images/animata/cards/1479.png	03380bd1cc04a2bfbd670ea967bb19d7d141edf1b41cbb76e2d8d974f3f91ec0	1383645	videos/regents-club/1479-v1.mp4	d5b5c597a1262d5af97f497c20581e471c57fd7afd229df9cae059922f26f291	140042	metadata/regents-club/1479.json	e0fbe78e37079f3f3907dfc3dd157d399f954cef728f3f9c8b67698fc2f580e8	746
1480	images/animata/cards/1480.png	6be49ebeae27b117ce79861fba8cdd5d3c903b18029bb1d9dd61e548f1843544	1134137	videos/regents-club/1480-v1.mp4	669072a1125ea7a7b3f23ef98c031907878fa3f03387cc43ad6b0d2e0338a5be	124463	metadata/regents-club/1480.json	58573ac5f1fbf9d88c5a892b9f4d1b07e6d538afcff670b819c8e31972c9894e	745
1481	images/animata/cards/1481.png	55101d4b42112b2ef37bf309b6445f278f735234c0ec7efbf461259eddbde4a1	1271513	videos/regents-club/1481-v1.mp4	6cf87c19abf64b26aab88ad47913cdb6070393dcb2c93f9c27d9a1483559cb43	128498	metadata/regents-club/1481.json	9f9dfdd445a4f1b57c8a35742c0b873b76fc551bdf61abfe759d61cc711c5d49	750
1482	images/animata/cards/1482.png	04e17f89d1770fe96f2baa4d1dd8f453e13d89394cc168b8ea8212ec6706af96	1586396	videos/regents-club/1482-v1.mp4	9c460a6e1b8256a75061832be22cfc98fa367f6e0733f841f15a2b7ce5ba2c87	151465	metadata/regents-club/1482.json	407cc421dc53e74e7135a8794875ecf46ff943545784b103b919369777da772e	748
1483	images/animata/cards/1483.png	19c866cb3b248a8c4de60fe46ff13bcf156ef3e59bf97760a8643fbcff6514ce	1401847	videos/regents-club/1483-v1.mp4	59937b18d2faae8f73b571eafc6fd170a48c0e060ed554e402a8b4360fde7343	137054	metadata/regents-club/1483.json	93d8e1b17030d9fd8b4b9302430c0e16c970ee248515a196b2859f4e634a91eb	748
1484	images/animata/cards/1484.png	33755d2e15d1cd1a9eab24ac06adf22a183b9e0ccdfc5f31cb22550fbe2480c0	2180612	videos/regents-club/1484-v1.mp4	894bfa7da05fbb190691a00fe0d389757eb32205bef5c04d4f8c38625adad79d	179827	metadata/regents-club/1484.json	321fba659f1f47690a12988c629f3aaee914ed81c8fcb46c936066e85fcde706	747
1485	images/animata/cards/1485.png	1a768f419d00532c1bc9da96c65200691f5b717b9fe4ab674fb435c90742033d	1580841	videos/regents-club/1485-v1.mp4	3681ac60252fcc14f33c8c27b32514c0fe12c5a9c22cfa5f0b15627fdf42c585	133518	metadata/regents-club/1485.json	5661e85b0ff87a941ec781daff26a2c287f4585efac14674c338b2fa480e6cc0	750
1486	images/animata/cards/1486.png	22228c7818c2793f88a5a22b0d3ab656271489867c558faec06f20f847e7d2de	1387140	videos/regents-club/1486-v1.mp4	85a90cbc9e88fd2daab32aa84e01dfa0e3259e24a3399ba4f6fd58a48f264f65	129981	metadata/regents-club/1486.json	d9c52b021cbc8c48e0a8bc7ae28e5291aa8922e435b0965e884a5a6046414580	743
1487	images/animata/cards/1487.png	c8bf3e5c97b5e77ef5346b619b67349f567165cf2d0ef870385bf0fb6ae23e81	1585789	videos/regents-club/1487-v1.mp4	cb7809a501d9679994395e3d2dbf1eaa3f76c5e57f6d1e6dc8431a7b1906219f	141459	metadata/regents-club/1487.json	c950c7b46209512cd06f4f400fc8fbdb878a507428466dbc1815db5896b5bd86	750
1488	images/animata/cards/1488.png	699a126cba1a47344f75b6b9ec58bdd321cc475da02633f76d88d4ac3de0baec	1811428	videos/regents-club/1488-v1.mp4	0b8a7cd3458c07d11d66c7bb1bb529b41d2cab0fcd3d05026b9bfd07cf0cc71b	160822	metadata/regents-club/1488.json	ac1982fef7521187cd513481383d90582e5c328fdd016daf3ee048f05055e52b	747
1489	images/animata/cards/1489.png	ff4e3bc1a417cabc7063ab0086d3a1e2616ff3ec62260211a0d1a080872c4000	1657043	videos/regents-club/1489-v1.mp4	e8c0d4d4fb56791316091c99fd28d0448053e942231b8fa38fed265ae6368d8d	142219	metadata/regents-club/1489.json	56b49bd08f804981498f59b45f9b5e00e93f268b8d3fa8ea5716fd6199dcd452	743
1490	images/animata/cards/1490.png	ad1518c36da3aa17f25d526a94956639ae43bf1d4e530548cfaf6e5e988c075f	1419746	videos/regents-club/1490-v1.mp4	295beb5dc0f90726aafed08037614f19cdcfec7ed71806e5fef9327038029bcb	131928	metadata/regents-club/1490.json	3fe3e08cc18e5d12fee7664ed0c715ec1512f383b9f56028a70268e845ac1e97	743
1491	images/animata/cards/1491.png	6a15de5ad95f05178ea8695771b1f89f099a26ae2aa4e70a2f0d54b5c5f0c129	1380692	videos/regents-club/1491-v1.mp4	27336d8ce6e7a1663f9b5334c65074ae057ed0dca075338d4ee2c84e04ee464d	130714	metadata/regents-club/1491.json	5bd7c0d2a81a252460c1730818e7b8072ef1d356cb448ba4f1b74d445a0463c3	744
1492	images/animata/cards/1492.png	7e61852abd9ce843d90299d1f287a26b0ef79bb8e712c0bde186dbc76c733842	1805104	videos/regents-club/1492-v1.mp4	dfda5af54d824851da4a67184ac0f04e2c32873e18818507a232f21c02b0a6f7	188411	metadata/regents-club/1492.json	7e68392e3187a22a98b2af3c3a59ea2afe23c44a3b4396cd07b0272358d87551	747
1493	images/animata/cards/1493.png	124393ff2b486026f18063c9b984e9f2ac0bf1fc2397ba17e0eebc75853c6024	1350399	videos/regents-club/1493-v1.mp4	f99b64017ae1901d87ff6a6e44d42691b5c978e02c65ed3ea4e9e6ee9590ceea	148230	metadata/regents-club/1493.json	138a11769a19cb2a98c75ee403f730e367057948d996567628ed0cff2608701e	746
1494	images/animata/cards/1494.png	355c9456fcdfe76286126d518c28aa1a471f55fc8da5cef6db6aa57a45a07cd9	1788454	videos/regents-club/1494-v1.mp4	d1d90b022572f1dba6ebc384fe6b2568a2b85c92f186eda12a4c3dc2b3c4d8a4	162539	metadata/regents-club/1494.json	c4d4c3bb56babeb98e4b0b064d293d80b54b9d6bfc1ddf5e28b93099757aaa72	747
1495	images/animata/cards/1495.png	a15ce2c7a2ca62824443d2f518d34eee9284634b16420ca3bbb56c142ce5ca9c	1614925	videos/regents-club/1495-v1.mp4	dea2a9130fce25d36cb010cd4e078a02063c270e1f7c0f5ec16754a2c3e11b55	162610	metadata/regents-club/1495.json	874d4b479fecbb9e80935387ea217b28c80f7a73385025b4a7b3c14183ee811f	746
1496	images/animata/cards/1496.png	530ed517e9815e93ca226632270c3cc23160509dd3841dc017560b24f1e21695	1552816	videos/regents-club/1496-v1.mp4	41e49c5eb39e24c27931128e6542639cd2a03c2ec04b71c6d5fc3f6cc06169e9	135754	metadata/regents-club/1496.json	48bcf2f99875a2cca8aacb86e4b392fe69cd94100fb83e6869c0e01de233a767	749
1497	images/animata/cards/1497.png	bcd3977deabac40e94be0ea8a14e61127fbbfc6a32bf7f199ffdf44f20d62fa8	1602513	videos/regents-club/1497-v1.mp4	628147b9da9a89d54174f78752689b9524807f68777bbc8a73338419ba729b09	147889	metadata/regents-club/1497.json	4bd77c32e4403fcfda3fd15568a3b3a8eced0e56fcdeb9af788f92ccc7c3542e	746
1498	images/animata/cards/1498.png	7d102d06b08a31c5722700e0cd59a8f8ece88693a9235fdf5ca3e2a1caa90c4c	2347927	videos/regents-club/1498-v1.mp4	96414a9e32acfd9baf4ba9cfdb8330ca06dc1c4864df3197ce9d3b2deb9990a7	193743	metadata/regents-club/1498.json	d86a4f09acab1f3cb1f8b87828b03a9ec454dd1aa1d9554c0ce06efdc719ef01	747
1499	images/animata/cards/1499.png	31c67f338644f8262dcc613e70d58fec16727c9e49f85df0c550230bc97548c6	1736483	videos/regents-club/1499-v1.mp4	19375906153f5aef76a8f4e0053a5f05c570c6bb13e13fe35a8c744e1cbccc13	154974	metadata/regents-club/1499.json	5fb5083b04447bc3780dcf7c84d8c605624a7076b49d26752cd7deedaa2687db	748
1500	images/animata/cards/1500.png	f1497075fc2abe5006db56ff644b4f42db9a84049cd459bb2be8bb7fbcf27991	1450071	videos/regents-club/1500-v1.mp4	e149a43afe9ff8f9f23b63beb37128e506aec0d14db4bf38079c2c33eaa5b0fa	138198	metadata/regents-club/1500.json	29627c351a588cc16d94048952523e20114744745e1bf34be66a46b7bcc75632	743
1501	images/animata/cards/1501.png	bedf7ee4caa00286873f7e1e582654cf7bf14f8f4b37d17e4993c48c37d247ed	1313299	videos/regents-club/1501-v1.mp4	e142587e17f03470dd041ec2f5a79c9a30e4d453ba453703ec1dcc4c894db2c0	122746	metadata/regents-club/1501.json	28e8af75bb348850d9154ce409c7df87448eeb31d90f919a41fc7128ea7cdfba	743
1502	images/animata/cards/1502.png	6d567eec5137cdccddbe9645f06b32ba641236f438c3f45a3f294633af712ca5	1441531	videos/regents-club/1502-v1.mp4	9d816a22ee858886845ddf82af259f338a8010b67ba1807674ec4e6f803d19c7	136179	metadata/regents-club/1502.json	f5739993f8a6b4ddac1a66d1aca08a1dce48c7680160752928e30d8c2b3f5c4a	755
1503	images/animata/cards/1503.png	fb2d76f69af709a489e6a37694a2dfe033eddc6efd64545346617579e620a9df	1749170	videos/regents-club/1503-v1.mp4	d89f8850b446aa886cde2db0a5cbc71fc520e2fd65289aab9ab0398cc8a2e330	158098	metadata/regents-club/1503.json	de1558aa00f70cead6e3b9acd78c4f0920d1f84a008008e7bf4ae2ff7eec1897	747
1504	images/animata/cards/1504.png	dbe5b1e306637ae68ec0ec4877dd73ffdf6ad07ec760cc8c0e2f5621fefdc8a1	1660707	videos/regents-club/1504-v1.mp4	04a58ffb7b0ca054be4fde1575c3688a8a891e9d3f1b3b63056fa77390468caf	165980	metadata/regents-club/1504.json	7a144a70b96bc6ee5d455ad024252e485fb161766f6c83f6f083ccbd86c8ab5c	747
1505	images/animata/cards/1505.png	38af9c09572a83980d184942a3f967af5bf32bdd9d2804755dd3546b3bbe7e4a	1905511	videos/regents-club/1505-v1.mp4	3d7f4fb11ab1d5f125fd7b4812a7e870b9da667115f2e8d9e7f555544396adcc	157957	metadata/regents-club/1505.json	8719c7c6455aaa2f6f171c046049ccf9d6b64bd83779ec76fc02850e246494fe	750
1506	images/animata/cards/1506.png	a76d4b018aae72ef8e65c680f5113908b4e62bbdd30a3221016954e585a8a947	1679194	videos/regents-club/1506-v1.mp4	880d1acfc25962ec25d7658533a2861382411d02532e10797e73c3aef2fad581	150624	metadata/regents-club/1506.json	f80f3086753d4f0856afa3b29f04abe36f5ab6d0d42466e7a5dbd0e1a83c8b39	747
1507	images/animata/cards/1507.png	2dd0b92698473ac4c706a0ebf268667e51d00adb499a95bff92b8e7c56357198	1446178	videos/regents-club/1507-v1.mp4	ddff9573c4dcb8164d685b07ebda54604aaa0ad4d44d074aa43c14dc201ca5a0	156382	metadata/regents-club/1507.json	e15f51082548969336b3ee703ff092ab02f857311b160d5dbef6889dfef63b27	745
1508	images/animata/cards/1508.png	88cec85dfce2324c96681c6bc852eafd6004f04da52be5acd41ce0cc8f33de8e	1365453	videos/regents-club/1508-v1.mp4	b59a8b5cc6794fcdfad21209ecdd0882bbb4dd66d943d92f379cfddee4697152	128840	metadata/regents-club/1508.json	20d824eb87ff5251b0313ecdf4b89fe09a97fde26a8b489bdb1e88d894e706ac	753
1509	images/animata/cards/1509.png	bd0297c51450ab6266a8a679a9fb5c3d449c786f7db076841e245d0681400ee0	3171251	videos/regents-club/1509-v1.mp4	9dba1a18a81c875366233f4b7422c2eaefea4d5abfac95f7c4144971dc341785	330893	metadata/regents-club/1509.json	5bc9e28c105a68fd0378b2284637049e470ab080e6d43cd5bb7ca80813d54335	749
1510	images/animata/cards/1510.png	afa10f2ecce9547ed3c842bec2beb49bc1f197905d5ba6dc6ea4fef8dc139b84	1633364	videos/regents-club/1510-v1.mp4	ca14810fa33912fafd1b9e50334f68f3d944b6896884bcfa529e14bcdbaadb21	152715	metadata/regents-club/1510.json	3e686d997ab5144a33467c82853a91f77fcbc62279f061a4c677d10678980d01	748
1511	images/animata/cards/1511.png	bc27c790b16c1dfd3644bed88e62e442ead2c61b9059a685dd9e21dcdedd067c	1930611	videos/regents-club/1511-v1.mp4	097913d118ab7096d1665edae4ab435a3348aa7e58017c8acfd560f3d10b8902	165312	metadata/regents-club/1511.json	488667b1bb16c87d4e723940175b8298b133a9c577b0686e4f6a36785e71f5cc	751
1512	images/animata/cards/1512.png	ee0a8135169f88d79af047064835e92c1ac507028b3eb7e60ab00060f49f3da5	2032771	videos/regents-club/1512-v1.mp4	43fc7ad6bfe5a8df5b4951beecb60e27efc6dedac28806ebcb88a1449cdcd12d	161164	metadata/regents-club/1512.json	0fa1685c961e78d0e7e8e04d450171adf4a1ef7167c91454dcfa2f9eb3b9f8cb	750
1513	images/animata/cards/1513.png	4d890107fb3435e0d83a325b108bd6a80eef8ea745beeecce9d74ff43a3425a2	3477189	videos/regents-club/1513-v1.mp4	65e84b4418de03990d482584196a0a62d8bdf3bf8f63c1b35fc0385a66396ef8	520977	metadata/regents-club/1513.json	072a97fdda7352e78088f111ef5f9aac580d79de0fe334a638490db6f99a4238	748
1514	images/animata/cards/1514.png	2111d38037668cc66f3deb68b0bb2f5c2270ab19577663c552bbd0a6952552af	1434121	videos/regents-club/1514-v1.mp4	6cb8cc7a581aaa05c832f655cf982b08e92f58bc57ca5d201a49c14f4638164b	142110	metadata/regents-club/1514.json	c95cc0526a63085fc9ae94c818a780604c143ad99a4b3e18a1e6c8777830ec34	747
1515	images/animata/cards/1515.png	f5c38269b3c6db6e9b66fc4207ae93bd48b3dd2ac8b467c92dd7ba88d396ae40	1791850	videos/regents-club/1515-v1.mp4	b5a188024c287b385b8cf1374e31ab0a23db91ccabd4dc70d5e82827cf0dee93	188021	metadata/regents-club/1515.json	eae384628d96dd95a2ccaa656efe08020ec56b789deba131bf917b81c848dfa7	749
1516	images/animata/cards/1516.png	a0a697cdf55c5169c63c39c2c06bfab7d995a7717ba590d69eb0591cc9a25bd6	2091493	videos/regents-club/1516-v1.mp4	735e6c07cc1bb541e56bf743c3678bc2f8d719d82274f5d77fa5feed2f15faf2	155072	metadata/regents-club/1516.json	048644234a38b792bda4812fb8475e28746a10c402bd582b3bf0f1a84348251e	750
1517	images/animata/cards/1517.png	32a7544e98904dadb16282ef217c4f1b2edf60a2cb3b28af005a591d1ca24f5e	2502951	videos/regents-club/1517-v1.mp4	64382408ed31ea5b9e26303b97fa7a3a831e2d9b53626ca4d3fa3133de4f3b4e	215793	metadata/regents-club/1517.json	6f342f277f042fce20d09fddeca0d81372deb89eb1c8c33b39ed551aa5761d26	755
1518	images/animata/cards/1518.png	3aa433f0de853c9e0952efb08f51950f6e4e4b6b670a5fee9029116153434caa	1966070	videos/regents-club/1518-v1.mp4	1b4d98e792ccd70622134fd946743b2e945a0e04251738fcebaf402ce54baf69	179894	metadata/regents-club/1518.json	10bcea3851e5dbc234afbfd193996459e4db3540faf32e3b5b3bb6d0f37aeffd	748
1519	images/animata/cards/1519.png	017fa6e780c642ae70e37b92c017e2d8758464654c2242c567c2ea3a42eb754d	2454405	videos/regents-club/1519-v1.mp4	5f10c4c49322a5b2474354cfccb179fb00177df46c4936fea15b394b606c9e95	199440	metadata/regents-club/1519.json	92fb9b8a382805aacce5a1191ca0d9e4c695a2b257cf5e86fb1a0bf211e17826	748
1520	images/animata/cards/1520.png	69ac070b14946521c91a8c97b35467d6b8aee4e87321a8808d8c9fbb88edd9ef	1468122	videos/regents-club/1520-v1.mp4	9aa458781f4f6b0d48f99e262f889fe89ed0940430e86c4d13829be56a52cc4e	157135	metadata/regents-club/1520.json	ab38ab29b2671c0dedd3a563232f4c1d823f1fbef7a37148a792c7685cb5291e	745
1521	images/animata/cards/1521.png	e3c1e61b1c76f3d9c834c2bcccac8dcf57030fd91fa4775a9f7bfd5765831ee9	1550637	videos/regents-club/1521-v1.mp4	24dbb5bc89ed481e742094417ec91954a07cd7c2d10253e9ae69113e63102d1e	151496	metadata/regents-club/1521.json	9381dd745f84e500ca1261b98be5db11c401cf338b6145bf3a2bf7505eac6ee5	746
1522	images/animata/cards/1522.png	58f0b62b47972072f5153672eac228b8f5bdd489b4ad28c1e88e6eb88461a610	1455667	videos/regents-club/1522-v1.mp4	04ab82d7b4d8bcfe09e59612344edc94c88af5ef46974798396be7fc38313d1c	141135	metadata/regents-club/1522.json	6a3e526c9acef705d25276d251f01a6e421d31a5d105a07462a69619e38d88ba	747
1523	images/animata/cards/1523.png	6e4da4c99e5faaa5193e3a24d4bb20eccad73d94cf2aa6cd7cf74333b9e7a6c7	1616061	videos/regents-club/1523-v1.mp4	a0ac1a735419fa2fc2ed91604c4c7ce6a7f88b7819794562a319a18c044d6e92	148482	metadata/regents-club/1523.json	8a24209be0eb95ba0250952634afbb86219ca5a5783a76c3a0e35d7ad9d14513	748
1524	images/animata/cards/1524.png	d545fd931d12c539ed2a6b34921714f16a93cd541ace6dbe83242bb6e875890b	2215596	videos/regents-club/1524-v1.mp4	38b1001b86df0005e15eb349670185464460999a0a2e262a0db3a4decefa89cf	218558	metadata/regents-club/1524.json	de0169b9a9f9ab571ff3016901b7785ec1379ee323153d7a1031fefcec84d737	746
1525	images/animata/cards/1525.png	71d65468003fc36019d5e431352d848e1d82db5550f56017ecd4bfba7721444c	1699513	videos/regents-club/1525-v1.mp4	eec74f8d83f331e336ecdc4374637166639b88b2f2922a840ef8a009e0a9fd29	150672	metadata/regents-club/1525.json	bb014d3f26f03013c0bc342ec164a2b5436d5f303ec1ccc0cbf8104c62d63462	746
1526	images/animata/cards/1526.png	0fa9aa1a3508725ff43eb3a5d38974a8b817a473a685e011b41e0c1f3264de5f	1581915	videos/regents-club/1526-v1.mp4	09e278e2d1c757898105dfd4a4175adba32f7b26252766a33b8781bc743b22e0	151560	metadata/regents-club/1526.json	8d9f4492c6d6ea642c85fb4586486c596d29317a58823747e5283f31680f1144	748
1527	images/animata/cards/1527.png	0116d06e377727437fd5f541595402f8ba5defa73148274cca55211242198db2	2514400	videos/regents-club/1527-v1.mp4	396b643cbb568fff6cd26282a311b44abd28f6e9900923a1f2a89c54e2d861e2	212109	metadata/regents-club/1527.json	b16085f192916dfa775452ea99c838076f25a45d5eb8cba5ccdbd8eadd03ff51	747
1528	images/animata/cards/1528.png	ee8c17ceb65fe93a2e1dc5b82b979fa08a74afc8f323f2cb60596d29ff46bc88	3605681	videos/regents-club/1528-v1.mp4	f7dd27f1db2f17ca8bb6615ca24acf2471746866e0def0558019bd6bb69df61a	373408	metadata/regents-club/1528.json	de93348ebd6a5b12982c3083d04120eb327fcc772c5aeffd9058a430c154fa4f	748
1529	images/animata/cards/1529.png	a2137e2666e58a421ecbb85e371c2c5a0dfa44f2acff877cad38b419e024b5f6	2280278	videos/regents-club/1529-v1.mp4	97f7193482429f9af240e4799a69c5df9f25146c0d354e99f95c83a9bd09c689	254846	metadata/regents-club/1529.json	16fcfa93804db1d8b6d601c972f8b2e30e603477ece4e700f645485b1fee0430	749
1530	images/animata/cards/1530.png	ab3b6a323bf4b105acf0f60ea702c21da166b4a2f0a3525fc074717518e5d850	1554048	videos/regents-club/1530-v1.mp4	1d0a39bffd692773edb92b61bf2f0c970aa374c9232b535a659d6b4d56d99d88	129637	metadata/regents-club/1530.json	a0d0e336b2e314aa9e20dddc215aac753cafcc33885c1474e3ffe503617e440a	743
1531	images/animata/cards/1531.png	d958d520426468db331823aff439703548fca790e55d9ee418b084d8c9576e26	1449671	videos/regents-club/1531-v1.mp4	775c2716c2549a824b369093caccef4ece6155fc16dd1bee9706e2e4c8a93def	160546	metadata/regents-club/1531.json	725a49efa8bf80846c0f44276d1449c8f590df2496c9556d28c17031bfaffaf0	745
1532	images/animata/cards/1532.png	b2e59d820748eac279f393b47f01b689664677dd8bfa8046feaba4b83a85eb9a	1687767	videos/regents-club/1532-v1.mp4	da3968b23500dfd89de38afe7c90c5852beb5add2a59dcefb7f6359582305583	150731	metadata/regents-club/1532.json	cccef3e5329cb9d6429245f3c01d570dbf3bcd490aa01e08a3d2ccc378e9aef2	746
1533	images/animata/cards/1533.png	785bbd873c9f7157c5a040e76c0ef8a0fa4de522ca535c9a22a80d2b2b308782	703498	videos/regents-club/1533-v1.mp4	7c156876664231fd3e45b9006194cc3dc6f300d3c7f7b91808178d8d0886be52	192155	metadata/regents-club/1533.json	1bc7d2be536530a5d201e3d775599b5df7a602b6b89ed45882306ba0c6773f4a	751
1534	images/animata/cards/1534.png	bb769fc77f0dc896c433ba39fb6af38ca003a88088b33f95f151b6c7f706b9e8	3831018	videos/regents-club/1534-v1.mp4	c4c22b9fbdeb8ae3af0288bf2422656b7a2be1b0413f4343e899bfb81395eb87	492766	metadata/regents-club/1534.json	cfa06cc2b057a740d4b70510f1510c3c7f08f7dbf01ab35968fae3716f9af6d9	749
1535	images/animata/cards/1535.png	c0ec2a4ef35e2198ae831069da77123d301bd9ebbcf5c83bd1915c8cf7d27ab7	2360865	videos/regents-club/1535-v1.mp4	e0ebd7334f001ec152e7b684cb7c342d39245ea6bd1ab1098c73757fce53012d	214933	metadata/regents-club/1535.json	7360e38672802cf3a79c1f0ee18e3309a5d2c66d663c5403a40bdd80d282ecd2	754
1536	images/animata/cards/1536.png	247bdd2e81372d4643366c09cc0207a7935dbca088a780a53af3cc3135eb31d1	1747927	videos/regents-club/1536-v1.mp4	dabbc77e8a1f8f6ce3e92e8d1afa41166885a3b5ed15de9ebd5a19d720726702	173206	metadata/regents-club/1536.json	b6df476074579fcf1fdae956bc448d2b4e941ffe1eb0b500d531861396371a80	744
1537	images/animata/cards/1537.png	d9f248879ebcaf2bdd34ad95d268a5906b568ebc59f5be980621bd6b23195434	2955412	videos/regents-club/1537-v1.mp4	01a71e4292c43c2a58743e54ad58063cc521f101a0b66bd99e9860df048ce797	344247	metadata/regents-club/1537.json	764b778aab45d4974a75b744c43e665551d224342877979c237b91c89d83041b	749
1538	images/animata/cards/1538.png	adc7c40b1de2cea62960d432581c86c7fdd2071e7e46a39c004eb30e66d957bf	1407816	videos/regents-club/1538-v1.mp4	b23243ecd2b6c6d9ce5315f45946f961721c51762fb53f706e534d93a6bae1ea	142996	metadata/regents-club/1538.json	569de1c13636c206687a146c04585bb88454197d481a0912ba558c62d4b0e820	745
1539	images/animata/cards/1539.png	325639ac89cf7f2bcdaf5cf1423e071dd5ec9570057521c6cb28851277dd85bb	1324802	videos/regents-club/1539-v1.mp4	8ae3519bd1ba47c05f6ae2c751b0fabac0c7617e4824f4dfe46f7c8fe68c2951	136486	metadata/regents-club/1539.json	b1f62e4eaf616f0505df56499837f4e19ccc5a714a7ec4112a309cf5e62ad371	746
1540	images/animata/cards/1540.png	64b32d8b5beec96a4299a63a97137ce5d9fda16c04acaffe7b414b873fe3213e	1587176	videos/regents-club/1540-v1.mp4	48fff87008de9ba256771f692e83510ddf063aaf58a3b5875287696dc752587f	140612	metadata/regents-club/1540.json	f2cd62dab529dfa4060b9ec2859c8f5ff176c9ccbf5df31ac0bd818d4c4e8c7d	743
1541	images/animata/cards/1541.png	95224b04b58e3717fe3c33e96217bd80ade794b4b888bdb6c95aac6c11525a03	1335400	videos/regents-club/1541-v1.mp4	fea26bb49ceea8902a2769152283e7c7d8f47d32fd3625c72e11e5187fe356ae	148794	metadata/regents-club/1541.json	b2dbda81c4832c09435c71b030ebb87fe857f159137ef78a1c3879934b53c824	744
1542	images/animata/cards/1542.png	a928654ac02be2d47a4142e43b1b2915a1b5dd0ef015dca78f046c5f8ab5cc08	1562203	videos/regents-club/1542-v1.mp4	40435b945f5acef715de2219316832a3e0c1dc89ec04fcb4a1607b6ff2be5f06	132509	metadata/regents-club/1542.json	ccb53560832d5412cb2c39acb62d3cdc7bc040194ca6cb5a83ef610818444915	744
1543	images/animata/cards/1543.png	fb0850436141cb6c8fb155fce5a4a185a04a0aeca4efb9b42ce82e59637badaa	1622915	videos/regents-club/1543-v1.mp4	4245a2dd6eedb6c4f08cf4187e0037bfa8c6051999d04d98169311685d29e9ad	135681	metadata/regents-club/1543.json	d0c512b1081d1b20971d2fbfb065156245c213d2d6d54f32cda742bbf5539a16	750
1544	images/animata/cards/1544.png	b6fbc057413a6d40eaab5ac7c87ad7fbfe4d1a9027c7f6b5e66bda057539efc7	2133158	videos/regents-club/1544-v1.mp4	d960d60439a8539bab5c51ad5a19378e2611682b6ab02c0646a5fdce374002b0	197681	metadata/regents-club/1544.json	f6f214e9e37b48db0432b5ecead9827c871bec006ae46e5f34ab3c1a018d773f	748
1545	images/animata/cards/1545.png	2b542cce3685e874680eada7d1a8fb442431248d3138e813027e6552ffc95034	3722709	videos/regents-club/1545-v1.mp4	2eb6516bf266a3c82058e785d567556854ff0922cef0e3034aec3df1df840720	416695	metadata/regents-club/1545.json	8e5992302ef27188ca32a881f64234c0ca765432b1a8da164ef189cd56bbba47	748
1546	images/animata/cards/1546.png	8a20599d783e59b12494661bdf6770d3e8559b9ab997b6432e156eeeaf4be775	1702474	videos/regents-club/1546-v1.mp4	0889ddb07801fa71b0d3e933d24ab790285ec5b48d761f9f7b31d96f915b1e6d	148413	metadata/regents-club/1546.json	233012278194659890622c9c064977a97e6c1040554c3666b7009461bb56ad1f	750
1547	images/animata/cards/1547.png	85e437edb7e98b9e898664ca15b55e9848bb04e579d7fb68854806616f1f9127	1755099	videos/regents-club/1547-v1.mp4	732185b03f580fb4af744c85a24f7fb8add5956fbafc0271616dd020b0c910a5	160923	metadata/regents-club/1547.json	2bc91f9d96316b2b4928564e8114ad41d0d302e74b48b29a2bd00b0dc39a96b0	746
1548	images/animata/cards/1548.png	acb3ce7ad43cb1c1a1f6b479e4c3af1f31af32dc2c7771ba2ded77ccefe44de6	1578759	videos/regents-club/1548-v1.mp4	2e2c0421d00e40365b5f8f17053eff1d288d99651bba2a9602eac0a6014cde91	141113	metadata/regents-club/1548.json	dfa3a8c41f98a6e767588ee8e2c5025467e82042e832d1e73de73a88e923f160	749
1549	images/animata/cards/1549.png	bed239d07f2aea4e3db24c104769246854e587a0ef6632ce592fac314c2a7100	2090336	videos/regents-club/1549-v1.mp4	d6c2ce71c0d1a6f72d521cd3545b150bd0b7e24b988a283548bd854021064293	162939	metadata/regents-club/1549.json	b129b6555380451d6d90761c7482b102dc32ce3f15d671f5f55b59f1213e6145	750
1550	images/animata/cards/1550.png	6391ae7fc2af54a52ef201fa7aa3a9fbdfa4ca43a9ca3a7f81f07899cdc168e7	1388281	videos/regents-club/1550-v1.mp4	f9883e94c36207cbcad58f2ac648c532123dab7fe50ec2265548e5dc26409d84	136033	metadata/regents-club/1550.json	2e5f6c4712058d9be4614d3ce079fdc17bb293aa6e0bb7b6d60cef798cf8a98c	745
1551	images/animata/cards/1551.png	dafcad9e4471a338ecadcbe9a46476c528767d59934bc4e286d03770ae88c9e3	1151061	videos/regents-club/1551-v1.mp4	a6bd12cbf72229e235ebc6835b2723dc1cb981b30e5fa99855c6a01df5ef1b7b	122977	metadata/regents-club/1551.json	02a671f5324fbe263dbd92a58ef79e06a344eed91e697cee4e061a8759c337e2	747
1552	images/animata/cards/1552.png	7b1f9d0f5b48f048ec96db17fa7ba9bcc6de5219777b2dada7324daf593132ee	3543006	videos/regents-club/1552-v1.mp4	4fc558c890bac47169651b035268fa1be2637edaf4633434fb757d530e84d4e5	347138	metadata/regents-club/1552.json	32913ed9be8a114e96815a48cfe7912168a933ad71ad75f43336b551248b1f20	748
1553	images/animata/cards/1553.png	97ef08f4022220cf72cb6468a35ccc10b2b08a8cbecfdf79898bf36cae14e544	1656768	videos/regents-club/1553-v1.mp4	41875e0527d57086dd8f5394fb6a17c440bae65c38edff67c61cbd26668e024c	140302	metadata/regents-club/1553.json	13f59f1d1c7b7e3e29119a90534ca742b17a0ddd64d693c2c0733ecb1b9fbb31	749
1554	images/animata/cards/1554.png	2adcc450e4a70026d3b716855110310c0f943f45d5547a006df9a48d2d49bf5c	1888096	videos/regents-club/1554-v1.mp4	fe2c1a58f074cad0152d3299a5780f453c4f5eb9823432275714f6c935a00850	168531	metadata/regents-club/1554.json	42b4d89990cdf3d8dc1c479dafba91f260275e9f02a72c92699f6893f0d0a1de	751
1555	images/animata/cards/1555.png	9d857a3d4b94b68a5f49cca507d3c6b125159d3382d91be180368724e804c7d7	1710270	videos/regents-club/1555-v1.mp4	df8b37ecdb80b5a1b59ca68e47bbd83ab155b08d5fdbb6d771ab350d9d046ad1	159454	metadata/regents-club/1555.json	ebc7a622418f182fdf98e6a362f6153a235c3a38a32e13bb6dea09e2863ddc91	744
1556	images/animata/cards/1556.png	52d5f11fe0d570dc162326f60a90d89324be88796ecb6758e1189813ce6bcc83	1869334	videos/regents-club/1556-v1.mp4	da0d003ffb8562b15f32f437ca68fe3368117290929629129e26c1e0b5353b3f	147584	metadata/regents-club/1556.json	5de3f9cd286cff308b9b5f2fab79cb03169588df2929ea201fe93bb825d26ccf	750
1557	images/animata/cards/1557.png	35d59742797d223523aafe138f53950bf4e278f34ba8d55d1b05fa4521fb702b	1756250	videos/regents-club/1557-v1.mp4	18fda12d27136e4384fa94a0686a32c3bbbc344827fb4d8c8e0c3c26e2cf6229	154476	metadata/regents-club/1557.json	e41fefc93cd5fbe2e0cb5fe055d35e20fbad04dfd302a982210764161d950c9b	747
1558	images/animata/cards/1558.png	d0c8d3a4ecdbae5477cf7208a73758f84020533b8ab9fc3d878bb945b3ac5d32	1408880	videos/regents-club/1558-v1.mp4	23b771b4a15c9ba4a076af5d896b002c6914a4ec607a4f6424ad61564aba7afe	138065	metadata/regents-club/1558.json	01cb34abaa6679881409f7f7626c0ea8e062760de8c6aeced30c4eead5b6deb4	746
1559	images/animata/cards/1559.png	4b1a4393ed5cf23b0337b5c3be7f779b8b7fbb5103393dba99001cbba512d37c	1610951	videos/regents-club/1559-v1.mp4	3c542fdeb319c0588bb908296cd45b171ffa5c2ed10d7b2bbd9e32e69f8fdc57	153527	metadata/regents-club/1559.json	2c8fbe0fd2edc67ff7f657ec3f28221870d88d82a2c4cc17f3c45bcb3017fad8	751
1560	images/animata/cards/1560.png	f0aac2b9901cc0530ddd410cbcc642797ccd328638962f7dfc35471bd6e63e91	1693684	videos/regents-club/1560-v1.mp4	a3cb6fae06b6595eda95dad14ed99dc74e7155abc4648849f520bc6270888cce	146804	metadata/regents-club/1560.json	b3aee5ced54d2517c555a7b5b1e364af7ab5bde15fbc31881217e22c9b9a9cd5	750
1561	images/animata/cards/1561.png	f64534e0da43748f578f5f3c2629162ea81b5eea02662c151ebff5d22c3a2278	1940314	videos/regents-club/1561-v1.mp4	b2bccc396e461ab7ad2385343177197f9bf1e9675d776cbc3bca3d155d606535	174891	metadata/regents-club/1561.json	939602eb53e77d45936e0b87c83d4f0da6c4cf7396238d670ba7a5dbc0b27d3b	747
1562	images/animata/cards/1562.png	b33fc124a37e70b07142a93f799957b8967262ed79c428cf57e1c7d777579151	1698946	videos/regents-club/1562-v1.mp4	589c5e155a33f6ced1ba2c69b7bf1b42fdd6283e75c1bd95719e9bc0f5a151de	183311	metadata/regents-club/1562.json	3c51792a0a4a5a629047dc2831a809a3abe27f28680b32d63c7eb108f90f8e10	749
1563	images/animata/cards/1563.png	ee1b6a5182e21b671dea9e132257f38deb47079a4e942489f014d0232a114b6b	1739502	videos/regents-club/1563-v1.mp4	40d3cf5150862f742ffb64263c8375f2eb12958d64677d7778644df235d6f252	144130	metadata/regents-club/1563.json	ccbb2971f3db7a9f6b5afcbfb8371e3b25fe031c98cd3862e850d748eea1b31b	743
1564	images/animata/cards/1564.png	97eb396018716f59a96e5b13f3ff377514dff591823a2d2130a6089f5a5da4f6	1764684	videos/regents-club/1564-v1.mp4	df0de067cfe842f209245427f1efa6e82c091e92c35b9d9904722bc1637c572d	147121	metadata/regents-club/1564.json	eea17bdddcee69d2e6d07e25ce5b6f1f87015b68dfe8f3055e759144e87dd9d7	748
1565	images/animata/cards/1565.png	73e6172850aebac352bb4f00f52b8bd720cf0f055e7a22135509803eb5a5cec7	1653817	videos/regents-club/1565-v1.mp4	4bbe0e5f2f9b6dc7ff9a088315746659765da816408712c6454149e68a6ee55f	146709	metadata/regents-club/1565.json	fc85785b78097f5fd9dbe8ab786611752e118b8dbbdb9012c77aff6acb533093	749
1566	images/animata/cards/1566.png	6532a4d270030754b30495628a002943d7f7fdf22b11b0b367919b06cc34cb8a	1569814	videos/regents-club/1566-v1.mp4	767cda1074cac8e75b093bbd0adbffe4f56cf04c9e2513a7b10bb16c83b806f5	137426	metadata/regents-club/1566.json	4353839e7e97856c10ea274b5d57a7b50a2b363fb8b6b7bad21516e9edcb8e75	743
1567	images/animata/cards/1567.png	e21a9728f96b6420003f3700c3e26afca8891e8c656c762c1c02c5cac711315d	3031553	videos/regents-club/1567-v1.mp4	605298aa31a217e511bf1be164e21e9558889b487aacbcd79223e4e6d7751393	285334	metadata/regents-club/1567.json	1111feb66ed1b9ab35946a1a6f53d0814d0e12dd7c6911816002796eb25b7a7d	748
1568	images/animata/cards/1568.png	dd9b79d8e422b3b2b84490aacd34cbfd4fcf7d2fe4de05cd39bf089dd4b98b0f	1739555	videos/regents-club/1568-v1.mp4	09a59f34f17464243a87766b65d336be77bd99c8186c0273b2b41cbcdc21b8a3	172232	metadata/regents-club/1568.json	3417d9a78a3e0e2d4c14f037880ace2ee64377eb9ea085472b716d89b05de654	747
1569	images/animata/cards/1569.png	6bfb428fb4e290c5086429498cd8f0bf50f943dc63caa70538cb0f154c04f595	1420117	videos/regents-club/1569-v1.mp4	f6c84e53a30ac85b1629757877f435a859126de71d0743a8747c904c28a1d861	163402	metadata/regents-club/1569.json	ee85784cd730a51aeeedc0fb76b43bf70181219142d4bcc0c82e77e39cf2b799	750
1570	images/animata/cards/1570.png	0966e7fd4b8a22b783c2446b9ec5e9b4fc2c324c7a9f6856f258ca4e801a6c03	2352659	videos/regents-club/1570-v1.mp4	b9938938bc0b7b270ae0a223fe2c6c399ee30fea2f49995c2b214f5c4cb89b21	214177	metadata/regents-club/1570.json	018306cdffe3704b5b6ecbf84e8983c6cb293960136ca23c21557e438e6d6dc6	747
1571	images/animata/cards/1571.png	d89da9259aa016f423af4cab38d4c9f3c9db630604a1f4d6979bf7a727fcf2fb	1399418	videos/regents-club/1571-v1.mp4	939abf08b5b7332aa74d348e0fb7009989fe0c6ab45b85024b7375fb526e88f0	135389	metadata/regents-club/1571.json	c1c7f88f44f9566119961370f81e6415477216a94cf949f82e41179282b3786c	746
1572	images/animata/cards/1572.png	d5eb34d86de6e4db95315a7af2cf89ccde743179256247c19d72e94b194056c0	1605639	videos/regents-club/1572-v1.mp4	3dd8503873bc7598614af087090c3aea32f17e09c6220f5d4ce2f0aa1657e14d	152886	metadata/regents-club/1572.json	c9027ba1579f136f3dc3d4e9dffb7a1c1859f90f4ae94353375662b039d8c495	750
1573	images/animata/cards/1573.png	64e028d5b1c9f75a4afb95bf6a3dec8a034db8279495f71dd9f37b1751c8ee47	1430267	videos/regents-club/1573-v1.mp4	c8773d247de76f934116c97102b39817e9a67a7044a5e781c69ad66a71f3987d	134852	metadata/regents-club/1573.json	b30b9e871e3b092a5d3217e4b53e803577adb1d293547055521229a47835f4f8	745
1574	images/animata/cards/1574.png	c48156da83b6be9dd4e8c47ff2cb56905fd705d1cf9248d278b3f2ea78bfe359	1690137	videos/regents-club/1574-v1.mp4	39c731ac2faec400b894b1b133e166c8bc68180697675c2e472fe2685df7376d	157333	metadata/regents-club/1574.json	6ef92ac37c04d3d557681dc3b703d8b8e4b57df056a1ba09c32ccfd6794decd7	747
1575	images/animata/cards/1575.png	d3ff3149384fa0320d1d86875f19cf642ee25d8e2cc249bccdb2a0583fd81525	1806685	videos/regents-club/1575-v1.mp4	d03a764c608c0d10b26c8a1638cefb3399dce1794ecf395384868080a95133fa	158221	metadata/regents-club/1575.json	ed144f1687d2b998f745dc75adf0846539cb3ac0a39365e1d217ba21e6271d48	748
1576	images/animata/cards/1576.png	a3b2d7e0900f67bbb3f6adb428aed18a665c830b90d625a890b1a349d79e7431	1521312	videos/regents-club/1576-v1.mp4	86ba5b7e0b588fbc3a3e2945d4724fb735e26678bbb4584be23546fb567fc4df	148082	metadata/regents-club/1576.json	bb7fa218c45a020e46cc6c860734bcd1e86666d5479d834d1e63cc5c80b06a8f	748
1577	images/animata/cards/1577.png	20f58e9fddc1e2a957f603431462d358d85aa00a4971452b6b83812f397603c2	1259230	videos/regents-club/1577-v1.mp4	78df554463ab40e5b14e0e71b33b4b25db77367bc5df1a3fd588d5236ca86100	142216	metadata/regents-club/1577.json	2d8a460860b67225a9c3b43d65ff675d0550b88311be7e5d8fdf38493b89623b	744
1578	images/animata/cards/1578.png	67250ecb7c238583593bbf9c11ded0c929fda09e3ceef2cd4ceb41669910d882	1304850	videos/regents-club/1578-v1.mp4	386891a5c78807ee066d1296c38b8628fbe4d9213c895d6f28b71aa9020b0d47	136662	metadata/regents-club/1578.json	573c2a330e21182a1a7819b218decc7f4e17e83bde3ba99ca5bdce4fd9a5976d	749
1579	images/animata/cards/1579.png	e6ce10fc80fea3a4f7e3c489b98f7ae652ecbc657f58010648e8e95fc6c176e3	2469356	videos/regents-club/1579-v1.mp4	bf32837910765d0b80e934d5a7d2e91acd8edc1c23d44193423046ffc16f8d49	188613	metadata/regents-club/1579.json	94c7154305c85fa939be7de4bdda09556b181544a32a4ac4aa9300c22c50fc21	751
1580	images/animata/cards/1580.png	8d8d56ed3d56a24020eacc03153d54f89ca31758390dee9b9aa37c889af07dc3	1918072	videos/regents-club/1580-v1.mp4	01d6c310e3e9f1248d966343aef8506e8bbc305ea4413ad5197821efac114b34	229102	metadata/regents-club/1580.json	e7b97e9697630e1e241fe1bc6e74f34044579fa693310dde7991a859fe7c24b4	754
1581	images/animata/cards/1581.png	9b13be95e0fb64ac83ab45bfbc5eff45a4d77f44d938e3ca87f85e608c65e8cb	1465373	videos/regents-club/1581-v1.mp4	0fef643680df70ac5ca0dc73d3581cd69189315b66fed7909aeb595a7729d19c	144942	metadata/regents-club/1581.json	5e720733ff76ce10d0a1b4cba374260da700e9f16dab01d366b71585e36c6fc2	748
1582	images/animata/cards/1582.png	b74e66900beb5f61d462060a15ee61870a3bc81378a9c0a23b6c05f5ac391d22	1446951	videos/regents-club/1582-v1.mp4	f26fce8c1bca5a136201c0c244c411850ca40175b923d44f49302972696ae45f	149694	metadata/regents-club/1582.json	357055675bf3fc4d95e42a37349ccd7c11c82841f9f4e04afea9c06742ed384d	745
1583	images/animata/cards/1583.png	f0277f6af5a17dc3fda0f5ba5d3b6663dcfed343fac0b04e2fc85b78476ce8a2	1559548	videos/regents-club/1583-v1.mp4	12b7028737f891ceaddef5156d4d92d88d1182d762cf694b42ad8c25dcc0302b	166327	metadata/regents-club/1583.json	92a3c9c770b2f8c908337fb1bc35b74d7e5ae40012fdca03e486767c2f404456	745
1584	images/animata/cards/1584.png	de7728d88a5d03847dbfae10f69bb5e5ea686a6e01ab334a2204487c1a2ca3ed	1393793	videos/regents-club/1584-v1.mp4	de08f07552a1a59e732bc047f3fa73fd4a82af3cc1120cdae93559b589617466	141035	metadata/regents-club/1584.json	fcda34826828127811460d115f611bb269002e6dd8c54697bbf776b772898c75	743
1585	images/animata/cards/1585.png	0f4f1f1547d8aeb7146cc2f3ff5c116a9dcb507d51823dc1a676f5c4ad869a97	2433890	videos/regents-club/1585-v1.mp4	f5982d879c9ceb9d79b6928b03f885063eb0f6a78314344f6b155d530123f8ce	228167	metadata/regents-club/1585.json	22029863a14edb5fd06c66b051df5dde352c983e353f67d2ad84db28b0dd4823	745
1586	images/animata/cards/1586.png	501c12ced7c59adcfe0258ec4070a369b1a7bf6889e35e1b150784a89c49e638	1543058	videos/regents-club/1586-v1.mp4	115e371fbc2bbe9dadf7527e03006d3e76c6b069e851b9a565b76aa034ba2f59	134730	metadata/regents-club/1586.json	ae03561fe7480d7cf948026c1f6801c961b425d452a6be13728442df6d357e2f	743
1587	images/animata/cards/1587.png	2c379eabd931fb9b9cbc093b0ad47ec2d2c6fa2342053c666c647a9d7cf7e93d	1848054	videos/regents-club/1587-v1.mp4	9e39a8fb54f4a0a57a9775f4fe9d0e3d4583abcaf94823e2ed1e29db1564f53c	161849	metadata/regents-club/1587.json	40dd431f870beb3d2f2fe95f16e0ac13b3af764e884767bbb43c090e72cf5329	749
1588	images/animata/cards/1588.png	048e85952ffd865af410854fd0512849999d05dd3cfd69561aafe2f4c53cf37e	1282576	videos/regents-club/1588-v1.mp4	fd2abfb3da7675976e30355cfe4ba10453f5f859e4be247530f1187729c42de2	132576	metadata/regents-club/1588.json	1602c0b725ef75c99dbfd2892a78d62c651c92edf9bb8131394d38a23e240968	745
1589	images/animata/cards/1589.png	80cc51bcbcc73b91c2aa7f1988c602e29f0ab40c42adf068b22076f471f9906f	1296255	videos/regents-club/1589-v1.mp4	252b3a0c550b069f3f6d8acaca669ec6705edd05484732f7d7f6531c86584e73	130545	metadata/regents-club/1589.json	6d38e7eff2d0f01279929fb58545d1e2e47e196cd8f15b87b76cf577ae4e3645	743
1590	images/animata/cards/1590.png	ad40c18dafff8a579a2a516a8c645dea6087e83c80218af5ecedfacb8c948674	1469290	videos/regents-club/1590-v1.mp4	4f6d656790219a79980f17af4000d422a1d22e6605a8960b03af8ae003cd99e0	142231	metadata/regents-club/1590.json	98dc68bebaef097908a5d79b8885c91ee143c91a51a61d6bb000f19175c09d68	745
1591	images/animata/cards/1591.png	bb1693d1d234c9145d64ca63eaf5f2948839c70f12023a89320dda9d5ee25633	1504745	videos/regents-club/1591-v1.mp4	6750f4fce23ec03cd8a05c4c84012dfdbfe9823564f31f900ee7289e8ca91b32	138047	metadata/regents-club/1591.json	0f19aaa357b9ea02940ddb20f1e1b1eaabb2576ca91eaf45ebb0b884a7e452ee	747
1592	images/animata/cards/1592.png	99dd9c75b3a0f47445a23e6c1e45a5e8fbd44ae63353b8602fc93d1c953888ec	1393875	videos/regents-club/1592-v1.mp4	565518de2d7fafcbceda694e18b73baa0234a6dfd68d18e67bc03a20436b9fea	135873	metadata/regents-club/1592.json	e2df2a5d254ed68209b5c498fb3f67d8b71ec3af10c1b9efe5d493ffe021ae13	749
1593	images/animata/cards/1593.png	c10b50ac0d8dcc09044f860eee9524c05dcc91f9ef43534465af214aae2e0677	1700917	videos/regents-club/1593-v1.mp4	97ef67a41c3391f8ce6134a722be1f67c2f56413d7de72b96145f09d8b246f29	154733	metadata/regents-club/1593.json	71fcefe1c47a32307dd6544463c5c8a02d93dffac2d5dc212243177720a8c4db	746
1594	images/animata/cards/1594.png	705c3fbc0b50973ae7e73ff74fb8bbc5307cfc34e127c19f4ce62118047c2db9	1371152	videos/regents-club/1594-v1.mp4	0517fdcac4052fc5f00d78716c6d501cb12747d242b5a3987f355fe308b074db	125059	metadata/regents-club/1594.json	ad14c0a3d0bd32594dc3ef071b8b17efa6dc177a1b5effae94e6542752eb35f9	743
1595	images/animata/cards/1595.png	5a912c924fea84a31dbe73db24c8f9ebc22eabe4fbb065c31704242147b305cf	1622450	videos/regents-club/1595-v1.mp4	30c5db798b8e4a953cf15e8dafec080cb2b23b49a5a9b34e2e73cf3b67823023	147701	metadata/regents-club/1595.json	e8c7c61ccd4eb78cc75801e11b7b4e77ed44f9802d9027cfb95c79e21f886c38	750
1596	images/animata/cards/1596.png	e75369569cc7c5d915a572be2aa5887f25b6b56856518c363eb3d776a29f8b1b	1591798	videos/regents-club/1596-v1.mp4	5b5ef5c59c7c41f80e801abd68e44ad966983ff542dec5060703ac7a5187b91a	160142	metadata/regents-club/1596.json	45c4bf4a8882bd2926fd7a266736c507d03ce3be78a338e76fb13cc65667d97d	746
1597	images/animata/cards/1597.png	141d6b88a189106c1f4340f087f7080d33afc76856604b3339ea8515a4d8b3a5	1454743	videos/regents-club/1597-v1.mp4	6ab049f78f035960e5b6f1080fc2d0e47394b5eb1893d61d4bc4412d8dec0f80	143989	metadata/regents-club/1597.json	f76786ceff949e1369ae156e59b5c030c8d5a0cc1a87684e22eefafa577ad34c	745
1598	images/animata/cards/1598.png	75b8962b3100acafb8ba720c1e708ea9f55f2e9e7381858c34a7c3ced1cfc2ec	1871575	videos/regents-club/1598-v1.mp4	9c889593291a0ccec0eda76798988b49d5bcf6c74637bdbfff74c76ce2483a44	176304	metadata/regents-club/1598.json	979abfbbb2ab4388c73443151995b64fb1328e037a19353c904a4dcd0b2fedfe	752
1599	images/animata/cards/1599.png	373b34227681f2e9c6371358ae97c7231c88cd33763f5ee1059449029af8d088	1375170	videos/regents-club/1599-v1.mp4	0949193215651bf736f3ae610dfed3e88153c5b34e93affa2acb40c1820d65cf	129815	metadata/regents-club/1599.json	0b05e37081c9dff1b8e9bb12525d0a6d9178d735c86871296f2b117fc5c3cac7	750
1600	images/animata/cards/1600.png	4e2dd30b7be0eecc18f97dec795f538cd5c61265513986d05c27e07f4d816077	1650181	videos/regents-club/1600-v1.mp4	9634cbd3047940a46eaa04d0edf106feaf9ac71f4be3a96355a704de6194576f	146507	metadata/regents-club/1600.json	3d2b84441ce683e38b13aa4ab378f1f7b539fd90edad505c6a27498e5c16390c	750
1601	images/animata/cards/1601.png	23cf6142bda2b0a8a56d862e56cf67d824f54e1ead61aa6c629fedbfcb0241e1	1768059	videos/regents-club/1601-v1.mp4	42d897d772b30202f2c05e23803f997b057c98b60f55833492aa63581f4c1122	157744	metadata/regents-club/1601.json	ff54bd22acfb07cb9341ba818eb123fc72e9d272f43963ce3e6811ad9b1850f1	751
1602	images/animata/cards/1602.png	c61e3205f6a72c93bb648fe42328cd459583f441e97c2851149013ab56035fa1	3182067	videos/regents-club/1602-v1.mp4	d539a8ff5413ba7f2669493cf862bcea81ade0c15436022bb4dd08f3116e266a	340258	metadata/regents-club/1602.json	4f73f8f4914d82a8658958d00e46691941cbedb563dbc4c505ed705d0ff8112b	749
1603	images/animata/cards/1603.png	39e25de3e5c21a0371f3a96ecbec46102a2a22be78f7aec82dcf4de3fdde4113	1745699	videos/regents-club/1603-v1.mp4	4702315420952d5f802d091811a476312f04dc9937ae002fe19e70beb2333c5c	153920	metadata/regents-club/1603.json	156a051a109ee73cffeef6f0febd984f026b4caab677f216a906bb53556c4bfc	754
1604	images/animata/cards/1604.png	398b35ac19d06142782bf36a35024d2cd9eca49d30237c357a90d25a9e2b9bbc	2234461	videos/regents-club/1604-v1.mp4	49c7a6f9119fd1c078047dc1069efed9c4a560c88b3ab7599d154bb9d8bd602a	190995	metadata/regents-club/1604.json	e29af0e58b150de119b4420580720c66dec4229217c911b494d3393d758491c9	748
1605	images/animata/cards/1605.png	80e953089f64634865ee2b20da6915b17b52121bd4d9196e8420cf74aae26301	1227662	videos/regents-club/1605-v1.mp4	c1f684f173d7882c65d3c0620e7317653f20642ef4b3cfa9c5aa85926c8039e9	141172	metadata/regents-club/1605.json	3a536589c1b7f8c6077abdd9247a3edfa610abf5171deb89e8c5cb50f14eb995	750
1606	images/animata/cards/1606.png	ad3943e22633d4d07a0129448bdc8bdf7271e2556b7700a87d9055c6d47b9412	1234474	videos/regents-club/1606-v1.mp4	c9b9deb66fa2a9f2eb9da31226cac5a82eb818c5c40b254eaf0b53d4c02badd8	139685	metadata/regents-club/1606.json	4764996ac98b7dc950f348ae021dbd6f7a1b09b58877e21518cf5a27c040bbbf	751
1607	images/animata/cards/1607.png	632985160a77e513d1bcfcd460ba230e4f569dcdce39b53cf2a566625e766847	1498191	videos/regents-club/1607-v1.mp4	2d2af890d3316c6d18157679572cea651dc80e4d5d16585e9bd2adef5bca92a3	141591	metadata/regents-club/1607.json	668dc8e1da8234a93094e130fd218a58befe3f1d7d7348e9d6cd16f95866d50c	745
1608	images/animata/cards/1608.png	c2ebc7d2e77d5f6b1693d6a43cd964bb48b469880e329c1463c8015fd4d6fa56	1105979	videos/regents-club/1608-v1.mp4	fb89f87128a0c0b1f19476dd5f16898213fc8fc8e1105a3bab7d1f551e6f36bd	117026	metadata/regents-club/1608.json	4e820322d46e9c8d8f656c013cdf4f916ce2451bb33f12edfab1ee3dc5a860b0	744
1609	images/animata/cards/1609.png	7a6f67b9777a684cc071774928e46d5460090306b243b0e1454136c0fb53a96f	2519548	videos/regents-club/1609-v1.mp4	e3a9c8071fc7658fae70bc6366cdc747cb7656c715dff2aa42af2dbf0271ed79	241613	metadata/regents-club/1609.json	65428848b8e05fc27cb3079a5143b00ec45bd75d707bc4862c8080c5c857e7b4	747
1610	images/animata/cards/1610.png	fe5095495a3f2ea665330151c9ac48d943dde7726f4871e81ff6ac7e9ac3de50	1359827	videos/regents-club/1610-v1.mp4	ccc216da4fbfaec078c3923a1cc3df33ae5bef977f72c688464ffd4670f929a0	137357	metadata/regents-club/1610.json	08d69e47b8a44f5c8feb74ac0dfdf320fc73003c72642a3c8aa49e76d2c97c63	750
1611	images/animata/cards/1611.png	b36dc5395c846ee3b2ffd0653e1b16359b01edf6b40767460496a62e6b6efd4c	1774779	videos/regents-club/1611-v1.mp4	3187c665a6802e89d023b4d5edc4339be6bff568773cba869e92b81b74f36883	177420	metadata/regents-club/1611.json	aacf2adaf9a459a4fb46983c8c2fd2283ed47353416d5d08c046bd5db7d62459	750
1612	images/animata/cards/1612.png	9297ec954e9829220ad82c38bffdf26d6d35fb67fa1514ebca689bd09e896a20	1793769	videos/regents-club/1612-v1.mp4	7537eb9a29e853d6cc912034ebd8d7a549233b3d720acc5230d990b7da75d8b4	160521	metadata/regents-club/1612.json	276bb5723426753edcf3d175307689e8efc823178981624a8c5a0c8c0e022d25	746
1613	images/animata/cards/1613.png	ce46dece9c2882191fd041dadfedcffbe2aa6da2671429236040cf139d3f8fb8	1597022	videos/regents-club/1613-v1.mp4	14d05e60839285035c1fd1fcdd5972ce2f0bcdf04f1064156a70ca7167b11831	151705	metadata/regents-club/1613.json	077e9b67b7edbf33ed4e47e09984f30614b6a4f68ab6308d5c9ca5f5ac77e02f	748
1614	images/animata/cards/1614.png	ad7f6cdba2f44b8b5d3416d3dd6e1eb4a6186ff154eb93ab82a216f4fe8f568c	1928830	videos/regents-club/1614-v1.mp4	08aaeb929cf9918e110b0fe063aada5342534d2853042849b6d38d54650c1f0f	205256	metadata/regents-club/1614.json	5ea3ae049e36c3f502baecdef74f45ec8a37d6a7ab6e9688b0642fa7b3f7c93c	748
1615	images/animata/cards/1615.png	cc4a75a2595adbfea39c4089facec59e59c35d8b1dc125c556fd6e81285f43ce	1521773	videos/regents-club/1615-v1.mp4	268a6aaa47ea94e06aa7ab29bc64de155a4920d1e4645088d2117b4a97cc7b69	143426	metadata/regents-club/1615.json	80760e174191632a70999b2f972f291793b94d67230451306e65f930ecde8e0b	750
1616	images/animata/cards/1616.png	c6856fe9f7c8848e64630d99e2de23b63d3e80f8ae5e021e493a26f4e07e464e	2035159	videos/regents-club/1616-v1.mp4	1ed543b5176b40120e9e537120ba6ec9118d4d7eaab399295f3d1236ca5a0174	172178	metadata/regents-club/1616.json	2ef7446eb9f39c2b846d3a2f5d5bc31f3865f041f309243f8787bbe3402fbb78	746
1617	images/animata/cards/1617.png	d160116cecd38fa8441426b32352ee0f60a390831c9e6cb8c19c0f1691f712bf	1459424	videos/regents-club/1617-v1.mp4	fbce7c9a75eab7a5331df6deb2201d9af2b064cc26d59cb4e3ebedd298fb0ea2	140877	metadata/regents-club/1617.json	b69962ea86f86eb51f8618d81135c7b0c652f65ef57eb731d9f387460594d0c8	749
1618	images/animata/cards/1618.png	5f984bcf6e9be07a3062d58d8aaafa771fcf7e49cfac1fffe842ee635271d78a	2742782	videos/regents-club/1618-v1.mp4	b2b981152b26bfdbc0f44267c670392bfe86072567d005950364bcc07ce570a0	259297	metadata/regents-club/1618.json	65b63eb6d5ed3f51661779f50f8562e53bc90ae2509e9cc2ad6f677f728d2976	746
1619	images/animata/cards/1619.png	f0b3098af149338abf9b05cb6761cc60448dfeb2f8736784cf9622a21d0b484b	2684169	videos/regents-club/1619-v1.mp4	8c5c1d4b961bc387a9ad6414a12b282077d1c0caf2bbe93f73385ddd5812ddc7	226991	metadata/regents-club/1619.json	546e3d23fb9e037d871af7348de2cde1a49826304776e779666365ae7f89c239	748
1620	images/animata/cards/1620.png	9dc0cafbd938c8f95ed9d06fc9b19a83864d86087c5351522eda861eaf586f2d	1379636	videos/regents-club/1620-v1.mp4	986465c397d617c2775dce637069833198c27b5c21cc31f222b60941fef98fd2	148779	metadata/regents-club/1620.json	7df6b8ec87e2ea2aca1e5a637299e49c31d28612a303d493ff1b712edc6ff389	745
1621	images/animata/cards/1621.png	2a5c12400c9c03d8ab2f328ff2a6b86a295fc8e0a483376540972b7ac27a511d	2132321	videos/regents-club/1621-v1.mp4	31767d417079b9ab13425d3c2c011f1b3b6f01ef6ea2428bf221c0ff527162c2	178717	metadata/regents-club/1621.json	8d7a8619651347045c67501edbe517acf8c51786c625500fa6ae34129d2a7254	752
1622	images/animata/cards/1622.png	2a37dd523bc9055be4433bc882309ced822fff0d9d4ec86f37b1d5431f190bfd	1921912	videos/regents-club/1622-v1.mp4	9a4fd8e14b80db5ed0bab1fdd985df22c49ea1df9afb17a7502ae85f8217f539	156485	metadata/regents-club/1622.json	4bfb185e9ae79df084011aa9b1c61e53cfd6c03dae87c5ecbfb84fd44fb42d3b	752
1623	images/animata/cards/1623.png	93b04ff99d5053f1c65e1d8cebe0af28c1ed7144f85386e3fd8e5781967840a9	1598546	videos/regents-club/1623-v1.mp4	d4807d0d9e37585aa95782669cb0e750412a205c2cc31514efb9ed62d2f93384	162074	metadata/regents-club/1623.json	43d458b5b5e3a852715ebe2c3f4f09ed986ad60379fe58f62fddb836c53a8567	745
1624	images/animata/cards/1624.png	13c2f072ef2b1dbc5c76ba509274e35e675c5f0fff3808793edd4457e5c8c8a1	1733624	videos/regents-club/1624-v1.mp4	f103fa048c751a7a1389b37bff7d99377b517c5cca77470310598b577459b201	164796	metadata/regents-club/1624.json	04a34659bc1b39c0e969dfb2eddd5099200f2a2a6f7721a270920782f4cc79a1	745
1625	images/animata/cards/1625.png	ced3c87fd30d29e2d2d0c0c215c2428d81cab191c8bde3289274ea6a7a6b4776	1817319	videos/regents-club/1625-v1.mp4	5b7ea05cf13cb62df013edc396e50943f9ed0c97b9acb874a1103ddcceb08ef0	200496	metadata/regents-club/1625.json	f71622e0ac82e3b3c26d67b930f9d7ba31155dbf40f1d28cca11e9a51c2404ae	750
1626	images/animata/cards/1626.png	a58b83f6bb540db019e989a683f17909c0cf341b6a0e99fba747360a747127da	1819528	videos/regents-club/1626-v1.mp4	e54db4910d4ce905a190b2efdc38aa5c33d30526f482ca32e49d8b160bdf19dd	174548	metadata/regents-club/1626.json	b98c3c9af7760e488acdf6da6aef277dede14b5b3d2e1b587bf68139a90a658a	746
1627	images/animata/cards/1627.png	7b47516571e482f11dd5499f2b1985a76c7e59ea8d616ddcd30c2c8b1016b078	1468729	videos/regents-club/1627-v1.mp4	c79a5e992c45aef1a796820ad32f69a14a7fe68754baa747e40b131305624c5c	145357	metadata/regents-club/1627.json	82d7967d78d147dae8164c5375b4024f9c6ef139725bc0ff668468db29439aaf	750
1628	images/animata/cards/1628.png	c2d7fc07c517aa0a6587369cbac929bb6d075617651646bc7494040f3765721d	1365383	videos/regents-club/1628-v1.mp4	1ffe1cd63b219378c7b89a69a0c2c8b66dc7e03f2eabf67e353bf67e2c8758e5	132755	metadata/regents-club/1628.json	3ead21ec2a3fed54204dd64ace80395a939612aa8ab1b578a12f9b9a1bc5769e	744
1629	images/animata/cards/1629.png	2f9719a2170cda795d6fb24d0e70bf00b5b7d2324984b2633ede7c47e5867af4	2525368	videos/regents-club/1629-v1.mp4	9a84c6f90a4f6d2cf5342cb92ad8307f5e1ca9ee3f77b518f3188f3cbe0bfe95	227323	metadata/regents-club/1629.json	c93045bd527b150c6dec91ea1bcf3a202753c850f973268d3d01f0591b9cba67	748
1630	images/animata/cards/1630.png	b4ba0ddcc507534a740383db1c139c601a0d2575644bbde556fcbc981eac1485	3714608	videos/regents-club/1630-v1.mp4	67b458ff285ff52fc6887c6f41371a65e52909bbaa9361f2f2b4a71ffa9b2b65	566271	metadata/regents-club/1630.json	c84e18f9b323be07c7888b94dc6aa7cbfff89c9d11a2d6387be235df51a317fa	749
1631	images/animata/cards/1631.png	bc9916f9ae4b5d0b3165a1ebb408b699177d15c9b65390199ea20cbbc03ee6d4	1462032	videos/regents-club/1631-v1.mp4	da42f9f95f25d20d164b34ab2161273a998308b8b4f2512f5585b4f95a3c1ac8	140799	metadata/regents-club/1631.json	7bb1a605d52a2a44a7dc819498fb0d9d8527e23bfe2eee9b01ca5560abaddafe	745
1632	images/animata/cards/1632.png	9e42095a24bdf461718a1dc11a35628fbe6f46a2403e23b79f94b6b34af4b4b6	1705974	videos/regents-club/1632-v1.mp4	79d0bae144d284c449a1453297f7a6943778f73f62ff37270f70ae0bcdfa21b7	154969	metadata/regents-club/1632.json	39b1ce27af8545a02327807cf4c415cec2e6b6b1bfde2dda6e3be8336a40655f	747
1633	images/animata/cards/1633.png	a0303a57e0ec78870a8b3fcacbbde3dc129c14f57c60f3c230cca2fba5a367b8	1457733	videos/regents-club/1633-v1.mp4	1279dda8e72aee03fc5fde73a7fbaa3623de83c13fe8175f3b8937e481f8c5b7	143244	metadata/regents-club/1633.json	2cb2fae963dd9b900b6bc083435da6c31ab8ace5168d2fc3bd427c3e2a99acc6	747
1634	images/animata/cards/1634.png	26f69f41fb588cfc98e178b4b9e4443b88509196375a176842a5b224c20bbcaf	1420470	videos/regents-club/1634-v1.mp4	9cd08d009c45f16d08a04ecdd9519de70189735c09522ec529c277db508afa00	157808	metadata/regents-club/1634.json	a1b04f19f93bd81b231a9d36f32f0b80c5e03a5d5411f7d93d4870badeea5d1d	745
1635	images/animata/cards/1635.png	49905fbf469cd6d0be288ef5a4cb4f959235b9c36c401d335d3cb30aaeb0fa57	1558826	videos/regents-club/1635-v1.mp4	6129c28c9803b42295630d45d62657067d748d7242f1cf4e909d0a35ff47ddfc	167367	metadata/regents-club/1635.json	950cb1a346027a89eb2c7cec8a9768bf6d7acdb2c785432c7d0e7e0c5cc02a0c	745
1636	images/animata/cards/1636.png	d2153090a1374457d86159be7b5eaa65ac3be49081ebe3cfc4bfa3a0260dca24	1724497	videos/regents-club/1636-v1.mp4	ce476220b826ea76d34c84591636dad7fe95a9c27fc1ae611eedca13e7906038	162211	metadata/regents-club/1636.json	f4ed90f9259e0a1c04c2146ce7ca3860d6e13b2b105581a7ba9ae580568aedc1	749
1637	images/animata/cards/1637.png	50e459488f4b3d9968de04e4a842d72d4e56b13814efb51c906666b8f77aadde	1780537	videos/regents-club/1637-v1.mp4	81dc219e4081b43081a47e59f4be9cf8199117f6959f870dfdc7b5818c4fc06d	174985	metadata/regents-club/1637.json	574ded486434de4ca7de100db3b0aa7a70c855d3bf1c614aa9d096fd13e29019	749
1638	images/animata/cards/1638.png	b0cb0b00652818d2cd36fc35ecee2393b4e106566e87095be7e6d3f7de224dab	1418995	videos/regents-club/1638-v1.mp4	13015e389582f475b091609964d4e8f8337aaa6913ce4760d62083f26e8be4cd	143732	metadata/regents-club/1638.json	fa7ce192d86c0f4147dbe16f4b40e30ddcbc47a2de3bbb7aa8d5f0d0bd4d598a	750
1639	images/animata/cards/1639.png	ec10d5580ad7470d2bf821b3ed5f0385ad2162dd63e8b7bc77e19b476f900430	1474867	videos/regents-club/1639-v1.mp4	7c1faa4f2b1a16ec7412f26d5f4d58c29f9fb56390728f027914c05c735f6fe6	141909	metadata/regents-club/1639.json	7e4f397eb0da0d7ae0d992b5adfee2258bf8cde491ffe13ce65435ceb8c6624d	750
1640	images/animata/cards/1640.png	a6d51eaa4e02f2fce96b524791a2119c13ac1e32a0084e8a76cfad4663a17f18	3180183	videos/regents-club/1640-v1.mp4	5e409ae389bfc9fbfd8778b9d0821893067408b12fa033a75786b46c5e09db3e	273603	metadata/regents-club/1640.json	3654e7c60b46727ec341d5f03dfa983e8d2537de4fdfcdbffe94f6796216967a	749
1641	images/animata/cards/1641.png	f2b09eebec0d07db889f100d7b1f8211cdb9880ef04a358c943612be7b234331	1380613	videos/regents-club/1641-v1.mp4	bd50099ebaeb2a244877eae79419c5b828db1570c9fa718c97fc993666f549b2	128643	metadata/regents-club/1641.json	0aaae159dd347b01ee8ef3e9e5fd1ffa0905a3a4c7c2ee9adc6b8103bc0796ea	744
1642	images/animata/cards/1642.png	009cd33d34dc0cab55cb834aa5d09c15b2a0c58285fe78037e31fcfada60ed03	1681106	videos/regents-club/1642-v1.mp4	9300bd7da6cb7e6f5c78360188e313c685ff36d7408d129d50199faca8301041	136707	metadata/regents-club/1642.json	80c0c8509fd3d0abe52e493fbd33017d2e77b908009de90621d17cc27d993d6b	749
1643	images/animata/cards/1643.png	01f04d1bc8aa45a8eb497e13f258f377dcf8b50517818d6c83fdcc5e0e6d5793	1262689	videos/regents-club/1643-v1.mp4	f94c5c8e6533a712d71e701d07ed77c5d45e6472f308bdc69468b40c8ca57ef4	146105	metadata/regents-club/1643.json	5d48410bbb285532f2e790dafe828164344a7edb94ef501d85f900ffa890a060	745
1644	images/animata/cards/1644.png	9b7d06c728ef06c8323606f9f3441c46c2539cd9fbc80cf65b9c097cca8d9413	1532751	videos/regents-club/1644-v1.mp4	7f0b236ed463c2b07c787accc6bc4cbe55a8a3f24f0e3e3eccf06ba94ffc999b	133745	metadata/regents-club/1644.json	19dcec99082b5ce676d61df69c9fa60b8a04a836432fe2eaed986f2c6330f757	749
1645	images/animata/cards/1645.png	12f1fe4ad6a33516d1f8cb823aefe92ca71df39d1a15e65a61ca0bbe13f9234b	1540259	videos/regents-club/1645-v1.mp4	ffd5aac3b01a58106ab0e4c57419690dca06ac639a7b6bf865e746e0ef6ab840	139235	metadata/regents-club/1645.json	7f25ba69f4979168f721c071c0bca9cefa26cdb60e07b42b9f1c34850fcf35f2	751
1646	images/animata/cards/1646.png	3b10d86d89eff0489d66e5a72b9d60330662a3e7fe90a12dd274b23a0d1959b9	1769863	videos/regents-club/1646-v1.mp4	fd2e38eb92a907045342e56da4d17486222daa78af4a6c0288804eba04c122f5	163294	metadata/regents-club/1646.json	4ca839be10b3e9e74dab6fb4ca03863325159a30c6c6676707faf69f5d5ee8d7	749
1647	images/animata/cards/1647.png	9c6b7761be81c8f73eadc4abae211def6633aa5fa8d8658343b0a5bb95245b74	1874763	videos/regents-club/1647-v1.mp4	24c5f6f39e5d073f70b108e8b21ff82aadf526285e4fe7dd7ee52d47f3c16cc6	166636	metadata/regents-club/1647.json	6965e8799972fce876462c7d01d3434b5988d69d49a1fa7a73b5a0d07adab9b5	746
1648	images/animata/cards/1648.png	26d3272047e2b4455d21cd3e0617a8d47faf30aecda5d6c0dcd4cb3ab49762dd	2075234	videos/regents-club/1648-v1.mp4	4cc3be9a86527ce238dc3b9c927320340c0ac4acb766c1846e8a130c4b32baa9	176332	metadata/regents-club/1648.json	4ed76779b59d9d506fa87404fe9cac2c4e9470f5a32ff5432e2a4cba44939504	748
1649	images/animata/cards/1649.png	f6dded6640af0a7f82c34d8492ea6ae78c43ef44421f3ce4ecd3c74eed32563a	1650942	videos/regents-club/1649-v1.mp4	34fa5fa2372a7852d9316eb30166d6badb9f99fec849f3dd787d4c0ecafd646c	163021	metadata/regents-club/1649.json	9b4c60bbef3af4253980d73ac5833aca8b27997bec013dc6760b856b2647ded6	751
1650	images/animata/cards/1650.png	f2fc233d7be730ca960e4b62475ca33d4f8ecb2ff5d34aae86b5fcfc1363a5dc	1039745	videos/regents-club/1650-v1.mp4	19d209341e95f872f582b41d8ef892620fc47659886d556d5dd328dd9e1d3bcb	126159	metadata/regents-club/1650.json	ebac9dbfd9b5037a731c35cb16d62f5cb1ba0587e5e3864163890ec3d66c13f9	746
1651	images/animata/cards/1651.png	371b69d473848b5f3f1860b51284f594807ad20b876d2534aa3769f36de9039f	2332924	videos/regents-club/1651-v1.mp4	a333e0be3ddbbfb002b8e5a8de092d4ba843dc41cdb6c50a71d89ef875fc1ea3	194886	metadata/regents-club/1651.json	09a5d37cacd7b6125a48ce1dfd5d976960c611f9b3d16b44801c5e4388ddf1de	747
1652	images/animata/cards/1652.png	c9deb4cfc64e25000979128a6b998218f190da7f722e8d0ad3db6832951205b3	1258095	videos/regents-club/1652-v1.mp4	27f7a9a11778742d4bf6d8fcf41f3ce51c0f47d9c6655277ace707a913758d30	134621	metadata/regents-club/1652.json	b0268b7c58716b45cdf86a0704256d79ff745836875ad0b48a30e61e887abe94	746
1653	images/animata/cards/1653.png	324f338fb05abc52663ac77b40d39bf098befb607d9d53e7fd6ca752b2592bb5	1789249	videos/regents-club/1653-v1.mp4	7a49f3370207d5a6eddd5314a4d36612df7821606f21738774e78fcb8129dab6	157912	metadata/regents-club/1653.json	1ba11d775245fb4b1fc0795786b23c9f80da94b7b55a85679caa7d73ae898166	747
1654	images/animata/cards/1654.png	363cb516184deaa8742b208e622fe932b6c96bfe600e53bbf45e75879c28483f	1288903	videos/regents-club/1654-v1.mp4	c55468d40739b6df4b95e53f25d3f3ec1952398ef7d6885ab2da3fd58847199d	134465	metadata/regents-club/1654.json	ea0824c17800c4df8e93e5de268a4d3ef245f3d9c285a5ce917697d591572072	750
1655	images/animata/cards/1655.png	404dceae4dd10d38ee9d8d03c8efd17f2721aa0e40802c618ac640daf80399e3	1548910	videos/regents-club/1655-v1.mp4	7c7b4369be5f279a109062d1c43ec68a8526a4fce7133468daf854b7aeb79b22	148593	metadata/regents-club/1655.json	d5ea99e9a2cb63bf5fb84131d5fb308d3de728d418605c04de104f18bed63f13	746
1656	images/animata/cards/1656.png	747998389cabe33a6a154a8d1e7167fd23dbdc41ffdef438b62d570b50b9b11a	1504711	videos/regents-club/1656-v1.mp4	0edf476a65f4a41b85579fe10fe9795d2b071dc5310f1d47703b6ab9734890a1	146807	metadata/regents-club/1656.json	c6ace3f957c9bc96a824714d61826fa621ec73b73116c8851b07cd2db31a0540	746
1657	images/animata/cards/1657.png	21464688ca3c9eddccf6b2d5e61dcd9a70b745b2b07ab1b5b4590acba4e59a87	2015631	videos/regents-club/1657-v1.mp4	068dccce8c71dff380ad2c48a0ff5ad55399502c4ad5caed730479f532dd000c	180248	metadata/regents-club/1657.json	6cd0ccf0a11a4d04b4eb168972b4bb62654affd957f3cf230256369d3eba615d	747
1658	images/animata/cards/1658.png	af6bf32bcd3a66873c00330c71acc7e5ff98109ce70e8a3e430f4ca942cfc1a6	1920899	videos/regents-club/1658-v1.mp4	fac6de762f737906f731304628b1ec4c6ce3cd09361c3387c2e7ab9cc73b3e40	157717	metadata/regents-club/1658.json	25b9054597df8b32e82cdeaff0b22f9f54f2ebf7a7a36329b01bd8d0ddea7e97	747
1659	images/animata/cards/1659.png	4eb732a0e26bd4fc4cf854301cbe8676cba368235485ac12fe03ced327f71eda	1173581	videos/regents-club/1659-v1.mp4	783a0f2debdc8cef1cb37dbc9e00d1371cb069e5880391afbec7a3a198f856b9	131631	metadata/regents-club/1659.json	630a38559e0c05c2208349be4a85243f663f11c880ed4c2520de623e7e22174e	745
1660	images/animata/cards/1660.png	9521b6211faa170bae51eed053011c1c73163e8bdb98263f3c306c7d13c37fd8	2057175	videos/regents-club/1660-v1.mp4	6356f53690efce10c4af15794e2fc071a1ea92660a36b4e97e7a5b1d4ed382b4	198093	metadata/regents-club/1660.json	087e8d4de446cb8cfc24e0f3190e894df1c1e22e38e34d4cc39730d671d903bc	749
1661	images/animata/cards/1661.png	580064f452f8cdcd1c19c9a8fc6f61ddd5d06adcb5a396237e53815f04dca810	1647012	videos/regents-club/1661-v1.mp4	d4003f22cedff5c3a67b5eff733966fe147e2e89413fdb261ea87cbcaf0b13c4	151391	metadata/regents-club/1661.json	d998dbf4366e714ea510877e11caa19d5a29e18ce150718edd49ac7d98dec6fb	746
1662	images/animata/cards/1662.png	469a072a39353b29a5b9624d8a8d1441e3b222e449c52c69bfd22215b0c4f980	1521817	videos/regents-club/1662-v1.mp4	6fc84db81e443f0b9f1e4dac624c1f58ed943e471838c243206db092b38f6dad	149456	metadata/regents-club/1662.json	33f1fdccb9cd1cef035ff566e89de05c93cbbe15354832b6c70d7373b4fa667b	750
1663	images/animata/cards/1663.png	0251f1bbd30667980b000a1ee33958faac2070cd6d0844ec5a02af0a2dbd3471	1943845	videos/regents-club/1663-v1.mp4	ad74ce0ad27ad1db9788a3e0fe24f5a7cfa9d81b206ef8f9a5e1b4f42a6cfd42	171563	metadata/regents-club/1663.json	648c73965bbeefab3067a5ed0ff31c7742a1dca2c40d5cd581f231ab829948bb	747
1664	images/animata/cards/1664.png	3f5cc74b79f4af07623113736d1fefb89965a14e59e1aca72fab783762a6fa3e	1744658	videos/regents-club/1664-v1.mp4	e773bd74e96b04d0c3647f94c6c1dce60378064c3a5ce42f984b7b743e7632ad	157051	metadata/regents-club/1664.json	47662b215de5fde4a8b6f59e907284259a027f60ddf76378f31aef623d3e20bc	748
1665	images/animata/cards/1665.png	cf65112ac8ecb05ff3c7c05848420fe441f9cea73645a330d159a265a8a8bc15	1762367	videos/regents-club/1665-v1.mp4	18a8259430fdf32b0189352e137d172afe4116d1306cb01548c5fbae04099aea	159031	metadata/regents-club/1665.json	97ba0309589ff38a998d6b50b3a33149932a468fea66dadcf2e52801538bb192	748
1666	images/animata/cards/1666.png	494cd13caaf8aff5d2f2225ad99713e2eaa4ebf78d2ad3ae874c1923e84adc23	1567510	videos/regents-club/1666-v1.mp4	db1d951ed9c9b8f580a1dc9daae67ae64e1a85a65528daf7b0cc10e7bc10e739	155032	metadata/regents-club/1666.json	9a0253e7a29019189d8bd0084525ad613470aca06ceb5ab8baa362f67c131e4c	745
1667	images/animata/cards/1667.png	97d97bedb7fe7cabac2e8388d4ca4392622b25f0ba494a86abd033de9366b80e	1621238	videos/regents-club/1667-v1.mp4	0d7f5729fc09584c4ba5df85a2f0c2e9678523dcf98d7144a46b817377522216	147634	metadata/regents-club/1667.json	191bc3f550f35d91aee6350016921df921090104e7c9646347b6fbca8c12a186	744
1668	images/animata/cards/1668.png	f026a4a6aaa9c0a449598912145a30e02b5e553684baf303a6fe0886e2762863	1716550	videos/regents-club/1668-v1.mp4	e080f0b292b343faa67062e913743bf775459e192c316938061015174d5ab7ec	173330	metadata/regents-club/1668.json	76b905223004ce05267ee839c8a21217e95a11d134728e401c6832b1f68fcee1	746
1669	images/animata/cards/1669.png	15c8af77d7bdc40f22540dc1d8927286e0cff04a2e0f0019636757930ed41677	1530073	videos/regents-club/1669-v1.mp4	fece3c0b3a1f8e33fb3a72c9683ae9ea8078c6dd1e022bc1b24f3dbd28a8b37b	148915	metadata/regents-club/1669.json	0b6f68627a7f5e7d6dfcbb931d2a0c73d81c9c9aa700c15b1f09b3883b544bed	748
1670	images/animata/cards/1670.png	fee11dc62ecc5cae5c78c505accabe7b5c84e294987bf044f65c43a453ac7b1a	1974041	videos/regents-club/1670-v1.mp4	d24d129a2dc389e10aad68ca8e2bb7ef53ed275ced00295be0b644f4cc202893	188779	metadata/regents-club/1670.json	228477ef6f1773296462f46d4ff3724e984995e011a2e453f584b8d91bd08dfd	748
1671	images/animata/cards/1671.png	f113b4ace11220a03bd26047c67658d9d425348c0e757271542173b242bf4271	2649630	videos/regents-club/1671-v1.mp4	75d3f0c56fa3d17542d5cd878914b1364dd806e9cb22c1e470a28da1a4f3632d	212597	metadata/regents-club/1671.json	dc20f5ba196a1c6463801da3be390786153ed84f61a851fb4a270abc1621a096	747
1672	images/animata/cards/1672.png	fa7dcbdf835a71dbded3313bf0a5c6e0d404db8abc3632347e0eed62ab0be0a6	1931850	videos/regents-club/1672-v1.mp4	a2269a39a4859dc356d893321866dca6b4268ac8081a1b5310f2657fa03362cc	168440	metadata/regents-club/1672.json	dcf9e927915ad12fa62d28cb5aeec169b6b911f8bfcdd348b5352584d294a7be	749
1673	images/animata/cards/1673.png	96dda1b34bebf7665829ee746847a1f5e0e8e1e6b9415a862d597eb3471a7226	2906370	videos/regents-club/1673-v1.mp4	8eb5e86c942a13a4543361f61089b5d30dc1ce5e5fa3d8e2e7c3c710908e2b8e	245047	metadata/regents-club/1673.json	43c1f5d657f3438a5a2f840853873b82932f9c6b86598d179beaca54d63272cc	748
1674	images/animata/cards/1674.png	983de50b02ad7ab93e75e252e565bc9c2789caa6e8024e1240fee1427500df34	1346709	videos/regents-club/1674-v1.mp4	e53dae9f4965a38c24f4f3a1121d19ad946d0b5c2649abbce8c7d31a96b8f710	139761	metadata/regents-club/1674.json	8bb57ef66d28d770c0f34a1c24226811a8ce2fefe2d3b42d5509380cd043b420	745
1675	images/animata/cards/1675.png	6d177ba6f75e78e2668cc7d839e616fcc4dae93e073a70c82e3d1e706b02567d	1869778	videos/regents-club/1675-v1.mp4	2c99a556cf2da7e2ad4d9302d12478e0a8cb6cb3bdf91ed276f6405b2a8cfa96	180434	metadata/regents-club/1675.json	ff8c9c124742448d3c1afca0a6cd9357045f77428855f1b905c1ea1a4418a8e0	747
1676	images/animata/cards/1676.png	8a1d04152d311167f8bc5dbbc2657da61e00d49b9557987acbb0c8f3623cec57	1845155	videos/regents-club/1676-v1.mp4	fb97f37751b4f0578d3d9ccf02901a60c60aed071a4e320826c99686c2e63940	169601	metadata/regents-club/1676.json	a6220d359ebef29a6ae5422c9f8afec259edf593394ecdbf969cf4e3cceaafa2	747
1677	images/animata/cards/1677.png	db4bc800c12d94840bc1eafb890308957baf534b498001eb2b82779b86500d72	2264602	videos/regents-club/1677-v1.mp4	ec3fde47e5d9ac8589b17146e08b238aae554b02f47e84a4d8e8944e72836c49	209692	metadata/regents-club/1677.json	cc13b2d62f793c5cb3d2be11f284df00716359326695815ad9b373f3bca2919b	749
1678	images/animata/cards/1678.png	bde05a8972fcf2d6d54a5d5ac9e88ad8c4e1def2fb93a5185aaf489371ebaf38	1762942	videos/regents-club/1678-v1.mp4	e14e79ce6661c6ceaba7a350e5b7203f41d2a3a847de44b6b444f84b5c948b0a	153347	metadata/regents-club/1678.json	a9d28e48bb34769d39092809d0f102366408d5baa10add67ee169a0a36cbe5ee	747
1679	images/animata/cards/1679.png	0db99fd4adace10e8f35069fb46ec1579064fd0a9000be74b89eefb0f284a030	3275684	videos/regents-club/1679-v1.mp4	5477f8908c08a055dd8bc1513da5bf6a27c8e148312e4e1554e5de99670193dd	371420	metadata/regents-club/1679.json	3e247c84b1f457adbbbaeea38f6a57a157bf26ee1ca81b24e54d58df289b66cc	748
1680	images/animata/cards/1680.png	96077aee6f54e9c12c629dbd9513bfb5463ff0a5a5c2945c19b7559ff22bc0ec	1236695	videos/regents-club/1680-v1.mp4	5af007436fb25040cd71c31c1b82ca007399d1a963e173c4a6883b34ff891149	135125	metadata/regents-club/1680.json	bdf83fb5d8a58758cf4ef6d8fb0962e31dbbf83e3b5a37e4125b5948fce16c1e	745
1681	images/animata/cards/1681.png	3e4383089ed205aafaed58620a864a9f9f02f78eeb30bb7925544a0e7efb3910	3768007	videos/regents-club/1681-v1.mp4	486f68bc6068d61d943f1ad7dcfa13663822d09b7256da272c34129557ed9026	393376	metadata/regents-club/1681.json	aba179bdead5cceccf5ec63a3415c5d7c09762d662e46528fe06165f9f2e7d0e	750
1682	images/animata/cards/1682.png	513675dae675b46a1d923681fbe74a27b49156280bb186a16ed9ec1a07acfab3	2095700	videos/regents-club/1682-v1.mp4	08864857b6edd52d763d2831c116db8a8a5230143950530f5047a9095ca0821b	188494	metadata/regents-club/1682.json	461404592ad060f39d9331afb52b08180f2750436baff7782c609587c169a05c	748
1683	images/animata/cards/1683.png	152aad4826d8e55854960f9e8c3048991bd8f59e2ba771f718d60768a671eb36	1606314	videos/regents-club/1683-v1.mp4	51c4734822a1de1f3cde31330c86a35f86f5eacbf8d9986f77ec489d243bc9e1	171463	metadata/regents-club/1683.json	3a792191288d2895bcf3219f90e250844abe8ead28cab8c5656e79c11b6fe0b5	750
1684	images/animata/cards/1684.png	f31dd0d0d98813f1797b688d98b2aac3c429c90b3a736fdd369024fc5a3097b6	1982015	videos/regents-club/1684-v1.mp4	eaec3ef12018ea8f6fc90411bf0812eb8912182c7d33e16b6176acc34f929ff2	155075	metadata/regents-club/1684.json	0afb7b4a016feb9953c147ccf9dc9a4523f36149115e21c2cac337d6f0a7a11b	750
1685	images/animata/cards/1685.png	28ff1e365f7da36a999aaa7aa78972deea3e503988756110a203d0c796b7e55a	2052219	videos/regents-club/1685-v1.mp4	d8ba3d3ae305b8a400cdb67805929bca4ba9364a0bb5c380d9324cf383d81ac3	169619	metadata/regents-club/1685.json	29d7a9ea611e795d49e3ed0619a7917310d36b51f39c632196f7b92749d88cd2	746
1686	images/animata/cards/1686.png	d3a4d396cf5269eac8ff2be2bf2d829f3d27dd7bf26025bf4c7e41c884d90d9d	1378131	videos/regents-club/1686-v1.mp4	32987a09c45927b24cf57a376bc724ade5a6432f0807f1dc524a1381cfe58f2e	139525	metadata/regents-club/1686.json	c0464cbea5cbe0886c63c90986982710a785e0ec8ec40d394632b7de5f32413b	745
1687	images/animata/cards/1687.png	16fe5ddee3897bbc9ac2b89d287475a1a2d934237ded0637df6c5df87fcb64b5	1360054	videos/regents-club/1687-v1.mp4	166470a7861e9bfdb2fd44b8077ee4bcbd5b8ee44e27b25aafd1ef6a4477e7f6	139430	metadata/regents-club/1687.json	9702bea5a81ef23b40ff1e611d66d3890280b393612d15a95574d012983606c5	749
1688	images/animata/cards/1688.png	ab684423f2ad56eddf7088b0d3a4d24bcf9a7667ce16a928427761530f885332	1869231	videos/regents-club/1688-v1.mp4	5ab0a697589e75c5103a5de8474834a7f029d3013535fd58a6671f69376e9dcf	177616	metadata/regents-club/1688.json	3ff56fb830994c403972dea92eed484915ed335ba930d37e5f485b222de24b8d	749
1689	images/animata/cards/1689.png	7d5968ed4dd1e2fef300d62e02fce3b522789b4aeabacaca8c90f6e67f859311	1298321	videos/regents-club/1689-v1.mp4	83e42008e826addd0e5fa9c36f891e38ad2800df2e67afd95f6c94784dca8c16	129900	metadata/regents-club/1689.json	73882ad0db5901338277b70bbe368ab3029cf9c76bada5f333c532056fc7e766	747
1690	images/animata/cards/1690.png	74cded7a77cfaae9c1e70feed77f55e9ba90a9a138db80ffed9830dc6e32c33b	2945233	videos/regents-club/1690-v1.mp4	5639c1f25f4523d89e29e99449f351871cc5772d7797c6b7493917eb9e5ccc34	310563	metadata/regents-club/1690.json	5f6836af8e7e6fedb5e373fe82a20bac92c03db92554a483a22bc58ea0164587	748
1691	images/animata/cards/1691.png	a065855b2c94517170780060e1d3e5fd63a631399dfdb23a920be45ebb7d1261	1499298	videos/regents-club/1691-v1.mp4	261721a847de8aeef286b9c387f5397b213bc974fcd7dac6813fd46b45f7d9cd	134676	metadata/regents-club/1691.json	5ae49240ff14dca30ffaab79453453e419de4fef7baffdf2a031820cfa1a1d32	744
1692	images/animata/cards/1692.png	5fb86a0a3010ae529071d74321e9cb727d7d8293f50f96b6015733af201678a1	2565889	videos/regents-club/1692-v1.mp4	303bd18719e96cffb9f1d5d6620544ff7d515c054100eaab97d2e56aba6f0afc	206337	metadata/regents-club/1692.json	f2c110e90239eaacad2640e828312882c76028c1a8f6fbbd910ec5c80b9a6552	747
1693	images/animata/cards/1693.png	e1189b7e8dce3640da26e9d05239d8a339ad3543f7185d15f1b3d3cd507f6069	1305904	videos/regents-club/1693-v1.mp4	9dd1e2096ee44f8057ce2b38347044c42dfdc20cc860676b2c198473dbdec8a5	148581	metadata/regents-club/1693.json	3739c8beb06055ca6b62f6e90890b77e01ebd01fae03958b3c891740bb079844	750
1694	images/animata/cards/1694.png	d74c1d5bf21eb3443071ddbd06c0512bf0b26b0fc8324a17bb22190b7fcb9be1	1473338	videos/regents-club/1694-v1.mp4	5ab642781617effa25f3cb3c17097ad9fc5ffbe158e2d18230e8608ea08839a0	153114	metadata/regents-club/1694.json	1ef16dc3a4aff7ac0ef9c8afdc07dbbc831f4af0bcc65d370f0ee0ffacd441a5	744
1695	images/animata/cards/1695.png	8398e11cd88eac203e0cc52c9e88ae26b5a3faed103e217875fc84563e289f85	2027650	videos/regents-club/1695-v1.mp4	8398551e6f23c4a068ab8d547ed1d94c39519866e2d6bd8b5c389c4f5cfded78	184580	metadata/regents-club/1695.json	632707defd095b9f740e844bf258a898c254ad0487c4cb6fe4e8ecededae18e2	748
1696	images/animata/cards/1696.png	4c8d724aaae4646a6a84101616e4c530b2b613895f57003ed1fc325b57145dc0	1795651	videos/regents-club/1696-v1.mp4	046b791446af8d37b4a41caae46b8376bd21d2bb0e09a0640bfdb57d43ed0598	145125	metadata/regents-club/1696.json	9e386113fe5c3a46e276f18dd67533931e2216c9533aff7d4dc3df7c14867c5e	750
1697	images/animata/cards/1697.png	f738d7d04df437204c4ba5240577ba3441f3c0c81be39421c9fcf1973e2e2d10	1318811	videos/regents-club/1697-v1.mp4	96f6719268199ea6049ee0cbe690d5073e3e642fa0e728771afd12ac7b0a1626	130576	metadata/regents-club/1697.json	eef442296f883cbe72f27830a9ad466b11db53ec74817b44903cbd42035aa4d6	744
1698	images/animata/cards/1698.png	8291d84a58657904c798f55c4758508adf5068770966d2b2dea170790a5b554a	1811116	videos/regents-club/1698-v1.mp4	b05e8c5e9d5be9c9812861a642d4126618d38e684df03d4db2e46074fcd2509f	167351	metadata/regents-club/1698.json	d6bf30a88b27d044387f9020d25f4886cfbd2efebe441282dcfd5869ed131588	747
1699	images/animata/cards/1699.png	27ff57f712a42d97864f44e9e8418989b95235179bd00047cb996d6f68b1178e	1745663	videos/regents-club/1699-v1.mp4	4d3a4342c84ec9268a22c0d82c77b8e4c3944d9ab2824fa673139cafca7a21f8	159641	metadata/regents-club/1699.json	ff9d9e71d48db6f92d8b950d3f7a535a2253cdf01a3eb2eeccf44cc7b87d0212	750
1700	images/animata/cards/1700.png	d9270465f56fe4574303e2915313fba72050a0af6196d5401b80f89d3fe55dd4	2908247	videos/regents-club/1700-v1.mp4	8369029e94d7303f6d1b9299ed5cd7ae31ece0c5687a23c339ed0c0b9fb8bac5	294341	metadata/regents-club/1700.json	16805c116f483f46e72d70a36d2696a61a4a124e308cf85d16be825ea2aa9e85	748
1701	images/animata/cards/1701.png	1fce00fab336f040f54612362429abb8c71e3d6bb7f8e9a90b9636d116c0f90b	1305509	videos/regents-club/1701-v1.mp4	89e4da1edbb506b3de122cd08139c59581f9ee459f2a02967e0beb51e5151f8b	127598	metadata/regents-club/1701.json	b211a9550fe8d33135b08720eb26c9f3d1a04177afe6de3a082ce351311ff32f	746
1702	images/animata/cards/1702.png	f1a460cde47539ce2227634444cc8707b4c90969090bdee2440616fda1fa7efe	1849728	videos/regents-club/1702-v1.mp4	83bd6628834db681440841cca5137cd0291865801cfbb45a4fbcca6907424783	153409	metadata/regents-club/1702.json	5527626c4939d4d0443c83bc8d6f9b5109f3e7ff499f50bca2582aff0227a883	749
1703	images/animata/cards/1703.png	7cb79238188589ebd21a9eea5af205380e06c29af1679f6f338ba884f14eec16	1662804	videos/regents-club/1703-v1.mp4	55b2e0804529d3be1fd5973f96168782a58929abdd242a1f48c45f49614f7784	138936	metadata/regents-club/1703.json	079d9452e3547dfbcae62b9529f6d95f69af7fc2dbc342fbdcfc06a2ef94458f	748
1704	images/animata/cards/1704.png	51e9b19f1af840a45768f0aafe714cc30246ad21e025b40d79f5eff35497801e	2032381	videos/regents-club/1704-v1.mp4	407c372809c3bfbb102d3cc2e9fa01a8c9fc9ec00e0818517da1078afa9dbc5a	176463	metadata/regents-club/1704.json	c23df532fa5d007ca9215c6adf8e70db0b2a04c99ecfc5dba383b05d8735d80c	747
1705	images/animata/cards/1705.png	c353ebe621b3de26b9e5b0965bd25d761dd1263028a309f609d18cd91d511e8d	3578957	videos/regents-club/1705-v1.mp4	633063ae59fa167588d7244d4a7b6c1073c255bab72dc66f7ff66c96b49ecfb0	454860	metadata/regents-club/1705.json	b2677dc97c6ba715a0dc0908e5787263839806d3e4f601c08ab347f244632896	748
1706	images/animata/cards/1706.png	bc8921a26b900dce5ef4a0c9c184b37ebb4225637a26f49d7b608714384573e4	1523284	videos/regents-club/1706-v1.mp4	8224cacedb62016c27af93eb3dc104b2e837e87cba9f7a4f136347ceb5f95a01	134126	metadata/regents-club/1706.json	456b44f775f2933770d99ab73270d53ff58c9e59e7552dc5d26586f5a91a35d4	750
1707	images/animata/cards/1707.png	3cf86c6a3f174dc65fdcb9534bee53ca3c97e3fbef27295083cd7e6c2999ee60	1750215	videos/regents-club/1707-v1.mp4	d4c3177bec14ab0052d0e3b729c9b4a451cc83e9ea587ec552de8dd15e484e6c	150601	metadata/regents-club/1707.json	1e7e3265af9dae53088cc85784fb1f9da9876058fedb5730a9b0a6d85b61a091	746
1708	images/animata/cards/1708.png	3a9942fa2ebd2e3f66cdbc48db1dc305960b14ef3cc4dd26b863903b943c9f66	1683364	videos/regents-club/1708-v1.mp4	f97fafcf9d762744435e3b1df183be27554f773acc042fa65027a32aba686638	159597	metadata/regents-club/1708.json	14a78e0a28462a46042f20dff3f792f32c2cfa9f3910f3b67d3030665fe2fd2e	746
1709	images/animata/cards/1709.png	bdc420578649e450dc8621bf83c9c496dbb7a704cecd08d9e550850347e11313	1417942	videos/regents-club/1709-v1.mp4	84334e1f28c344eb1285b0c0982a944e472fa7bcfb7306d436b64a4f34aa6231	139698	metadata/regents-club/1709.json	8588fc2a0e9c511e51709e0ac3852c4db1306b13abe0980b8077a60afa77d40f	749
1710	images/animata/cards/1710.png	dae5ae2dbced8a3391d004b066edda09e96f08db00a610d7845818f56c32a865	1504897	videos/regents-club/1710-v1.mp4	51bc9e77a20fd921687cd0fac9deff67c28fa7b70a5fe5e2212f6ff6e1732d1c	143309	metadata/regents-club/1710.json	4cadae5f6d29a0c59c80f20ddde1c7925f3e422b4fd0c4186d00ef6c7e6c04b5	751
1711	images/animata/cards/1711.png	24c03522c6f06c7225c4d1535f256fd2dc0164a911cea5803baadcfd5ecaaa0d	1522261	videos/regents-club/1711-v1.mp4	4f80c59cda099fb0a4a4d557d68944cfa39aa6bc3635817901829ab8cd8b6a73	142674	metadata/regents-club/1711.json	73a19c485d28f2c79cec0539c972a85a3a1b6bd8e749abe42ae1e0ac4dc7c5af	749
1712	images/animata/cards/1712.png	244537c44b1642e2b2e1ac72b07cb77729dd93c127c8f4cef562d2356dcf7287	1687839	videos/regents-club/1712-v1.mp4	1bf11c2841f5ad48b07ff912379d5dee8169920a86206dfea28a32d07e2091ae	153419	metadata/regents-club/1712.json	0a2e41c867bc24c3b0d2f056f18b4ca127a950bfeab47bb68232dda28eaf31a9	746
1713	images/animata/cards/1713.png	c83a9b7bd014ca81a04c98c5adbd34086c1ce89f610b38a16ddabebb9638c6b0	1610726	videos/regents-club/1713-v1.mp4	af5f001c603301be705cd0b5195bd0ee7e195ba1b2357027a64bf147926f3eec	145334	metadata/regents-club/1713.json	619ef98c2e15aed9ec48a00b5f149239917c8992fbf2e8fb61b7e4ab9d2652f9	750
1714	images/animata/cards/1714.png	a80d91b6bc6541a6a6dce3e37263464c27a28ad43f03e277c52c7c86469e86b0	1775435	videos/regents-club/1714-v1.mp4	932c89319c3782641f76452ae8e29a24390af78b0db6c3dc0b8a1c1ddc6e49f4	149213	metadata/regents-club/1714.json	e11b12289cd884a2ed5a160030cdb109bfce1c89c33a4e1dcbb75ee675238d71	747
1715	images/animata/cards/1715.png	b2231d21ab0f2689c5b1823ab97827435fd28fd015f152b4a6eb352d17be12bb	1430729	videos/regents-club/1715-v1.mp4	b3e2b3a8025d7a6be622c325d81e98b0314459dfb94543be0b43ded08650493b	130953	metadata/regents-club/1715.json	f1540d25df02ea6a4d50a0bcac023df75ba5deaf521bb2e12a86b0d63dabb042	752
1716	images/animata/cards/1716.png	3ab3b541cd140846bf42e8fc626b35730443b1224c66d28b487325fd10dbc21e	1357735	videos/regents-club/1716-v1.mp4	24c9eab80cd8a9fcc702e724ce59886b32459c0f7fc85d66bf85a9777372c9c6	155252	metadata/regents-club/1716.json	4a73402dfe0970188a868077a05cc1a6fe31d50e0c57168e7c7115d1d22544c0	749
1717	images/animata/cards/1717.png	b1e90b333fcbfbd4df46e74438bce5ab138b6b6f05e7cda6cdf1b3a746d36b03	1939827	videos/regents-club/1717-v1.mp4	399f299289df04f340f35b0b720f261c790643e7eb881bd250f9771a41ab4359	172889	metadata/regents-club/1717.json	bdfa90fe24564f136e3274a304d544a08fd46b12ca056f2a10a57a01b11b8721	748
1718	images/animata/cards/1718.png	972a73490e00b31027aa8451b95cbe36197e3f8ccd8ae8d48768ce3a4b18406f	2975539	videos/regents-club/1718-v1.mp4	64740819cc033b5f92cd24d225a48abad39d90ae1c6727f3bf7892d5dc386163	317379	metadata/regents-club/1718.json	73cc352a6614285454ed369c72a87d13e28c1bd9f4da040f8bf2d04e295102c3	749
1719	images/animata/cards/1719.png	d0704ab21a8093d18c282aefc3d05b4abe7da09b6851588fe7e9408f8faa5968	2266848	videos/regents-club/1719-v1.mp4	5c0682b3179838718589b9fbbeced9f4a5212a7471f55315ddc59fc676d1a28d	187450	metadata/regents-club/1719.json	a754a4cca983857768462725f1183d128e7aac03f126e3e6e8745976543bf281	748
1720	images/animata/cards/1720.png	8c63a9f5db8a5fef6a4db3b0f663127f2e861d1d3731f9b376eec6be8f7cc971	1623439	videos/regents-club/1720-v1.mp4	5b4cbb620f2fb6f06a4809bfa3f47cf201879f446adaafafb6aee089abb94d41	134264	metadata/regents-club/1720.json	c45a54afbdc2b904a95086c283d4d819c9f7bb0514e54e48fef167e9fbbcf8b2	748
1721	images/animata/cards/1721.png	a56cd37a2ebd593255f553dcf39349c0261f457c02047aa43304dab9953da81d	1890027	videos/regents-club/1721-v1.mp4	cf79a4415a45a53fe19a8a153734f04a12a4a83a1d086523db9746ed1e4328e7	175770	metadata/regents-club/1721.json	706794a2237e71ab877a8061c0e289d2a799ddc4e4f478b4bb26b9c7b58581d8	744
1722	images/animata/cards/1722.png	c8f8a03e4a931976d3c4968c973d80d8e4bcf6ff20b7dce004f226a4b2b3e0c9	1914855	videos/regents-club/1722-v1.mp4	460f935542680c3b15e77cc9e78c53f61c1be662e8969728a385ac00bab9be18	168189	metadata/regents-club/1722.json	37c3dbd35f8a5915b0a6486dfe99ee149ceb8caa9eef1ee2f15c2e85e7710bb4	747
1723	images/animata/cards/1723.png	12b1f1c2e9bb6df3168716f0cec415dcd8fb7f680e3ad5873b0a3fb376de9aba	2772585	videos/regents-club/1723-v1.mp4	312d277aa20106bc88aaa20dec8fd8d87daa92fa279f6cccb4d2b8acc1c45790	257302	metadata/regents-club/1723.json	27c3eb9fd3801392f946408e473d97e7720e3fbfe742be654a3d224d8dd265cd	746
1724	images/animata/cards/1724.png	78a594b32c976d32d3701cf9ab834941005a068aca4f4ad751ff6ce2ab21400b	1567514	videos/regents-club/1724-v1.mp4	2030ebcfd7f79169cbea91254a52376dfa0fdc8a470664d0f8ded17bbc59a6f7	149549	metadata/regents-club/1724.json	e931c86f914b5cb6fbcb7f13b333de11cf0acdc262742c48734aada3b904ec69	745
1725	images/animata/cards/1725.png	1116241775d17fcf4bd641e4ecd5ec7f7c6309375d115eec1bb3b96d1fec806e	1531745	videos/regents-club/1725-v1.mp4	9dd89cedc9f22e18de42e19d0347e9cb3921176d015cb5047268a6c539069070	128418	metadata/regents-club/1725.json	6ae9bc095f1ed2bd5880f19e8cc96160914ee0e6ac41116b32716c7bcfce5fa3	749
1726	images/animata/cards/1726.png	e453738de4f1c2a3e3c484b890129a0d757ae75c24aebd14bb71250df57c05a2	1652195	videos/regents-club/1726-v1.mp4	95be3bf75121561412be28f38b9a9e6f93bb0abb38dcf0845bf87bd851edf25a	145652	metadata/regents-club/1726.json	b73d75a3233ed64bb605793cb5f5164b284d89da202e41d84aa160e18e2da26b	749
1727	images/animata/cards/1727.png	b200324d76a272b253d4f200a719368de52acfc8559142d80e72d6b01a67cf69	1629106	videos/regents-club/1727-v1.mp4	f91ecc611b464b3e8ff1605b6abe4457b2c7cbcbe01bd875d2e161945b6621de	136917	metadata/regents-club/1727.json	9b29752d9410eee19264d743591393650a0f1ab85e1f269824f47054bacc3538	751
1728	images/animata/cards/1728.png	87b7ac44ee48a041a2b4ec001cedae5ad1585e4a3714429e0361d1270f3cb1de	1567041	videos/regents-club/1728-v1.mp4	ba3ee2d5eb61d0aa78809dba8f01dd634ac26bf12b9d8f008bc2b9a2a8ac52dd	138713	metadata/regents-club/1728.json	14df25210f9e7fd7885fd592bfe1be16a84bb54e5b2c79f47640bb747e8ed1af	749
1729	images/animata/cards/1729.png	db539dbcdb02f5208a284d6a761588f64c66904c39a649316e444ad6cd774152	1404963	videos/regents-club/1729-v1.mp4	5af82cfb82d016b4a8c85b30e8c545ff149fe986b4f5bdfb26f1fa5243955cee	139694	metadata/regents-club/1729.json	307f2d411a86c31d33d15a48e74a286caf220f2f094ea6ed43f0fcff2dc7c184	749
1730	images/animata/cards/1730.png	c02f5e9bcea92329c2a8e46890a5746290c273ebbf95fbac5790d22a1f55f853	1403224	videos/regents-club/1730-v1.mp4	146d35a7702769f78af68d5d614bb875baa9dcc9959e769892159b97e3e4ba68	137258	metadata/regents-club/1730.json	6f59306960e284a6059224e9b2595666eb1007a0a8ee3ebf7507a5aa1b5ff2fc	743
1731	images/animata/cards/1731.png	96ec58010887feea200b3aaa22d9038a395cac9b2b1c12ef49ddb2158bcb1653	1417309	videos/regents-club/1731-v1.mp4	5c7906fc075362294bea40551cded9aef2c7207e9a26989b8b116870f54f69a5	136161	metadata/regents-club/1731.json	4860909d7602dd01ffdab201d423ac32542c5acaeb4bf78ed8816f6dc5676279	743
1732	images/animata/cards/1732.png	553d28bbbfec0498d213b112bc78a222d7b1a857bbb92fc2d0785f3e0b202867	1868793	videos/regents-club/1732-v1.mp4	727717bced71cd696a175f85fc1420340d853bda0559312fcd9355e6e0d093d8	161987	metadata/regents-club/1732.json	b6cf6716317a654f311b5ae7df73b23a10e83487628ea2b0d81801cb81ffb189	746
1733	images/animata/cards/1733.png	deddaa9194a69766c5a304a0f21ef8708dcb219603f4864fbb4dec61bfb43395	2276800	videos/regents-club/1733-v1.mp4	4f648d623d1d234c93c05acb10d777d8e3b89da8ad42e161d67f474dc3bd17e0	197499	metadata/regents-club/1733.json	952267562e6b7d4d4213e541e85a9e0c6fa1eb76a6e1e096f29b0de3fab631a1	747
1734	images/animata/cards/1734.png	b6a546322b011b57f30a7e51dc78c99beb764b05a5853acc0cc1d172d2fa8ec6	1777676	videos/regents-club/1734-v1.mp4	a56ed9a402ad467811c20eb390ac37552473e785444f809063926c0a8855dc98	166858	metadata/regents-club/1734.json	0058e9683a4cec00f51069370475392feb23642b21c9a7df6231595ce5e87623	744
1735	images/animata/cards/1735.png	93a2cc273bd494638ee853c754b978fc9a79d026f741665fd4169dccfb928573	1204964	videos/regents-club/1735-v1.mp4	9345e1c82edaad3043eff47c671c24eaa4e100059e02ffe6ad1cc313409288e2	126240	metadata/regents-club/1735.json	38d9e31309e7bc7f22f1d21f479e107465d45aa3939dc989ef25ca8dfabb4a5e	746
1736	images/animata/cards/1736.png	3dbd6aaaef5f4eb4a04a891fa4c67f5521776b1b17f30c869208d7528ef9d7d0	1933787	videos/regents-club/1736-v1.mp4	e1f7b0f2347cf8497d2cbc8faca8db48d74348a4acb8ac3cab222ed8af0c7c15	168345	metadata/regents-club/1736.json	8b9b2fe6e093bfae3cad3786e2b7eafca2c6d8eed5533664a13eafd87cffe4f7	746
1737	images/animata/cards/1737.png	65e138bf106ec1eec0041b3c8094afdc3ae6317bf0a8e496af46c8dfcb95dcf8	2104689	videos/regents-club/1737-v1.mp4	3bc01a5490596a46bc7767dd7e114b2f365d07519016a2332878b39a0a3ba39d	179772	metadata/regents-club/1737.json	435bc179a673d91b0bb8b0a8ef762298bf03758257bfe6ddc316dfa453c707e7	748
1738	images/animata/cards/1738.png	efc3a7a88ea97d1772cf2cd665d8c9fbac92c84dfd56327a9b343ec6ee0937b8	2219092	videos/regents-club/1738-v1.mp4	e697783cfc3336cfda2d1ea4673b186f2aa14335f84b94e42a915e64c699b585	195642	metadata/regents-club/1738.json	d8b3cbc8180f3e56fb64bd54d652391e73062c29cd6a6be9cbe671f273ab4a3e	746
1739	images/animata/cards/1739.png	0779334a57308619f24e1138a3b531315974a4ac613cd6fffb78170121bfeca2	2577181	videos/regents-club/1739-v1.mp4	a589a7614ae98491c9f52ffb04b694af1fbef51928da6aa1f881a9a100b3463e	215772	metadata/regents-club/1739.json	becf8f1ca668e6d7494be7af9fe13b84ffd4766d086c8350f53a103b84ad1d8a	745
1740	images/animata/cards/1740.png	d4a0dd428e102220caf4f752e0a5bdbb42ee14e5894a36ab3c200ec82b2ccb84	1599727	videos/regents-club/1740-v1.mp4	9046ef32dca8be39ab3cf52c5044434b5340fea26e3681fb70f8aa9782679fbf	157176	metadata/regents-club/1740.json	f5839843cd2a96cd26953a78c1968220271420bac818c90f7cb5ced1cbab2763	746
1741	images/animata/cards/1741.png	b2e77c79f14f4e0fffc056ecafb2f6dd19018d5f4fe3c2cc61f67ea3dd461249	1585666	videos/regents-club/1741-v1.mp4	23a1688180fc114e995b6675dd62bae42d853ccd1fda3a4b10c00ca9e7abe31c	135292	metadata/regents-club/1741.json	70ad56881e230a648f0a7a9a4691adca62ef8038ac4140adb3a18ba7f9cf9179	744
1742	images/animata/cards/1742.png	f612e2bfa9a5533f2f71bdc7818c25a92c0ebc291435bde9ce9d847d2c0a93f2	1537004	videos/regents-club/1742-v1.mp4	41cc466e0990fe4759d606c5a86c508179af05ee860a56ba574e8eab6dd63688	142720	metadata/regents-club/1742.json	7e61661e8310d2ebd4fb29bb4f34398f5f11b905623a79f33985eaa4860f593e	749
1743	images/animata/cards/1743.png	9e487352eadfe2f1f316ee3e7a0d2de097bf5491acec56f9213a81f5bdc62178	2345688	videos/regents-club/1743-v1.mp4	c79908fef85d5906f801948f9dae0bf98ac71f58826e4c531fb1eca490259bb6	209812	metadata/regents-club/1743.json	8bb3f8cf7800c5c8f055a2103b7fcf7c47144e53b9beb41c5c82ea7dab9f72d8	745
1744	images/animata/cards/1744.png	c566ad5ebd2b65e694851f0085c9ea5567ff6300094bb37247e4e9fdf9d50de6	1875612	videos/regents-club/1744-v1.mp4	6670e2c6c74caae52be6b80b746e959c614166df6306bd7bb046f5bc8cf31178	170349	metadata/regents-club/1744.json	f73cffc12fca611762428afa490e9c0550e619809c0c5fd7c9e220d69ce7a7eb	748
1745	images/animata/cards/1745.png	443db2e32cdbafc819d38b4a7514328206de5b9eb4849707511d152ed8e504f5	1896834	videos/regents-club/1745-v1.mp4	03f04120812aef299a2636be3195d6f0aad9eaa2cd7826176fe5b861756235df	181023	metadata/regents-club/1745.json	c69e18bfcb923528d5eb31e190a37974c3b1976b35ece4fb096d2b33cc15fdfd	747
1746	images/animata/cards/1746.png	0cd595def1b7c4b1edae313c45431408b7db86d9e0ea198db6984da997c7f5eb	1784143	videos/regents-club/1746-v1.mp4	ecd141930bebb1012ace55515b52b598415c7f506e3716fdbd5bbce4f60f5865	149261	metadata/regents-club/1746.json	da14b75b19eac81d96892afffedd84395f954e3f405ff635d49942575c9c47b9	748
1747	images/animata/cards/1747.png	ec075afd90f8e6fb2a8bbada3956d0c90fe537514c8ea8db234cceddc77ed403	1544175	videos/regents-club/1747-v1.mp4	12b37cc93793b6297135f24eadaf97f431bb80bcdae83f711c116fe467cab6e8	135736	metadata/regents-club/1747.json	8924e0eac1b3990cfdda01985b358089480f5b33ba2d8a8b5f1ee799f498fa79	743
1748	images/animata/cards/1748.png	53fa085151c8271e0ada63447c268d3e68e128850a3198d264bc265af9392f8d	1959066	videos/regents-club/1748-v1.mp4	19e47d0f55819d9d9de44dcecc14f815fd49847d4ce774636a3ca0172bfce11b	180833	metadata/regents-club/1748.json	f92d19f2d6386e47d846f0691a7c2a598be71d7c8ba25a8057b5b667462c0966	747
1749	images/animata/cards/1749.png	a8c4045c8b642234030c5978eab35c5bf369e97db103da6b5d27102792181d37	1469208	videos/regents-club/1749-v1.mp4	07b7a040a04dd52eb1f3eba630d90e0c7b08fabd51168179113b22d3fbb228a5	149885	metadata/regents-club/1749.json	fdc81e8286f96acb5549f5d96ab52923c8a22cec866bdc4713ddd499176c647c	746
1750	images/animata/cards/1750.png	2474c914ca6ff60b0a330f5c4634f175d27d24b8e0302d204cfeafa00895cff4	1912875	videos/regents-club/1750-v1.mp4	d44197cb4a3ce424882a26b0196eb8ff88cd85d83c8756db76dcc9e526d593f5	142776	metadata/regents-club/1750.json	a7b7aad26f9baf850d318237f0079f87ce049d9a11919eeed20cb0390a8abe9e	747
1751	images/animata/cards/1751.png	7e607b942cfa8f01556b504ecf1a998a1360bf06dd2c94b00434a583e032f259	2467817	videos/regents-club/1751-v1.mp4	4da790361e9839d889d900d50a9778eb6ef49f0fc8b90c04995369aafdeb9d5d	228394	metadata/regents-club/1751.json	7bbf148b091c23886fd659bf93b389ecc4b6b3c5c768a6cab391ff30ebe6497b	746
1752	images/animata/cards/1752.png	e1cb6c76f2e926fdd913ab9ed739545a063f40d56205d6ffaa610e5e83128805	1875295	videos/regents-club/1752-v1.mp4	c55302fd3c222d348fe83884a586b421c779a73275b58025b030b6eb980654b9	165639	metadata/regents-club/1752.json	fa874d197f264ec9e4319504ec13f278e2c3f4404b117ee86706d8347e887e99	750
1753	images/animata/cards/1753.png	d58986a1068e5e4c6cfc031b2078221197c865cf435111b59b343430e7788e70	1680328	videos/regents-club/1753-v1.mp4	e84dbe95abc53e4b52fad0168d8ee130019264d9a4a82343d97257ea69eb3a99	158514	metadata/regents-club/1753.json	af830d2b9542ffdeab38e743ccb6f9974f34d8e96938e1db130dbe5479f8c74a	749
1754	images/animata/cards/1754.png	4748ff1f88fcaf4a15fd2c0711bdd84be0f2b5948a22ecf6c941fc13cc86c79d	1417718	videos/regents-club/1754-v1.mp4	1e2b9c0da1cc6f96bfb88cf6ebd28fe790085c40f25c5fc3f6057c8d890c8a6c	137864	metadata/regents-club/1754.json	9d0d9cb9eb6306bba986e3b34081dd109dee86733d3976d98382d9406070989b	750
1755	images/animata/cards/1755.png	0e86db23b03a64eca20f96b7e1070c9bcf46fda31468dc685399e06dba2275d5	2123021	videos/regents-club/1755-v1.mp4	3458cbb306b6ff037be04f60d96a81cc0acfad47ca50c1a0ced5df526ab50711	172546	metadata/regents-club/1755.json	044f26bf266b13e193c169c70b82a6a27659a3cbfb6818dd4d81ad0a179fe1ca	748
1756	images/animata/cards/1756.png	bbc77be5699bd3bde2445c7efbf027b1291acfebe93914eec1e08d6dcf13c038	2027525	videos/regents-club/1756-v1.mp4	c1f1881f927d17ec6bd6806b924b37ab8a71a97fdb364e56eb760a617ecef0fd	173756	metadata/regents-club/1756.json	4a7a60097fedfec859dd8d4456de8e438d65be3b12701378d5c9ea08df9c29da	746
1757	images/animata/cards/1757.png	02c143099276e7e9e89b7d92ee1a9f1dcd8ad227699ebe529a1d8049f6490426	1629867	videos/regents-club/1757-v1.mp4	1ec73468d50274c33c9807ba4c3353bf4530acf75fadd0d6c4bb1d291a67a238	146172	metadata/regents-club/1757.json	d1a27239ed1e6381455e7cad72929d90e0e00470cf97cc76c4cb1f4b5b78de97	750
1758	images/animata/cards/1758.png	fc7f7a29322dc65cf497dba34484ba8d0d2785236b7107918f91375c25be382e	3114088	videos/regents-club/1758-v1.mp4	ae6c4cce9b334793a58a58723a4a3c6954767ecb0de2a27e279fdaed219bfc0d	296218	metadata/regents-club/1758.json	662d9c33e58dd7bf6a733ed174f0838891633400df8f6623faa433751a9962ef	749
1759	images/animata/cards/1759.png	ddd4aab37c1896b5ac4a29688f0f94d94bb7a5f1b9a088f4bb623dbba83327b6	1464840	videos/regents-club/1759-v1.mp4	eebaed63e2e6866b2fe0d51ff29042a4c3abe532578ce9afb245199fbb2e0c4a	143425	metadata/regents-club/1759.json	0d89c8fd47f7c8dd044907285366cd09a8b0160d9fab9dd5893c0c1a5bcb1277	747
1760	images/animata/cards/1760.png	62f9f061aa39554b2f6aab389e6a1e8c74131b6648931e26ac881efe576a3617	3321267	videos/regents-club/1760-v1.mp4	949725a29a800472ecda3f1a61b279dc4e380f2419c9aa185fd2eb9004340868	361050	metadata/regents-club/1760.json	ecceaea4313e384e6d30b9cfbb5f59052ca10917be4241e0b7bfd7f141ec6c49	748
1761	images/animata/cards/1761.png	e78c0d43e3f2689e8b40eef6c022798d9662e78d1bec902135ecce54935dca01	1247969	videos/regents-club/1761-v1.mp4	ce5f5d0b7dec9592ea8d9022fad5dea5c164e74a177358622a5d06911b325a98	149188	metadata/regents-club/1761.json	5300d610d6afacaec2bc58f285d13e9c196561248c9f865f4e44f9b58f2e448a	746
1762	images/animata/cards/1762.png	cb2a57fd8a83949993644f15ed4c80c63e073395726aa290a2d315d61005faac	1776900	videos/regents-club/1762-v1.mp4	b528bb61e5460f058694250fb5672062dea1941702f795b0dfa982981158b01d	146389	metadata/regents-club/1762.json	a783806c9c9f6767193f9bb6ec133b8138dfa7acbda80a66c16bddf95aac0d11	750
1763	images/animata/cards/1763.png	453191ff1aeeb0ce7296ea1611b3678e53910d578ac431137012bfa26fa542c6	2236279	videos/regents-club/1763-v1.mp4	4106b8abf0dfcab19fea1c151b4b35c13ae474498a0545f87efc976894645516	178275	metadata/regents-club/1763.json	dfe51c996e281e92a543de01ad7c56b3e7b5b3db35a98a070fb2588fb31752ac	751
1764	images/animata/cards/1764.png	e4b7a4c595c9c188333cdc5a0b18096a5a97143dba86d516efae0618b4957c23	2546034	videos/regents-club/1764-v1.mp4	7f457e544dfe83168527b084315014a67408afea617901526e6a0484348dbc99	216687	metadata/regents-club/1764.json	72290e46408d6937bf94fcedac674e9f37da94cc4ddd24743c030ab3bd6968ad	745
1765	images/animata/cards/1765.png	69e31e5a63bb036ccf66098ee141399d72ecc8ec6f554d911a15214dcbb44e34	1459785	videos/regents-club/1765-v1.mp4	c5128f244317c0a4387b5c71b7ff70926789fd86d509ed7d629c2aa945f79bd0	131702	metadata/regents-club/1765.json	6a1f516c48fec8591b4ea146124e091be68ed39a9bf2227adbb11b584e26722c	750
1766	images/animata/cards/1766.png	48727de80931229f8ab75fe20ac0ce6898b9b5b31ebfd4b16bb65e5c9df3a7d8	1312341	videos/regents-club/1766-v1.mp4	6b1a26aacc701f8bd9774b0348c673eaa79480b31f4c273341afc36e1cf5e213	136402	metadata/regents-club/1766.json	a0345eaba4a67f6480fcc2d87595394efa6b68b061e72989ef399b116701aae7	750
1767	images/animata/cards/1767.png	e423f3fbc78e5830ed548e3cccae8b06965c50821bd4b10474c1cfd3e1852fbc	1755382	videos/regents-club/1767-v1.mp4	f90589d4a0ad39138b2e336d6d55f656c6004120c36c11c86ce619018c2d5e41	162326	metadata/regents-club/1767.json	1f11ade04e8351f0ba4e02c537261ddec53e88e7a5e9778501d444e4b852a41b	750
1768	images/animata/cards/1768.png	ca6f6c88df989c35820b2d0a1ad9256ff990697a5a507f7da792f7cabfbccf6f	1441044	videos/regents-club/1768-v1.mp4	c5352e43ca2c9034d594f79fa31c3680a5655f7b8881c256ccd083960f2a250f	139064	metadata/regents-club/1768.json	9758b43397da40d5a455f66787cdc381ff7fad401041febdd556b22dd30776ca	745
1769	images/animata/cards/1769.png	7a99d2dea6838d54ce5aaa5f109d89211c86a98366a15945e2f220ef9ab9fb59	1865443	videos/regents-club/1769-v1.mp4	1b078dd777324da992d2e600c34f5149295f88ea2c730dd8eda958ee61aac227	176170	metadata/regents-club/1769.json	fca1b27024559197c2fbd59106ae00757c7bea1599134b82f3a09c12cf99a469	750
1770	images/animata/cards/1770.png	3a144a54d3210195663097b54ea7fd7ff61a406e42177704bb80e024cd71225d	1700196	videos/regents-club/1770-v1.mp4	981a44fec3344df4c391e73cfb270815adf2ca6b2521deaab1a442dc465ff245	138234	metadata/regents-club/1770.json	16b5dac46a10212c26e5f3b9c24c3ee8e8c57295d433d498036d0e052fd5a5c8	749
1771	images/animata/cards/1771.png	84da56851f3473ad361e173ee6b6dd782ffe51f2a610e268358d4572e3613b08	1415542	videos/regents-club/1771-v1.mp4	86ee243880f6e73738511f6497284a1e35356d9fc170e9588e25fb60127ae79c	126598	metadata/regents-club/1771.json	a3dc600414c6955d909c84e363317b04f25c3866a072596c4105dcfd8bb2df82	743
1772	images/animata/cards/1772.png	37ba34c40ab2329ab31e010ade6774fe204730706f6fa857624cf95e84b56aa8	788091	videos/regents-club/1772-v1.mp4	c27658deb99c400839d1f6e01365208153e8e2e06c6693176e6656ebb4e7639d	188378	metadata/regents-club/1772.json	37b4b0f8d4e5ca09b514ff7a9e49b8ff22ea02f981668e49934df57cacd6c765	744
1773	images/animata/cards/1773.png	3248eaee4eab7681445500abf25e4c2dc1cf063663dbcd4d078592e399933154	2214907	videos/regents-club/1773-v1.mp4	2e7b787c4d6d2a0f2749d4996153af6fae41cddb7b4d26ca278603e77e8b4728	204002	metadata/regents-club/1773.json	ede53ea8407f1ca909aefe47ad48f8cd2e9fdfc6e32b0c5dc14890d089aa6612	747
1774	images/animata/cards/1774.png	83ce8baca0a0a9edc8f3491e21f5cbb1eb7de07773ef275e79af8ffdc35f7c0c	1066204	videos/regents-club/1774-v1.mp4	f5afbe79b1764f018a0ffaf7f7d8045b4c95e2be83c4fc91373a625348949279	116764	metadata/regents-club/1774.json	781e1dc43dc53d5b73cb2bc676b7e065b3dc2a2ad54d0bba5779a0fa7c6b9940	746
1775	images/animata/cards/1775.png	1f9a2d1b249b911fd1efbf7dccb9498df02c8792fb4dbb2543fa4f051c77bd6a	2323658	videos/regents-club/1775-v1.mp4	9f202d6d4c7bf449acc4be31ca1677b7e2ae5def820450559b851da3a2314a02	178252	metadata/regents-club/1775.json	cecc3a629c0e5977e95b624f7b22681a04c652e5ef86875189bb58c292443e30	751
1776	images/animata/cards/1776.png	cef0d993d5e5baf1dcd4ba296c2dcbb9dd4499eb8f6d29a3bc6dc44e20702739	1152918	videos/regents-club/1776-v1.mp4	3d284d54befcd37d2fae43d0b790ad13a9ceab0c5d0c79f75959b6a04da9e7c7	116509	metadata/regents-club/1776.json	f3689ce89702a160970aac74e1a8b30043564b0d1dae3ecc9a3d4986b36c22d9	744
1777	images/animata/cards/1777.png	221e74e22462b4b0508a96c89ae0325fcb252c88571cb513f69f63cd7c74f856	1619327	videos/regents-club/1777-v1.mp4	7b26a99703aeabd0c4eec2855b0a8545f1193d9eac103afbeb01a29de5fd7996	148796	metadata/regents-club/1777.json	aacce143d2a42ef324081487da01dbc15725c5a49e55c30d272a6d915e5837f1	747
1778	images/animata/cards/1778.png	87c61c2e5ca7fbd16951f03f20d39e2c5c0a823ebfce6c5cc16f6404fa1e3906	1635584	videos/regents-club/1778-v1.mp4	22e43eceedad35653fb5cb8e5c779aaa83ca2830453518e4460ce2580a0ed7de	134912	metadata/regents-club/1778.json	25421140eb528cac86ea673ef9657b81ac49527228e4a3cc6a8e29555934ded1	744
1779	images/animata/cards/1779.png	8ccdfbf0d400ad8d743407f94e9c83bcf7c6edb92c3c0a15abd89770db18ca54	1348644	videos/regents-club/1779-v1.mp4	f51efd31cd7d7feaed5b517e4048a2ace7e5792b4293498a9655393e918d14c0	156930	metadata/regents-club/1779.json	ece46e073d6c4700525216dc3658514f08077d947890f19082ecc32ba884f8cd	749
1780	images/animata/cards/1780.png	f76bd22d006d69a4d9e25fff2be197c47969971b213a4f3f237f423960a11df1	2375893	videos/regents-club/1780-v1.mp4	94a1912216b74af68c8d4efae4ceda7c524af24a25cfa2cd26e501f64521d663	204832	metadata/regents-club/1780.json	4efb683a56504898c9c927a0d283d9865831386b5e836e888ad3064437197df1	749
1781	images/animata/cards/1781.png	3c286a5aa54ed210933a54e09634760e023aa42b733624494f8333c892f04f43	2211668	videos/regents-club/1781-v1.mp4	625bde232b78b7cb29fcd316ec781c84fec0a4ebd2394dfb8febb968f8625b7c	181822	metadata/regents-club/1781.json	4511e919b4c799542168f56731aacc2a7dfa640bbccba59850d1bec39012bef0	747
1782	images/animata/cards/1782.png	e3da152f3442145fa2d7ca7b0f828e4ad9cf7182b10a4a85a10606d2bdac7fdc	1537638	videos/regents-club/1782-v1.mp4	7480820c5c99cee8371a3e63b262153785ccc81ae55e0f13c0e706da560dd7ef	136226	metadata/regents-club/1782.json	b7f70b3d2799dbc7636dfd2d38a0020ef4906a8b0034cd86226b4f53d910c535	747
1783	images/animata/cards/1783.png	bcf6bfd749e6446f46d43a2c65fcd6f49e40cfd6aaa46ca452e176aa71fc94be	1484602	videos/regents-club/1783-v1.mp4	5b99f46ad9b9e3fce670f2f12cf0dd43c1071568560f726b020d77e5ab56e99d	161198	metadata/regents-club/1783.json	759f59d30265929b2015058acfa29660a8d9af459fd3591f5081c8bd24c1b777	750
1784	images/animata/cards/1784.png	e2231b25d38c709caf2c7480b7d040a0fe04ab19401844c6feacd23c004e3b6f	1563036	videos/regents-club/1784-v1.mp4	8dec7a421f4568cc53629b40f23b5af68147d9b3820db197e5a4b807d4abc9dd	152077	metadata/regents-club/1784.json	a825bfe9f59854eb7fc559512422fe4adaf8da46530eb309e057872712acf958	745
1785	images/animata/cards/1785.png	5c62b006736c05ddbce89e0ceadceb451ade522cdbe3bb4039f39bccb25b8692	2284184	videos/regents-club/1785-v1.mp4	63686520bdd97699cb064c6e6a5263539b472b6cc78a95f75b573bf3c0caf94a	202128	metadata/regents-club/1785.json	a671f5dc653b6191c32727937691efc6fb4f091d2e6158175e2b133e64a2b183	748
1786	images/animata/cards/1786.png	a248609f5569ce40a1f482e083fcc4f6de562416886be2d8af85175555bab6df	1679590	videos/regents-club/1786-v1.mp4	073c66d9240d326a6bbef569db23289d60c3b33adb51ae389844f4b84e59f318	145652	metadata/regents-club/1786.json	1d79b3d270d1696568b9c6ea4615103d6dd4bd05dc66dc93fb0ebfd953b99bce	750
1787	images/animata/cards/1787.png	944ee4edd7cf2d1a1d17dc8141f35375ad90b05bc2b4458cd4f029d66266c9cd	1803491	videos/regents-club/1787-v1.mp4	0de94dd648eed0673b96aaaf41f09586e14f4bbae919aacbd85d2ce371eaf40f	155304	metadata/regents-club/1787.json	60b195aa3b1309047ad07f1b63f21a969c6fb2507ada98ae16b6fab90aa1098b	750
1788	images/animata/cards/1788.png	a71d2520a0e6f8caa8d533e276807add68e2282284066dc51f0e3787a49a1406	1149577	videos/regents-club/1788-v1.mp4	4418c705d3308234b6f7c3896996777080e3e0f0588a28e055556faafd175d9e	119976	metadata/regents-club/1788.json	b09a9af6a0fa72b32616eb07c168832028d9d15336590d3572a125dc045d606e	743
1789	images/animata/cards/1789.png	e3889415be703d1e1c86eebfa6a3a835fee93f2fd59aba25c758949200636be5	2472450	videos/regents-club/1789-v1.mp4	b3bb4d5b0d75cff00b12a48a2fc98b8aa07a8cc007957c5c0af9eb18f523674a	217659	metadata/regents-club/1789.json	a0e6fbf22788f4874270523f48e5985b7615a26f28bd7b63aa36cee2fb5edc79	746
1790	images/animata/cards/1790.png	a6242cd6446007242fafe3b1f1c6adce2a5ce2917e31e68eaf23033460aeff20	2311231	videos/regents-club/1790-v1.mp4	7e93071a935e88b38ed6a29d0caf49588c9ede0e21a385b44623f8f5f4bb7e33	212591	metadata/regents-club/1790.json	9685f62208456290899557a8883e97dd43b61f63934c75eebfd6cb444a9c7d68	748
1791	images/animata/cards/1791.png	8376654d6d6963c9995fd3b5d40c4117fe35a3973f2dc799ea0886f78ba376af	1478606	videos/regents-club/1791-v1.mp4	7ee869492802aa18c3db090f20d0aef55e38656e448360656578d0ec0f6bec87	151727	metadata/regents-club/1791.json	f33ec04f7361566529577085c96c43177ad87cfd15000a1f4697e0d7086c584e	745
1792	images/animata/cards/1792.png	4ac12d343382b01e5760ca4fa7e334ccd7e8ff639e415e9d55d69cc235b44623	1716263	videos/regents-club/1792-v1.mp4	cacd717a5c833c5ea2d8f3f94280dc500c92acb4082e29bfc24a558c7f96e580	149829	metadata/regents-club/1792.json	0d46afcfacb8e3c1516e5a528c41dfd26f39b61fe098009fced32e6cf31ab7e2	744
1793	images/animata/cards/1793.png	af28af4b64dc9b65cfc69d9319884b9e1bd11dd93a47c9daf52aca7fee4209bc	1617020	videos/regents-club/1793-v1.mp4	8912612d5487c631b12040638a628372fd05d8eb29d8a715401f28a2fc5cda36	142062	metadata/regents-club/1793.json	4c2b4c924185249cc35e96b9a0087be7e79b3b9bd30e0b4b1bb2061b85c9826d	750
1794	images/animata/cards/1794.png	a30e2f70d8874e0c33c083c10285fdca15c629d20bc715542e32731c6b9ce3d7	1713433	videos/regents-club/1794-v1.mp4	19ded87740c105e7b777c01c7669b68b4c55216731790d8b36e5a8c7db388ac5	171522	metadata/regents-club/1794.json	fcaf135d933ab694393fa732ea6a3e1dfbb914956ce09cf2162c42764a858349	750
1795	images/animata/cards/1795.png	86e6777c921ac24986886335729a4061da89b422b1213a34dd29bc7a3c764456	1773232	videos/regents-club/1795-v1.mp4	7b122915be8922b286b8bf301aba64e4fb95c13e9c2afd0c8acdc1a7da37f669	152793	metadata/regents-club/1795.json	e518c65e34f2af2779c19f93367922ad5569e2251a32f4eaf585112722455a5d	751
1796	images/animata/cards/1796.png	88ad04a691e7c9e7e4c5cde4d9c4307d283b3efdb9b42482fdd12503345ec5f5	1350824	videos/regents-club/1796-v1.mp4	d9a5a917f79d34ea110db835997dea47237e8236fcee2bf6ff31311b6749afad	133870	metadata/regents-club/1796.json	c106358d7f14ab7eb2da3a074c2c7fd1f02d6fec9b2a4c4654c9c7da1c6ac917	750
1797	images/animata/cards/1797.png	50d9b36ded0ef114d4072bf089f7fb96309b7bac7d1efba213de441efb197f45	1431399	videos/regents-club/1797-v1.mp4	90683d076991a5c4db2454b0ee12b6ef77994e288d74b624ea5869a8e8b9c35d	129815	metadata/regents-club/1797.json	8c1191f59580436fd332f95c2ab7ebc514d2b921100c69d645423b29c3d56c82	743
1798	images/animata/cards/1798.png	e528c9a84203f4e36b7a08d7d694da25529bf3513c39c4c6eafe85d1d1828f35	1664094	videos/regents-club/1798-v1.mp4	6f5a95d1816ea564b55271afab2ffc60e89412886c9b8cd54bdf522d950b0dce	167639	metadata/regents-club/1798.json	a082eb6695dd8f918632b30761a2045c306dddbafaf51072b8783dee2a1404a3	744
1799	images/animata/cards/1799.png	8775b5a3bee9a94197b88b5a23786f305cb217f97b87be539388a35696ae84e3	1755600	videos/regents-club/1799-v1.mp4	b8d7b2a6db400f4a9a8765528854a37ff36cdcad82dd0258ae0e48c72013fa3c	146717	metadata/regents-club/1799.json	6f3ef80cee6f5a360436df392c001db2c18936d5bde6e98ed43d907daba42e8e	749
1800	images/animata/cards/1800.png	253cd17851f37e5616e392e4ebb9f8a430d571c2aa6f98e0c592f8c1a3159f0c	1489865	videos/regents-club/1800-v1.mp4	ada1e780cca3799d298be26a52062ced0c04ffa2de04320084d73b16ae075883	155537	metadata/regents-club/1800.json	cfa39aefa8536b3f1b93dc2240680c30e67d97cfcc4446149e64438bd738015e	745
1801	images/animata/cards/1801.png	5c03199c53fe5791d909488d32a6707e68ba7340939f98b4d091978c0b395029	1618893	videos/regents-club/1801-v1.mp4	d04cd546f10b14c316fe7c447d9ee603b3371f0e6aa62b2726499ad94001546e	158034	metadata/regents-club/1801.json	0f3764f494a81e033b54a1a38a7dcf9a5b850e059d5f1b765ba4d61a10b131cf	745
1802	images/animata/cards/1802.png	1dea8429650548190a9e932c25f04a8ae3683f3ca34539983759c0cd6176580f	2204676	videos/regents-club/1802-v1.mp4	6d762c004e51e31f4e5ecef9dbd44253a881894d5e5c6e8c6f3fbf2b5483e38a	185317	metadata/regents-club/1802.json	5dd6843fc838f64050bc097f08c060c6e14eb9083b52d579567abd0b846af4c7	748
1803	images/animata/cards/1803.png	1c7d464ea0fc0c1eefa745edae6db7a46f9945e45c8db68d6fe71da845fcd106	1559192	videos/regents-club/1803-v1.mp4	4acac9bfd73461cb16753bbc469941b470e96ddb2b1ef15b3d3107602bc9961b	144777	metadata/regents-club/1803.json	5459517906758623ded8385b879762fa09091034f1d30a393d8dab331a46c918	749
1804	images/animata/cards/1804.png	a65b7beff7b913963794315c3d24e546c69bb89a199ae976b5212b2317697fc3	2593972	videos/regents-club/1804-v1.mp4	cce4360d6c95829c2d2305ce940d78a34454e5f7da238c10064756abedbb0465	219875	metadata/regents-club/1804.json	132c0fd21388bb1a6f61300cbb4c0a6776c07553f1aa79ca6a5c18fb2e9d107d	748
1805	images/animata/cards/1805.png	04bc1a1090705a3a1e60a739e3aa35c86b94591940cb8c0f730d7efcda553432	1327015	videos/regents-club/1805-v1.mp4	4757ce1050b9c77bac3fb693efc8ce84e1fa0b79e123c8cc4c8ef7e1538afb59	138949	metadata/regents-club/1805.json	510ccb385671ad726b498a728378292d7feb1eefcace7953821d52369850a3db	746
1806	images/animata/cards/1806.png	fbdece416dac68323c04961665a3e486e91fb461d7beed5329681310f486e398	2346848	videos/regents-club/1806-v1.mp4	b16645d5a4515f5897c46901339592bfdd2693b5d499999c25abc79b7759f851	191248	metadata/regents-club/1806.json	b3332bd4f27e4689cfc4727f071ed8774e49b40dc471757b12703a43eef3a9c0	746
1807	images/animata/cards/1807.png	e99f49d5061bc9e7111ef7f553a56843f40345efa23ca33715478dd7daa958e9	1580172	videos/regents-club/1807-v1.mp4	372c44c614da1e9ba826f5387ff46aade572c8ea1d1137fe820986cc9f094dd8	143682	metadata/regents-club/1807.json	434ed83ca66060aaa3440a6f196a95142d6f36a44f18b52793a87660bb237d51	750
1808	images/animata/cards/1808.png	59965e091ad4d801d2184f8b5208ba40e6dbfe6208a4f9179ff415376629e5cf	1526349	videos/regents-club/1808-v1.mp4	3cbffaef4a69b360cb8b45cac8341789c1012c798de21729b00cd61d37ed8d3f	162634	metadata/regents-club/1808.json	4621fdd768bcc6c39875fa389bcb123cf0c406163fd3f95b5a141d9ee3c6671b	744
1809	images/animata/cards/1809.png	0f2d460a14c43a5bbe3513ec03b4739a5978acc5fe43944f005157af5798c8d8	1451615	videos/regents-club/1809-v1.mp4	e2af5fb6b589238147f4032d35700152fea5df17d40ede42d30267e575127c0d	129210	metadata/regents-club/1809.json	bab15d63c4695b594ac4bf85d8e42650a0888a751d7a3704ad436b5a99434e00	749
1810	images/animata/cards/1810.png	d25080109458723bec6dbf017301147f63575164b98505814e3ae7c0b8b75850	1337221	videos/regents-club/1810-v1.mp4	1db45dd3f641cb1734a1e9e82d03d674be69c249ecb6d16a7b49a6a4d8e175e9	131821	metadata/regents-club/1810.json	f32f56578376897e232505b29d76cf2ae5da93e5837764c2bd12459b6c6860ca	751
1811	images/animata/cards/1811.png	c8e3bea35cdd710b5896fa065830a4cc342f689a437b803fac3852de06f24e2c	1730985	videos/regents-club/1811-v1.mp4	95f08d2d073d7f33b6bc0c086a3a7a936fa1c87722387b6dff100b39cb50f789	154878	metadata/regents-club/1811.json	0a57b10c1831c0dba0bb355fc702fd573293e3dbb97bf57edf2d0b51bfe99666	750
1812	images/animata/cards/1812.png	1d992295b55e125389c930c9fdfaaa547f02430fb67e2ea66f3584aef820b4a0	1886905	videos/regents-club/1812-v1.mp4	fcae6263596d982514772bf98ba8bd10a07f37aef9b9ef315d6b72cde8d43f89	171598	metadata/regents-club/1812.json	62cc225299beb1c9abdb59eb85e772519898d389194433493d29d331de74279a	746
1813	images/animata/cards/1813.png	0dd8c1ed4facdbde55f3d30d2b20334eda970cff0e92fd213e63a1927dd3d63e	3300144	videos/regents-club/1813-v1.mp4	fd32286cb3080ed06d1970c13d7dc02dfe7a39838cea9cf8db50eb4e6dc8e076	354947	metadata/regents-club/1813.json	cb571bd41d0bce64a147cfc6d6d588d491c2a27564a48807209a1816e61fb502	750
1814	images/animata/cards/1814.png	f8db771d2651d1d0e4ea4157df56c5f1598904b59f837ba5e26c110dce97ce0c	1568303	videos/regents-club/1814-v1.mp4	61f9d64f3f780c893ced56ec799b9478d30b259390690c9efdf54746ede6da1b	138660	metadata/regents-club/1814.json	349ba8496b95de24eae617a435d9723a3f72620fee63a3138cc86f9d705cb1cf	750
1815	images/animata/cards/1815.png	1250ddf44e907385206f796ed96d1afcf67e6158010c7e78f35f5685f2842188	1447968	videos/regents-club/1815-v1.mp4	6b1338e0fbccfc6db3384a0be2d057142860aa283dfe5dd7a6623c94fdc0c97e	137225	metadata/regents-club/1815.json	bd7c8f5deb6df7501d70b206db84aeacea3b02d19ac2df16beae773128bc304a	750
1816	images/animata/cards/1816.png	4e479c45bc4792d39622656a393935e40452e10892e24a128eb752247f3a5c16	1296206	videos/regents-club/1816-v1.mp4	93bcc96eced2386c397eecfb073e1c3fb92988db6950db671e4815f582213c8d	146678	metadata/regents-club/1816.json	2122bf1d0434d17a53dd28b360ac3fad593b5ba5eade29a10d1261f2d8dc7f5d	751
1817	images/animata/cards/1817.png	b463185802237b758e8627ef80e6e64a4d0d05a9a3cfd84affa68539ad10840e	3444019	videos/regents-club/1817-v1.mp4	d570a65fcda284d7a6d0ae2e6765f0dee66fffa6e18c9733fc9740fc4a5e5242	362127	metadata/regents-club/1817.json	cafcb2842f0f06829f55713507da39c111c886a0a4820e39486e35776a7153ff	749
1818	images/animata/cards/1818.png	ab318de1a3073aa422cdff9a0113378e95c7547958f1c12c1d10f2f5ce3249fc	3693420	videos/regents-club/1818-v1.mp4	30ee9418070b2a0385b2f2d55a502912852498974dec741069be7b3cb727eb9f	366215	metadata/regents-club/1818.json	b047265875231e5b7bef4e5f1098be42a88a13f5528598e577bac345da66925f	749
1819	images/animata/cards/1819.png	7278c215342f3fbc1eddca73cabb20a757edf8dcdb94d71aa1e99f9c584c055a	1699811	videos/regents-club/1819-v1.mp4	86e11217bf1da0025004b2f64372da0677bb5586459fdcf56f02b38b8ca746cd	245208	metadata/regents-club/1819.json	ba9c741e628ab36247fe3d825e9e5513ec51af26b800ebe148ed49c7464df87a	747
1820	images/animata/cards/1820.png	c89ed1c22add37356fe8204fe2c7c5a8be908b7d8a02f54aaa3f72d50ce08446	2015726	videos/regents-club/1820-v1.mp4	016fd4a44b8d99881e0b2db292b88c705d0f82b6df2e5703e5dace49e5a0961c	177849	metadata/regents-club/1820.json	e92fc0160f77c419d01af141f1504bd9cdacc28654fc88dca7c8bb7a1abf0485	748
1821	images/animata/cards/1821.png	63d145cef394c06becc6b8225c3089c5e11d4e68275dbbbd9adef4f2a2d2347d	1405951	videos/regents-club/1821-v1.mp4	f86fd951f901f13d5669e851ba77010dca7220bd79f09c226c6d92dec2ff4231	138755	metadata/regents-club/1821.json	70dab75f267d2081acfc597e994ac00c1db498198606fa666120132a18b42e6b	745
1822	images/animata/cards/1822.png	4833f3176ab4a6049e004d491fc5ac3b3f023469c190d6c7d9f4cc1f1b1cdf78	2332923	videos/regents-club/1822-v1.mp4	131a859d5c9fdf8c87e17f58a964e4802fa8a742e0d7d3ad2be7cb5fb292345f	180496	metadata/regents-club/1822.json	655ca8a4a6f3087f68e1dde348b269c5d297dd871e6ea152e8db518f14f43d7b	750
1823	images/animata/cards/1823.png	d6d3aff3593118f298ae71d017abf94a586ffeb9a28bc248e97e411ad37cdf62	1515115	videos/regents-club/1823-v1.mp4	c0c51b0651009789cc07d2172051bd245341bd1b8d1b403f21d40dd31b60261e	126095	metadata/regents-club/1823.json	c9f8554ff40c0659ad62f77a3df086fac29c9eab475b3bd944a1db9420064e8c	751
1824	images/animata/cards/1824.png	5dfc33d07cf2e2485af62f34e834e27c0b74bbc100686881089ba7756fe55821	1546119	videos/regents-club/1824-v1.mp4	b5504c3be1f362fa4b2d0e47977a6bb87704729beba46bfa188d8479542037a5	142017	metadata/regents-club/1824.json	ffd9f8b480e35401c7b3029016299c6263e5fcaa9a10ecb1b4ace852e7391f46	743
1825	images/animata/cards/1825.png	a57240f3d321fac981aa6f41aadf220b4d5039dfa69fdbf21dc057ba416a37ca	1692851	videos/regents-club/1825-v1.mp4	bce357519647e8b256faf81a0e63ea741c29120d1d22688d44828d80028929b0	167121	metadata/regents-club/1825.json	33ece487c20ccc579f22aeb9ecdd49ec5312641144644e1f588afcd8514c6ca0	749
1826	images/animata/cards/1826.png	1d6621e37b62c10bbb8b220f90ce8b818a30dd33a36e40d130185385337cc685	1519173	videos/regents-club/1826-v1.mp4	aefb00ed67632b3298f023dba08d998f1becdbe06c0394f7c7bd1b155ce56232	143140	metadata/regents-club/1826.json	943d083ce9042bd02b503c7b918dde2a20c6e7518978215d829187d15350c583	750
1827	images/animata/cards/1827.png	56caa4c06d65d698e41eb8a6545664d7e2f4846149dafa8225fb202acd526ffa	2190948	videos/regents-club/1827-v1.mp4	859bfcc5982e4a561b967b2fe8abf30172426a000457f2a8eec815e861c425bc	189328	metadata/regents-club/1827.json	4ea5b38f5ddcd6d5eb87f7f8bab4e351e9f8504cbadc1176cad270b018b5fd5b	748
1828	images/animata/cards/1828.png	b01e242dcfb7d096c52f95692d2186d6b709af5e2522c8e3322724d09727c23a	1706004	videos/regents-club/1828-v1.mp4	a91dc890704cc8d62f04281f6c629492f9ff075145eee6aa16d7e164cf0f11fe	147811	metadata/regents-club/1828.json	7f531b10f3346e6fdcec061f39f416a69899ee6a05007297098f7df89f23a5f2	744
1829	images/animata/cards/1829.png	fefc2744108366f5d603ab310d28859ad8da698347ae8a45039bcd76cae8a13b	2105741	videos/regents-club/1829-v1.mp4	ec8bafe3a582014d17697df4cbcf50357d15779c788bbe0fe7f0b07e86513d7e	187659	metadata/regents-club/1829.json	4fd26cd765e16bd9e80992aeda51f289d51da88e20a7f70657d1171975c3c4a7	747
1830	images/animata/cards/1830.png	28b5563803bd975a67e046e76a16182d8c01d5ee9fe059bd615a819caf9b02e7	1965415	videos/regents-club/1830-v1.mp4	e0448c7fc5238faa1419192a260cfb549a930c8ae9e3d726323356738d90491e	156777	metadata/regents-club/1830.json	dedc54409565b68309936c56c3d9a7dd98e666a9535c31d67c0c601ab1d576f1	749
1831	images/animata/cards/1831.png	da765731dade5624f629dc888813eb05f379d7007dd80fe7721e110cf9a251f0	1648603	videos/regents-club/1831-v1.mp4	9d70d8b6e120e1b7ab034634de16aa2659b669b3e57cb0e787e3714c46bc4948	183629	metadata/regents-club/1831.json	f345776fc2dd572c45a2eb94a7e79bc6e6eb3d5f5a4bb8b55779ad7f349a466f	750
1832	images/animata/cards/1832.png	9edd7ac993426102a3bcf32f0c6879d7883dc7d60fa68dc16a69070de2d51fed	1324411	videos/regents-club/1832-v1.mp4	a2f436c6fa5eb95e56266abc60382bc1def1e07d35276962225faad68beaed75	151997	metadata/regents-club/1832.json	b4495ec264144fe010f414fc5c2a8c64eb2664713800fe542d78e9539ebf437b	744
1833	images/animata/cards/1833.png	783d13b8cba06bd93e218599ff3c121d15644c37f50c47a4a06317778be93fc7	1811567	videos/regents-club/1833-v1.mp4	ec1932e9ec2ecddb29f10abbd97e666c02a8e5d1eed6a865ec54954770fae16c	165290	metadata/regents-club/1833.json	dac2734fd56b644caaaafd69c011b117d9e71971a9544d739ac8963c0f3e8988	750
1834	images/animata/cards/1834.png	6474e269e6c32287e191de687dcab03a129578599d80fa3dbf9f07d0e9d0147a	2228804	videos/regents-club/1834-v1.mp4	2c8a66df6cda6768dd975360fe9b1230b5b8b2df706a774bf62d7b7c1dcc572c	174605	metadata/regents-club/1834.json	2eeb670b46b562990d5ac35a3d5d7f48b8f7221a0e28933b3f0121e9d472c2fa	751
1835	images/animata/cards/1835.png	95912d42fe8bc8d2a37edd6bf021835bb9de8babb4e39f28afbec6c129740462	1305946	videos/regents-club/1835-v1.mp4	8b810a68d5d6e56f30980c992d0d4b0bb5bd3fdeafadae7a903915daf73b8bcf	127093	metadata/regents-club/1835.json	8621d24bb6e93ccf91356f59fd294afcdcb837e517b76bb7f4c0a2d1a7d19ab0	743
1836	images/animata/cards/1836.png	74902e4b0077b15a5703aa7464cdb87fd6bcfdef993ac211a8910f7aefc378dd	2573144	videos/regents-club/1836-v1.mp4	f6ef00719bbd2773abbec8da371e901932d6eec4556a32be6120b46136f42389	205999	metadata/regents-club/1836.json	1ee57c6d66e6b52ad0fce0cf5fb6378e9fa2d209d0fe45e01b7f1a13921d8f18	749
1837	images/animata/cards/1837.png	bf63b077615e330bed99dd595e73778bda2da75ecb3782abdd20d80b8b7e67be	1673269	videos/regents-club/1837-v1.mp4	0242cc3eb630a7d5af4fd825e7e2837be5558ee00a01c6ce0b9d2cc6d029fbaa	151815	metadata/regents-club/1837.json	ad4ac948881a9796211e4432321b55081e9cb6be834ef2f1ac3ecde83a1ca3b9	753
1838	images/animata/cards/1838.png	fbac6deb092afcfdb12810889ef1960feaf2b079d6e1450ecbd166b8ff2a7d42	1441150	videos/regents-club/1838-v1.mp4	296e343a7da181a602d2abe43962017fd07cbd04d1ce7e0a7e5a49e25ab22f3f	142421	metadata/regents-club/1838.json	503ae8e47b8714cad7886b7de7a84ce3ad9b80754c3bef72ecdcd5a4abdecdb7	745
1839	images/animata/cards/1839.png	73667e972bfb41c99a27b5862e7a722000f353e5b098b87636540375d145782e	1462175	videos/regents-club/1839-v1.mp4	1965e124ea3a7c430470b70a3ae82f27456a8aae4d355f395bf64f84482fde8e	139280	metadata/regents-club/1839.json	52d9e10e9ac86b7c3714a7bc2ace3118b74ceb9fc3e9e020bbb6d4a5340c40a0	744
1840	images/animata/cards/1840.png	8041017606c23e67bdf00b49ce8365fa88379c74ac7e7c7e938bd563dc90ffdd	1576408	videos/regents-club/1840-v1.mp4	c220960886f84421119f35667c4b3e0b5255d014bc1d4ef353814f4a1c149b2d	158442	metadata/regents-club/1840.json	b62736faf06e7b94b50ec5dd2b9d85c750988d78ceada7873936c57c717dfa98	745
1841	images/animata/cards/1841.png	bfecaa2ce43df33aa6ee89c29fe734a99d09b21de9ce17e32a371c87c5fd642a	1460486	videos/regents-club/1841-v1.mp4	be0df0f3e986de87f325a7fdfd1fc8909285b1c2b7cccb855ef0dd52b6ffca49	142900	metadata/regents-club/1841.json	e9401db421aa0b69a1cf6fe4f26c729154a63582e1cda1bc3af983df924ff1fd	748
1842	images/animata/cards/1842.png	6ae393c30b390bfce95b7d9f45e032ddfd9472f70d48ff0cb699f7caf364ed56	1230285	videos/regents-club/1842-v1.mp4	3f3c5fdfe1f5ca0740e1336b4d1cfef30e1f79e5b56ef2ccc18d52d536ee1e97	125936	metadata/regents-club/1842.json	a7db68553df4caeb06ee07530b24c9a7764e0aea921f2941a1f56286ca95f734	743
1843	images/animata/cards/1843.png	3e2bf9dd83f6036df7198d4107d5f3a2d1a097e2279e0c60d7571ec380e54fba	1695382	videos/regents-club/1843-v1.mp4	82ab78949a50fdd32b5be57ac4b985aa33fc34437fabf92d69902976ce83c8fe	161622	metadata/regents-club/1843.json	c3ddffc875ed44d04bc9cb52b158c47762278eee5765555c7b5f3215a658c6b7	748
1844	images/animata/cards/1844.png	353ab892e18d47ee962d8ac811d560adb204731d3897bea8ddf188c1e11349da	1388740	videos/regents-club/1844-v1.mp4	7671badad91552336be5e1efc80f10480206333679963e47a088f14e5af6d699	131328	metadata/regents-club/1844.json	193e9ffa67a9b54fdd9a3e7fe943599ab322cbc689e04099c35a2c1986b14fa0	746
1845	images/animata/cards/1845.png	7f456d3cf7135eaefdf0be9feadbcf88f96d1bdfbca46b172b4482cf9e2d7dc0	3589895	videos/regents-club/1845-v1.mp4	1432496e48ef81e134962be6979c745cb79a3e159a4362fe4de9a1362c6c5eaa	342839	metadata/regents-club/1845.json	e45b526d2a42c1b81be128e6a3218d18794229e863ce9f1bb1ab755e513562ab	748
1846	images/animata/cards/1846.png	48a9f7ae32290f53403240e4b92b9a3ee292781359ce42ec17319237e9ccb976	2228966	videos/regents-club/1846-v1.mp4	e3dcc826e676db911c82a473e4ed74cfdf62c970d10b827fb0c2aa76e008eb14	198736	metadata/regents-club/1846.json	bd94a9fea7ec129936149e9edb8f89f26746f7aea65db815f45e0e236ee8a225	746
1847	images/animata/cards/1847.png	be3a9e94171b0efa1b5551c4ea76887c1f52ed79b9a3bcb79bc429c944cf7e97	1379070	videos/regents-club/1847-v1.mp4	8a7847895e73018503c909179b19301d6cd258c361dc3b6196525e7222db2cc1	141973	metadata/regents-club/1847.json	2ae687753d1fd88b4593921ff4e0cbf7cb5f828c565ec7380128b67f06c5d3ae	747
1848	images/animata/cards/1848.png	4dd7417bbc4cb100ba577403dbef548bcc280958732e517cd2cbef1b87d5fbea	1781147	videos/regents-club/1848-v1.mp4	890dad8c530078910ffe71423c1680c28ef3c8b96bcdd970fc2d6c647973c659	163961	metadata/regents-club/1848.json	2fe1a32aa8c627b949af30baba171fb12de039bcf8a34625db1c850b5c38144f	748
1849	images/animata/cards/1849.png	bf03ff96731392cafb65718e510521efa845fd020059216375b0369b07daa4d1	1463668	videos/regents-club/1849-v1.mp4	f613252ce5a778e54ddec12de2faee3ddc620c7a53e5e09b1b8a22a682cb3a20	157969	metadata/regents-club/1849.json	7143d1b383bea797314729a5a5126567448c33f15c530ebc050668d4334de6f9	745
1850	images/animata/cards/1850.png	ece78b6c2e5d3092d692fe99abb01a466a107848c724568b2a49b5e5acfc75cd	1401412	videos/regents-club/1850-v1.mp4	4e098e6d8e64721d7fb50ae28008d3df185f665d482b20442bd013d1fa8e4529	134065	metadata/regents-club/1850.json	dfd7bba257938d22e0fad2d12230792744a55bbaf565796bbcb7d09a37882bbd	746
1851	images/animata/cards/1851.png	3a9e45b4243cd22690dde299338720345732b605b92397e0ed9be831e214a858	1547343	videos/regents-club/1851-v1.mp4	0376f8ac654b7dae00f7a76df5bd026f5a6839d6f11622f5ed933ef36924e4a5	140852	metadata/regents-club/1851.json	3f61664bcea82acbf1d4145568f9a2cd2fa230abaab950edbbbd622f9a762a42	749
1852	images/animata/cards/1852.png	c1aa7035370af50976c5b60e205b815a278b27e2cd65733b218a4662eb1a8e6d	1352188	videos/regents-club/1852-v1.mp4	8820da4ac7901e21b163736ddef9e8e8f325c9643fc05a72a297dcfb6592e700	146528	metadata/regents-club/1852.json	bb5f58fe6743cdfc9a007cd07326b8b833a97123bdc314f0d9920364a94c2326	745
1853	images/animata/cards/1853.png	8cb50d34da51d9ee8f34fae1d02439f3d547803e43912372d6db613aa4fcd3a8	1391748	videos/regents-club/1853-v1.mp4	6907bdc9e35e2584c75604873758e8da139cee281f03bc53d705cfa0c59a70ad	135609	metadata/regents-club/1853.json	41ed86288e12289f3830d314032d06e8977e23f90f883b8c7c70be6f29b92601	747
1854	images/animata/cards/1854.png	654ae71b742aba1ddb43409083ed81aff81983ab5430a2c776e5425aa30a7fde	1893272	videos/regents-club/1854-v1.mp4	494c12c137978bb56a1fdb77cf6830271deff9ac5e266cfd964eda8ea6e8ad23	164940	metadata/regents-club/1854.json	79df5e982463d70a7347c79e5c6868350e33dc0cddf703e64cbbbb0db3fd8dc1	746
1855	images/animata/cards/1855.png	e622b22e8bda4aa61a097596ed6fb0a55190fc7d4c3b35988890206c236645a7	1742199	videos/regents-club/1855-v1.mp4	b9accc50acedae720fd6616b37fdc13e49bdacbeda6aa6cc1d88050984bffb4a	178340	metadata/regents-club/1855.json	d1942fe168e3f5d8f96fffa72125a62323887290080e1832ab40e109ab4b68e7	746
1856	images/animata/cards/1856.png	03b5f3633e4b369b87f3e0a97e9ca30648c1a07babd1e2e6eb35abb0b03a20ce	1369697	videos/regents-club/1856-v1.mp4	ff55cc0f4640942484780cea518f7cbe4f417ff83997bdfa9c8af5eee5490219	134251	metadata/regents-club/1856.json	4cc3f0138618c3354f7daeea77385cff85cfa81fe508a368bf4cb739e638472c	745
1857	images/animata/cards/1857.png	09a2be6a758f9e9d687f03adab37aa5a98155094bca97f8ce72c3f951605c4e5	1750106	videos/regents-club/1857-v1.mp4	d6868a7a1f81ee000d055b2c88a10577a3890019eca34cdc6516feb1282ac431	162455	metadata/regents-club/1857.json	e1143ecb9e8a72663093440f639be31f156448f0f465d77da8fc108ed9a3eb94	747
1858	images/animata/cards/1858.png	aee19ef8f38c72f03206c5e8f929d474a50610f8cc5766621d28c58fda077522	1340617	videos/regents-club/1858-v1.mp4	85d52cf46e9c09ec48cf084304671cafd632dbec18897cfa16b52a73b72d8aaa	134501	metadata/regents-club/1858.json	72594e3736b220acaee90f5f38fcba240873eab0f8a20008f8853fc2f16c92b7	750
1859	images/animata/cards/1859.png	8419e6caf627c8bf6516ce7614af0938074ee80a9eca8c445e06c385886fdc0c	2009643	videos/regents-club/1859-v1.mp4	930918ed418e70a742371e4b2c0f1cb812880498f3e5093dc9b95ff641a125b5	169698	metadata/regents-club/1859.json	31a68c5e6e25562d86dd397f376281a6d739e1bd8253f2671e2a5ae959028275	748
1860	images/animata/cards/1860.png	d2dc13747a6131670664a526f04d0c699b0b4d8c28116719840170385086d20e	1682327	videos/regents-club/1860-v1.mp4	c72cffa1b38f463f8a16708bc1d803e18752dce8595b455c265172a398017b56	156989	metadata/regents-club/1860.json	3263451c152940144945a357802c2e9e8e3443241bc26affe5213bcc3c38260c	748
1861	images/animata/cards/1861.png	5770c66449a98fe7a4e7dd75110ac53bbe94c391004c59a40fff36e04331b7df	1876380	videos/regents-club/1861-v1.mp4	7c465e45624ea5525419651a31d429c565051a442a5c13f98a5ee2135f3f99bc	171217	metadata/regents-club/1861.json	fd984bedcb924e61c845312cb4f17d0066cf90f1b3597c669a7c3901a99121b5	750
1862	images/animata/cards/1862.png	7ef1bfd2718d5c61ff46cf5e22291d6b090e3d307e0178210943e32709b77e71	1323240	videos/regents-club/1862-v1.mp4	fb678c36ef51e17b0a046e77a0601c337d5b763e4c8621b902b3c634a53873f2	134746	metadata/regents-club/1862.json	ab55ea1684e9458fb3f53aa4c3667e6de4edac96dbea26f0f971f43c7f5b9867	751
1863	images/animata/cards/1863.png	7e94bd134c5cb8ffac3bdec2da3f863e1091315e29d19f4451a8e67249145545	2498622	videos/regents-club/1863-v1.mp4	7b8e478795f0816983002234c69c515d6a46a53d91c1750c135b03fda9076656	192581	metadata/regents-club/1863.json	64bebc75b073ae37ecf231c733e3721862fb4f97139f33c069a9158a128ce144	750
1864	images/animata/cards/1864.png	b365729b660b9659920f1280755b3bdf5de9be1a1743f75fdfd1b24f0c957f21	1327066	videos/regents-club/1864-v1.mp4	cc5b6c48b23d81ec7adeb1dd712a16b571c4aa54e3ca1fdb083e2aedf1bf178d	135955	metadata/regents-club/1864.json	b17a6e3b31011662c2dc745628a74a0c4bc11500a2a3296bbd9978774d74c12f	751
1865	images/animata/cards/1865.png	3c94c024c1f418031c55d732429040e3e2c74f4e8749f3c3ba3eb84280b2918c	1980795	videos/regents-club/1865-v1.mp4	9247f16d6e18ea6a613492696a8d8f85d4f281598f62c17ec77d0aedc9e3b6bf	165543	metadata/regents-club/1865.json	f40bd5345df3c39f8d19fb0a386bf05f7cac569d29e7a999f52ca555ba630380	750
1866	images/animata/cards/1866.png	614d6dbe3e187605679f7c90cc40177e021a06df3d0ebd90220f902c816f36ae	1676435	videos/regents-club/1866-v1.mp4	de5a67fc3ad1d00dfdb22045ed9a4b0b1b892c3eaba3772229cdbfc126733641	140594	metadata/regents-club/1866.json	94ad56508122bda9a20a0f6a17a31e79225e54512d6a45d8ba570302a1fa49a3	750
1867	images/animata/cards/1867.png	b26843a17551620105da8bfd637be1cfa6127d9decb1050021067fd579ec5ccd	3343137	videos/regents-club/1867-v1.mp4	c93dfda99325226e1b43ba309954445736c4d10c11113c33bbb4c775406fc53f	356749	metadata/regents-club/1867.json	23b29ba2be1b38e0cb9a29e05f22c474e9cc89d3bfdd79176db2705c14c96925	748
1868	images/animata/cards/1868.png	0d1a349a977294b5b2909a26b7874643dff22b75d4a3e6478724a6dabb7ae0c8	1471361	videos/regents-club/1868-v1.mp4	c5f9cd8c4d6b0f308776d0a5693d197b243f514636cb6fa09cbfdb5805da02da	137789	metadata/regents-club/1868.json	af4333cefc2ac64f455f8d453e432fbc15be8277f9653425be2bddabd90f2225	747
1869	images/animata/cards/1869.png	8c2ef147e615b40cc2ac035baf00eef2b55edb18d5aa9c6859970efc9a5a063f	1873290	videos/regents-club/1869-v1.mp4	e37d46418975d4aa5edd063874992cc9d05ce4741d3d4bf1ca84a04793e183fe	164384	metadata/regents-club/1869.json	2383b541d27f204c0ee575aeb1688127b23ebfea58b4f17981b9f0ea859d1aed	746
1870	images/animata/cards/1870.png	a97ef26463110231bc5069d15a0d18b0da467fe68eaa48b9cb8caab01c69c7db	1896845	videos/regents-club/1870-v1.mp4	4f38311995d0051a79c76109eac51e8a184ca50f7f57dc207a4aa567622d7226	163351	metadata/regents-club/1870.json	ea05246dbcc0104d903ad5e7566e47a59afeb00b11229004ae0c7c5647e9764a	747
1871	images/animata/cards/1871.png	751fa5133eedd84455e75793e019319c1c92c7975671af9c09319f6f719b5ccd	1745525	videos/regents-club/1871-v1.mp4	87a080c8ffc2ad42a569488b5bbf063195f5fd7423d4ba9131e6924d7a94faa8	147516	metadata/regents-club/1871.json	8324757e009fec3a45cfb28bd7779bee520ca135b11e1ee2eb3eacec23be3b92	748
1872	images/animata/cards/1872.png	c811eabd180899dae09044af201095f01f23a3b9574e31b0f7dbad0923c53acf	1444170	videos/regents-club/1872-v1.mp4	b4c12fa17d9249d1daf8f40fc512571a359bbbba722b13330dc5865321cc1d21	134246	metadata/regents-club/1872.json	509ee737f7bc2699cf4484c2b3a6bffe708e7dde9af792e29dd9006df7a78906	746
1873	images/animata/cards/1873.png	291610aae73b8c4dbbbf5d177805e8e2a8203e83136cacf9bf70db53c60f43b0	1095501	videos/regents-club/1873-v1.mp4	77aedcd09931cd9ed66ae3669b3149ce04d32148f0602b95f564e365097683eb	116762	metadata/regents-club/1873.json	58635e61230ab7c9dfc8c5ccea7acc006961295ca2611f40147d960145b9feee	746
1874	images/animata/cards/1874.png	aa93ffb249064bfb9d46ce901c132c3785560759869dddf0162d66007551bac0	2023807	videos/regents-club/1874-v1.mp4	7fb2a4c3de70efcd67926b4f571e14a833bd4f035b12dc5e957621f5382877ef	181370	metadata/regents-club/1874.json	544056f0901b09c4633bee1cc3d619304d341487efd5172bf6fe901846d0baa3	747
1875	images/animata/cards/1875.png	a8152bc65f04488d5f26ebdae6e7be24cf454ad38963351acaca98016b999aa4	1904045	videos/regents-club/1875-v1.mp4	4756bcd9b71a381156be517e4a8c82940f440f98d0ef1fc7421ed7c8e64490d9	164977	metadata/regents-club/1875.json	5b03345936efcceab3f1ea3e6ba6d379fdccca474178b18846e419ba6968d5c7	747
1876	images/animata/cards/1876.png	b26f5d22d2fdbda4e2cbedcb219f881894053b6d1ddd856310a9bd625cc34fab	2418632	videos/regents-club/1876-v1.mp4	9b99b2b581f202e9f63124d70a798d8168fa196363e0bf7b569f14ca70f1ebe5	204632	metadata/regents-club/1876.json	a631b5b84cb37ce5899ad6e1a437272be07dc3cf89fdb7adfe2e7f018a719f78	748
1877	images/animata/cards/1877.png	62010f256b4f5474177d0067c238f3b3d586f036cf040cd055e67e1bae8b17a0	1541690	videos/regents-club/1877-v1.mp4	1ca2336d2f42e0ad04fe46a0a751702efe7e227632dff8cbefc96211d2d39757	130662	metadata/regents-club/1877.json	d4f2ce13ad5bd3da4e0bcd8c4d5b34adebba7aa5dc37b6330cd52e86d360d821	750
1878	images/animata/cards/1878.png	25f94203290494364b4c561580e1de7851958da38e6c53e1c5be438c84f434bb	1200896	videos/regents-club/1878-v1.mp4	cdfef892a2ece36ae6b5f6f044c14563d2ba7166fa059e6e616436bc031e0ec2	233409	metadata/regents-club/1878.json	09ec68a4f42324cd164abde7ae15f2ae28d17b9e614762879bdf55ed7aad9acc	750
1879	images/animata/cards/1879.png	472fcab19f560e279f07dcc34d5e807137a897f3d6d7927722a7de095398cee2	2071102	videos/regents-club/1879-v1.mp4	a5696cd72a41e62353cae28cf7b6e6f4f93e6698aafccc864c3f2364554a41d3	180247	metadata/regents-club/1879.json	4b62c08596d2ec83b156cb439313271d5a67e493606f39d761cbe2175a07303e	748
1880	images/animata/cards/1880.png	3d0175a779529786e540d844a1ddaacf088127c529c8f81574243801db1d1fac	1751676	videos/regents-club/1880-v1.mp4	e2ea19428a2d3e370d6b2ed85f5d6767bf4958c1428b4a153e1c17c84af5b38c	152841	metadata/regents-club/1880.json	c2efdbd0cacba15f89fee439137c23a80465cedd5f08832f1f227eb86d15f21d	748
1881	images/animata/cards/1881.png	06786f299dc12b4c28185ffdcef6c224dfed9cdbc66dc1bce174d134e18f526f	1398401	videos/regents-club/1881-v1.mp4	caf3efb95015060a740a0ca2343edef0dae04482d7b1e011051374fa64ad5b52	125473	metadata/regents-club/1881.json	eb8b98ba72b78cb8c6d0dcfa87d8acc9c5ac65628be042954338087b4a654654	744
1882	images/animata/cards/1882.png	2e7d2aafb691dfd65e72e09003d471458dd8881a3f02dd331f679ae15a0a6bad	2590118	videos/regents-club/1882-v1.mp4	6d224a11078e2f7b230ef15c24eea92c8cea0c0314ab84e22942746d5834d0a8	226835	metadata/regents-club/1882.json	d1aa17c505628f81bb9bbccd90d86d0eabcb062c154e09d3977fe2d56330b3e1	747
1883	images/animata/cards/1883.png	e522c6c722cd55b6962bd7982deb0e4e206768a8890f0eac79aecd5fbfcd13bf	2035841	videos/regents-club/1883-v1.mp4	76328f848181b18a022d5ec59bd27aefbf2ee4034423e2de58b34b7407c751d6	172348	metadata/regents-club/1883.json	4cfd7e419a2d0a92f74774bbbcd61a1ca67625c6344391f7fbcd4b5492670875	750
1884	images/animata/cards/1884.png	691b1a6197f044de4d907c192cbe8216d0077a459bd15a58230e24064a0e89f8	1499579	videos/regents-club/1884-v1.mp4	dc60d92a35c2e53fa6b0113da065faf6a11d92f166c85b78f7acda58188d4c31	137711	metadata/regents-club/1884.json	acdc2fc03e4be658033897d703542e240254f7f7c0e22907177d82900d487455	745
1885	images/animata/cards/1885.png	8ebffe1286c705c4083c1cc9524518b974492ed57cfacd5a4ee529e0749542a9	1601960	videos/regents-club/1885-v1.mp4	834e75c53e66fa603df1d317c754869893008afb3c0c6e6a4938d25529944f92	146414	metadata/regents-club/1885.json	9a1cf2fe1764ef7f0a563c12552cfb230fc8f1a65585da82dd6dbf819b229c22	744
1886	images/animata/cards/1886.png	36b6855a0b9143a925d2f5c4a82c719c9375092e82343b02f96433d93e0f823f	1464208	videos/regents-club/1886-v1.mp4	8ac51f27a5830079de58a2bd98371406f45d4d436da74189f61e16bdbe328cb0	166874	metadata/regents-club/1886.json	a84641cceaa6a68e9e28b5f01f6c3fca1cdc5181b5cca0221d04f04675c6c53f	744
1887	images/animata/cards/1887.png	faadfa0abaeba6f6e5bafbbe6f27de53f0eb9cd348b9aabf34c2512ffa9b0718	1379117	videos/regents-club/1887-v1.mp4	0ffa683cfe75fb39188d9fd7b79c442fc1629c8fdc773f1857bd2aed23279dc0	151513	metadata/regents-club/1887.json	26a4f630017429ce0570ad102b8aaf78dd6bb12cfa5af800257eca07b8d218f1	746
1888	images/animata/cards/1888.png	59aefb8a502563c55e9e3697248619b5275d25d06ab554a05b2b7c82b7d109c7	2212993	videos/regents-club/1888-v1.mp4	f1d1129566a91a4d71a4d88102fef94991018e8f649cf9f5f82ea3834c1900f4	205413	metadata/regents-club/1888.json	4a2b6c5112ff85b7d28d8f82b39659a817713bbbbc68debf50dcea03381e341e	747
1889	images/animata/cards/1889.png	8090568bff8d73a64f96c9d4fffab3fc8d3e05053830fea73b2461903f92d0e3	2595063	videos/regents-club/1889-v1.mp4	920000fe3df60836d98c66e649666f1493af9955fd0cb1ae9bb9b0d178009cd0	212596	metadata/regents-club/1889.json	f8273cf5c6a5bea0659b03b1146eebbe416b9258fd231810fc643f41affd724e	746
1890	images/animata/cards/1890.png	1d48d5503c358a3673062524127bac02d9248dbd2463fa5bac1df34794ce43ab	1778599	videos/regents-club/1890-v1.mp4	5a5bee39f27f35678a4baf87c91e2cdde568763c3c5cf7672094c2eeb4a266d9	162356	metadata/regents-club/1890.json	b07c54cc789635427fb050938e251ba91a9f4e1881d392a42fb1fec92d1237a5	748
1891	images/animata/cards/1891.png	a18dc3f7b1f0fdb46dec929977ecf24dfe82017af08c0ad19c1b80bb2eb0650b	2257706	videos/regents-club/1891-v1.mp4	3236417f1242697bea449899370d5bc97200c474b19225abb2f4fb68106e4976	176572	metadata/regents-club/1891.json	5429f01169acd23a2d3240bf70cf339ee09aecd208722a6028c8538acbf1699c	750
1892	images/animata/cards/1892.png	defab0b6b89028be4aea3ee6207b240dc9047de80e175cd66271807cb7b79498	1259318	videos/regents-club/1892-v1.mp4	58c9ebbade39c5b9a9e2e643a39d51b8a93d314a5793d71fe6d8357f62a9df7c	130200	metadata/regents-club/1892.json	69cacefe9c07e146abb7d43eaf065bee9b94cf060bd43bf426d9c3a499556098	745
1893	images/animata/cards/1893.png	4ea79396ab0891da2a1499601f969f7c67dee1c2633f7c27c849dcbe844eb43b	1363542	videos/regents-club/1893-v1.mp4	eefa179de146e8aa93b1665b6432a4ff654b3ece334deb746f391295f92ec80e	137836	metadata/regents-club/1893.json	73b28ccf29e71fe233fe136a3a4c273490041d0e941a1523cf0fba0c5430d1f8	750
1894	images/animata/cards/1894.png	605e0326e5df5a87d9d6479507082e10d650806edb30dcd179cefffae9450eb4	1951107	videos/regents-club/1894-v1.mp4	7d2e5b44dde208c3964bdbfbcba22741088e5d726e19cc20d448eeded20f4767	169569	metadata/regents-club/1894.json	4210f33a107ebd850f4cf195c05e64b99c7824e2485bb1dbe3d220dc42d1aa94	746
1895	images/animata/cards/1895.png	87c05c8e2f17229a7d122a7c267d96fc786cbbd0104ba8d7af56d9cbd5649836	1482047	videos/regents-club/1895-v1.mp4	37f08301c0cdd9e5865b9d344b7c12217c12fb31ae9bd30e1edbfbc6aef96429	167724	metadata/regents-club/1895.json	be748a58eff48bbb7de2e9e62595678c133550c97a27cbb68cc01b345d71a128	745
1896	images/animata/cards/1896.png	906e4675d71f0f317dc043bae802d9bb28e1ef21cb1d5d075e357dcdd3776436	1815648	videos/regents-club/1896-v1.mp4	6f7505abec4b1cad88c1e15c0144cc6af405b68eef450d2472d25fa14dd1028f	160804	metadata/regents-club/1896.json	cb35129f059dcf64a8b4a07913b45800b2f3900eaa1ee0411e19a2d7f2e96303	753
1897	images/animata/cards/1897.png	604e7745aaad2e318cccc6270f6fa8d2dc56c5878e2330b833332a843dbc0654	1945600	videos/regents-club/1897-v1.mp4	44dea428d111d8a8e030dd901e5d0faf7647a73caefbc93ea89768ed1925237b	174377	metadata/regents-club/1897.json	6b0f39aa4d27dd308f3fd82fff88d738e6512690a1ed7caf5ca966a292720486	747
1898	images/animata/cards/1898.png	79375a12f10cfd3b8225ce9a160cbea33673450e17dd8a2fb19d41c661a675ac	1275045	videos/regents-club/1898-v1.mp4	0401a17923406f585adef06c5af42b5f0b50caedacc6994e9a74dc0e5a282cf0	127050	metadata/regents-club/1898.json	18fe56c9e8634dd96a7f15d35d663c647e93625dda178007974c0e97fa1ed8e1	743
1899	images/animata/cards/1899.png	eea41fc2d7754eff0b951bba11eb24dda1c086c08f1a3ba5f8dea0f77daa8776	1608598	videos/regents-club/1899-v1.mp4	e8ba3fa89b1925fa9cfcdbce286bc1937ddfa87f707d166a74ae8b45c0f9ebaa	133751	metadata/regents-club/1899.json	af5437845fe7580864e33231978ac362ff9a77ec83afbaebe1e7bdd1629fdf74	743
1900	images/animata/cards/1900.png	5569223959c8c5797c2c15d72b50b3a49570984a2ec114e11879661879a8f307	1770133	videos/regents-club/1900-v1.mp4	ddecb2f6cf68d11fa9abb95a2becb5289d9303eb4579e0170ae4f1b53995ac81	144827	metadata/regents-club/1900.json	386aabae3e98258b4dc0d9642d5ec906bc997d5d560017e1ce68fe7f925a5699	750
1901	images/animata/cards/1901.png	34edc4ec82b4bd6368ae0c0ec4a78124e38b534c040218f15a051dc7fcc0169e	2243508	videos/regents-club/1901-v1.mp4	2e50a7a296bf7411cf8dff1439b7c5e99935221259e552b128bf9c8f0e998ace	194735	metadata/regents-club/1901.json	681d5af2f5fa7316b98dbd46987bc81963e6cf9d77ba1a030fe9049262843034	748
1902	images/animata/cards/1902.png	1e296d32a0dd6c21d3ce0b1f9201206cccb05396d383ccce5598ec019ddfdd7d	1635808	videos/regents-club/1902-v1.mp4	ca53fc7408f6524e698a3d34b9e1c95f9d82c35b49e1a8edb1893ef722f248ac	149483	metadata/regents-club/1902.json	6b03081d2b70c2563b59af966f2e563390efc1458bd457086bf207846fd3fd58	745
1903	images/animata/cards/1903.png	972aa8103ee5ba8d9dc880448006107fd89861d9d68dc25709c61b87e3e7cd44	1630444	videos/regents-club/1903-v1.mp4	fba71c59bde7c74f025f2e26a0aef7bb13c0d4d0e2f81ca4b9790ed742150f9f	160647	metadata/regents-club/1903.json	5d797a4d616584763af809323165b4c3f69b3f8e2456eca94bb6985ea8ca6b63	748
1904	images/animata/cards/1904.png	cbf897cc3f5df384a6b8883d8d5f53d24424a5b85f1499f6af38cf8e9288fede	1650216	videos/regents-club/1904-v1.mp4	3a1bc820f7289e5d735a418d15683ff54a0cdb5d70ebfa3320330962a343e9d9	151579	metadata/regents-club/1904.json	d21414a15a8543a1e6e5ef1e76a31dffd67ff14646018278b1097e7e789f527f	747
1905	images/animata/cards/1905.png	e4df195ce79342d3ad92979b5cceb08c796f63c0b95a0edf9b0aa7b493dda17f	1756487	videos/regents-club/1905-v1.mp4	4175fed10fcdf22b8cd23f761f8f745198bdb6606c6447f6f3173fad77592864	151993	metadata/regents-club/1905.json	be284cffc556a7a3137e876c5048b3e6e2cdd1d8999a11cc23e14008aee103c1	750
1906	images/animata/cards/1906.png	fc43173b4ec41ef4869c27a893872888f2d5e135c3afd674a1df00cac3ddf927	2061395	videos/regents-club/1906-v1.mp4	2dc53840874d572f62aef3c6329c90d4696079a0efa570343c84cfdb6c4b9fdf	166460	metadata/regents-club/1906.json	54dbba731cf6189ea069c0149b95f265edb83ee14d8f6f709f51ab9c5ebb089d	751
1907	images/animata/cards/1907.png	ccc38045fdaeb918bf4509b250f30228107956d39ff1d92a9fd49e240d2c4f09	1744112	videos/regents-club/1907-v1.mp4	29180f7f19d97eb08c21969f222f571601937b9245af7b537569d7b11a31756e	163375	metadata/regents-club/1907.json	cb8b92577e721d776319bf5e8abc2ae764da3f81f3b47640bbfae1d9b968f343	749
1908	images/animata/cards/1908.png	0bc887b0fe1e1fb257e26739f289f97fbc65fa63519e512ce255f028eebb97e2	2446328	videos/regents-club/1908-v1.mp4	b897e97e767ae4e7b5ecdcca7915932ab7dc2418e42f02c8e19c8fb9e1dff9f1	237233	metadata/regents-club/1908.json	181f8d67c21d624cbc429cc4c3782ae6f0b6e65c7fba9ac650a19b7bd1c42b18	747
1909	images/animata/cards/1909.png	21021a937eff06835b37acb977a21ffbde88454fcb92d40861db71dbde866d80	1394206	videos/regents-club/1909-v1.mp4	3a117addda97b24d375a8ac1b52b817061c49916ec532d1a802f9235bf5c7176	138068	metadata/regents-club/1909.json	d793ad51e209948e915a5401dbad371fd476a47b8c8b5e4b6c91e18e7bbebecc	746
1910	images/animata/cards/1910.png	8cb0a3a68397127b80ca93493687573c9961b5a6dfdd3b122d8ddff52e819f71	1608687	videos/regents-club/1910-v1.mp4	f34d8206fe0cbfdbcde7801b27729b5551ca59978f5ec68128f0616db392f462	143125	metadata/regents-club/1910.json	eb24f78154d8e7591c7a910336fc087d77b7c7f204b65bc7ca494def13f0fc91	746
1911	images/animata/cards/1911.png	5be2a416f1497f7ff536bd0c15c1cfb735c6469c128768879d3512f0b3af2f79	1778914	videos/regents-club/1911-v1.mp4	15d163e2f28fa8a817b79e92e31a75010828359ad68127fc85c20f1cab51daae	169258	metadata/regents-club/1911.json	2eb81d0f748b66dc28c852d3d23bb6bd72458dc55a1002a2f5e0e9216247f76d	751
1912	images/animata/cards/1912.png	d3f3dd5ef233e8cea449077d11b26b9b343a5431cc1618efbecfca9efa761ff0	1420976	videos/regents-club/1912-v1.mp4	1079a8bfde8407d119e3191b177fbafc28e50c2d5db33516b10fffabe20785ca	134657	metadata/regents-club/1912.json	b20ee308120a14a8e65197b66d177179f10c1ab1d6a29edc47220a41d5ebf160	745
1913	images/animata/cards/1913.png	212988f4df681a3c8c3f7dc511b9fe4be30c818d7df886ea6e1372eb11bc5a4f	1880569	videos/regents-club/1913-v1.mp4	275b92eb20a1092cd6428bda61706236863688597cb81a9bf7afcf3a8d75b437	161077	metadata/regents-club/1913.json	5235046d4883cc04990157eed172cbc0f4cbc02cae7e3f34de073161199f456f	746
1914	images/animata/cards/1914.png	8b7ac2aaa2fd6d24d96fa7733eac2ac98d065d0ca9ff2166ce7fe7b22cf60940	1233045	videos/regents-club/1914-v1.mp4	97ce144d6823c33df77548a39e3cbd5a66776b78e0171e8762337061062a4e56	143643	metadata/regents-club/1914.json	d29f67705744623323013d37bd04bfc9b5bd8c016252e2673e9e74c71ee31ff4	746
1915	images/animata/cards/1915.png	061729b224ab8cbe07bd915050ba7f728ae1f9ad0d93adeb960b993c72338ae9	1558097	videos/regents-club/1915-v1.mp4	1c0d8391c7c15c44c5f6709710e417e5391a0e614dd6baee9e1858ef7958ee36	146208	metadata/regents-club/1915.json	cdc5deab27924f18d4c85e14caa9598e0a9d01aa7742979d05bbc0dfd8ca3246	747
1916	images/animata/cards/1916.png	fb26c1f5464e447ed7f52d1c3335db3dd60769d1e9966355f44f1c0f832d910a	1881048	videos/regents-club/1916-v1.mp4	94dcc35e482252fae114c68bbe6653ae0d70fee43135a71087625cb57667e636	176562	metadata/regents-club/1916.json	d8b5a99169a60e13a0dd1d81a51ab1978d1e7728d20d2ea7e4f89e6d5eb666e1	747
1917	images/animata/cards/1917.png	639d0ac2aa93d270c38063581ef198e73072c0774957462fa3b51cb3b0c57e01	1979980	videos/regents-club/1917-v1.mp4	86281ef843f7817dcca59bcc093c31ac8adb4a7d9b26c1efad43910b2e1bf07f	171618	metadata/regents-club/1917.json	167eeedb82cc83738fab95c940d424ee90c7986eb4ec72ffd3585a5e18fb6c4f	749
1918	images/animata/cards/1918.png	7c5cbd747ab144140ac581d60b4135468d85dc613f66dd938a3fe29569e73ba8	1467437	videos/regents-club/1918-v1.mp4	d1ed676d8cfadaf6871a8c5a14c3b4296fbca9d432eebbec2a13ecacc5637e1d	161064	metadata/regents-club/1918.json	277f38ea513eabd9b93b10b17588e17628c6ddf24e2eff00c1f2f2af69989f86	744
1919	images/animata/cards/1919.png	1f332330ed7423da14003c58e46d63f60adaa3a9b4bda37505291af2a47d424a	1426389	videos/regents-club/1919-v1.mp4	cc0b104abf0b77b296974ad7d1276620288c1ebb457331c72c0845a6e6cdcf86	165050	metadata/regents-club/1919.json	bb8bd6bb84db7cfad163fe081d7d8c05eb75e5e5684e68f7b77f153b0ef1d14f	749
1920	images/animata/cards/1920.png	6d41fe0ed022c4dd2173496f0589374d389fa208a27473d1ba1c1c6b22566ab1	1558854	videos/regents-club/1920-v1.mp4	5c1df90ae121b1b6c0c6002e72aabc78e3abd0b518844f3d48373d341f2efa9a	156289	metadata/regents-club/1920.json	adf9afa24800a0c2b41965f90aaf54adda003e689891f7e5cb2d439217be7fa4	751
1921	images/animata/cards/1921.png	9e6aced1e803c38f89cfdc068e2873fbcb057a490da80fdd5d9a26daa47c6f7c	2898686	videos/regents-club/1921-v1.mp4	819e8932f3825aa6deceeba731cf81c32a67c816667ad30e0743b2010f864f63	257752	metadata/regents-club/1921.json	5e26ef546c6f27fc00c1c3f334cdcb7b668e8261bd835e104fe721d4e8f32d98	748
1922	images/animata/cards/1922.png	612a8b277af761d02fc31f57367f2453d4853ff3deb495fd118642728ca1ddc8	1908571	videos/regents-club/1922-v1.mp4	5e43e49a15325ca485b5322482ee1f8f42f712875e2462d8a77e670d7b30e522	160757	metadata/regents-club/1922.json	6e572809c58c1bc0c04658f9eb468255d8549e08717f29210fd4472d519e9d12	752
1923	images/animata/cards/1923.png	2eb15ca526327be28fbe7c0ee5756e93c576d15bc10ac5ec9251d71340bcfafb	1568386	videos/regents-club/1923-v1.mp4	900a54c5943f6e25c3f92758c15d880c0bebc271b7b67796c69b0d4f0ca48b37	142786	metadata/regents-club/1923.json	6f850b81b24676433b4797fc164e59bbd6e82dc7e86675b37e6514e40aa0111a	751
1924	images/animata/cards/1924.png	3b0abd60fe44ed5ad8da5a9e403ae36cd407d1d6d1fb085844151b45a73299d0	1877035	videos/regents-club/1924-v1.mp4	18c849f78b33188f9d993ec7a0f677b8f7898b3f9434ed25194386ff161eba1a	155494	metadata/regents-club/1924.json	bae015ddb9560388a7564e93f4306f6dd621c3fa9931c9ca7513f9ce6f52043d	748
1925	images/animata/cards/1925.png	ba6579ceba0e987258b0b7f6b0d74621deaaa699c8178ef68f5e24a4fc6e7837	1512478	videos/regents-club/1925-v1.mp4	7f20bc1f89dcfe3c72bbf7e4d67f773d88a0126741c13628ca16676709f647f4	143026	metadata/regents-club/1925.json	472012d3f5371e5a3145e7861333453520550099f84d77588db51c05f66cff20	744
1926	images/animata/cards/1926.png	153bf649ec34da99c6863b5fb943e65490a35b14f250cea31add42abac916aa6	1501019	videos/regents-club/1926-v1.mp4	d92f6746c83d8ed44147beb7c1e01f111c7727dd3bfa17323aca849cd06ed73e	137202	metadata/regents-club/1926.json	40da1ca403be8a462ca394ddac29af888a469cc42dd0a22db7462e73ea8baf59	749
1927	images/animata/cards/1927.png	93618145de7ddd15b5307f6c0aca95095352faaa1bdfca3006d2e61a4dfab340	1978998	videos/regents-club/1927-v1.mp4	a603ea9e4cc3e001fb01d28fad10ba7f355dfa32c9db31f632b36bd983ba3f6f	171912	metadata/regents-club/1927.json	e7fe8307ae9960cfb376ca6bf3c46948f7e4f23fdae114b2f53ba974b578678f	747
1928	images/animata/cards/1928.png	dc40c81fb6c2ba5abb530b18902652310988c5f67972309313ec4affbe810e8d	1243766	videos/regents-club/1928-v1.mp4	1cb7c37ae022193acb5739783a758cde4565f754940c5da76246969777e2485c	142046	metadata/regents-club/1928.json	58b6d87c995a84ca4010e87ecb8d1073d2e2b2230adb6b0891db8a358dbee93d	745
1929	images/animata/cards/1929.png	0408d062dbd8e55a3297fe66dcd428d7239775d2eb8e1e47f49b11005671f376	1586206	videos/regents-club/1929-v1.mp4	f999de3d73c75e4b3d0bad0b9a6791ac14d7e3a5a83db23a3b43ea3f6eac9750	146676	metadata/regents-club/1929.json	4d2dfba3effbb692cd23ef595fcf4c0f7af396465659d844174d14f6edaef11a	750
1930	images/animata/cards/1930.png	c41b1b2ad18a3e1e01af79dd03ebcd28dfc08838dd19263dcfb725d17de150be	1556305	videos/regents-club/1930-v1.mp4	540791a44715638e747c181db16ccc4df2ba153a4a8394e576caf1f3fdadc95c	152927	metadata/regents-club/1930.json	0bbc02b701268c0e39834555051e3ee05c3abf7967f280ef840e6dea9f83cc5a	750
1931	images/animata/cards/1931.png	fde91901eef6691897594bd2430a533bc094a238d876e8b3b122a76632410fed	1755223	videos/regents-club/1931-v1.mp4	9be025d641f82eda899a22b0f64ea74d4363222d84045e40cb0c7dfa95f90aff	159794	metadata/regents-club/1931.json	4c76480925e109293caba5279dc071aecf35764fe62f2a97992f0e0b0d010ca7	746
1932	images/animata/cards/1932.png	e0811610ed4a685cf198c465924e6d6108c77d9b3f6a4c3ada919b148d316a65	1640846	videos/regents-club/1932-v1.mp4	834eaa71dda15be882be542bde84faaa1fb1e52a8182541d2b0121e8b447d52f	150992	metadata/regents-club/1932.json	149c36082db27bdcb629513396681209738b79fad318994e598c77324950196b	745
1933	images/animata/cards/1933.png	c267e7c3653ce1672075beb64c60f2c69a0791987f7e6d17c226c1782226a5cd	1407801	videos/regents-club/1933-v1.mp4	6b1398ab89904c3d6ef13f6f9c36e74f30f30f9ff6fd7c1fd2bbf0c3f7534d37	132119	metadata/regents-club/1933.json	6c74910251083c90a57e4f639f65e32ed5525dc2a03d4a8b725e36de866fee2c	746
1934	images/animata/cards/1934.png	d828258d7ce24ca84597137e4694e149ee282ced189d75ff0c07750daaca021d	1280254	videos/regents-club/1934-v1.mp4	2c00b432009dcb321c94fefe7cb6d84df77faac0c1ba01f2e4fd6350f3bc2398	140294	metadata/regents-club/1934.json	f427a5f88b93d72610190a6a448d73a3bacc5c0a60cc8c7361fa0b02e8a79cfd	746
1935	images/animata/cards/1935.png	43682cbcc266c895258e726546c19cab786a96d04c7ffc104ec6c0b3e7b3ffb0	1679057	videos/regents-club/1935-v1.mp4	7d07c1965ae7a5420ed76fc3b92e17929bfec0afe175c624dfdcdbfe65da4832	151491	metadata/regents-club/1935.json	6f2549cdb6422998e4524c048c92b199ecfa82fb7232ddbf083847ef648df657	747
1936	images/animata/cards/1936.png	284c494c387a47e7009870c33005e5e37fb0dacc4fe588c3eb906275c1a64cd7	2204289	videos/regents-club/1936-v1.mp4	f8c67d71ccaf7fc0c82528c8e08c12770f8021709a2d10177c8d07689e39e484	176256	metadata/regents-club/1936.json	4952cdfcfe125fc029603f78efdce8ff0a76cb2e7c7b85f543a899f319e4d1d4	747
1937	images/animata/cards/1937.png	bf7c54af7bacfd3a579653beda35412a37f57e0b1cafa7a5714d21af29754842	1490410	videos/regents-club/1937-v1.mp4	62ab5defa0254a113a521d52539a96d0eccca99a2884cc697d01e2fdb6690a0d	136302	metadata/regents-club/1937.json	a5687e039e8953f3ab0ee71cd0b6cec93329b9f01088b766f4a734fc657b24c9	749
1938	images/animata/cards/1938.png	595d03904a13020811f5402796e0da6aa6f9904071ef81e44c92a38b831efffc	2203196	videos/regents-club/1938-v1.mp4	39e02743eb766a84b20f9c5374fd00b0cc49f37a5b14773171eef89f63ca8b92	199665	metadata/regents-club/1938.json	7f04b84af81fdaf4f7537b1d7f9d84b153352f6758adb4fb8806b5e56e870342	748
1939	images/animata/cards/1939.png	b50c24c88aad2a5bdd7bb820e25c713dd542e63ce58f1327bd42ddf25708fea1	1584250	videos/regents-club/1939-v1.mp4	2e22b92d88386dc09be3cf9425ad9c990ccefc8d36d0ae57265264cf3ed93ef8	154444	metadata/regents-club/1939.json	72f61b200e11714d91a434300b8c041ba07d741e35651b706ab1e7faee9b4dcc	749
1940	images/animata/cards/1940.png	44bd5d83f590529d4caa084ac6abd2af826d899cfe12c8353dbc2064b016b2af	1371184	videos/regents-club/1940-v1.mp4	9e9d9993eac1f9d91f68ad9ba448dc18a47a63007bd2cb39b458cb076f8e2388	160436	metadata/regents-club/1940.json	90cac291ad24d05c66e8d8b5501cdb2a518c2d25e9b4862ebe2986c6f918d06a	745
1941	images/animata/cards/1941.png	81718cb3cf8bef9612c146fc78e0d3870b1701f29bc2320ba79f5fee14e643df	1545327	videos/regents-club/1941-v1.mp4	97b11093c83b034ad41ef663606526033828a5863fa0f27cb445c20c8ca3c0c8	138957	metadata/regents-club/1941.json	af87b880ccce30611fd13ffcbeeb33da853c80e3a7e119c0cadc29497aca2a8b	751
1942	images/animata/cards/1942.png	5e7fdcde2888d8471f2b71019d6b082bb0d05b401cffd8aa687508f0f612280e	1589944	videos/regents-club/1942-v1.mp4	64afa0c683813e0f649cb5d8ee41d8ecc50a42fe07ee2e60791a5f1c959000da	184142	metadata/regents-club/1942.json	6d18403d016db8199a0c8d504b3e00ac73c764faf2fb4aaea6d4dfd6e6b74571	746
1943	images/animata/cards/1943.png	fe8660dda4dcdd083cc2cc793dc82af17dd4a8c59c78a6aca45f62abc5947601	3209303	videos/regents-club/1943-v1.mp4	9908afa132ee0cc54aafdc2863afe5dcdc19b47ae91828782caba20d8dc20210	306259	metadata/regents-club/1943.json	302d150fa298c89080d1196147381cc8438eb1c0bdffc491f75f495f20b6e5fb	749
1944	images/animata/cards/1944.png	edd787b28b9e32a0bad664df82a20f7ce382547317c46443b3400dcf492cfafd	2258464	videos/regents-club/1944-v1.mp4	d9e5b86489e815d1d2c40b23e07ca94c89ff8fd70b4c92b9d00eadcd41bbe253	203977	metadata/regents-club/1944.json	93f3fc23426d220e31a64b78f70eb73e465ec777e18fd9eac17b7fbbb850d381	748
1945	images/animata/cards/1945.png	8844d27190d05f1f9aaf0eb35e4642c09f9e8cec5f96bee0899d4a12680817e5	1773540	videos/regents-club/1945-v1.mp4	29e8f0750056835543c9dac8efaca93ef8e02197779eb21385b6381e44515dd3	156124	metadata/regents-club/1945.json	af2c45141154974a29089bcee8a7ab2591b6640e93711f59c4ab18ac8790966e	748
1946	images/animata/cards/1946.png	9aa099b885e43cefe1f3e23af5335b200afb55c18815d05d9826c0d713183aa9	1697222	videos/regents-club/1946-v1.mp4	6f034cc0fc23239c15dfc60dc4303cba055bd31d4a8a8473d8212665cd7f8d5c	136917	metadata/regents-club/1946.json	426ab1c33fd3c5e219ede56e2f008d9fc6c75248b85cb969e43d4a34f8b06e43	749
1947	images/animata/cards/1947.png	b9c588060c48cbeaf750b80c5929cea3a0aab533ecd9bf3060e74fd51873887a	1554298	videos/regents-club/1947-v1.mp4	9493ea7ce1b0b75313e30ea7ba16532b5597635b2959b53f41f42970cb5619fd	157535	metadata/regents-club/1947.json	8ca86f27f32178ed6b5acd218825f43644b49c4d1d2cd6436188d566cb72b5ba	749
1948	images/animata/cards/1948.png	3903a47d74a354a80638e7500bad3acde3472b8990a9d0cbad36abf6bdc861df	3383725	videos/regents-club/1948-v1.mp4	91298830866207942b4626e64b2104db0a4259601ae7c2977c137962ebd577e6	362167	metadata/regents-club/1948.json	ab7df4d18c5f6681838f10f41a0c59007a0273a57fb6a4561d6fb10f543afa0c	748
1949	images/animata/cards/1949.png	5261b35847b6bec59fdc552b4a98fd9bf92b9abc08ee5c7b22bebbb10110df7f	1752797	videos/regents-club/1949-v1.mp4	bade317e505b73a0fb413c1797a43901d3b2093ea26b5cfce282f20978cb0a7c	160011	metadata/regents-club/1949.json	f9bc86ba713b7df75acb27eee940211bacb8e8217aaa8d1fdde4dd1ab1a19ae5	746
1950	images/animata/cards/1950.png	07363c64659d99a733205ed7b7a0952f8200a3531a95671156b270385cc6009e	1735906	videos/regents-club/1950-v1.mp4	14f231883f3a9ee23e987e484d1a796cd04bd45a97a69cae788f0d8a2d3811a3	142735	metadata/regents-club/1950.json	1bc0e5f0fea27014e6f0f5231950744e6e974661bfa533b2183b17805de44640	749
1951	images/animata/cards/1951.png	2f286180bb593361b85745ed0d90ec16a624d4cf533cf04658e36accb9c6c5c1	1385892	videos/regents-club/1951-v1.mp4	ca9b3bb5ead448e034e2d12b21dc0c4d5339c585932882a5f5aedfdf58958b19	138106	metadata/regents-club/1951.json	a4b762ed9553297dd910e46de731f775563f1d059b4cd423adf142ed20e739e4	749
1952	images/animata/cards/1952.png	9858584cb69cb2a5bdd93d0628ff238f3ab94519f02d8119bbaa36b58b03c16f	1861546	videos/regents-club/1952-v1.mp4	5810c772326adf730a540b57b74972f3eb1d22f7b40a8b25e7a5cb64d7238281	201473	metadata/regents-club/1952.json	831db2ca1de1c41237270ec3ccc8a30834937c78d945d260bfca75ea6ef6c29d	751
1953	images/animata/cards/1953.png	49abbb0b01b7d7f13ff9c82b532f5babb2f790c1b8c4bd121390ca69f13310aa	1227007	videos/regents-club/1953-v1.mp4	33b8451fcc948a52050574d148a5f629628e48d31386455fdc96775eecb30c2b	130832	metadata/regents-club/1953.json	d81eafbf43b410b5403afa638f7c18c90f38ccdc6625ef210e1905eeb919419e	745
1954	images/animata/cards/1954.png	843f3ae8cc78e4a801f92b0fa787e7487a601664bdcc0b8d33c4089c5d7c6e6d	1740858	videos/regents-club/1954-v1.mp4	d8719e3d7fbd77d75e1a9ffebd1ea18fdf4828a6542c6ac615780354616bda56	143383	metadata/regents-club/1954.json	27bf179465a8a247add1c0c7cb5143a7c6d4b51cb3c2e4578f584c24f1f8f5d0	748
1955	images/animata/cards/1955.png	9342d5f5a315c7563b848dd9c534b1a1343e0e00c2671deac5aa91438388a289	1650368	videos/regents-club/1955-v1.mp4	3105554577a45d10e266d7f183e20502ea67f6f18f1747b83e398c239a6ab50b	145994	metadata/regents-club/1955.json	7b4e45349c0c261b2deccbdd0e7e0c93c34a113b2ba54f8e299faeab211574b2	751
1956	images/animata/cards/1956.png	f9231135196f6d25d4f0aa4961967e842e8cd1994bd3f34e914daf7476eabd00	1690055	videos/regents-club/1956-v1.mp4	9a03dd22b303e96a94752853f65136151505b08bf9277b989d8c27a9a2d3a273	168051	metadata/regents-club/1956.json	4d8f6714e36b114171452e1cd4186dcb7a38a6aa26761b843a160e4bb7b9eceb	749
1957	images/animata/cards/1957.png	14373d4a3d3e9e6ba1f502d9675220a6dbade750a380dfd8fdb9471b5f9d71af	1291109	videos/regents-club/1957-v1.mp4	80227744fc9ce4ba369833a395a151466d2674c88b070bc968f5c49edffeafa7	126187	metadata/regents-club/1957.json	f9a1835077a0f5110f16f51d3a3d4c593c957fb78228b5a407c5b69d1a1d7f90	743
1958	images/animata/cards/1958.png	580dec2a329fce3dd6867f8ec3541c2a0eed419c486c0c9782b5e9ac8de7dc26	1649001	videos/regents-club/1958-v1.mp4	47dc99945ce9bc944e92fc61938127a7dc42442c4348b46158f3e111e7fe9dbb	144793	metadata/regents-club/1958.json	cc0a703e5b7e8e7ab9890ffe306d60baec2b164bd2de19f002dba64de34ddcec	748
1959	images/animata/cards/1959.png	6e13ce92a7595ce58daf5dc3a84a1388cf3347689a746ea22f006bca2db2c48e	1779006	videos/regents-club/1959-v1.mp4	8487975a8d74d3deee9cbddd26f811ea053301e0a96f6d7a879b336bf162df10	146750	metadata/regents-club/1959.json	88fd2f14fc3184c9d4ad8bd174b6309956869cf8ee00f0b31f09e87e72eaa789	747
1960	images/animata/cards/1960.png	3138ec0812b2271d7fcdfcef25e9a8482f8a34be342f567cd33741b5653903d0	1953431	videos/regents-club/1960-v1.mp4	53025f8edcdb56f58efa29b6a29080446150a15b79a94a57ae4a4281f583b584	169404	metadata/regents-club/1960.json	f4f2beb1b0d074749fc32822578d9c808f576ba041092343bcc3806af1bb19c4	747
1961	images/animata/cards/1961.png	f218bfac4b85406b457531d0beefa6b854231dd3f7a9f18406478b746c1ba17a	1766432	videos/regents-club/1961-v1.mp4	0bcda6107ea06095c64aa6502fc09eb930782a3a9584107902fe9c6688884d06	144904	metadata/regents-club/1961.json	aa575194546fc3f53b3db6639ebd6bb56b03bb773c760b7679649ea2d14cc3df	749
1962	images/animata/cards/1962.png	c72ec39f28219962fd077eba95e97c62478d56ae772014b575d5276d8eb8bdec	1407215	videos/regents-club/1962-v1.mp4	cdfac0bcccbcea379f4af7c720d4caddf2737f1f0f5172042a64ab074109d7c8	141245	metadata/regents-club/1962.json	28fbb4a9137e0541118683db53d027de3f64cce239882786f1744b69b32a762a	748
1963	images/animata/cards/1963.png	40fd0ccfd43119a3eb7988a75aadd168f28de91b4f9cc9635b92bae81ca46d8d	2502872	videos/regents-club/1963-v1.mp4	6979625d7c2184f7d23904ec67a4bb402fa40bdd18d5ddf68baa1af46f5da9ca	210825	metadata/regents-club/1963.json	63212076f132317018b0eead7460bf2219473c0667a56717e4d05c1c9cb08bfa	748
1964	images/animata/cards/1964.png	2cd16cd407a167b6b5952b082b52277a9774879ad8fdf147ca99a78e49b44610	2450853	videos/regents-club/1964-v1.mp4	a22548d8c5c190ac33a659f5d410b2f140031452b40a579b92365bf419cb0c1c	221511	metadata/regents-club/1964.json	3458e3e81a7cbab30df8a686079c36c7f7817d933e40767f6bc7ed16202ba0e8	747
1965	images/animata/cards/1965.png	8c19325c95523ff17643c860d8b6dc32eb73f926c443ec0d3052288db62c0e9e	1718167	videos/regents-club/1965-v1.mp4	557b4350d9c7e5fd01c99c69edb42351cdfe47b9a062f8c99097cbd6edeca5c0	135210	metadata/regents-club/1965.json	2e5bd5a6d67195a4cf360293d4babf16d0024243be2d8ae935223a9b5bb9d303	743
1966	images/animata/cards/1966.png	f648c72dcbfea097071596af023907dd621194326765274b5951a2f22d103c50	1505279	videos/regents-club/1966-v1.mp4	a56fa18305f9dba9375c4727158ab52b3c2f91f9dd28b165aeccc5581b62f48f	134650	metadata/regents-club/1966.json	ac9afc946af663ed792ec6f21d5ace22eaba059895c359334a7e88567c077bc9	749
1967	images/animata/cards/1967.png	dc8e9a8e2c952ecb6a8f6cd1cc69beb286369d4857a17091800d4d2ab7ca6a8f	1490767	videos/regents-club/1967-v1.mp4	ac09946063e61275da1c70ae7574eb236b3d3e358029240b3e9665060e80320a	143028	metadata/regents-club/1967.json	52c155b621af997dbc090ec190b349eef7534a4693f472af6953396ca4519cdc	743
1968	images/animata/cards/1968.png	26119d5316c8752d9834e62aa13207dbb6b294e6df61419563cffe3e090ffaf6	2122826	videos/regents-club/1968-v1.mp4	590b197815701a4b8b7a733cf39a6ad47b7cb892ac936ffabbc910b9887382d3	171476	metadata/regents-club/1968.json	c79d19048be85be46361d88f3487fcd750dcaf8caeb8e0788b44a33e11813d97	747
1969	images/animata/cards/1969.png	4454b7def3b05cf8fce4c72a6e81b428702433d2e9f1f8087a78eed2b3f0aa98	2737166	videos/regents-club/1969-v1.mp4	feebfd5ed910b6a393c3fdc63a82ba7f5e6abeee1ec247d92cae507c7999b512	240569	metadata/regents-club/1969.json	7f63c1353a90c32265c0ba15cf5a3928d703186b1fbfb7812fa4ae318a6400fe	750
1970	images/animata/cards/1970.png	76946d717a522cb373c094f0292a9481e2553e8ea45b6c42d4d3e2168d29f10e	1507523	videos/regents-club/1970-v1.mp4	5ca54675d5c471874a5319a7c21bbd31e2ff36a36da97a7f01932323da5b99e1	142129	metadata/regents-club/1970.json	737e496d56a970d38ab7479692fa4b99a08ff032a33e7ed6f4751658617df194	745
1971	images/animata/cards/1971.png	981a56479385a4d91600915dbaeb4c3cfb64c8bdb815d97cd11e9a987b457381	1532607	videos/regents-club/1971-v1.mp4	ad1c9dc03dbfb4b6f271e689a148231a7620d91ad71f5770a9081fce67995b2a	140902	metadata/regents-club/1971.json	85f76a88b0004d288add456a22c8c93a6f974b4b279a229a11a5b974bd58c080	745
1972	images/animata/cards/1972.png	33b21e6b330484cb33f8d0fe44cfb375500bd5d473f3e113c0e33cc1239d4dfe	2699940	videos/regents-club/1972-v1.mp4	c174cbdd190b8504e41198e2202405d882a519e83234c02d29eb0b96b1f95fe7	212058	metadata/regents-club/1972.json	550f889d83acc5eca66cf149d713cdecb0a26cf365a5367d44d07f72a896dc5f	748
1973	images/animata/cards/1973.png	268e29c89d6744caefbbba6104d7d159032b7ddf9de88beeb7f7571437a1610c	1947514	videos/regents-club/1973-v1.mp4	78c20044309bfc47ee463259ed2d4109c879d1f91d45f77326276c4a4d7ac16a	156970	metadata/regents-club/1973.json	d83ce0ea1feb895dde96c043c9133bce8d795a84aa816292bb7a7ec482d2669d	750
1974	images/animata/cards/1974.png	aabe6f6103c91f3ef62222a39738aa948e5c14a92c42ee4dc3e02809114852ed	2286428	videos/regents-club/1974-v1.mp4	629428048fdb91c9a5651d0dd30cd4a547ec5aeeed2d0b29f5509a2ec0987551	203980	metadata/regents-club/1974.json	d986e3767b5e66f88268acb7a6458479db01e2bd7ce54f2d51588b7021466c3f	754
1975	images/animata/cards/1975.png	95844980db3d3f03b649e5c20c65a155b198c62642936159cd2290041b22638d	1847164	videos/regents-club/1975-v1.mp4	449a868294f969de2d2bbb475073d8c8cb34e1d201451841f1b061adaef11b4b	156517	metadata/regents-club/1975.json	38242e45b96d0ad7fd656fa064dbb5209a92dd6c1800fbec00ca025d27218493	748
1976	images/animata/cards/1976.png	923b6bd00a7263daeaa42e877424c0d116c0635d8632195ea90ff373bd22487e	1485005	videos/regents-club/1976-v1.mp4	dfcc9bec26a9fabba57c6dcc163eb6b5225d6f4085c26b54b1ed98ec386734ff	147596	metadata/regents-club/1976.json	268467466544609cd91834c7a144d1646cf5af8c3ed076147a70fb48b2cb6394	749
1977	images/animata/cards/1977.png	69cda379ae91a1091af3d20a885dcda1517878da496cfb1b4d5b83285f1736d5	1542504	videos/regents-club/1977-v1.mp4	f8c520b2a96c2e35f6c8aa964ef639c6a178d3e802ccb7be69d9a1b279d4b438	144600	metadata/regents-club/1977.json	477876a72b01cc901a9285c80991c259f0e0893af30e3171d33aef5abc6bdf8a	747
1978	images/animata/cards/1978.png	866c086c83c15df1608cd06bf66b0bbc5c219b56e23e2e233f8eea86a62516db	1364947	videos/regents-club/1978-v1.mp4	cd3891568569b0c5a34f2344cfae5bcb05c424a6161a506805ab405e1d9838c1	142597	metadata/regents-club/1978.json	6c0f7ba5f23ee54f82ba9d54c514bee51e25ce0f39831622f2ee34b07230b42c	745
1979	images/animata/cards/1979.png	5e49062ccf51006f6a1436193c27040e5c41c1fd1fe7ca324139444ffe64b147	2472831	videos/regents-club/1979-v1.mp4	f9c48da2191244eb3c1ab034903d90ef424acdc7c6c4868af7820659dbaa7b50	247484	metadata/regents-club/1979.json	ccbeaf788f506af5770cadc19efdb42e96768c1ea469a0fe7ce3307cfa30435d	748
1980	images/animata/cards/1980.png	b456949afcb710a55a54704b1d63993870b72eab93806008ea013231767f7396	1418426	videos/regents-club/1980-v1.mp4	01ee67a9be78634111933c5260f52d10ef479cfb83234a54e545a6d938f61852	155892	metadata/regents-club/1980.json	0eea4fb0315d95fa59b9573b9991c7bd1b8150408e5f0ddf0271b6b59e0391d1	746
1981	images/animata/cards/1981.png	e80da6bcc90ca9884bf0eeb8375f5f91a3e124ceb740f9d0f4bcef72dc2a033a	1992553	videos/regents-club/1981-v1.mp4	ba20164bbc343d52a0bd0e2a9245f385daca532b06163c34dc7a70f000a5abd7	170384	metadata/regents-club/1981.json	ace54444f65da828254ec1e1fc4472ab1afa77dbad5dac53043849ee52e76428	747
1982	images/animata/cards/1982.png	0df756c087d58c32af1f5861c2918cf6cbfd6bb999ae183302b99c0ec646cadd	2224905	videos/regents-club/1982-v1.mp4	0ccff5186ad6ed85346c1c1561fce1631efc39a8f0e471ea1005fdd0af8b8319	215150	metadata/regents-club/1982.json	37756b2fe61b81b18735eb6412735a2ba92078c38255e1ccf4f6a5e9dda5df33	748
1983	images/animata/cards/1983.png	aaaa3584b9f04cbee93202bbf75328dfe2a77518237779095ed48d597c089634	1441288	videos/regents-club/1983-v1.mp4	18c4fea04f1fc62c26c35b9ae762e1eb8e14b3f5631884ec2e7f919dc19c51e5	143584	metadata/regents-club/1983.json	1ddddb823d4ee4a15e5f42b1bb2a85f3f911e49c0c20084a772e415964bb3de7	746
1984	images/animata/cards/1984.png	d7a6bd45a348c0398a2a36d86f50835a30efcd0fe308a51ff661a4cc5d1b3079	2218604	videos/regents-club/1984-v1.mp4	ea7d072e9dd74d950867808df4bebf4d51878a1b709b31db06db9fc74b0c6bc9	193357	metadata/regents-club/1984.json	86f976db925a0665c8b60b35ee158df793e42d28cb2cb4fb4d8222d1e4136ea5	747
1985	images/animata/cards/1985.png	6e73856f6fecc7354fc8aaac9159f5e3811cb97f573cef6286b2fe4392b5ed06	1391934	videos/regents-club/1985-v1.mp4	19e47462411cbcc9e91a59f22b79cad68fa1e813c7db5a701c8aa35ba36ea7f3	154832	metadata/regents-club/1985.json	ceb2e2c94edb3c32973fb5e6de7fa504d62b14520d071201f5a689bc52216f89	744
1986	images/animata/cards/1986.png	dcc28ad18c299e3106f860e4085d86aea4d87a67f0be9d9c16540fa20cc4bd0a	2474401	videos/regents-club/1986-v1.mp4	d3811434cc46cf4e8ba557f61a78253a3d3e5328469e3151394a4a63ef03b286	289971	metadata/regents-club/1986.json	95dd81350484a201232beaad188b4c06af8c9a906f64f101be36aa2e80286940	749
1987	images/animata/cards/1987.png	8fb538cee1943a0959be5e9ade4204618792775ea7b710f7240414449fb91188	1383321	videos/regents-club/1987-v1.mp4	237c9f33f5df186b77a7e5c82b2cec9087ee69fd139f8a5bf11c667fe2fb8040	123016	metadata/regents-club/1987.json	cb1132feeb8288180b744731b525d5465852f93246b88783bfb8089997c8af06	750
1988	images/animata/cards/1988.png	3e6b591968ef81e63188f4b322bc5015a19dba2c338b09510adf6e7d89f161c2	1751413	videos/regents-club/1988-v1.mp4	0d3ccdf60686a9efec82c55e0e514f9d591bd81bbf8cdbec9cfb351c0dd45c72	158560	metadata/regents-club/1988.json	e80611dde0ee40797e79f4e0245f893788d326321fc77ec007b295a52ff19b58	748
1989	images/animata/cards/1989.png	78936963429b60a7109119b24c1a2778b7bf523c7830991277b869ff643b9c1a	1902531	videos/regents-club/1989-v1.mp4	1ed607704f56cbfb2a7ab95f838193a175d6417ac61050b9ee07b3408361bb80	168690	metadata/regents-club/1989.json	a4546d143690c959d4d8623d8603cb40404589eb2abd62e0e7dcef5c95cd8976	747
1990	images/animata/cards/1990.png	a0c23451293b75454bb815a174888685bb19509ecc25f883a9f1da3c764cc7dc	1676460	videos/regents-club/1990-v1.mp4	aaf13694c7946b5e3f195d2ae308ca6a460f20c3954a9d0df13ff3cead6c0556	168548	metadata/regents-club/1990.json	ec9e5c97c404845a7fc07e6b18008b943f6f06be1bb2cb32ac514301a85d0fc1	746
1991	images/animata/cards/1991.png	3c7385f8359ce4e516469e549a253ee88f88358153a8570176418563d1a5d47b	1757291	videos/regents-club/1991-v1.mp4	0262897d6c57e51b2532b714cbeecddc6f5e5c1b83ac20df938db42dac5ebeed	174887	metadata/regents-club/1991.json	b1961693528d1490ea6d7c2a6e8040f0c30539cf3ed5c4b6442974ce4e4d8e55	749
1992	images/animata/cards/1992.png	6ac3e59cd8daf9cfaf9bb16bfedff258b3daf412d8ae465d7295e943015a7d5c	1435007	videos/regents-club/1992-v1.mp4	2ef220f05b6e2b681198afd026cb3af8289b7bf61dc4ba65bd465ef6254a5b8f	144036	metadata/regents-club/1992.json	b4012faa8696251ca47944c2c1215a21566063ca64a96a4a85b6cabe3dc5e509	746
1993	images/animata/cards/1993.png	85c659b79208e491272a0a40f2a5108674b0c12ed2880234c10181db35f863b3	1481416	videos/regents-club/1993-v1.mp4	9eb55f37fc7301e27edfa20bcdb53bd4d98f3f886cce3859ce3010780e4ece96	139427	metadata/regents-club/1993.json	379ebe3e150929dd9ee1be61a06b5480b83d0a9e9f38841a88aa7070e2eabb71	744
1994	images/animata/cards/1994.png	a19a61ef49ddad1c9cff3e934c1f6b921c721473a16ef06c904d340a797ff617	1562358	videos/regents-club/1994-v1.mp4	a141e663877896c2f5efbf1ee24540a8f1114b4356433486c5a4eb2f674724af	135541	metadata/regents-club/1994.json	cb82a8d385128bcf2930ab1ac2f8154e7e0e00963879f134fcbdbc7b49139188	749
1995	images/animata/cards/1995.png	928b6ca633e42d114e5a4ecab767384716f8fffe1ed1d60cb2f381dbb9315588	2758573	videos/regents-club/1995-v1.mp4	07333b787d156200e408073ac6ae88b7fdc7f4b145cbd5257c8d0fcdd11580d2	247163	metadata/regents-club/1995.json	e4214569f7812c21bf0a2e4055daf7a98706197ad51df3588b8e857ead302eb8	746
1996	images/animata/cards/1996.png	7859a0a7399b94f71c6418b0c1d6eb8cbcf2e4d02694d762d77515d935b05af5	2610385	videos/regents-club/1996-v1.mp4	107cc873110b3ab0db703e444a0c46bd9c02fe926da522abd59f730022ccea84	215580	metadata/regents-club/1996.json	2c5fdb818f3ce5aacc250a52382a54e12739cc05c4ab6d1e9bdfc1ec9d3f825c	749
1997	images/animata/cards/1997.png	1eef7ff52499cd2b2d3297c650dc34ff9c9c414ac978d2bf38bc7a5feca48873	1373713	videos/regents-club/1997-v1.mp4	b3570cac86b21bc6d2a4cc14f3b926ef9455cd439b84c3941f2f8a9c65e50a7d	145070	metadata/regents-club/1997.json	caf5f3cf35208a97b66d63c02c74f5dbf8ed2e62e7bae55b12b677e22858e27c	745
1998	images/animata/cards/1998.png	a468b99c77c72a6139e2e68f399e57bca75159e1bf51cbf3796222b90a196140	1518567	videos/regents-club/1998-v1.mp4	04854348d7332c8c562f79d01c114db3854076fc21d97adcbd926c5b4349f01c	136762	metadata/regents-club/1998.json	67b1aefb8df50cc4e8c0e9a67a0b1ec1657266567282a16c0d6218faccbd095c	746
