token_id	image_path	image_sha256	image_bytes	video_path	video_sha256	video_bytes	metadata_path	metadata_sha256	metadata_bytes
1	images/animata/cards/1.png	039ff95d493dbfe92eefeabb5b263c9eab05644ab34ed59a60a0e199459811d0	1508008	videos/regents-club/1-v2.mp4	4c274efb3a133d0e3162fb96ff2bf27c66fa3bfa0e9cd341b2b4b4b24ff4137c	452948	metadata/regents-club/1.json	7a940e11903de7b74225ccbc6e2c9ed495f2a170a12c98f6086f36ef441d0c63	740
2	images/animata/cards/2.png	32d59e9dc763e9af7a434d29f1f87ac17080abb21ec9855cf0df167b8a28f061	1944489	videos/regents-club/2-v2.mp4	7a5b3cc22551f308b944614f77d4d8186afe133bd735fc8dd76dc42aca9a249e	508611	metadata/regents-club/2.json	ad4cf51ef6dcb5354103a01e422d2c941331493f0e9221c5f80d623852de49c9	740
3	images/animata/cards/3.png	91385aa2e583454d471d7ae9df8eec3ae572172875c985ef0c2b74398fc48833	1696486	videos/regents-club/3-v2.mp4	48f1f4cd275d70bfe311305f6a2aba469a2ea5df423a991212c2d48bc2be885e	422305	metadata/regents-club/3.json	b1810e5454eea055463f9c7da4fa0e45de81257327cd5fd0ac19def9109ba318	738
4	images/animata/cards/4.png	9a315197fefc6eece6e624bc4060945a80a2e1dd7c40084b48155f0698e16725	1174452	videos/regents-club/4-v2.mp4	68895538685acc7f22489a389f079aa8fe7c5e452859b89f86b1ff60803ab97a	138669	metadata/regents-club/4.json	47dbca6239d40b993882d26577269ca008c3dc38ab40f5907aa48676f1c42ade	735
5	images/animata/cards/5.png	4ae4f1153e11bec0c8e47f62244a50308260eee0b11661026ba2c4690cf9d389	1515195	videos/regents-club/5-v2.mp4	86b0e01c2472e9229350ca633dca3bac62cf49a0af37bc9191a2ae0ac39e6ba1	461907	metadata/regents-club/5.json	d42e0b1fba5a3ba2e8363f459ec5de795b28d73ab4160e8dc69433a236874e15	735
6	images/animata/cards/6.png	eabb54a10d8ebd0d30676f14b1cdfadf7050df5a0277d6f5e0a4d7d3c802cb75	2134025	videos/regents-club/6-v2.mp4	ff913b56498ff5d6a46bfbb21cc0d51dbdd29e8d1ab0fc46d720f0fc290dc78a	799385	metadata/regents-club/6.json	004c37284b65d883f312b07e75479e316c7fc7bc0e7177fc5464e537327825e1	740
7	images/animata/cards/7.png	e5f3b8ead378e20578561a531d030cd1c9f80739962271f4c0db3d047629a068	1739142	videos/regents-club/7-v2.mp4	f773d8da60d763a043495141e20f0ca4d6da2fc32b9d7119a66ff2e02c8d87c1	494926	metadata/regents-club/7.json	aa005a1b3a1614377f88b79349723cf5cbdb437e992f968c08e0f15a93d2e906	738
8	images/animata/cards/8.png	1abfc40621c82eba60694a7f9136cdb2a181173145c873fbfc3cceb7e46dc5f1	1392159	videos/regents-club/8-v2.mp4	f8cb97138cc14ab46166154b178ad5994c26ed73cd4c946ce85aa7a1645a91fb	230735	metadata/regents-club/8.json	aad903d60fdd3483aeab81e13601fe0b83a777612f48e12e1d311c1f7a45b940	735
9	images/animata/cards/9.png	a45ccafbc99f19ea8ca94e060c1595e2bf6472a1a576b51219d18fc01d9a6131	1557587	videos/regents-club/9-v2.mp4	d61f2f4b328d9fdc80da16f524cd25a5e55a2511663d9fc4f60a9336dd84c054	322081	metadata/regents-club/9.json	bbe1a6899df0e21edd01c1b2dc464fa1cfb9092f4a330537592e04b7a4e04e8b	743
10	images/animata/cards/10.png	9c64bfecf9f8818ed25a5a30e936ca2d7a7d0c1e30277b113d937f8901fba289	1198882	videos/regents-club/10-v2.mp4	8dd678eaca97a6b4935776ff5fb72ab1878fb5bd9a636094f2679c8c7b83d982	320091	metadata/regents-club/10.json	2e6d3f06bdc380d967e5be91535a60ca0b76fc3ec3314b0b8c0785d184a09df1	739
11	images/animata/cards/11.png	082d3bdda25b85a3ef29af964e67b723f4865226b685c727ef2f944bfbac73fb	1924327	videos/regents-club/11-v2.mp4	edab6c610c6a6e57852e7330c78fd130c72d709ed3572256fcf38dea7f1f8d98	389543	metadata/regents-club/11.json	24e5f8c4c62b580421f8eb81ab86691ed20593dd9719e4a11b8341e484ac2929	740
12	images/animata/cards/12.png	e8ce9f0338628db7c83721d1fbfa81843823bd1d9274e4e32b18247c508e4a22	2054120	videos/regents-club/12-v2.mp4	26323ff93e18da354e743bff813b1bef43589b3426db6747c8f4744783f95f4c	334464	metadata/regents-club/12.json	6126e70c550b6ed92b1b45b96eea87d58be364105c71845c057de394224c472b	741
13	images/animata/cards/13.png	ef254eebf9331085d108194da57034eea39c32ab4fa1f0b7f4bdba42e0890256	1983263	videos/regents-club/13-v2.mp4	8aa80f70ca25a0f2519e2b8f0ba2f66842c227fc5cebb992cadcc63495b54d7f	411312	metadata/regents-club/13.json	abd9f1df15ceb15c2f1ca203d4c36600aece3849addc362a69100ccdcaefd295	746
14	images/animata/cards/14.png	c94567fd8cbe1d96f10679b1e81841a6002f04be8aa6adff7207c7ebe1cb0aa3	2038111	videos/regents-club/14-v2.mp4	fdd923bc1dd568f7880a0ae0de335e79b181d0cc41f9b556c9789fb33ee9adf4	401301	metadata/regents-club/14.json	5c74ca6faf533d0e8b6ead5fead002c23682c38db9ea2834d240ed21f4ed9239	740
15	images/animata/cards/15.png	e0b1ec9dedfb8b3bdbd8ec8ff9fb76fcc6d1f754f735e7f66a63d4b26f0415d8	1710377	videos/regents-club/15-v2.mp4	73cfff22d0c2182214fc0394f660d2399d11b2808330820d280f1e8138c9e5d1	640462	metadata/regents-club/15.json	84b61b5bd3242f502ef61f4046215d192ef5157eb29cdffe251ea0643d9558d8	744
16	images/animata/cards/16.png	366ebe69690d9d34b06a5bdba7a0f7890328e744e301d10a22411be7bea3c68f	1729904	videos/regents-club/16-v2.mp4	e8d87015b66cbfc5b605cf2fa944c3f8c007d7f63ade942f973812735ddf1575	339437	metadata/regents-club/16.json	b4f9ad9b3ce4c6158d9e21d433adf6b9e4caf5d06121025a44354497c63d0aa4	743
17	images/animata/cards/17.png	18b02ff6ab06f99ac2c3ad2dfd2af03e202540a8b3fae0d1a50054848814c865	1658698	videos/regents-club/17-v2.mp4	72b87e528d4f5fec126c0ab3e12135a91431632e2c40d8389016425f5e736deb	176011	metadata/regents-club/17.json	3099744a87aacf3fb9c1a4940a0c1a1cc5c707f8272eb278c4f22aec4558c49b	741
18	images/animata/cards/18.png	c675598efb1c4f8815835ceba0bdee6182259887dc47fca555bb43696f3c10d6	1540169	videos/regents-club/18-v2.mp4	d956b59f4e54e43a3bab091fd97fa2acf370d9d5d1f12dcc3ae19c2ee61e5fdc	471632	metadata/regents-club/18.json	3cb4c5ca5704175f7c9c3ad0a126499cde428c108290c4dc7c23c6009b19ea30	744
19	images/animata/cards/19.png	68633364fed27316940c93a57c34d7bd0a934f12787b1a4ee4dc7bce101fafa0	1402759	videos/regents-club/19-v2.mp4	4c437a3660876f04c4157e8d0ce69dcd5ef776b672dc9a63ad6d1ce600b4c360	422840	metadata/regents-club/19.json	070f6a76b4d6c9a33a86da4e34134e83b9b08b6eaac9e66db86901ee0e6c015d	743
20	images/animata/cards/20.png	912a335044270156ed2e26eb0cd9ebf27e157c6ced3fecaf72dc6e0c682fe98c	1504767	videos/regents-club/20-v2.mp4	e461374155a4f784b96409f334928e5b632f2ccaa3592c3f6ad1a26173de36bd	242606	metadata/regents-club/20.json	79bdaebd93bd8b3c9e56fbaef761022b1cf2ad62ba4b4e4403426d41a0065877	737
21	images/animata/cards/21.png	8571d8d6b227b6539c6c656e318d8cc1137b99256957d3bb172224627a46a8b9	2463785	videos/regents-club/21-v2.mp4	1b2fecabf99a233900ae2313456a23300b152ee6ca5ecccce302cd73fe798885	895671	metadata/regents-club/21.json	19b2268a9fd31633fa44adfd7230689aa4fcdd1e9c5c5b587ffb679240f91ba0	742
22	images/animata/cards/22.png	b81d15af15cfaa08b5098867d052a4321319e908c2e0b4671e456f69d45aef57	2149916	videos/regents-club/22-v2.mp4	3f8ac1a1ceeddc5bfca9eedf9d03728a5d6a21d25a52e57f125b0eeea2275c1f	1487770	metadata/regents-club/22.json	b3e81d3ec667712b6b21bc81e11cd38b0188b0450f52359ef021212245989dc8	742
23	images/animata/cards/23.png	d9c1882b49f415d9aeb114edc643ec6364d8cff31b95a0ed645135d8c1f6c458	1387833	videos/regents-club/23-v2.mp4	b0b7b0a8047de7a70e20bc3328b676cc9491aa7dee30eed231b7bbae1823b5c3	322916	metadata/regents-club/23.json	417b224de37ce90196286808e28025f64c1ad8929995fb93d5bd15d309e59c67	740
24	images/animata/cards/24.png	a59c18acbb1bec73aa27c3605dccd0fc7a5f98cb8668e61b2add331bdcb2faf7	1738304	videos/regents-club/24-v2.mp4	495f746418bafe29b4cc352a0efa540988194acd7cf816e08c1ad399775a47f8	217899	metadata/regents-club/24.json	b2b848e90e5a2c7a26e5b3ed1cc8e9e2f218e368a264be8a87c1a4f8567bb713	743
25	images/animata/cards/25.png	9e762183633d0ea99af9c872ff8ce5dcbe39bcd5d6b26c2858db33e7510c8516	2618152	videos/regents-club/25-v2.mp4	5d1991e9e6484afb8dbee14ee9df355edc233c89418522e41d48f98f8863d729	1551133	metadata/regents-club/25.json	806a26b48c9224df7baea13d983df61a8c07904707c36f3ae7af26af8eccb4b5	739
26	images/animata/cards/26.png	9ecd6ecc538120560569271edb579d83a5a86750a76b7ce431f31f5f1b791fc2	1446795	videos/regents-club/26-v2.mp4	27c706077b86ca9cf7309b60c421e62557a78a0e88d8a5222decb1a413179b8a	241089	metadata/regents-club/26.json	6533a3b32d12b21816c21cbc1bbab0cf020d82bcacd249457174b07f6b2f7abb	737
27	images/animata/cards/27.png	7fc1bff7ab6da93e4232cbca1cdd86e87c21212656a7fc52d6239c9ec402e9ac	1885174	videos/regents-club/27-v2.mp4	15b249a35abfb976d11ea8ce355bcc339094ed5904cfe2eb0751d157c7c378e4	494101	metadata/regents-club/27.json	b9d2628ed62c74b9697142157d9f698fac293332ce1ee9a654edcc9c57c11e66	741
28	images/animata/cards/28.png	6e0794a5ae8406bb38dc4644b6cd55896a0b6b97c3d212f0522684a39d1042a8	2386623	videos/regents-club/28-v2.mp4	4ddcc1a14bde1c513d6ad67211be958f8d7b2b3a9a94f329dfbdbbbff7ef3343	1203869	metadata/regents-club/28.json	a39113c4d17b17d3962b03c3d2c4f7e30dd0e3b95ab34fb76b18863d2fb5ec0e	743
29	images/animata/cards/29.png	62898ace0eb91e4bcc0399c8663c40de5bb957d21a9dfb799f21d369a250797c	1722860	videos/regents-club/29-v2.mp4	b51247ce83342b7b93ff4c33474bf8b34e89bccfd497be87816545b25d924f7c	267493	metadata/regents-club/29.json	87aaaa75e0b6697168c68ab6bd13c42cc289fda72636a78e988265df387ef193	741
30	images/animata/cards/30.png	0fb8b46363ec596753889ba28fa491c643a343b12fcdf844fc61cf702ba8939b	1617512	videos/regents-club/30-v2.mp4	a72b28d00d8b6fc6cd49ad17ecfa9cc403c089a7e2fa064295d2879e4f8ab218	186971	metadata/regents-club/30.json	8adcc821da73609e0eeba7b8506a28b29b002b5f5234dc2a825c7130b81be5ca	743
31	images/animata/cards/31.png	503afb7ba685dd781cad682c1362f414ea9cc78b2a9f0c6d34ff56a0867df3a5	1878437	videos/regents-club/31-v2.mp4	dca60211df84d19df443daf4fa113a5d426f332025829a7f2497595ba306d85d	415975	metadata/regents-club/31.json	af25e3f598e5042669612e9a60bbf2762441ede0d0e9c7480c42159aaaf2c6a6	744
32	images/animata/cards/32.png	cef4c4b3b18ca6a2b1e3add5ac3bb0b521c97438f4ff10c4f9fa4ee99472fe3a	1505560	videos/regents-club/32-v2.mp4	1d928c7dcadd720da62179cb7d8be34b1ce420e4f3b87db5c8051792ab9a12ff	266555	metadata/regents-club/32.json	a732aaaa4d13a976c64f24df411c2e71aad0827b1c4cead1be6694c12df8aa8f	740
33	images/animata/cards/33.png	1de64989c1ab0526bdffa1dbcb8da11fd35e0d003d051c54daf4efaa6efb6071	1521118	videos/regents-club/33-v2.mp4	7570e31e820e5479501b4fb117bafc82baa0839f1a0fa2423bf36d8bc157434e	472101	metadata/regents-club/33.json	5e10650d35f657e0899ac4c05b53e4d73c6586ceee3c7b5e29521041ab534f0d	744
34	images/animata/cards/34.png	f167fe8b64d9875fd444bf0f085793ac967bb961be5216306dda0c82316f9135	1375080	videos/regents-club/34-v2.mp4	789c8b6f69e46ae057855e349703f8cd4227a34ef9004d644440dff45b188904	230033	metadata/regents-club/34.json	7b1b58252df19e718f9e62475ddc96addb16b67a395dc4a263a0c7dcb509238e	737
35	images/animata/cards/35.png	149dfd4339d98a5b2f07478ee29a8d5836aa7239b03cac1fb86e17284a841fa8	1429842	videos/regents-club/35-v2.mp4	62428dc8d94be221e291c3899adcaf49fdbbd2923edab5f32cb30275a639c24e	187762	metadata/regents-club/35.json	5d00904fc82c2c0d3dcab811db40d7cce9d8e6ab4ee22234f5ff99b4d324068d	738
36	images/animata/cards/36.png	3e5411511103e9c5f533abb60004ab997dd804cec28b1c6c9af2f4d9d06a43ff	1729486	videos/regents-club/36-v2.mp4	29d4546a653dbae0b55de848b602312264aa2a5c1613e2f47b57f234f74e6961	454697	metadata/regents-club/36.json	e35a0783bbae0589b9b5b3baa0c0604c5bb92bd4fca113d46f59eefb4ed2bbe7	741
37	images/animata/cards/37.png	9baf1808a1268886536c589e155e05eb7134965c98c0e8b7c4e24e88ec4eb471	1966781	videos/regents-club/37-v2.mp4	a7b4a3dcd4d535bd5ec6963ef574484496c4547767d060f4c9792a80a520355c	375495	metadata/regents-club/37.json	02396b05e3493c87fb8a80aa7c07658091fe3787c14b88cb7f8578b5d76c8712	740
38	images/animata/cards/38.png	0554faf97f9180eb3a1f530c53aff63589d5f14004a23cf1b7f953fff24eabdd	3029394	videos/regents-club/38-v2.mp4	9e0f8239ed95d8ea55b9936d96b4d3fc9558b14e47ecc4e65892a9ab776bc384	1632766	metadata/regents-club/38.json	c7fc50d2d4aae2dda54c3d12bb9a305fd20062e083f7219f7a1f909352216255	742
39	images/animata/cards/39.png	6178c35926685a78aab3550c466d9200055e940b35b6386d32126eaf49a71914	2708868	videos/regents-club/39-v2.mp4	90dbdce4e1455ca85ebeda25eec148ecf212f6eb15ac57673cffabf7f5fc0230	1847664	metadata/regents-club/39.json	4e9312d1e5ee0d99a7b3c9449785df8398f464726d635d472f0fec307aacb39d	740
40	images/animata/cards/40.png	a20b2af3a782f340ab9e76cf4b5af1160e670be877c51f786452333081956a08	2387668	videos/regents-club/40-v2.mp4	55827c3b4112ae085d304b3614b7307e859f22a2c9e035c8391bfb3c32681941	923465	metadata/regents-club/40.json	bfd8dd39f19e660fda418dca777568badf80fb6b66f4d8a7ddeb88ec1f47e8b8	741
41	images/animata/cards/41.png	7771b5cf673f9eba3c11e249053251a13c950da90f99481c98d28e19b00ed470	2882667	videos/regents-club/41-v2.mp4	28859f98ebfe95dd7d6f95bcf5ef4751138212721925ad9427c779bdf6dac61b	1252291	metadata/regents-club/41.json	3ad27d81f66668ea18828a759e0cc5df93e680df0f926e2e0cd39834babddb5b	742
42	images/animata/cards/42.png	0b97fab3e531e46afbaca682bd567e4fddb62b72eb26ade02927e3751d6e73b2	1701372	videos/regents-club/42-v2.mp4	dc5dc8fff72319124fec8811e787d20c6aafc24288fe9583c8fec3095dd4b553	589960	metadata/regents-club/42.json	621e9a7ac246f9daf54068f4a5d2e260177238277f1de25d1a1475b3b83d3130	743
43	images/animata/cards/43.png	fae120283cdd9a8654237375f59860ab480b2d24908565b3512f0fdb1b66318e	2434646	videos/regents-club/43-v2.mp4	21c186c1e1838215c571a0af1bf802127a45eba227c690df1e71fce0db057dec	1261524	metadata/regents-club/43.json	1be074c00ac0ad7721a77bc7383671ce29a2e420616aaef74308f40d0e7fdacd	747
44	images/animata/cards/44.png	d7a9a52d4e00dd12264d5eb4f7b72d09d0a513b12180f5e77d2845ad943bab9e	1839500	videos/regents-club/44-v2.mp4	e33f6719e26c2b525759559a2b9b99cd3a5af95406292b4c754eb4f20534ac34	581031	metadata/regents-club/44.json	1dc8a75006d4dd7fc5c3824639236beb567b078fb130d2e919431bd30cc1c02a	743
45	images/animata/cards/45.png	cf73c5995985444a4d4f0586f6a74229c302a1bc13ee7c0cc3c60ec86031bfcb	1579637	videos/regents-club/45-v2.mp4	210fe7870aa4aef60f29fcaa0105414651153849aa4c6f6640fda0f277e01b4e	435558	metadata/regents-club/45.json	84facbffb4c6140946fa05c37dfc8f15daa979e3a5558eb185089a9d87b735a6	744
46	images/animata/cards/46.png	14fb49e476d077e94f1ed8564014ab7c22ed38df7c369024a0aa6c323b806f43	1545847	videos/regents-club/46-v2.mp4	43bfca268840b3f3591a2e60218aa423a3f7e95bea6112786d9cdeb3a6b152e1	290853	metadata/regents-club/46.json	88b4a44999824ad97ad1c63420393efe968d62067fa0f3430b568ede98e60118	744
47	images/animata/cards/47.png	4858e0d05f32b07638eb1074d06d860649a4a7b4a174794d1c4f84346131f40f	1329810	videos/regents-club/47-v2.mp4	1e0901027556a5beac2c19deb8da39923baf13b28847731b35b23a1f6d2ce836	369356	metadata/regents-club/47.json	3024beb68964321c5e094c8edd98a388e950f21bdb2e35468df474379172e27f	740
48	images/animata/cards/48.png	291e2b64f9f549417f600ef0fc40864891b29926d1bab04a0c86b476b79aafe2	1667615	videos/regents-club/48-v2.mp4	197735a07ee74c739bcbd7b010a3c493246861e8096d6c24999be6299742fabc	253870	metadata/regents-club/48.json	c7cca9b4ab1dd528f4a80c244b3df88dd8acf587fa41885ae3c262c4af67dec9	740
49	images/animata/cards/49.png	5d3e5da503e719952bb0b2b6df537f4379d055f671e32a810a020d759f088e84	1718286	videos/regents-club/49-v2.mp4	b765e321cf1530dc2ef3e2920b4275df1955f4b6b228cb6f23e8960d26c46d56	358870	metadata/regents-club/49.json	b15034da4506b95ca9c8689e5c18c1ac8dac67cb570fad46cbc78bd73418978a	739
50	images/animata/cards/50.png	5626d9ede87b4a56892484551a32924927d36f3871cca54be5109766da1d0245	1346372	videos/regents-club/50-v2.mp4	1577b93dc3645163243655f6b74d51d444b29f89e716794288bf3fe2dae83042	356204	metadata/regents-club/50.json	33cccd6a4f171cfce7678ce59fee7f2541ff473245fbc411f7e97127384ea151	739
51	images/animata/cards/51.png	f91acf5c0204122652691faeebad74cb72d698f5431ed45077652b61844cf61b	1766587	videos/regents-club/51-v2.mp4	82255ce483f977fb95f9601b900e0e796a976c11a8f46543376c6ee65569f6b1	411348	metadata/regents-club/51.json	ffe38c580f2a7d3c69688971225243bad4a5aee95cfce7f48859d8f976a2c1c8	745
52	images/animata/cards/52.png	5048b62fb877a62a0604744e8aa0a9456e2aceea96a0c072a2a6b86cc487df25	1913526	videos/regents-club/52-v2.mp4	2bf862c74f65fd22ee274b74feb7b51c6132b820a4dd29f1b9aac31fdeaf0227	366064	metadata/regents-club/52.json	c5ed5bdbe41c5e4bd342589fca1c0399afc23d646cd18f884512604495b3bd04	740
53	images/animata/cards/53.png	f866a259c09c4f786de38c2411a798865b58c953b4cdfb324d69792cd382baf1	1932968	videos/regents-club/53-v2.mp4	5994487ec318b8e1bad30356b3501a5d528c7ab363735efbb558db85cf224e31	377466	metadata/regents-club/53.json	884f846254c445a00b26d30b67237c3c637158f07aedbe0921aae766b2988edd	741
54	images/animata/cards/54.png	d577ddfca0d92fdd21487c2c2cab20d84224febcf9c135c53ef6831853d48d20	1590929	videos/regents-club/54-v2.mp4	dfa8bba8039520c759706f27871101404f4001079963348bf1a89365e33ec4b3	284625	metadata/regents-club/54.json	58c9534633bb4ebed38f38973860ce0c1065c0efb5abf025c123b4f978457d49	741
55	images/animata/cards/55.png	48b21be5a403fed39d2453782563bfea874e7b1aaf20d6d549dcaf623244bcec	1598596	videos/regents-club/55-v2.mp4	078e2f3de5c6f562db3b7e5eb9f106ab8b1abe8be069e64561ae9519cee9de9a	537981	metadata/regents-club/55.json	1f63f9529d457a96a6a00eeb04641f1d78a0fb320888cffc2805a570dca92546	744
56	images/animata/cards/56.png	e6c6d9ee88bf8c78300f53411f98530a1f67dbc9c101eb339014086724461bea	1756180	videos/regents-club/56-v2.mp4	078d8f2e9d5636f764f1c4900bf4915d6177550601cbd0774ac0e96b7afa14d6	568806	metadata/regents-club/56.json	1feea6b4181aca24bc6c61d06ac0506513952975064ff46b5f5a45adfdb461c8	741
57	images/animata/cards/57.png	1f45074d1f8e0681bca84a26a73c4eb20f03d2cd471f1f0d3ad05c3718fc11a4	2195768	videos/regents-club/57-v2.mp4	99c100875a275004a8a0d33946f40daa9a72705a41e8ecdb10a0f4b05af2329d	727275	metadata/regents-club/57.json	4b5d7cef81b78308ccbca84857a25aabd625d16dc11b3b9f49302a5487e6629d	741
58	images/animata/cards/58.png	3823d3754de69cbb5018998641c176b23ea19967a2ccc4aad3f3f62c8cd8ebe1	2321512	videos/regents-club/58-v2.mp4	7574aa885f190d8ef13f8b6fd697595e54e4546f0fa2f06dfe5a83cdd02f746f	629203	metadata/regents-club/58.json	7e2697eee9fd50722215311d76d9abb1afefc5200e875b8721fa144baefd7cb3	742
59	images/animata/cards/59.png	9e3fa0ebf9d245eb13ef6bd118aca9702bb16569c12ad344f294c801152f9381	1591877	videos/regents-club/59-v2.mp4	511405c19c2b169bfce6596cc40e3a363ee030ec581fbc8400e2a1fb8d54abb1	413709	metadata/regents-club/59.json	7952cb4d7741e585d58052d2417123cad8d0ff34df6c82e8ddb1bba91ed59d92	741
60	images/animata/cards/60.png	dc0a3e55be8f011333a4577ebc3abf188aee4993d0ad65a52c69017c3cbfc020	1503140	videos/regents-club/60-v2.mp4	aa73b7719d43a85f3ec343eb763b13a52945c7946ec39c64111a170de7d74006	288150	metadata/regents-club/60.json	2c5aaed585b9cb84124769389197316b6f4e8af951606bedb8f6b0d224fc4dc4	738
61	images/animata/cards/61.png	0a290657357c70b7272452a4c71c617040d9865f89ac0e419504daf93ae68c83	2013096	videos/regents-club/61-v2.mp4	d612ecb60166aca039cb788e65ae9d9f112f01151ac3dafc5529cfb86b166c50	681441	metadata/regents-club/61.json	81cdcc497bf3a82287c2c972b90b8949dd3e74b86800158fbc52466dfc7871aa	745
62	images/animata/cards/62.png	1fc989ffe3feaffadf258c2e1f89ff06fbc024c695e96ce9c0064f11ee7848ff	1760327	videos/regents-club/62-v2.mp4	bf1e9151fc997ee9e07321225af55d5c22156f42caa541a40fd6e2093f6c8bee	368726	metadata/regents-club/62.json	defe8202349f89c177338af29cb8c4ec6f5c26959dfc6f3d57070a31015933cf	742
63	images/animata/cards/63.png	ead09c990056f48298292b923288166ec0f7d0efe472ff1b306d9b6dd0e297fd	3133934	videos/regents-club/63-v2.mp4	7214b336f0a91ef6f9bffb196283178e695898ec41aaf1f2c06105257f718520	1286295	metadata/regents-club/63.json	5ac05b6230350c1491187fa29b4387f6c4f76a78f3f268f30a28203e041643e2	744
64	images/animata/cards/64.png	788c809f33d7fb1a9ebe4c275dfbcb3936adb312856a09f3a07aa4666e602477	1420231	videos/regents-club/64-v2.mp4	157bf4f812b84d1adc09f4b93914f88707da11345adb8d9f76ca95c4cfb0378b	352324	metadata/regents-club/64.json	dae1cfe2bd464caf894a19d77a23e540248a8c38dffb2bd45d3674474423b845	740
65	images/animata/cards/65.png	97dbe894fface45ab718592bbf6d5d4d0bd74d52c93756f1325988b32791032c	1448338	videos/regents-club/65-v2.mp4	6c0063423fa2c9f8e7128598ced5d77a96e7fed1a736ce3830462fca03895d2b	313391	metadata/regents-club/65.json	14df1c0684de0ed6a3e5c3461bb81739f31913779024a24168c5a4d95e4afb44	743
66	images/animata/cards/66.png	1b3949d7fb61233436c288c182ec56ceff158d10e3babf6bfa0574d982ff3188	1627601	videos/regents-club/66-v2.mp4	b424f9c2271be1262fdb47f0724d007f2a0aff712d69a110352d71db2a414986	317117	metadata/regents-club/66.json	870ab24b6d4ff391d130184220b629ff5a12741336a81c7286082fc2c63c9378	738
67	images/animata/cards/67.png	f87990542486bbf53b4c189988b2f9e9ada6b7181fcc50acf32d893c2753278b	1576068	videos/regents-club/67-v2.mp4	d8ecea894f6c4dec2180d385a7cf30b55bb66e41af118ca460d38a45f752495a	409896	metadata/regents-club/67.json	61f68c5f7f8bf0bdd1d1c6c416e2fcd22bf9e788444210d50a62d6679aa7f901	739
68	images/animata/cards/68.png	ab1747c8ddf1d8dda49707b3cc4d1e131703446da42097d658a8b11659b3ec39	2696427	videos/regents-club/68-v2.mp4	0b8fd3cd3a23fea79e1373957d8f32bb16de1268015c266ec02cab89e0f9c33e	1199642	metadata/regents-club/68.json	09ae97ea934f44c0c288431cf3490168b487c8375ded60c7266a1bf11d4f8a77	739
69	images/animata/cards/69.png	0be812012588e42e3544d9091793df2175d01c74b7060f8a9476444db5ff9914	1684974	videos/regents-club/69-v2.mp4	f717cbad010f6893b784b52342e2986cf1a0f99e2aca79eeb4902c5e1abd21f8	475039	metadata/regents-club/69.json	630f3ec91d9455af1ffda92607c2a8e517727d630219212f06c2017e50deef68	744
70	images/animata/cards/70.png	07dc266a906331122d74ed1be5c039792eadbd275e0f2d0657592fcb33927c2a	1799134	videos/regents-club/70-v2.mp4	2b6b7bab415a5f913dee6f0e9a5d7fc98654a10ae36b974152e963c004f1fbd7	270225	metadata/regents-club/70.json	8e6da8eb36de4d6b73eea5f5ae319b16ee0823f6ccccdf02e71daf73ce163599	745
71	images/animata/cards/71.png	14b13c53e5661d344b69d4fd9c27980ef09784ffc5d79c895d23c1183dce3003	1641176	videos/regents-club/71-v2.mp4	a5f5d012ad53b5b648acb2cdb92b984e69c35f036ba701192dc524b45fcefe3e	218774	metadata/regents-club/71.json	3b0ca338298bd4629fedf4232fd38c59de7c3ea8301dbce93b42090d98938224	743
72	images/animata/cards/72.png	5d19f7ea233b26f05ebd769a05075290227e86ebfa5fc50fc714250dbf8a08b9	2103717	videos/regents-club/72-v2.mp4	95b9f2951bac7f867e697c293070677b84c5abb801a43a5ffcacdd1b5994b5a7	572132	metadata/regents-club/72.json	43429b75acfc65ea7825ed0a012eeb48a976dce7912822ef9a37a3ca8cbb4160	744
73	images/animata/cards/73.png	ebc5deec5855fa3331e4730458edb1a4cf0b6c9c4cf4c3297be5d808da3ffb0c	1874823	videos/regents-club/73-v2.mp4	3dff5de226f4960dcc0726ed0e609b148d2a7c1fd7c5a7480454207526a32876	255140	metadata/regents-club/73.json	fb85ee2db262906f5d36b1c6cc77dbf0c58c3831b16fdc2e5504a50b9afc518c	744
74	images/animata/cards/74.png	009f3a271d7e4f8a45d8f9e7fefad7e12d971d8eb030d779e971f665072569e9	1571577	videos/regents-club/74-v2.mp4	1362d35dcb33ccbe35033aa45f0dd4e2ea85cf8bb3eaa352f152d19df933bd8e	268018	metadata/regents-club/74.json	350e670695ad0582063e8e68b40013c71a67d3aa09e8a9b80beacdff7a3fb744	738
75	images/animata/cards/75.png	a4284f6f81e122ca9f7f896627654dc226841ae0998ff5938668754eb6eb76c7	1225833	videos/regents-club/75-v2.mp4	18fda77c502ba9257397ccac2e791f8d190445717b6708455f0273399242c850	407317	metadata/regents-club/75.json	d06f742dad3a215afe3c777a4acb2f8a3cca3a94e0bb1d106a4eaa0c7e06c577	740
76	images/animata/cards/76.png	bb13b9a0782f1ca44f0e27f40d5a868571849d732819cb32349a1aeb5324c447	2493961	videos/regents-club/76-v2.mp4	d5ba88a081b0ec4e01af9e403d9b1b04f2e13f3413a88c62d2393cd96a6e58bb	1758273	metadata/regents-club/76.json	f6e93cc89e9482ec108fb4677ca4a535aa9314943392b22454e641bc9134306e	743
77	images/animata/cards/77.png	a50a3fed5c6096c945ca3f6c323a383454211e0abde1bca117458cde13477ca5	2204288	videos/regents-club/77-v2.mp4	4665a144411e65418202d7d188a9471ad82ea2a405aef9d5656a61fe1bfe1dfb	585739	metadata/regents-club/77.json	8cde1ef0cc6204d901c6df95a974dd44282468b6a18be79e6e23107880d6c719	741
78	images/animata/cards/78.png	1e81a0dee77bd2874df9876158ca1b70d3710f9cb3d98d79f1644f2e8ca4f167	1590764	videos/regents-club/78-v2.mp4	77471e6ba6f742986b0b1df5fd3ad2323146def23dbc20acf2c7a429b58b9346	601197	metadata/regents-club/78.json	6bf9731eaf8b9e834a96b078d574940d08bef8df0a0e34fbab4087f95476cb11	739
79	images/animata/cards/79.png	0b381a3a1dd6a9143de10476c33e8bb97e4dff15a7fad3c57a1f509cdf918dc6	2483819	videos/regents-club/79-v2.mp4	4057ade7f1f3a5903b78070f2d1ef6496438674bce01fdc8042eed202ee7cf24	1844779	metadata/regents-club/79.json	f14faa3424f2bc09b3ccad3b7b254ba8e74d6fd43b7483b7f398866971b65dc9	743
80	images/animata/cards/80.png	85f78d4277c6f2d5c5e49da21b7b7b52b1e07a7beae9d417dd196f5bf34d3ec3	1452517	videos/regents-club/80-v2.mp4	90f75594877ced99cce4e694d5c57654455d6e37b22d7d4a870211b1d5901d14	423779	metadata/regents-club/80.json	1804b54c148de553e7896bc08478feab0ad89da28554a199e8beb1dc8db214e3	738
81	images/animata/cards/81.png	c9b8e7852031cffe55f1105fda6311aee3fec01b8e5525d44df51a0c6d490625	2104359	videos/regents-club/81-v2.mp4	4c97f25e0fee1a1ff42a0ce88fe04becc1e1c2672e17add3280284a1d15b34ec	401892	metadata/regents-club/81.json	10713d81efa6528c39a31dd11c3b57f58a513f8ca82d57ea6f968aa38c30f1f9	740
82	images/animata/cards/82.png	cf13a61bb1a1bbd0b44bccda5ce245343e1d9e77fd8d2afa7e02e7139067b774	1238446	videos/regents-club/82-v2.mp4	033c1976970d3eafb8897757841d0114cdfbc267c591e4d683e5eae001e5a5c9	422250	metadata/regents-club/82.json	873db3272ed7bf543515d75be4f5b105bf4d24ebb1ef3cda0fed745662f2c1fa	743
83	images/animata/cards/83.png	b8b5d40349d64686fe9d1b384a81593e267807ab51491544c642614d32228852	1238678	videos/regents-club/83-v2.mp4	47e0e78e1f510c2b2ff126fd284cdc82a31a45c3d6b0c4ee74f9e39d0e442a21	298176	metadata/regents-club/83.json	6e92f6398238fccf209c4907d8e6b6152ea8ed235aa6a66a6cbf88550454695e	739
84	images/animata/cards/84.png	9e1c532fc1d29b289819b7db24978bd071f218b31e17e5304ec41abf33478087	2189744	videos/regents-club/84-v2.mp4	c3081b85ebe84951ef080d4de6abd7a6ec4f56bc397f0dbfa8f3a28cf1b40170	876982	metadata/regents-club/84.json	ed50531162db4f09f286c141cb15e4348bd6a651895f4fa50fd294f4f7916f9d	745
85	images/animata/cards/85.png	f1c8e7c11ba61376b403788cc0bf8f868ccd95c686835c3e445ad6ae6c2ef8db	1360219	videos/regents-club/85-v2.mp4	cdd4249dd99fe8d2753e4bc88284e2eb573289da8c1d1524897aba97d43f88c0	235010	metadata/regents-club/85.json	a3936b55db30926f400573a40ac50e0a60dd606b8b0dc727eef58cb1ecbca29d	743
86	images/animata/cards/86.png	934b295a5410fc5b20071e216ef3fad06b479659c0b64d1cb70fd7f51c86a86a	1156096	videos/regents-club/86-v2.mp4	ea9c6409bda856a598df348403b215e8d21f394baafe974561eedc20b6551b49	354297	metadata/regents-club/86.json	5857eefce548468024235539b7531dc408eb511bf90db05dd7020668181f150f	739
87	images/animata/cards/87.png	29fd1eee8979f17cce27492b81da556b38d776c931a2e118843787c01f058ac9	1547255	videos/regents-club/87-v2.mp4	a61c7f1af8f971b18db7da1bbd14c28b60def98da863d7e100da4ee46682bc95	206920	metadata/regents-club/87.json	56bcaaf9e94f7d1ef16992d2c8375c6bba33090df104559a7d0df088cbd839fb	743
88	images/animata/cards/88.png	d2710758d7ae35aef2cf45ba352522e70c362fad29577819010a9aeecf486d09	3426480	videos/regents-club/88-v2.mp4	8c8c5ca9fef2cba8a578a42ff0bef54c4c283077cc42555c7247566f17acdaee	1655331	metadata/regents-club/88.json	0750e3d1883cebef9912c7edbbb4942915ceefc6791af542f3dce967cce75ce7	742
89	images/animata/cards/89.png	99ff827fafe8b765d21d57627e924910778ae6fb867bf6d34ca00ca33e6978d9	3364482	videos/regents-club/89-v2.mp4	2d3a3f88df84c9a13ffc7f5815414f29861727ad4230e10d4b57eda9686b88d6	1239040	metadata/regents-club/89.json	bc1a0d9e7534985d9ce483401edce256d092b616fe354040c70343d97992f45c	742
90	images/animata/cards/90.png	c7e6436ea4c33e1b42bbdbdc223aa30faca6120e98103975fb77846f322621e8	1401328	videos/regents-club/90-v2.mp4	6110bee3b4968a04403d9998a28b0ae5184a7824a445831f443a30ebf72afb42	241888	metadata/regents-club/90.json	0a637ff473c869a0fc57b4af7c105709336e4f2b1ad7b3270d085b8127452bc7	741
91	images/animata/cards/91.png	252f54d8c9c1b10e07c24c9d50bc8a90c73b181af19243eff8e8d09d8724e0ee	1638008	videos/regents-club/91-v2.mp4	57e31701af77c1fcd6bc17a5e00fe9482237fdb4433e4836705de4f5b6c59dd8	288939	metadata/regents-club/91.json	ca80a5cd01d40471f0fca188d15c34d8e4b77365b9750d438426210ee8edfa9c	740
92	images/animata/cards/92.png	0a5ea8069d8e1630d98b0de7b49b02168f8fde92422ae5864557cec84013a590	1764507	videos/regents-club/92-v2.mp4	25079daa90ef53b3cd97158cc460e8df2e11bc0747719796dde180dea1eca7f8	597000	metadata/regents-club/92.json	ea90b194f730863be92265b723a46f0ba55e5fd960e87677f463f373ea8cd69e	739
93	images/animata/cards/93.png	3845c13c52489a20eb169419ca208f3c825a3973cbfc3604218b59254c328f52	1729285	videos/regents-club/93-v2.mp4	c2bb39978514325f5f819526332c68422fa278bc4c0f7e83fbbb55a23980b6e3	210363	metadata/regents-club/93.json	3b1228ff9e7f6c20a47c051508b3eb9c3e133b08ed556b37899b52c0788b530e	742
94	images/animata/cards/94.png	829d95feb0720b4ff59c13e396758ff5e5817dd9f6ae96cfd77c42002f4b3648	1378276	videos/regents-club/94-v2.mp4	fefdd4702bc9d7967d9dae4dc1701a576a1b4f0f26933a653638b47ffac3b2a4	309906	metadata/regents-club/94.json	4137a0ff181cec47fdfcf6d7d6438566f4e1e6598c13c466f61262bcc4057788	739
95	images/animata/cards/95.png	31b7a3b52dc61730868f081083620e72c0a00c5d231377e02205ba569b8e04b5	2895208	videos/regents-club/95-v2.mp4	f3319a312d3048e260be3efc650e20c67480beb4ee35ca6680e4895d14bd4dfb	1998144	metadata/regents-club/95.json	4d985e1722c4ac281bf71059b1b5b53f835fee8bc2e7a05df0388ca6ac32b9a7	743
96	images/animata/cards/96.png	c9576956cabbe4eec67bf1988b091bde8a4cfa9a5bdc4d265cdea679fc5394cc	1643592	videos/regents-club/96-v2.mp4	42fc0dc05493623f8699cb5abc22a493aefda89edba272be69907072b7556882	379908	metadata/regents-club/96.json	7273a43897768f77219ef487a33cb851c73f4ec2bbf4e055e1246ac0cc00f0b9	745
97	images/animata/cards/97.png	147d1dbbfe16b3cc11c25856354e0862d2273e43cef3529ff0cdf9d61df63442	1768561	videos/regents-club/97-v2.mp4	469c7480e756e26693f0381983c291e62464edc59f21e63515a502f63109efc2	263051	metadata/regents-club/97.json	5df31dec50e49f790ebdd16dde235a17e05ba0916a4a0e60642f17af1a77501e	741
98	images/animata/cards/98.png	bd03f62ec60924abae811920587a837bea843cefa43f4fafbc03bb7efd2a9134	1434954	videos/regents-club/98-v2.mp4	4ef6a74d913b526a6f947be00e86a00aec3b2e3af9a08d6861cc552df8307e48	404900	metadata/regents-club/98.json	85cf2d50b1918bfe0bc512a1f3eba20d43ce5a37b9fdb452568cc362a4f8fd2a	740
99	images/animata/cards/99.png	d4c29ab25e48b5bcc926251aeaf851b626c8ad7e33d48f8d81e3bff1b49bbf8d	3377276	videos/regents-club/99-v2.mp4	ae133da5109e4624cbe429f73464e8dcf7f1f1663bbde02f36c9abddfb3befd9	1482439	metadata/regents-club/99.json	574c3a1c92ba60cdc85444d2a421cb98a8628070725a4924f911f4b129227bac	743
100	images/animata/cards/100.png	899c174c88d57ac587cb98ca519df6049806ba90a92b2b1fc8962d0f74684cb5	1563742	videos/regents-club/100-v2.mp4	157d58b0285419cc71c56136a1c6f9e41617d15ac06dc736f83b127f5a676f92	328967	metadata/regents-club/100.json	839c9c6d3b9dc2e05d0f23d53e1c36fd38b66d5e74c204ca04fa2630f62febf5	744
101	images/animata/cards/101.png	0a61de0100ee5c8da03b8097cd1b8b9bf0501e8dfda5cfe13309f3a6742f887e	1787213	videos/regents-club/101-v2.mp4	35540719d7147a8ec520d18031552412e418f7a0200715e2a0b1614ccc592ce8	417916	metadata/regents-club/101.json	998ad37bc95d51a7929b1ca058b05ae0d83468227f8181ea6ddc573715f33f8f	747
102	images/animata/cards/102.png	7e6fe873db53be9f54ceae71ae0baac20b109c928f30353553b6c5a8d16ca62c	1687153	videos/regents-club/102-v2.mp4	472b8fd6959d26022af50482cf9429cc86589c0704717b2aea0b2ad6319f538f	432566	metadata/regents-club/102.json	356c12779de63725d2a54225e41e8134140c72fc11b4546d04bd1acfba261c29	741
103	images/animata/cards/103.png	79b02dac9b592531a03f7a59b02210570ba1324f9c17fde70bad87be541bdf05	1537647	videos/regents-club/103-v2.mp4	eddd38f72938ddd148bb94bde7b5a21d69ac0800350177f9d4e90620987a7f14	229227	metadata/regents-club/103.json	1be4a45b0ec9f056fd295a823b0590fa254906c71fd04e1ebf6ce4cec45b6620	745
104	images/animata/cards/104.png	8122754387ef796e9dbd39fc0c952353c9e03a6892de10613e908d17462d1bb5	1976905	videos/regents-club/104-v2.mp4	be2bfadcf51982fdb0b79d42f1c2610b1c97c45dd847bb489a2f80d969c77fbb	667441	metadata/regents-club/104.json	3f0643f7c819d7b113df633d0f950b5458f73fc42215ff5899d2d802f16afaa6	745
105	images/animata/cards/105.png	4bc3093832a22e77a3c64334723ba93a82705f2df8c3d0de19ba8dee4b71969f	1882874	videos/regents-club/105-v2.mp4	a6900e5be8c4f5f413b930ba6b5440cfd07c908d69a588799a802bf9e70f8960	501321	metadata/regents-club/105.json	14510734fb405dc980bdba5eebe95f3a557ad60789de1b3d59ad3b2125c1c7d7	744
106	images/animata/cards/106.png	3520c7685462eda6d3ff8a5bf944476774e5ec7d51de01ea8fe6380946ce0761	1813299	videos/regents-club/106-v2.mp4	5a36596d173f97468d2d9160065e914ab579efedb19ff8ac7aba1b16d2b7c8de	294154	metadata/regents-club/106.json	a2f40cec1c578ef0ebf3938d564536095e149e3aeaf0bd174cc6399e337af6c4	743
107	images/animata/cards/107.png	6dd5bc6968831810d37d45afda2558212c66673b88f14997a00535436f9cb382	2139951	videos/regents-club/107-v2.mp4	20d1766a2e5042289727f66802b225a0d183b66b8db7a7123108e19022efa737	578671	metadata/regents-club/107.json	e31daca9551ac14018ba4cef18771ee691ab043a43a8daa642c8d4fd274271e7	744
108	images/animata/cards/108.png	63e224c9ce30b3919d3b1638a566004a2de178e3de2113da0a9ca07203d8b2f8	1664359	videos/regents-club/108-v2.mp4	1d886aa390e154e184433e3625110f5f1bb608f3ee09c46a1588101fa4605ad5	524897	metadata/regents-club/108.json	cd72858b26c0b18e6b40b94a7a7e683f191eeed43130dbadc343bd0054d04bdb	746
109	images/animata/cards/109.png	4abc5b29d1c1a64f6560e52f38eda041ea87a949ccf154548429e17d28194315	1840526	videos/regents-club/109-v2.mp4	37f66d0ad0ddd0cb7fcc7262610aba2e410ed4041bb875c4a24dab62b88b9831	247748	metadata/regents-club/109.json	030cc5165c58f3c53260489939c10c30bbe5b8fd449381a67aaaa8656431e609	746
110	images/animata/cards/110.png	c1a50c874c60d0f990f5af64f66c85784e9123e61929218ad3df12801b3dd708	1740887	videos/regents-club/110-v2.mp4	313a549001a9872e56908b2b9fb52e9d66094d36337daf8c0976d925e58dfea0	558476	metadata/regents-club/110.json	0d9c1e5a3210980ca549800d47710829e3eb65100d31d48b2b966c22f19fb32b	747
111	images/animata/cards/111.png	36c61b04c78c8202b25c844c57dcc7d11121e35fc2447bb3bafe2ad628d0b282	1437958	videos/regents-club/111-v2.mp4	336c6c613d3fb3f8457bd2afa77bb30164a68258c0a8ba55e77ebf7904e556ef	292151	metadata/regents-club/111.json	1e0e56eb1420d9b2cc98b8ed879faac7abe806ef540e294e515ea8a288142a1b	745
112	images/animata/cards/112.png	2e86eeb41408d1b0bf49b2351cf2c526a5ed2d4448b9b8986d57f637b6ea422d	1532143	videos/regents-club/112-v2.mp4	5327be0738f7ad566a30fdaaad14e13f10adf262e21b80dd45a82d313954b107	295081	metadata/regents-club/112.json	35ddf17e4a4aacb10fbef2700aa402957446e632f9de8148ec1d26e9842ed484	740
113	images/animata/cards/113.png	db8660e42e78422d94b70b1c4dd60b36a15cd12d142740a91697ef7a4a662239	1850230	videos/regents-club/113-v2.mp4	80915d06944651307a8f8359fc2c79c6d08c572eeb4d01fc161e708b426a345b	635929	metadata/regents-club/113.json	1eb438dba3ad1c3667cc25cf75466b0c1126a54733a1e9cc724a66bf0feea5b6	744
114	images/animata/cards/114.png	07c1443b2f5b36efbc0f2e2b797c1042c8c11e1e56eb740b2782b9bcba74e362	1579183	videos/regents-club/114-v2.mp4	137d64791ce21bd64e751eb306f366187e0bddcef1aa599e80e4cfce9a6b7319	240316	metadata/regents-club/114.json	3efcb33e022e0b2aa64e0510317a230491ca0eebc04bec23557405c3c968378b	742
115	images/animata/cards/115.png	2a57f2c4df07177ce433374cf69bb7df877aed6412946854ed2466885499397a	2374226	videos/regents-club/115-v2.mp4	25809eb08fa2638eb31a7cbc4677b1d9f1d1d5f890601145ec36609bccb89a98	756440	metadata/regents-club/115.json	e01383607c5ee0fcc1c7d8c833c22fa7f6445c967dc2abe9cbc26e297471a99c	744
116	images/animata/cards/116.png	86382ee860500c70eeeeb4835c0a9cebe1d07ecbd825ca5db26063e247f933e0	1419817	videos/regents-club/116-v2.mp4	8f258a91d7782b1d5b130002aac83057e2d4138ee89272cb3aaf64e2616b8336	258451	metadata/regents-club/116.json	00dc2ca9b3e09ffd489c691c55191dabc6e0542ab6404d23f785898467394b45	743
117	images/animata/cards/117.png	1ed506de78ad71cfe8b819627688f4267f90316ba8c3db6e7e3a20f5ccb9c21f	1529437	videos/regents-club/117-v2.mp4	9bd4b0a599eac3e902d5f81a380dc664ed6a4f892ae0640b810eb0aea509ee4f	330615	metadata/regents-club/117.json	6aa4d66729fd74ec956d5c64329e1998b0ef55ba221f9cf70d8134c333d41bf1	743
118	images/animata/cards/118.png	284c7278840a8f9d80d1ef0cc402633e12705e771227a53a9afd1c9df5858076	1885864	videos/regents-club/118-v2.mp4	57437be2be6b4c67f42535f2fb38d228292259f276fdd16b6ba50b9e5285d85c	772782	metadata/regents-club/118.json	faa6681baac9f02166b7fdee74c5b49cabae7a71041f52365e71e3fbd32ec1e3	746
119	images/animata/cards/119.png	09d7bfb5cb5571a836935ae031677879bddc5b9991c723463fd2a836049c2f08	3333311	videos/regents-club/119-v2.mp4	464a2239529e3d3a830026a686e05455bad4bb2745ab9819bf6ced84cd33fa2f	1578704	metadata/regents-club/119.json	ecb1de874dcf2245b15d79216713d638f675d7d327a5484efc53c435482c1df8	745
120	images/animata/cards/120.png	e5fc64402e524a7f5da2dad35881c7c81c896e53f1db94b0318fcbf2aa54a1bb	1504166	videos/regents-club/120-v2.mp4	126de356c76a94fea3d8d1bcc430384f3d5d7ed3e69fa80ba5bfe8d0d17e1300	428259	metadata/regents-club/120.json	d094a13426146919d01469b25b6b8eb72ce96c9dd7be2549d8abe571725dde39	746
121	images/animata/cards/121.png	6d9ef17399755106cd46ff7b32325b82b6adf430096b70b6d02e90f708801e64	1808852	videos/regents-club/121-v2.mp4	db62743cd8266ea403195f4fdd2d5b39a9446841a6a83adf5a19aba120d9c9a7	426185	metadata/regents-club/121.json	15a69e7d02870fbf79c0b67eb9d956f5f1963138fc08657c83e67710fa24734d	744
122	images/animata/cards/122.png	9dbae6658452d8d08daa2ed7bd2d8e3393fb3d8e10fd0fe0090eb9995a39070f	1254863	videos/regents-club/122-v2.mp4	579a29a96f784560d822b8f6faa4fe74455712ec50b7c47f525d6927cc720ba0	270123	metadata/regents-club/122.json	af247b4a858a0ccaf11bfccabe1fb1b9bce2d39db47707441724d243a1eb522c	742
123	images/animata/cards/123.png	5ed7c0a7b33aa4bd43704dd26c159b4a9936860ba6a3914a2602c9f496a23aed	1414071	videos/regents-club/123-v2.mp4	868d4743db2afb031317a4ea4d7cb5a58caad42b7cfe959afef520f6492c5fec	426179	metadata/regents-club/123.json	0025c56ecdba0d9d02b36eed82d10928edfd422ecff0688fd83599d7c40d684b	747
124	images/animata/cards/124.png	38084fab69514a0e6040f3df64fdb210bad220ef2a9f3546553ac28490f3e4ce	1513154	videos/regents-club/124-v2.mp4	97bc8aad92a36468262a5ac6614286fe04d202075196747cd4182784e5515ae9	226412	metadata/regents-club/124.json	f8139843b6ad4a60fe7216ffda9d24c78a5f7e814c69562890e93e6522d0c5ca	742
125	images/animata/cards/125.png	910e3ec5256fdc0f2d08c771d3333e04d8a322b2ae39d62f345e4f7316a7d13b	1896890	videos/regents-club/125-v2.mp4	7d5e5f6e19539d863e51919a826d61eebebaecc11d3fd0de2c67383671198c62	698369	metadata/regents-club/125.json	a150ae0502ccee9a90b95b2bd65b204ad45de53065a30d5e59fa71c15bf1544e	745
126	images/animata/cards/126.png	5c636c56a48d14764df88825ce14c9f8a057b797e77ffc0fe89d7a2d89372c33	1133827	videos/regents-club/126-v2.mp4	420af8b8869ff340bb14e81ad9e79f9cd9e188c29160f7005be4ac86c7c05d72	206705	metadata/regents-club/126.json	7ee525c480c7d72746af87006c206127941f8713a62721fcb5e9b46844db8950	743
127	images/animata/cards/127.png	638b483749dbd4e157e8dbec230846455b66e194c1bc3bf1c66de3809d8bd00a	1385133	videos/regents-club/127-v2.mp4	e63f7d9f2054c1ac7590ed11f44447c3945e92f7052289876afef750b9d4664f	250012	metadata/regents-club/127.json	cf7a137bd2d588177ff27193de9417fe5f4f3a450c1552d328505d4b4dc79d93	742
128	images/animata/cards/128.png	c94b41fe21f3cf6e175303109c05f2e0dd7f631528a51bd30ce61817e99a2770	1982826	videos/regents-club/128-v2.mp4	0e8f632efe43a636e4b4ad051fea37c0fe008a143fae51ffff2182a64525b85c	886058	metadata/regents-club/128.json	f1f17ce2a034d1ef0de50f1de99ddfe154ea039d45e5d6f8ea5997ca5c2a1d03	747
129	images/animata/cards/129.png	599f08a4eb0d402ac6881538973c13650e06e55b5264d1ab78a4c75c64a887ba	1711516	videos/regents-club/129-v2.mp4	86dc6fe3e5ec070f004c13882bfccbef8e2d6b62969fb126653556cc87d6b256	407350	metadata/regents-club/129.json	819f716fe978d4c1008c8e0f493f9ab47a073e1b655a14b07bd780f17b3c10ea	747
130	images/animata/cards/130.png	5bf092cc844ee1cf7785488ec5c2ae6ee5ed3b3fa5c38452c6086fe893b18463	3419262	videos/regents-club/130-v2.mp4	0c04e4e84d07f5cdeb938cb91be44cc3cdc1a233b363236417ae18be92f3c75a	1730535	metadata/regents-club/130.json	76c0085e43f3b5c5c8f4495c9abdf056a51cc439e901364123e03cbfcde84c8f	746
131	images/animata/cards/131.png	21fe3c1c236492f6e349c249aa5bc6478414fb871993180261295c76f1760388	1916312	videos/regents-club/131-v2.mp4	ee259a52a9a42a0d0bca1d49ff5bda3299335329686db541e02045ff21cf9fcd	606280	metadata/regents-club/131.json	511c5d34e47c6e696acd61a8678e30369e4fe569f930b146170be4da6d3d4e39	752
132	images/animata/cards/132.png	4003fc2d1f6a7443724d8e9ff14dc264c012d55725b85bb782312e6584e27602	1192282	videos/regents-club/132-v2.mp4	a9c806373a3ccb832ab276cfcbc5414d36b004d48619aafe81725e33cfb981c2	250822	metadata/regents-club/132.json	7e446ec1aaeeba80c5d95a729df4365b3a14caefce74b64338519e1fc3555203	743
133	images/animata/cards/133.png	0cf57b1cfda4cec88105fc95a1b9a928a28a37721d1daa9092a4d09005beb75a	2185709	videos/regents-club/133-v2.mp4	6301d4bab779aad94c015df8bb5bdb84c8a9fdfc583acdd23550a3150c9e9078	442909	metadata/regents-club/133.json	238a04163ccd0ba3f950c85de5203436ce34ee1dda27bc82ce311631a86f7770	743
134	images/animata/cards/134.png	fb388424265fecd9877cbf507a0751f77ec66b72274427f40bb1ebd964f7fcb2	1961653	videos/regents-club/134-v2.mp4	dd4169d9937e568f60d25efb242393b214ef4b0207e55f7892087ec3e441880c	652090	metadata/regents-club/134.json	88a04d04d1e5ffd813e4e55e0876de2ef481648afedad69e1977bfcc92e58042	746
135	images/animata/cards/135.png	08fd95b408087a6b8b941913efbfd33fd71e16e76db34c655acd8afa7d58972e	1375265	videos/regents-club/135-v2.mp4	ab0dd04c25ac18fa783841c105b5fce95cfd87314fd0f0932d194efd2d4deb72	241390	metadata/regents-club/135.json	c860b5057e78fda3a82bde935de4f29287a6b2be950306082b5de66f3bf9c8fc	748
136	images/animata/cards/136.png	2afaa1b067a7823bdda94fce089f9a094c307082264a8f53e76b6e9cd29efc1c	1716785	videos/regents-club/136-v2.mp4	1e770f5aafae8bca49ebed53e761d48a060e7327b65822668cfe905ef8a4011b	528492	metadata/regents-club/136.json	e9026606ee04659c43714d62319bf2b093edf0cc29e506ae446f79799bde6fbf	742
137	images/animata/cards/137.png	99896216c162d367e924855de8f87412c181de0e7e9ef51dce467d838c527d10	1569310	videos/regents-club/137-v2.mp4	76c7a59fef14c10aed94abd77dca14cd554a0feb8e2671ba93ba757ef1c6bb80	522079	metadata/regents-club/137.json	84195bb9880be9efd0355e7a1eeff4ca042f87366ad96c8ee4ef6493af59ef5f	741
138	images/animata/cards/138.png	429b679313c05ea66b31c7c6a1febe53d40e685c7619321a18972beb0c7b1665	3309777	videos/regents-club/138-v2.mp4	7d0da4920bc8598a83650b94c692eef91de82cdffd74de455ca6a6ad6d5cadac	2449636	metadata/regents-club/138.json	e615d7f16998ae2af7c387c5d1ccf4c7b36198a67d81660a48ded5b76a5d8628	745
139	images/animata/cards/139.png	e919f7c8bd9deda53e4983979b470b22f04903c6637c95da4baca9886a6e0a32	1513919	videos/regents-club/139-v2.mp4	6817732e5633d1b5193c72af1658db3121ae26acb5abad78a71a7df78a670e01	255146	metadata/regents-club/139.json	92f1c127f68d8a54a8f07cf2185524e595fb69a8bf4a817c2ea48d5620c759fd	745
140	images/animata/cards/140.png	8f781940dde2b4ff8fee54f8ce5677b76ccabf92d9f8ea66f23e7c507b1b7008	1527013	videos/regents-club/140-v2.mp4	d34c9be15fc02e6272f2cc5e8e0fbb5d4f2312464623639a3be85bd680f05dc1	244502	metadata/regents-club/140.json	f118198bad031136fcc6f861d4dd4c6b0cdef6f76f18152e84fe53b6dedfdaba	741
141	images/animata/cards/141.png	743410c6073d693a5adc2d3d49d73bd2b533ee2db81acc51b02f5d4a3d076f22	2201765	videos/regents-club/141-v2.mp4	af69c6a41d0391c41102e70a0806da92b11274980fa900932437fe10964a422c	491375	metadata/regents-club/141.json	e6911540bf3cc6f9a25726fe48df6831540fa89f9da6d5fb075ab2e6b2cd1456	746
142	images/animata/cards/142.png	8fab0345a71deefcada6143502146dbcbe4e3167f9aa51426df81726d53bec23	1500871	videos/regents-club/142-v2.mp4	db00d9df795beb0808141f9f585fbdd36beb4dbb06cd130bda8e18013861687a	414367	metadata/regents-club/142.json	f8ba4d1ba53d124767bafaa23e4eb0551713a48b83809b6be65cc528655a9e3e	741
143	images/animata/cards/143.png	c311059e22238f09bd87f64ab4ff44be703475e5e4e9702ea33a067508618e3c	1521012	videos/regents-club/143-v2.mp4	ea715ec8745bd4c5e09c72eea4d9da3b28202b5e58594c4ddd057666d2f1fd3a	286972	metadata/regents-club/143.json	609fb9d358b322a6c0be4167b50f9888a27665fba760ffd3eb3e10cf7a14d819	742
144	images/animata/cards/144.png	fedc6965f51758b8554e2f2d1b73fb6a22730e8080fb8463694becf06fface60	1392841	videos/regents-club/144-v2.mp4	1dcea5900548766f6bca3424d5566b7f22ecf6a56a44f430516d24660f5f757f	195265	metadata/regents-club/144.json	8528d730183102b3ca4b85cb7a192cbac9d7947cefc9345cac7a46dce049f7a0	750
145	images/animata/cards/145.png	e11d1df0fda181e5fa1dc747d4015c0a639a208e5dcb098c4e01465686dfd260	1698169	videos/regents-club/145-v2.mp4	f62de8662773dd718abf8e094f5b4455c8914b0a27a65a4564f6fb77259a0df0	425136	metadata/regents-club/145.json	fc588efd676838e4857549e10a9374ed7f001b5d3bfbb765efa874ffd36d2afc	748
146	images/animata/cards/146.png	84c7a99fc56e4c379eef81a0c7d3b60d18b88dc74c72f6a245ddd76339d705f9	1536162	videos/regents-club/146-v2.mp4	60de20c33baf5fbdb840454234044595208e12d5d3bb5f6bc616f753356d53dd	433670	metadata/regents-club/146.json	bdd448149ca18159c2bd0e60e8c492f30c3a1535e3a52fa58e0cbf0e250ebd5c	748
147	images/animata/cards/147.png	639ff2cd0c5b6267e1caf3a77526b13ac807fbe2a1410d3c3046f1931e1cc6f3	1469869	videos/regents-club/147-v2.mp4	e702613f1690064b8eeb52390d4c16a88f30796d9b11287ef1eedb4f31621b5b	362989	metadata/regents-club/147.json	11b6940738ea007848946b31a6f8d7a7dcbadde9e98ab767e4817f25ddf884e4	746
148	images/animata/cards/148.png	66566eea39d4cab879c600f4857dfc7ec268692425eaf89f50f47e642f16a895	1732174	videos/regents-club/148-v2.mp4	03acb183265b5627707f3a0471e088af23b51cc08a0fa4f9dc657827ec486db3	361018	metadata/regents-club/148.json	ca50bbbccd74713c75e4cc4b318245733d0b66a01404c2b5a9893732761a2ad3	747
149	images/animata/cards/149.png	81db9d96395d1708b498ce749bd06abb26ed501d1d95f59d34c3c99aa685c1e1	1453241	videos/regents-club/149-v2.mp4	f7a2a12a07f2085baf0a4324678ab6e935189a4e4d4cadf126d0447f0eb67971	499609	metadata/regents-club/149.json	fded7a8cbd7935b437982b2a19a5eaa3ead1ad56e126ccf93853f54be3b7103c	747
150	images/animata/cards/150.png	da4234ed0a7684028a0da902d6a8661ac38772a35c52f5cf4532e30d2ec0f8d9	1740802	videos/regents-club/150-v2.mp4	748911459e5273a78c4cdd1dc78d69f0a397e72185aeca1ca719450fa9cffb91	612329	metadata/regents-club/150.json	1491b1affbede9351deccafabd307e43fd9ef7ea8bd5843ae4c296a34ecd93f9	745
151	images/animata/cards/151.png	4780cf7fbbf0bb45c07937ac0a24d6d8a5b9bef527b00d0f66897242618caaeb	2047847	videos/regents-club/151-v2.mp4	ee77311bc802c9a681cabb568b44f3958831d77deb2e0df474300c13e75c93e1	291433	metadata/regents-club/151.json	7da503d91a39823f69f1453be4de4b57bcafbe1c2bd2209897520d209c7983bf	744
152	images/animata/cards/152.png	21cee2a2411e011f73c841aff8bf0e3e90ee3af97fd823253b99560600304079	1759226	videos/regents-club/152-v2.mp4	0608bb0c88c1d8fa8eac207b3191205e63eddd0ba289b2724140e1b18d286a99	655051	metadata/regents-club/152.json	7e5e2dd9ebea191ce56d96203aa54f667400e1502ac4a741e56cac4b7de3b3e1	744
153	images/animata/cards/153.png	3b57d012111b50fc9073db449f9b8212112311ed4241a09d55738dac9b6a62eb	1630376	videos/regents-club/153-v2.mp4	90839cca7fe6b601cec825c3c095244c157bbc0d74ef50c2c5a42b23fe46627f	542784	metadata/regents-club/153.json	5d5a4cb6868203bfe424e1f4f13817886feb2f3483965cc831a8ac5b0131946f	745
154	images/animata/cards/154.png	7e8ae9e4c7890794263516bed3026dfcc099ae04ce7e7b0bacfaef649ed86b1e	1660658	videos/regents-club/154-v2.mp4	623c30597dfd7e24ed98983f4a2af937757fd346509b2819d6939a806c4de4dc	491153	metadata/regents-club/154.json	52ae3e67720628982f33cd8ef40faf93127b7391b13f2040b9eb72e4820f9bf7	747
155	images/animata/cards/155.png	12ce6289d358bd0eededaec55dde924afb54766db5441b166b05613832741a85	1563909	videos/regents-club/155-v2.mp4	13f9e096da5e0ef6b4a9a2548c5616cd535035893f5ef0e2f38e442c3e0c4a1f	228187	metadata/regents-club/155.json	38a6862fb2d2c0356e6742f82ef48944e6936eb3b7977ec769d95da6dd305d48	742
156	images/animata/cards/156.png	f7a75f5bb544e623a61478ef4a8cd28f0fa6323ae1c87b792c3aeb042467a60f	1963224	videos/regents-club/156-v2.mp4	a8fcb537405f220681f5e6a0bcc121684a6f32ec5165b15d695db19cf080caa6	441869	metadata/regents-club/156.json	4225c0e43c75acd4c1a2e20070ee9e3aa72d958d90388933213c8cd82e807479	745
157	images/animata/cards/157.png	2ce6a46d5c78734b26e9222c463d7a1ddde118e05516cb648fa603bcf1606f2b	2163535	videos/regents-club/157-v2.mp4	efb7ee3c47c0f4af4e27857c5ea62f74f3c18443439344ed95544c028cf0ad65	759217	metadata/regents-club/157.json	7d3a3ca70f98d23b66acde07ba007dca649c8f8cb741ff8e7f1934f01f215329	744
158	images/animata/cards/158.png	771a4c6f536704e3265ee40a73302a5d4adc8757e212b32e53bb67b7e03335f1	2357192	videos/regents-club/158-v2.mp4	cdd8593606aab737d1203559eba1cf7b86596fe74ed56a2c6320859ebb60b140	1104917	metadata/regents-club/158.json	5489f967211a676fc229e67643e84b7dfbfdfd3973db9b255d677d24784061fe	746
159	images/animata/cards/159.png	a6732eb7148b981583856c73482484c719f543559ff7a047da51171dfbfd4fd1	1940396	videos/regents-club/159-v2.mp4	c2041a409cf9526e7e2190383087d49b0385a3c3cf93e3575aee51c31c8fc039	594726	metadata/regents-club/159.json	58208d40e83457d44740f4815cae92a662e6e2b7d2a4b7d3eefcfac0458363e6	748
160	images/animata/cards/160.png	b80331c684fa933a7c34141a5cad755da11381544da47add644023ab9bc4ab2e	1185355	videos/regents-club/160-v2.mp4	0c393adbde75a08b18c120b057da5a5c38ad4f49b7b5a1cea45b3f1849af1fa6	124045	metadata/regents-club/160.json	e6343e039130a2d604e467faa8de77603ec519553a3beda187123afe44a16373	740
161	images/animata/cards/161.png	c1703a665d27e31f4e14b05a951c5a53d77b99a28c1b678ee18c16d00d008349	1531170	videos/regents-club/161-v2.mp4	f8e56b6a79cb644441779cca7567068bf609aeb2b91bef9028c00c98d7cd13f7	407609	metadata/regents-club/161.json	58c3cf389e1e801b2eaab9ed971e1a3923cd70758dad682e4b03c64eb55ba1dd	746
162	images/animata/cards/162.png	07492c511cb9cdd1430efab98716de1b7319e03de1fdd49e488c5a42616c82ca	2916408	videos/regents-club/162-v2.mp4	0b3086b87abcd0a4c23b5f423234a3288b7573d9e1d245bed9627ea1cb04510c	1038585	metadata/regents-club/162.json	32fd4d8c71d0f99d13d2da894c753a6a2148595100a3bd37e4651a211bf3633b	744
163	images/animata/cards/163.png	dae0107d6f87b6dfca891da8e6de2ef507b3311955bae67ac4aea490eaa72736	1042769	videos/regents-club/163-v2.mp4	3af1a756b09a3d6e3c853d2d952e93770675d0fd43ab8b377df4e901aee3a8ad	224378	metadata/regents-club/163.json	cf8f9278b8de56396f8342b5afe6c83e9bc45aa8de9587f8fdc361076264ae33	743
164	images/animata/cards/164.png	1cb5e6a6c92e6e01b499739dda50dfbecee72510781317875e817dab3c92916c	2138918	videos/regents-club/164-v2.mp4	c042a25aa68e1c473779a9d7e9e2df8c9b1ddbb44f570260d716168c9a1ec2c7	625884	metadata/regents-club/164.json	553637f3022f7556ef064a94a21d3f3e98f179f4ed0b81e988a5d282324ed91f	747
165	images/animata/cards/165.png	1f712c269af40fd898fd47876b4d97e8a9b67607ad5e15f9198f64f6835f19f2	1442579	videos/regents-club/165-v2.mp4	36b3a6db16423476d8148c55351917749e70a4472eed68afd09689bf0037423f	274248	metadata/regents-club/165.json	c41ebea5a7a2452ced4c07cbe5fb6af50f47bfa6dd6629f0379073e05447f45f	742
166	images/animata/cards/166.png	3a4bb14b51166cfea60bb45d815b8d514226ea63f0f4945cc9523ffbd3c7a87f	2114434	videos/regents-club/166-v2.mp4	88cb6c0023670f6820df18d91861b1858c36bcbe30f57be6837d130bbfc65721	1404924	metadata/regents-club/166.json	6c69bd8f494f637275fd0af0da268d24c75ff5a7aca218e195db1b974336a380	745
167	images/animata/cards/167.png	ab2b6308201f2e7c5e1931d274ba957cbfebdb38bbf092671cb37253a5032c0f	1708782	videos/regents-club/167-v2.mp4	20b6a9a93247784258eb85d1e48f7661f32daf50567866a9989163894f004ebf	236715	metadata/regents-club/167.json	4a5337f39ba5f2baf39fbbb20d9fd72faa9dd70f86f370521e33ad66372d4a88	744
168	images/animata/cards/168.png	d5fb9ba38a3a200bb5ef9e3887e0d2f322121e234d70389a47712b1cc13a08e2	1616127	videos/regents-club/168-v2.mp4	4e0080b72c5475155ed8bd60310f0d40831af482e90ba92c9be391e3e760b7f8	474080	metadata/regents-club/168.json	307d2aeab061894b2e5d42f278b01d480cddbd797a133a583b7cc3e9f8faa551	741
169	images/animata/cards/169.png	f718be57517970196744f0f2080d0392e54b10c20eddfc6d32c31fcada60f18e	2497154	videos/regents-club/169-v2.mp4	2994a58321833ab9706cce030cc044a7c78c6b8bd8afaa74fe2472ddf5137d0a	971533	metadata/regents-club/169.json	e9e2b451c87161875e5532b1db9bf84011278775b69994bbc39bbe8e7b5ee12d	745
170	images/animata/cards/170.png	ce2504f2b1429bb4c83d110a2e2bcf92130c6efdb2f05317d95cbcb3f7684dd0	1998752	videos/regents-club/170-v2.mp4	60913818be59f03d2b4b0620a0546724f23052ff26aeded4cf89f8efff626c02	794643	metadata/regents-club/170.json	c4de1491e1d236567f4cee705dd103a7390c0b2d2f31f9e81aae6cabc3efea78	747
171	images/animata/cards/171.png	da479245a2793cefa362f5f340ff7b7f834024d2485536c35961bdbe4f71f568	2483249	videos/regents-club/171-v2.mp4	ff1079044093bb59928ad06bfd0eff9e7371e5bf5ea68485767e77070697d9b0	1336389	metadata/regents-club/171.json	a2286ddd5f72035900c44e8476f5d9fa37d968071e842373afb70b6ca46bcb70	745
172	images/animata/cards/172.png	c700b6dcec4be549499fc349a355d33ba71621923e8ddc92c396dba439db0970	1477806	videos/regents-club/172-v2.mp4	cd239aabbdf9590113a0fb8bdc492a18bdffc147d4214abceb39372ab5af5659	345952	metadata/regents-club/172.json	55f6e996f2e910a7066e98def2032f30580a2d65f7d26e0cc472a1b8e1e8f663	742
173	images/animata/cards/173.png	c357a318f08a81cb217149571e4605fe8c3a50099085ae93bf04560efb4fbad2	1969332	videos/regents-club/173-v2.mp4	b1a157d83cdca8baf3f99a677cd077986e81f4b03e26aad090e45172c74337b3	552241	metadata/regents-club/173.json	b81a9fb6b6273c9a107b5773f6cf09e313f7c34b1a9d7814271a73843319ee37	745
174	images/animata/cards/174.png	485ba4a76f6e41132ec093dff8dd896967250fb25ccf4df9e9bc0dd6d309e676	1943820	videos/regents-club/174-v2.mp4	6c9d371f47bd67ccc4516d5bbd41f03530eb5b2d67f1352be8cd7984980f4c34	421260	metadata/regents-club/174.json	f1d0485bbf82f9f1875a0033e6260e73899d4c9a7639f200b3edb401fe894634	743
175	images/animata/cards/175.png	11f08e5d65dacf4d093fd3afbefccecc0e83af66cf15dfdc9df15a022ee44a2d	2560170	videos/regents-club/175-v2.mp4	29f2527db0aa12ab983e2e18a452fd19aa649ec4ce49873e1b6195dd180af630	1019771	metadata/regents-club/175.json	85d384a1565b71dea07a114f5c920410b1766c315e18de90c60dda1b92008150	744
176	images/animata/cards/176.png	dc6462e02344a568684057e634b7e7bc8e8abe90b2d318a04cfb3a32a894ef74	1642818	videos/regents-club/176-v2.mp4	1aef5663f8201f6da250f94e867c690a70a5cabb3bdaeb9b7bbf4a3eee0a0c5a	499429	metadata/regents-club/176.json	6a8e0cde4ad368570334fb1339aaaa53c6878dd15e644a4ebdf0fefe13cf2c42	742
177	images/animata/cards/177.png	af116f3d9cac4859472eb09d0a909a220c6a11145658782cc10426eb109387f9	1537240	videos/regents-club/177-v2.mp4	d03f1d640eab0c755429cddb6ace2c3fe450a7901fbc2bc096b9d143995334f5	501302	metadata/regents-club/177.json	c2b861076382377e4e4a18674c334d6b827668fab6e3ca5a912c78b6c281c4c6	747
178	images/animata/cards/178.png	330a4cdca8e8bdd8dfaf0e4fb9eb36e05c962c8c6cf83c6890d15831a1b5a5e8	1341769	videos/regents-club/178-v2.mp4	5d4b4aad2abeba7d42537fe2cbbe0240a9916a7baddf0f4ebb7910b0593ec639	352397	metadata/regents-club/178.json	d8946fa84e7f81d51a8a2aa8b9ec961f733a78b8554d2c1a7abc33694874a4f4	747
179	images/animata/cards/179.png	b0afa951a2ef446ec4acaf56964536c061ad8e735cc887b379d651df94b84394	1614618	videos/regents-club/179-v2.mp4	f4abd4aa2416a36c2dcaa568236a9bbb314fc03ffa670e4ab1a954930af86c4c	318810	metadata/regents-club/179.json	6966eb1ba2a1a651b354304a8042013845305c137c2dd8d3bf1fa90f109925a8	742
180	images/animata/cards/180.png	b57a3f53bcee7c24dd7f64ca770d366640c1ee70ff88ba50305117304aec8d8a	1634095	videos/regents-club/180-v2.mp4	ff3d4b6f56029e2bdf9386f15c164ffc766b8762598cd41fad7bf2c1ffa5e63e	344835	metadata/regents-club/180.json	6e1c3f1f10e5ef220bc40f710cac419d6559a000b67873d94331a3fda00be0a0	746
181	images/animata/cards/181.png	10bc120f4efc82c5b6d1928e960067fe9b70f4361a681d2959cea846adc5ed86	3497354	videos/regents-club/181-v2.mp4	cbb9191bd8c78e53461448366a2ea075f8c1e25a5f1827672c5b4fc0f815fe78	2078797	metadata/regents-club/181.json	aaa9320368fa8854cb47fa79780c033e1080eab523f80d04e1d1a446b4f72f56	745
182	images/animata/cards/182.png	729b744e25509602a6558e1a20e680c572a08e74b5f52858c1edc883efc569b1	1627317	videos/regents-club/182-v2.mp4	9b13a217be7edc5ac3276856dad963463c201ce917cb9baeb33e2ab8c50bc1c4	180835	metadata/regents-club/182.json	a3fcd106ffbc139b2cfef3f11addaffe5d5d97df6dff46c1d7db7de5ce0a94e1	745
183	images/animata/cards/183.png	f7c61102e43262227409b1690df495f936f95538788efa6db016adea92a4f749	1606260	videos/regents-club/183-v2.mp4	bcceb99b1d41f945e454995a8704d0c5ad86d51edb672d18756481c8d5f07947	333990	metadata/regents-club/183.json	9be7add32d57d98aec4e1428e02e6a36f3bc37ed7c4b1ad94fd48d49416f3c6b	745
184	images/animata/cards/184.png	8604143aad71e7f4c038f2a8216ec780b528b9a0e23566953df3a87bc3093e96	2112862	videos/regents-club/184-v2.mp4	c425da85239034f8758b8455026f8f35c9f8aea4ff46d0771838865ac56ccaa7	790058	metadata/regents-club/184.json	f44cdfc8dc0def4d0967a7b6f9606dd7732191410727e7569d97fd43dd16fba9	744
185	images/animata/cards/185.png	d2026f8f6f4423aa3575aeaba556b36b54573272452256b938c5242f8cebb86a	2119919	videos/regents-club/185-v2.mp4	cc715ab0b53a02c0f439b86a55a172050ce6163cc95cdbc058598ab7d8ba3834	657114	metadata/regents-club/185.json	c43d461d57f6e06888bd51ed7efe895c7e1f8915222e66ac3670ea3f4e4b8f31	745
186	images/animata/cards/186.png	52d13cae3fc880f3d1e08669ae4ed39d8379276fc86708ae2cf2e5e71cae47ea	2324957	videos/regents-club/186-v2.mp4	38185cef17122e9cca7747a2657197ffb9997032e83745996fa7e406c1c83dbb	1001731	metadata/regents-club/186.json	0dd9cd8cac2381dc2770b1429f1a4d48d7a06e821bc8b78015e85a9092ec26d8	746
187	images/animata/cards/187.png	e679213c7374374b117275bf5fbac6d9f1218e43bcfb60ba9963d1d3b26f5713	1911245	videos/regents-club/187-v2.mp4	21f07518c149ea0cbe5d346e68ae8378f24b608c729f9092e51c8f515c2aeefe	573300	metadata/regents-club/187.json	231ed634b98e4308309de89c328941f824a3146b856f63d87bd4becd88966c4f	744
188	images/animata/cards/188.png	b38f9fd8fccf24b4034a5fbde306f03cf8614d13db9f9b4872f6aec5be6161e2	1681920	videos/regents-club/188-v2.mp4	d9fe93c9a91af43ab231680f819ff1d15d55764c19d4551556adc62ca472f731	451752	metadata/regents-club/188.json	a5d8961191439da7cd982976f673a8caa95b86bfa705d8b3eb4eaa0c1daae232	742
189	images/animata/cards/189.png	bdd603e62f7bedebddb97b9238a4a32b3cb9793090773a15634d3c0e1ab2270d	2186916	videos/regents-club/189-v2.mp4	31766e28516aacfa20ae7ca82e63fb6cdbdccb3db2fb5b8d3a6f811fac5e1765	691698	metadata/regents-club/189.json	8969953af9b1fcef361588d80912665a783a210d6d5e16d264516273c4ac4c12	744
190	images/animata/cards/190.png	14d13ea5af87207308846b9f7ea572b5be4ae0ef01eb39a6738c22f6d2f64f6e	1632872	videos/regents-club/190-v2.mp4	1cde776da2a0cca6addeceeefd5b490ff3e3cd7a920e18efafe1cb68e6f3edfb	337015	metadata/regents-club/190.json	798dffd437f97399c780ecc3100887b4ef276f52b3a5a52c7e19cbe88373e613	748
191	images/animata/cards/191.png	12e858c2a9a22491dac1d639f80e741e639f2ad9440ecede161783273d421619	2478825	videos/regents-club/191-v2.mp4	77b575f6b02e56a8b858311a4b5a2b35142106e7a470e8f367eee7c2b9c723d2	1377107	metadata/regents-club/191.json	b68dc051f5ef696de375a765c7e42276b205f665c630f9ceb54d8f6cfbd3a7a6	743
192	images/animata/cards/192.png	5d2f473d62659ae344b835620c0392062250f8e80d084915ac638e740efba1cf	1992409	videos/regents-club/192-v2.mp4	8ee49938a94373f5850b7f07be65999ae6613b9e5fa65c32cd4dbaf1f6f8e48b	503124	metadata/regents-club/192.json	515af47c51ab8471d4e9cc08e17a117e5ff9f54c21bd17a304043292b9d63a3a	745
193	images/animata/cards/193.png	6a5bc05efb65f7d86816521893c55e5cfe19d0c2ddd87cfd1394d85a748ac16f	1480781	videos/regents-club/193-v2.mp4	48cdd270b047d20a4380617dc71561234d58fc66b2069f36b6af82ccc92a1d7e	375799	metadata/regents-club/193.json	bee3d659f06f2f644ab2546d5fdc36541d564f8a0fb7b7cfd7c272399afcadd5	746
194	images/animata/cards/194.png	dec206129909bba08abf15176103231d178b8c11109fd8596c0375f912145e33	1377332	videos/regents-club/194-v2.mp4	74cc70d26e99949a96dc6ff1254a2062deb0fefcc37448e0f78f21048a8ecaa8	310301	metadata/regents-club/194.json	50e9a45ac39894f201e23df63bda6df2c7690418cb154bb78c4c6ef9a1182ce8	742
195	images/animata/cards/195.png	8cb180a2403ebef21b55092fa39705ed04b4082051fb8405a60c4701b1a876b2	2715149	videos/regents-club/195-v2.mp4	bd1332b333813a7136edf9924701581e3a666010b0f2434a50636c3eb5c5bea9	1095499	metadata/regents-club/195.json	f5f2aedfb03d0f8f6b6a8f4238f273179f9e7a67f837d0276990422ea4ff2d33	751
196	images/animata/cards/196.png	81e2c0bcabd9d42764a172b1ebb1e23f05cbd4f51b62b71399562cb702a4d771	1671641	videos/regents-club/196-v2.mp4	7fa559aab77b0fc8d2d2d3b3c94285559cab8e1d7503f93b038f8e5bb02315af	427430	metadata/regents-club/196.json	7fd14acbc519af016d8f209174fa000e4b99b13828287b6136c5dafc0de48fdc	747
197	images/animata/cards/197.png	315689345088f231b32ff7e9b3fac82fdc269e204ed47e5e5be1868ee96dba7a	1341324	videos/regents-club/197-v2.mp4	7159f398b12b883ac3285065f6ade4c63eeeb7373f5d03dad477d275ddaadfd1	198724	metadata/regents-club/197.json	7383c6fc356792869c55adae04a38acd42e0b535657eab41a345e62593b5aaa0	740
198	images/animata/cards/198.png	0a0b728cacd99dace6498cebbedd224c458b48c2afe145d5890c25d968c15b1f	2901671	videos/regents-club/198-v2.mp4	ba6ce41dca9742e5691877a831ee8a77af9564533b5d937d17bdb636461f21e6	2932186	metadata/regents-club/198.json	e3989a4f8e8ff65f12cca787aedb7d0c1db5f1915d6b0b563d59d53e5bcdbd7c	745
199	images/animata/cards/199.png	d31eaaa60434343e7e7f3bb3065e641b45e5d82e0d12cc07ab3fd5dbf86ec9e6	1589450	videos/regents-club/199-v2.mp4	e08ad7a27c6cc470eb4569209e9078f7186c691101ccacf272718715960a32cc	299219	metadata/regents-club/199.json	97e8bc4f592411a3d9ccd00eb743f96e0e3d8480b17c3b30a9d1aba4f471f307	746
200	images/animata/cards/200.png	8b091e4ed232111452237f35ef3a6d8afbe98b04ec93e7813dee5f0c770a4473	2377207	videos/regents-club/200-v2.mp4	80e229bf8edfdaf38e1ba5c76667a0ed3a4313c29c9b6ed30f5d517d72f4262c	472109	metadata/regents-club/200.json	0a687d9b4ba627474fddbca7fade2faa86a39c2d104fe150b16e40783c543f7d	745
201	images/animata/cards/201.png	997aa1b38f8a488ebaa1f2b4fc3efbcaf4e55bb66f6a7f481473faf4b6f9baa0	1589161	videos/regents-club/201-v2.mp4	ff4106b11387daada99af81509d2fe75896a9990b7eeeb9f4ffc7659e376f754	401097	metadata/regents-club/201.json	8a2dd5ba2c33b3797cf48151cc9aea65b03681f424d1c4a18cac2c0c11bab8ea	742
202	images/animata/cards/202.png	0c007b2b9bf9af5fbf4119da56a8997ee7ae77371ef5b72101198994b1fbabc7	2251916	videos/regents-club/202-v2.mp4	7866d5a6ca734292d5b0738df203f68e0a2e5fa94bb3549831031f34b3fedd11	593798	metadata/regents-club/202.json	dc5661cb269e04f9ce86a326e2b73b3e57070da4d313be9b2a8ba5e74deec695	745
203	images/animata/cards/203.png	0bb6d08d7e67c53903f1842ec0707d3b4d796ec6955f2d627f0cac1456b84058	1122698	videos/regents-club/203-v2.mp4	6e0c0bd0e0f43f875556eac475b74814d66b9ab7d9ac28937a854d0335b4b5ab	224758	metadata/regents-club/203.json	5c7008446c239e13f0642bd24087fadc3db3ff0a977006b39e7104506026ad7b	743
204	images/animata/cards/204.png	dea5044a86472f08499e6ff9e649ff99b946a2776825183a73e848f12289a48a	1748556	videos/regents-club/204-v2.mp4	eeadb993824d02d0e8d68581bb5b2adc931157ed8cb4e18321ac80767a6316f3	768167	metadata/regents-club/204.json	a7a9300b713fdb02a0ec6621dffda7b4bf2439cde1ae262f31010567b0c67650	746
205	images/animata/cards/205.png	16c8849086bde778fbbe385696959e6cf2052f8ca0d16c6fc8ff8dd32951ec32	1340008	videos/regents-club/205-v2.mp4	ba6d53e828b5c8e320a397cff07837c0f520683bec4e7eb1083c32aacd84c373	196052	metadata/regents-club/205.json	f8c1b1f22963abffde44df2bc1e6b9c767cc3b3b85dc5970fc6ae4594e0f5062	743
206	images/animata/cards/206.png	f7ff37cdd65f81d66a54fa9a61bc18c19a365e8525b1258ac0e3c94aa60a2487	1757331	videos/regents-club/206-v2.mp4	068a695e2b91c91e23ac139fa32c47c1bde3b71be20307640944e70a815df2c7	355753	metadata/regents-club/206.json	1b049a0c387afb704d42baa0026b0c12ee3f5a21f789b8313dcefa45fd86a473	745
207	images/animata/cards/207.png	23720ea0c3cfe99cf7f3d8e9392ab56ed435f2c3695f6a3b65647a2f18c2633a	1411862	videos/regents-club/207-v2.mp4	04102c24a8ce5dbc5ef7aa431f2f79536a3a6634998bb33cb0b82a4d497d9dc6	240583	metadata/regents-club/207.json	740abce00ddf7a7de84b0368b7cbc6fa7b8ca7c48144f68ec9a40c5dd67cdb1a	747
208	images/animata/cards/208.png	0ecb9cc12744f1d9fb758ca84b56041b0d966020985ede1364dc4f61c41ed661	1470634	videos/regents-club/208-v2.mp4	2b947a8a5a5cf2ee27cb32deb6acc975d9cb1b7f267d96f5bbc8b39f96d8b237	609687	metadata/regents-club/208.json	0a2a35e31b404151ab60d9df74d8d7193b8ed2dc3413c35d28e15c811339c752	746
209	images/animata/cards/209.png	bbdb347d3b1a634992bcebf09b51a43e39f6d0b2b1b226bfec5f04940fdc5db6	3288172	videos/regents-club/209-v2.mp4	24a9e9f21938e10b68f102b5be08fd8a25ba0db30fb225399264f915dfd98a30	1381457	metadata/regents-club/209.json	21767692a734ee37d0f584711c5264d9eb0cae9243de93b9f69e9e8d69403c46	746
210	images/animata/cards/210.png	f3dad9f2b85ed787eefa7c5ed21740cfaeaa5d12a6b25785677bd7dc925be198	1471019	videos/regents-club/210-v2.mp4	2b0bafcc8dece8cb01f00483c11d44136a00300b6a2d17725f78ca5ab9c178ce	274820	metadata/regents-club/210.json	3a70505f0a904a31f76ff1ce59355f3d083d69102d4130cad4043e116b18a2e7	746
211	images/animata/cards/211.png	00bdf3ed247d1926274c5115e28c5d40063798c7be0a1abd239529bdc04071d9	1642466	videos/regents-club/211-v2.mp4	15b56c2a3e74ad49831fdb47b971f08086062cc771111d9e3a9c2ed268429b9d	378467	metadata/regents-club/211.json	7c8be12390116b37866b2ebe81563296d7e822778a550c472b1132adfa655207	746
212	images/animata/cards/212.png	2a1070ac614498f7e5e4b0164afd93342a7f6d63a79bc17ca8eb1672cdb3056c	1170107	videos/regents-club/212-v2.mp4	5680a09a076d4c020832bca928d89af9eab82a9e0f15e542471c3a83b9930167	213700	metadata/regents-club/212.json	f8cb9592ea471f129e429b52941c0b032115698d2974b8b23b5c650a5940f0b6	743
213	images/animata/cards/213.png	64b737b342814bdb77e73ff127d44516d999449d3d72c644e66ccda4fc5f055c	1756623	videos/regents-club/213-v2.mp4	766131519bdd8ddf2a20282c7459bbd4990aefb3008b79650eb03efa7ff9c9f7	470088	metadata/regents-club/213.json	60f98d20475f9e6f333e75cbacb386da319251a7ab11c2a1510d097bec629a59	745
214	images/animata/cards/214.png	7071101a8b9c7f638977caaf548f9a9f6fc3e7f5457fea5c143390c62c6c24e3	1551481	videos/regents-club/214-v2.mp4	779c1eb88e5d3ef308026e86f9a4ce7c04b1ada58da78ee50cbc34c9326ee0d7	504927	metadata/regents-club/214.json	b4b41aba1bd96e1585eb00016aa9f006aea0653ae14f281ce817905b185f4670	747
215	images/animata/cards/215.png	179fc1145bbe1f471669440165ad132f61589f03511e57e091f93dda81ba9239	1756173	videos/regents-club/215-v2.mp4	4219183e156896ea038bdf24fd95e09789d032896b4eb1ca93934cc5ec64b2de	313730	metadata/regents-club/215.json	5554af23a427f6feb7c127288f71828392c4c70f6cc408339c1adfc0f47aa6c1	743
216	images/animata/cards/216.png	0a96b61474f8df08ea327547e7019eb7c876fa1210bd0236a45c0f4c64162310	1786534	videos/regents-club/216-v2.mp4	11f6e548b4cc3f6e1248b393fa35a6bbac45cc8a59f9f282258e638aeb862bcd	323738	metadata/regents-club/216.json	ee524264e294b08d532396db630912a06f1015c4bdc9ecac63a655a31d89882c	746
217	images/animata/cards/217.png	2ac9d95254ef264dd1ece561fd086ef4c2d96b44c5d976fc96bc9460e160817a	1805885	videos/regents-club/217-v2.mp4	0d5b62eb7403d2686c03597366400f218b2a15f56c401fea6bbd44f367957d04	525230	metadata/regents-club/217.json	139174804da8931d2db9f8f4c1d6421a9a3328efc5f98f7fc564f617a0e53975	744
218	images/animata/cards/218.png	b5bc347323867c2b3ab63b57072c2645707c9d4a8029d5f24e80efa530226476	1227758	videos/regents-club/218-v2.mp4	87589f250e9ad6bdd5c88fea440efc31fb8f548d39cafb39d4930ba1233ab2e5	300704	metadata/regents-club/218.json	c67cbb2ff0705be536bf249f5425f1fd38be82876a8182702911c333a44f2ace	743
219	images/animata/cards/219.png	40865ee9854d2427cb2d169ca2ed96807be8783c0648ff99bb0665cdd1ad0731	1258646	videos/regents-club/219-v2.mp4	480f9b82ec3b9cbbc889d7fe4716025f10123d4b3609cb39bf8ea04d0a286233	268009	metadata/regents-club/219.json	ac84bcd68e7ac61659744d38b1d69c8c5a621383d4bd593b7184488a61205264	742
220	images/animata/cards/220.png	95db79107de19ca818a295f94e59e49e72b878500bf3f7be390b4168474e01af	1522931	videos/regents-club/220-v2.mp4	e2d6009b9cff0ea3c0bf20d35705b4e4959c200c24a6ba3c4fb04bc24901102d	351649	metadata/regents-club/220.json	728fc06d67f5104c136d3897651abb9ac3b417232732cf58d213d040d461bb16	746
221	images/animata/cards/221.png	0e36dd9a5be0c5a477fb0b5f0d25423a3d646b45426db95ceb693907f2dca4af	1637271	videos/regents-club/221-v2.mp4	9fcce6b6ed86c93e3d47c3c295a965b42c916f93bb99b7eef2085342563a56aa	462011	metadata/regents-club/221.json	b724450979b80f3f2d1ddcf12d1b56e4aaac6431193b23fc86e1fd75a9faddde	746
222	images/animata/cards/222.png	41226c37012b8250220d8d43ebe81a3e76f842f98312eec6c898afa018f28f38	1392520	videos/regents-club/222-v2.mp4	73d2766db51c135fe6accb9382862a2be1d0c370b70b4e4e5e97c71bc8f19101	282899	metadata/regents-club/222.json	53c1af8aa11510482d439c165cc2a59edf0eb3362ef7b9dc8061f223de069d25	744
223	images/animata/cards/223.png	1c96beeeb807d21cf213e3da2f3732054a4720cd1cf0699105244e6ca5426c36	1714785	videos/regents-club/223-v2.mp4	2591cdbb05b33bd6fef44862fa38ec2ea613f45272a2e8c9338a53c3efb65603	477276	metadata/regents-club/223.json	6a479582492abb05f98eee0d438e8e4382e525efa3a84ce59b94c4a553bc0ae0	747
224	images/animata/cards/224.png	246d5ba38982e4268b7a412e39054c0814b9afc95aa145a89071671649460d72	1802300	videos/regents-club/224-v2.mp4	71a7287babd97d7444db5c1e59880f6cf0624b0919302b2d033e8048c1ebeed5	493173	metadata/regents-club/224.json	6a1368eb63c6191af0bf8e19a45824b12cf4ed0486478d3984c54dcd36c9c82e	745
225	images/animata/cards/225.png	d346ff38969967b67ff331297fb22fc58d5b8878213d661b8f306daff06efb08	3447007	videos/regents-club/225-v2.mp4	460be1a4f73ddec32b584c6b3b1c33bfe186542bb0194162c0bc938c513b4bd1	1853516	metadata/regents-club/225.json	e6cfc8de4dfb9b4bd51424043ecf69050bceaafae9d3e328ff75f6ba93dd98f2	746
226	images/animata/cards/226.png	418bb4dd6f3929d7534974a85e5cf06f6133db57780dd2c4164c6e6e7c3684fc	1384664	videos/regents-club/226-v2.mp4	0f307fea5f2f8c9123049d0390ecccfebf45ad339374e0e9117ea82fa00c1da8	208020	metadata/regents-club/226.json	4cb7050eb1585a183e38508364754ea56b8f72982f8bf341bf14d57495425b69	741
227	images/animata/cards/227.png	13939279d1122195db4d9361ddee6f7a59ecc0179a8c77ffa81d6b06fd9f279d	1176408	videos/regents-club/227-v2.mp4	36874d2af0e5982c297b6ef996584c1dbe3ffd561dadbfa67d17cec72911caad	192609	metadata/regents-club/227.json	a9b1a629b96de77a8834e33c07dd2c42ee18599158da1b75df0dc11e2ff3c437	742
228	images/animata/cards/228.png	996e68b65c55699e1b62f2df18532bbb077f2d6df7cf76177b2bda45d6f59074	2105044	videos/regents-club/228-v2.mp4	fe1590cb4b223755a93bb37060020ec3ace6a8f1dc360aa35ad96ff9744584be	425831	metadata/regents-club/228.json	81a3376806dc93e96ca53bff4b852c4665241ecb3cd151f6870de4c401d61cf3	743
229	images/animata/cards/229.png	7c9e9adc6aec77d367edcf011066ce4e057e235bd0e21d66e307dbc7a5b34ae0	1809919	videos/regents-club/229-v2.mp4	e4571a3cbbffbe8f1ff28b890da449f63bd55b8521193a7830b39bc8450ccc90	511185	metadata/regents-club/229.json	e4b06173876db384c97268026a7710bd1eb4cc023936321d4449afd110c9e5ee	741
230	images/animata/cards/230.png	9538265c5b50bea964ebc08dc4b70bbb86645152544490a9a65cb61ea73b8126	1401078	videos/regents-club/230-v2.mp4	15069c299eb19ce8e601f4196660e5378d03dfceab3dcabec3201eb5c34bd8da	267936	metadata/regents-club/230.json	fac0b4df6090ffbecc69be26ded45d013f9a22ec565caaffad87f8b82b71bd4d	742
231	images/animata/cards/231.png	2d657d2c7a401514f48fffc99c21352cdda2de932cdcf2c735d2dc9dc3489248	1867255	videos/regents-club/231-v2.mp4	3dc4feeca7a014dedfef6a03c9e8b30ccbc0cb1ed673728ab0f5e4b3db1ff435	538197	metadata/regents-club/231.json	389ac031c3c19c7a3abc32dfa46c496dbeff9064970a21dcd7b9f98cd82c3f22	747
232	images/animata/cards/232.png	bd1a276bcc5b9553efdab20be42c57e2f612cea079ab04198a4daa77f315b5f5	1653771	videos/regents-club/232-v2.mp4	c239580b31ce7564e905dd4a9b21544ae548950ff5bf9391eab328dc88fd447a	160382	metadata/regents-club/232.json	c9748b849efcde3456888390015688f0a7470450cdfd37e1dcc179afbbc072cf	745
233	images/animata/cards/233.png	33cc0f456ece7a175ed8cc8582e30a30602ec8a87636f5b8d83fc65ce475cd75	1326615	videos/regents-club/233-v2.mp4	9fa3a852c5e8776362d4490313035fb938ecc0f58e646c1707107f2882d20540	338705	metadata/regents-club/233.json	f34d8a3d95e0f1aeffae1fd6458c5fc7e7495e9597f9011cf85924cadfad4a1e	743
234	images/animata/cards/234.png	b0cd247034e0c19358fa93c80b973c742a0ae314bf5f6b8e41b5f0cf4dba26b5	1608581	videos/regents-club/234-v2.mp4	b37fe76efef452a38a50afe525d941c512a9c5e1dd00cfe0eeb9a712e2631522	377867	metadata/regents-club/234.json	0bddaaff3ce17782179a1bef2e36fa7135654258dd5f5e2df367b0d986e63dc7	744
235	images/animata/cards/235.png	3e815673587478bbe4ce39dbec8cd9a2f448a6aa170aea6734924a4a7a5d25a2	2514649	videos/regents-club/235-v2.mp4	39eeff51961770e682b42188552b6f02c5679c02d23af9089e79ebde1e631b98	1849028	metadata/regents-club/235.json	5629ce1ec8483b0603a3f91bd6718fa8b803b270ac287a77e3f1fe29c9cc2145	742
236	images/animata/cards/236.png	0c7230f3be0f04a032f2578c764e38e525f89c905c1559c22e4e5f8c79153082	1746429	videos/regents-club/236-v2.mp4	55d18733df2c74d8198c86b5de13f9995cfae77d1708ccb2024875bd39deb37f	717189	metadata/regents-club/236.json	682fc3127b468ef4ce42f628ed4ce9ad08973ae88d3f199302bcc6f855971a3f	744
237	images/animata/cards/237.png	77067415dfa3226acab46103151072066eb83d53f2618d70f4ba672f232539ff	2548102	videos/regents-club/237-v2.mp4	02c1ac1b1ceb3ee8af7969958d1fba83f55cf1f71a785c73be00f8a1d5dd693d	1112397	metadata/regents-club/237.json	c0364a1b38d07672c94ad5a3b03be4c9d033c0c188c52062440091fcc7c23cbf	745
238	images/animata/cards/238.png	e50b6d251a0c490d1bc2695da764e91a3c6b4ace6b3d18392c2d320fd7bcb115	1735193	videos/regents-club/238-v2.mp4	2e34544bf98e5704ab13c2f8c2cf8fe8fd2bd691cc80023f3a93c10f6dee8fbe	337496	metadata/regents-club/238.json	b8a9987af0f9d9a6aed0f0df61355254cdd7a0075445ffb4137e61a1a8be9b6a	742
239	images/animata/cards/239.png	0a9d92be512a55258dc376d586874054348328d9fcfbf3a2c24278cf28658ee8	1558680	videos/regents-club/239-v2.mp4	b804450c99c5039e4c114f4fe5ca1e205e5b9bb976b0e53a3df4cbca6ea96702	228991	metadata/regents-club/239.json	01d272057c701592bed6f78d799318875649f9ab91653781700e238bb929ed49	741
240	images/animata/cards/240.png	2744a95c90362bfa04f12485bef72af12e455151eefea058545f4f3cd304cdee	1416032	videos/regents-club/240-v2.mp4	e18e07b9738e63a550a1682ae93f027a91fbb91929ef79c9805e5df02d58710e	412120	metadata/regents-club/240.json	c7d8ffaa7093c36e6bcdb1035bec92639ab226141e529f84b5e1ec451780449d	746
241	images/animata/cards/241.png	0ddc15aa8b347bacb88772c1dc076be89311121ff6271dfc894c9f2fdf21f872	1694261	videos/regents-club/241-v2.mp4	0a402044e47697881544077acc1da6176954c0f7dbfc841f9bc9707e75d8f198	309397	metadata/regents-club/241.json	a77922119f5c457d16f57fcbe1af583d8812d326ce3740c678ce277b8e6ee4bf	745
242	images/animata/cards/242.png	6bce058b5dd399654623bcd0324b60e6d8a5c9b29e1cb3930d871ccd39a09d87	2012476	videos/regents-club/242-v2.mp4	43f7105783ff8c065c213811b9e5bf66ec9b3e21ea2de5f20a537e5155a936ac	845203	metadata/regents-club/242.json	cc541c986a70dfc430efd8c1fcd6c47df2d7255018bcabc68a09b865c5dbb717	746
243	images/animata/cards/243.png	6a431b6211223e13bfc7139e6bcc34ce4b6d19baa27f0c638486bd1caa54371a	1680724	videos/regents-club/243-v2.mp4	c696dad93877614820fbdbd43be19541df9ebb5f7ad6309c32bd039ade616aa4	471254	metadata/regents-club/243.json	b8e4e0a2bd6932bad29191014feb355bfe73fb4690c8cf93e0d5ff0f3f80320c	743
244	images/animata/cards/244.png	4c35aaa663ebc7a107ac66ba908be1cb9999a14de7e8d3e408ad85fea4acb758	1304306	videos/regents-club/244-v2.mp4	a585b239a606f6c7132594f15afceb2b00d6b4dd6e6e6e727ab6b9d7aed563a6	453248	metadata/regents-club/244.json	c138bc9f1caea8702d5e8d68a637327ce96565cc5a843e37dd97ca8f032a7759	746
245	images/animata/cards/245.png	b1205cf3919f5270ebbddebca66fcb54739caa88cafacc710375fc3ae314a09e	2396408	videos/regents-club/245-v2.mp4	fc1e30d2ee1fb28e3610bab0aca67767dd18803a346680630fae5e4f72d2399f	1401156	metadata/regents-club/245.json	57435887aaae3e65d2616f93f88d3b21bff192ca9df105e357119448adddafc9	743
246	images/animata/cards/246.png	4d0abf7a1ce4b532e13c9e5084be4b63132de77f01454b786cf91a0ae76f3cff	1339572	videos/regents-club/246-v2.mp4	2b4ddbceca3dabd376721804acef9b324e44c77a539d813a41f4ecd5bc04bdfa	204595	metadata/regents-club/246.json	704b4285e9845aeb0ea2476180f4f8bd085b6c69549b24bcb9b7eb9fba1b254b	742
247	images/animata/cards/247.png	6c3e9140b741600256b4182eca74e6c9d5a980bd4df54bf3670d05173cf8c3cb	1373917	videos/regents-club/247-v2.mp4	0ffa48f42aa845f184198503d36b4caab982a66414fbf9f461093cd0ba2a3b80	343039	metadata/regents-club/247.json	ce24130db362f6c78ddc3980801f5ab4c60e6a140da64d808b866eb243f5862f	743
248	images/animata/cards/248.png	734d1da9da0fa5bd34011b1eb684bdf3172e6db9e5efeb751d7575acef0bf438	1512955	videos/regents-club/248-v2.mp4	2466ce2125d3525b1e1d75216c45af8d57013f0e278e2171373979b493309303	236083	metadata/regents-club/248.json	7a61fc97c6d6542f4d576f787e2a064604c783a140d845dc1ca11f7b6b693d41	742
249	images/animata/cards/249.png	f4f736d814c29ca3b17193797fc80c4b3d5c973e8a77364ec7b66004b2acac5a	2154785	videos/regents-club/249-v2.mp4	24bf1255491c7962bd963d8a7597138616e0a3936d668e313e35f73c29e4d324	780461	metadata/regents-club/249.json	08bbe081c9c5c874ceb441c2d3a382fc59fc022c4c9d7e707b976b67350fa413	744
250	images/animata/cards/250.png	867b2b4b77372269cec89dfdf19b21c581fc545c07393f952b1a8863b5aeec00	1559557	videos/regents-club/250-v2.mp4	b1e548a04690a5f2272620be20db9ff5307907a30fc84b2d36c64b929d465dd9	457700	metadata/regents-club/250.json	a5e77954d3be3ba2afce4051859c1732faf2470f0460590b6f20ed076809d71b	747
251	images/animata/cards/251.png	39e82bce22ab30ed7491f73d096a87cbbf9eb808937a012bfa553d4d41517349	1562950	videos/regents-club/251-v2.mp4	cc3f95d3a3503969cd90ed3cf4f55e4159a090af383791c899e9a191c0125112	298108	metadata/regents-club/251.json	fb09989161e1101f21e3c945945b235316c812428ccc1595dc009d0cd0c5dd4d	744
252	images/animata/cards/252.png	dcb38eb6824d05fdfbe0165a71852036eb2b1ac805a64e9994ea5d9cd59b22a2	1584910	videos/regents-club/252-v2.mp4	b4aefee03b21f696f36c8f4e6ad62a63826a814d19e879ae4b3c5a952cf0350e	244328	metadata/regents-club/252.json	6da926d2b418a8366f4cd4b055e90f646d458940b1c40b4b27ce882f8e28a7e3	745
253	images/animata/cards/253.png	e69fef14c3d9095f207143573f96a5b06e541fe834ae49a0990f26d7f004d2bb	2961732	videos/regents-club/253-v2.mp4	c1a7be825ca0e0622b08a8d8b0350b1b9d1b361e40e02f200c6aae7a8ddeef2e	3288948	metadata/regents-club/253.json	ba5bd92c95dec79a26c1a41663543658ab48c2c04d9834dacb7349c700ccbbf0	744
254	images/animata/cards/254.png	73fde916fb88e3a6f5f8d423725235b18f54864f292940565960932ecc61ab03	1576897	videos/regents-club/254-v2.mp4	0e0235245d495b2cb2316d407df8cc84658e99d4a96cb9d44b0983f2cd0319a8	354247	metadata/regents-club/254.json	64b80fd84f60d359247cd3692ca8047d751cc8d229bcea185facea0cd71dfdb5	740
255	images/animata/cards/255.png	dd38d460d4d955202659b306237b23eedfada6626705a0ab50f3e0481d8f6d76	3053311	videos/regents-club/255-v2.mp4	f35a6a09653b8d377128f82b82c95c01305eccf8eeac4a1a564c5f24c3ac5deb	1953262	metadata/regents-club/255.json	a4ad4c8fb9e7cf8ddd79497f9c71bb2ca755fc568bb96f6480e0ea19c16a7991	747
256	images/animata/cards/256.png	d752dc23acf40f9d26ad47eb6d340b36450fa42689dfc91b20155eff8c73f5b6	2446649	videos/regents-club/256-v2.mp4	987cbc2b9ee4b124213a0b133534c5cdac8caab55d5d02f2edfd07a89b364128	657630	metadata/regents-club/256.json	29c1de6eefcc487a2f6e5c6ab7fb4989911538d757b9b62be71b6d6cc9ec2bf9	744
257	images/animata/cards/257.png	0a8d84e0a0da889b362f05b10b79f1723c368c3ecbcd82256a90357fa46be48e	2567262	videos/regents-club/257-v2.mp4	82b4876111aa505e9a35eda5d7d73323a60bdf5b580c406f3177bcaa1d999a2d	935902	metadata/regents-club/257.json	eb64c7ac3c65b756acb4e6ca66d9ea2d63baad7fec6814c288186f5c4acdfc74	746
258	images/animata/cards/258.png	a8a48335f52130264e7de561e6010baea50ccc03059891e92cb822866eaede4b	2036122	videos/regents-club/258-v2.mp4	51b5ff9f7c4eab50eaeaa89dfb979c6df3c2d681e653d2709c51130dd70e08b3	730591	metadata/regents-club/258.json	88f15df9eff8fb45ca67219e8d216f7acbeb415abb9f6a8263412c15a74da19f	748
259	images/animata/cards/259.png	0eb4564ec41d16fb68967b8827462cdf1e6ff02bbc46d70cbfec03003b2263a7	1461359	videos/regents-club/259-v2.mp4	2f5c3c0c0540b65943b9d28cb08b28447245beba5d85060424944d8504efe6cc	222937	metadata/regents-club/259.json	4b3832e161fbbc09fdec4c7894072c08ab66f730f93487053e91177208257a6e	740
260	images/animata/cards/260.png	2bc35f1c910e75128acdcd08a70c75a1e7841b9e5ef9db169238c4381a53595b	1797384	videos/regents-club/260-v2.mp4	c5fccff3cc4bd3abef6481be62004e9ec8a82ed11c55d954a550d2a3ae28d8fd	412592	metadata/regents-club/260.json	1600804311f11c9952dac9103914438132485da44781f90ab55918ba34ec2445	745
261	images/animata/cards/261.png	fb33e73f9231f6a504aa31570dc9d817594adec9ba35597efa09a2255ba6837d	1512429	videos/regents-club/261-v2.mp4	e5aea4020c4fa099bfb4d12babf7e37b51712bc4b35c2f0045e7421c1bcce4a3	398372	metadata/regents-club/261.json	7cea9c25c5dfd56344cae5ce58930ac90b8970089da82712746a82dd41ae03cf	746
262	images/animata/cards/262.png	e47c5b9914429dba7353993f01a1cb3b9f8ae94c21cde8407fb2e63d8ef994b9	1543961	videos/regents-club/262-v2.mp4	a3b1c659736fd59a6c894d8ee008174351f69976f08c76fc2e9e5cb615557203	247089	metadata/regents-club/262.json	be3c10cc175eea6d320aed2aa33c68d1fe10fed845e7cb06383e8cc372748db8	744
263	images/animata/cards/263.png	04d2f43b83dbcb28c0df796f33f70436be3d98bf68839477f4aa975ecc866788	1407667	videos/regents-club/263-v2.mp4	d86a1bc2bf9220d30830d46e20b9958ddb230a2fd7217cf3a5ed1e4daa7ef698	195363	metadata/regents-club/263.json	4a1e51bcce3de924ffbef19265a3404141672897b576ffeb52e1710a3a558601	743
264	images/animata/cards/264.png	b1b0c589ef2a25e5453129a92ffd91c5988a4c3a4b91ffe736890703df927e04	3517815	videos/regents-club/264-v2.mp4	9fad9d8dcb6edc57480612e5048f2cca8467bbb805c86bce767500aad3df228f	2484696	metadata/regents-club/264.json	be95cdd4529d22f1fe400fe518f08ba8cc9c63340959cb691ea9d60610141742	746
265	images/animata/cards/265.png	aa9b9426e2067da3ad983bd81c0cd098c9b0077e8f767e0f869ce08dc003e877	2162555	videos/regents-club/265-v2.mp4	093c12bb7364313cd4dbe2338d564c5fe7a38a5c7fb66847300674540a1c2b00	384802	metadata/regents-club/265.json	20c0d01eb9e99775f5edf59992d2d313426148037d3b1f9d18588e327f2cb0ff	747
266	images/animata/cards/266.png	7134914d131d8db08063c5fbed79d1960744f9fc7c51483808848460bd608c73	1660460	videos/regents-club/266-v2.mp4	65c8902467a46a7e6cabba844d9f9151d180fe95acf89015f041c2d75f85653e	146946	metadata/regents-club/266.json	420e64918b11e3a4a5c9b39519ba11b7560c22a77d9c202a5a4b09a4dea73d92	746
267	images/animata/cards/267.png	94f184a2cb5fee36edf415b157bdc646a1b6076e66e29ce0d8ab745ec5cb468e	1672421	videos/regents-club/267-v2.mp4	5071e90c23bd342ca2790640accd35ee40591f2a360e60ed5bbe123627f2a6f6	402232	metadata/regents-club/267.json	6f85e9233b8d95e8482b88190fa54b5e3656e247f2853d1c5c8d6ce8ed79330d	741
268	images/animata/cards/268.png	977cb754fdfda3e6b6f957af85a146a24fab670b1a4e5db2b8653767feedbfa9	1832039	videos/regents-club/268-v2.mp4	0072d99011871bc06ce088acf32d90ef492444c9993afdcd9d6bc8de7d4f2b38	197119	metadata/regents-club/268.json	fc3e1a41036c45d0f426e800195b42d0362065488f16763172eeedf95de65a8c	746
269	images/animata/cards/269.png	7ae1118485c15107bde03692542f63a0f31a2daefc2cd72fd95a6344371c674e	1742129	videos/regents-club/269-v2.mp4	847b1734eacafc8488cd0fb3a97353af94f2974325283bd151c88e217cb491d2	490169	metadata/regents-club/269.json	f159da43fad04aa38212eb0513caa30b1deffaa5edf4fba62a9ee14099f943c5	747
270	images/animata/cards/270.png	c1b9d45ec55bf342fe299470026375da9d0c751ee53d4c4b8b062f00d7a525ca	1269358	videos/regents-club/270-v2.mp4	e06cbd6c1db0a27e2cb2466cc60b4c4e0fe148a3e8fea4ee3a3a32edb4629f75	349946	metadata/regents-club/270.json	439fcce306d5ed7094c74e86385cecc423fcf69b2df3a1ab20fdabd181acecac	742
271	images/animata/cards/271.png	c0d456a80d588526404209e734549aaaf61f3ce983a2ac308f2d377e4c9e4ff8	1633755	videos/regents-club/271-v2.mp4	ea3079414840156c90cc466478e48f3a22953041171e3656fa29433d3ee94abe	433436	metadata/regents-club/271.json	dfa4dd67ba09dc1a224ee84a1ccd07ad6a03aa3eea7c888188036b487126b8f2	747
272	images/animata/cards/272.png	a1bcfbe6618854a1159674c64c3f2fdf5032b6eabc94eb50c9f8655f9bd0ecd7	1864462	videos/regents-club/272-v2.mp4	8785913f6bd73473d27a46ca21d6b39a01d5aecb08753a9fc1ece48b7aeddda8	800749	metadata/regents-club/272.json	dd3279b0840cf96518eb4f1ccaa4d54238d25c1de6cde6327d97a83b4923ca71	747
273	images/animata/cards/273.png	9f90f54c1575c374f759b925843ded9a8fa4e9cbf58e09aa8f6bd4dfba4f22e2	1934030	videos/regents-club/273-v2.mp4	b5cced61a02ec111d2ab05713e85c4cb37cabdc80a32cf154efb114b5c1893db	466241	metadata/regents-club/273.json	6b17b7a3adfd1c0cc90ff810352da30313c07c89d59f1982b4b28b1ff5bcfc85	744
274	images/animata/cards/274.png	f2c473673e78cf27cb003afc92ee4c691adfa3257192e06e9c14b346c7e4e25b	1964134	videos/regents-club/274-v2.mp4	4a78d4e71571e581da3156eb6a1a512b9836eec6d64e72dbb8cf188c9b7c5391	911703	metadata/regents-club/274.json	014133201c971d8910aff1efcafde17c8ad850af5cb85e3ee6c189822936bed5	749
275	images/animata/cards/275.png	64be20e565007d660963e1e1194ec14b95d9f95812891bb6349057aa5dc3ce30	1237177	videos/regents-club/275-v2.mp4	c7f6193d361505b85b9b64b9312f1e1afe89d599e6bac7180d3c5fd31e1b3673	255919	metadata/regents-club/275.json	7c63641ab95e33d468e2c76f96c44bd86a0ba9eaffe88b49aad60b1687151d01	743
276	images/animata/cards/276.png	1dcbb031e21e8c3c4c41f4da750759fedf6d675ce5d1add1d205e48b75af0107	1969084	videos/regents-club/276-v2.mp4	4e4a7450c42529e467d058a05c3f78f1699d0bc678a9e8febbac55fa8a201768	490238	metadata/regents-club/276.json	538395b4d18740ea48bb873af347dbd1539169e9ad712d605c4b5ddbbdd74516	753
277	images/animata/cards/277.png	4beeb1f394174d70448a5bfdd010128fb46dce9d07e7495ac8947d58bff411ad	1625689	videos/regents-club/277-v2.mp4	0662e31279dfc615d65b171f95610977e394fd853e7a3f82672aa8873cc4e03e	478147	metadata/regents-club/277.json	863c7cdb70f43196e60d6f59e6b6cfcfc3127132f2add9e52f1e4d434b0d76c5	747
278	images/animata/cards/278.png	4567b6e6b7958f2580062f1d4b9f137bec8b30794dc2afb76c264cc095de33cc	1968678	videos/regents-club/278-v2.mp4	ce8368db2609d19fbf6b0a12f6942e6fd8a7ad2d55d7c11b8b46dd14183b008f	436874	metadata/regents-club/278.json	13652ff9a3de9a32504a6c36f180078863374380db2e247dc0c4bebb87d40b58	745
279	images/animata/cards/279.png	53a0c79e8b2f6a24ccbe268f840a664000a795adb6e7fbb57c8ded9678aed2ec	1506744	videos/regents-club/279-v2.mp4	6a3f79bf61c16648e1dd097d05c09c7c1165fc0725546e955cf6ae94a3cc02a9	212479	metadata/regents-club/279.json	480875d8cb1ba0b33ad54042e684d52098fac1549127d870b39b9c25bce403dd	742
280	images/animata/cards/280.png	bbc57ae3d466c2ea57881095fd6043f1039b762ad88f0617f7db0585ed5fd3bc	1217539	videos/regents-club/280-v2.mp4	b63e1cfe01eed2c8276811f30c43ed0ef763d4a8930a80a3ca3dd98a5a67d43a	136555	metadata/regents-club/280.json	0f91dfe7e58a35fe39d3fd7a6cbb86b69a60c2749ebc9bfbffbb5c5c2afceb8e	741
281	images/animata/cards/281.png	b74d1587a46d3bce8eed287b8bc73465f4f38105e7b204582623a00eb7f90646	2832695	videos/regents-club/281-v2.mp4	0958be7f696a21c4a2acd1bab67730aeb76a65099f1305f275a32b5419aa2bff	1112349	metadata/regents-club/281.json	7e1e090173647700577312faeba391b30166f50f9bcc0f8ebcc4ea9e87f8e923	745
282	images/animata/cards/282.png	ce556bfdb65ea33e79a5dc0a26fef305f486dcd9424355908c2a4182886eb5e5	1577532	videos/regents-club/282-v2.mp4	e209a3f030f5a07c1d178e08f685e72210e4efcf83c09c77b3a82d5ce65b1eaf	398001	metadata/regents-club/282.json	0db3d8bf766bfa50e1d690755f407a155a73c5c94bd07d37c8a509779e1e5dc5	743
283	images/animata/cards/283.png	198bc2ab38d6188d4a2d3b9013b1a4c954cd2907be9613a0591533eb596e2a83	1483523	videos/regents-club/283-v2.mp4	8fd9a893198c8b60d761cb3ed0b9147e00000c72fd04f689ef74184fa4804f90	204722	metadata/regents-club/283.json	71e696ef41740bf48d86d5a841ae14e92b51d2cb6043d6c8e9cab0eab9ecdd41	742
284	images/animata/cards/284.png	6f5c5808a03e50d13cf0082f35d6154f49d1294763816bee36e6002c61f818bb	1771664	videos/regents-club/284-v2.mp4	cdb3eaf33bba2ca6f2ae4ff1f96a8bdc18ba02c1126e66206994f166fae3781d	301723	metadata/regents-club/284.json	4359014c7b1d7f15d77d503935b62f4ce9411d9c8ca56eb63cc61cadb8edaf59	746
285	images/animata/cards/285.png	909e11881d541c955ce015c6e23b82feb5e23e8c85384d3df8d191153c7aa89b	1808515	videos/regents-club/285-v2.mp4	f987ba928c14d564372cf219d4aadfae08b891bf2005ee27f51694db7cd1c21f	552738	metadata/regents-club/285.json	769d008c8d42dadae680e7e4a12c86f734af238e3d91bf283ea4ec6c2d6fe239	745
286	images/animata/cards/286.png	31350c914a17f5e9e2bf83972b3a46652f1cfd80f151e1b53b08f480e6a01eb3	1366210	videos/regents-club/286-v2.mp4	b0efa38fd500d4dfc4e22d954cfbe5f74f404c34c0894fd256de33e9aac97968	334408	metadata/regents-club/286.json	8cfb4b569c1b20954a3c02c2a5aa21babb295a1eff76b639be87def8c86ccd5b	743
287	images/animata/cards/287.png	0af02b21e6e303e49323750b3a9a20af54a484d2cf20bbe1d0cdb9cb8162ffa9	1676593	videos/regents-club/287-v2.mp4	bfb8543e5540a854fc6a86ea7232d78502edf6c155762b9f2bd867eb29803310	218321	metadata/regents-club/287.json	824317e47452db57fdaed5e363f0f53a398cd0df20874d547ed445eb5abea1a4	743
288	images/animata/cards/288.png	e5286f2f86aad16f7a61d738034e568d32addc201499f90000c56c0bb0ff64bb	1872405	videos/regents-club/288-v2.mp4	011f2f1c0c5cab2daa23b436219990979cb488d5f1fc90e84d0296843d05e48e	389942	metadata/regents-club/288.json	26d4c2902d7f05915b8f7b96d9bd5bb7d32f71c797b095279dcff84d1c79bbb4	745
289	images/animata/cards/289.png	d39ec1274e1ec0427032585c85268a0159ec912ce142abe6d323488d680b30db	1514034	videos/regents-club/289-v2.mp4	b7c110ccb70bddd0f653a4a50cc1e30da3cee13be083811ddcdcab3805165b5d	384134	metadata/regents-club/289.json	0f912149d1d2b485a7686accb1e913785ad25af65de003ffb41ef36cf30c52ff	746
290	images/animata/cards/290.png	9b6e5d65f053b1653a3648c16ea341a19cc48c450e8b26c48c6b71d6385aef36	1728305	videos/regents-club/290-v2.mp4	cf9ee89cae85282b20998c875469822377c79b1b31a56d212ba9301ce66afa67	832072	metadata/regents-club/290.json	4bc6b47be37cc177c611281cbfd05e8bfe385c9511c9b426920d52cfb64d50a5	746
291	images/animata/cards/291.png	596542c4c776c9ebdc810a7c8b624e23514a1a3d76eb3af851af34f9d810c13b	1493044	videos/regents-club/291-v2.mp4	366bce00b839a497a5efb42f7a6a2258ff8309a7cc5091361a2dc5eff78fb430	310527	metadata/regents-club/291.json	0a8318b97ad4bbed65056d57cb34dd88fa90cb856d59a5020b97b840a128cb9f	747
292	images/animata/cards/292.png	b6872e305987cc0be2fa678244196bd3f199e957f8abfec6d0470ab61a51ef56	1909057	videos/regents-club/292-v2.mp4	ba42e4cb013edbba1b21a89f89b471853dccf0b114d34a678f420c31f45ee940	715280	metadata/regents-club/292.json	d5bdd5eb5535487169fbf94874dd053a208b51782e8c8a4a804779710568e839	744
293	images/animata/cards/293.png	7fde9361f609ce6c2fe897ebda7c45702b8569465649a4241cac61d88824542e	1240963	videos/regents-club/293-v2.mp4	2c270735aa019c7e0163cff93626e8f6afd52eabf9cdb498088557ffd704ab8c	306691	metadata/regents-club/293.json	da54d34e201ff20b1dd388c94ad20eee838072544773b3128be3947e3b453840	746
294	images/animata/cards/294.png	330e549e6875b6c8c6daae687ef69f66460f7ec69b62bebd126352c2a874deb6	2096664	videos/regents-club/294-v2.mp4	991f4ab8b6e92c3cb0add9b9a8d70a8658db3ca504423574a6df5416cf012813	813601	metadata/regents-club/294.json	da451aaab9441b530230b46088fc7a719bb19a1e5e1309a051d8cddca5e4476e	746
295	images/animata/cards/295.png	92abdf5f0b953a610798becc93e327c55772917e96c208ab3b4aa3e7267e0ae0	1699375	videos/regents-club/295-v2.mp4	4fadfa67194ebc1e9e61ff4715a8b5b418622ae5baaf0db695ec475719627a11	356061	metadata/regents-club/295.json	8ed16bf6990d5e9351d795d0a83a9248217d1e29f2ebcbec5141e9f55c096851	745
296	images/animata/cards/296.png	2ef2d6906c75c7d2852c1bfb40bbe2e93c08e3a470e8e0e3c1202ddb463f67b9	1496988	videos/regents-club/296-v2.mp4	07e55971927f36f4144a6518e3eea8016ad476f9966b1d7e15e5cdf2b35aa500	319725	metadata/regents-club/296.json	273611ecf01bff3ccda208ef9de957bc732abad5d244b9c30412d7b3a367be5d	744
297	images/animata/cards/297.png	a38d9d6d135aacde9e676f76229adc897a821c745341fb2f60785db36cddf6a6	1877780	videos/regents-club/297-v2.mp4	f60796ce63f148aaa32ff55695adcafcbc2e2b1067ba71c0110e399f41dffb53	397908	metadata/regents-club/297.json	cf4ac94d522195c21b62210bff7e2623243ef0eb12445e8283b5f895b8fa9aa2	743
298	images/animata/cards/298.png	1fce9a62669871e88e30e6f31a23e7d4cb9a1430a5c0e1ec0f215d52587b2ad4	2048297	videos/regents-club/298-v2.mp4	f10f370dce3dfcdb07280a6fe176419d08173a4785a275548a28d923d77d80bd	996542	metadata/regents-club/298.json	40d5b37f233765df161222ffdc19525bfd6891002d3d8092ac5001eca7275417	745
299	images/animata/cards/299.png	53f16cae2687507672677b7f6d6b81e3023396effa7ff763d5f9d655fde3aa8b	1912733	videos/regents-club/299-v2.mp4	275328539f9d20fac266c747e9e0268ff1199e2eac9a40b924be904fc2785fdc	479691	metadata/regents-club/299.json	ba583255d7a89ecdc71f35008e10bc5194053d1d4de6b47528130c79dae6b7fe	744
300	images/animata/cards/300.png	48a0f983067770bf68ae8985fe69fa5299e699ce2b6d26d02db9bfc7b4b85b65	2127495	videos/regents-club/300-v2.mp4	7b678d24d988d8f92e12e842f39c60c041fd8f39175e8f4a2a16fe7f2bc5e16e	601373	metadata/regents-club/300.json	59867c1bd03cdd2b740a767ad5866ff0c9172706fca03bbdef0ca3e3d20556df	746
301	images/animata/cards/301.png	d57439c842ad00fa187ebb4fbc0fac7e0351f1a0e0038b6a52c129aabca6b5ac	2007992	videos/regents-club/301-v2.mp4	f78ded2a6f54e64525d01eb324976206bd2ac7aef7ada97fd53fb9ebf30ac529	759105	metadata/regents-club/301.json	f480a9cc4b7cea6ccee53ed13df6bbe9b2893b6c57cee6bef67e86b8b7be911d	748
302	images/animata/cards/302.png	a324b95b2974137e7edfe9a3d760facdca811107df7612027d8fdf613ea8a3e0	2045146	videos/regents-club/302-v2.mp4	b3bc48e533d087cbca92c7e7a3ebb67500f4dce05f5ba3b2fb3fc5b42a6af57e	1188176	metadata/regents-club/302.json	76873018dd6b6e9872afa08d31f836534a5c66bff08ef5cbb3e0274c3864ad62	742
303	images/animata/cards/303.png	dc1afbfd78d74235c2c26d49262200469846b1a2f9c5eb3b57fb1e786768af98	2463408	videos/regents-club/303-v2.mp4	840c6cddff129f824760368bdb12e96ed83b257c5015636fc3604d074e515da5	918104	metadata/regents-club/303.json	cfb2e9f60c815e490c5bf9482a54c5b6f6cb0977482c6ce48f6a59c8d6024ab2	744
304	images/animata/cards/304.png	08e94b807af09ac4fedfbf87a4f8eba73d5aec936d89ebc7979045cd2f20f4db	1527219	videos/regents-club/304-v2.mp4	b817dea87196f08fcb10d91d6f7357a9eb22b105f572334ce8d866cc894dee96	277950	metadata/regents-club/304.json	90120e8526202c88220989ac40ad41ab21e3aa0b1ad591b2d43bce085b7a6244	747
305	images/animata/cards/305.png	282ec63d68459b26034f09a902d9b1771c37b6f2d1646f7f856b2619632c07fa	1471882	videos/regents-club/305-v2.mp4	305aa301347057d9eb4619090f4c6426c486214a147f48c5911e10a55c96890d	327912	metadata/regents-club/305.json	a79072840e62a8bf69ae906e537b4b0aee7b5028e5e1265e2810477a7be03e9b	743
306	images/animata/cards/306.png	87b3455b9f745ec5f266d037e86ae5499ccc923b1ead4cdc57d814c1515e5593	1709856	videos/regents-club/306-v2.mp4	6f803d5736c464fb7332d6d9cb04970ec7874abfbfd46ff0860a0f1c666b15a6	423195	metadata/regents-club/306.json	412495c957ddb66fca20c400942f4c54c2acc948bb6115318ed86bb2ee9581d6	746
307	images/animata/cards/307.png	78803ee63ed29dacb489c6574a6e28e606057f5065e48dc6db4625512b3b7193	1928165	videos/regents-club/307-v2.mp4	1d42113fa6c5428b880a2d53970457adce9d808be1fc0b4b29c416cc788988fe	671889	metadata/regents-club/307.json	b196dca136ab45f25988ccc49aeefd0a9dbc2672d7a162645687ee35e96f879a	744
308	images/animata/cards/308.png	891f30230aaa14c32a1c14f8da3dbc85dfea499d7cfd39e6a8e3f6f0c4b00a41	1659887	videos/regents-club/308-v2.mp4	7302adf614bbe748dfb0851dc0f29864547e4f3ff932c68055861102ac1b5bde	493205	metadata/regents-club/308.json	bf7513466607fc5b9df57a94456cca8beadf1302daeac89c333006579dd11482	746
309	images/animata/cards/309.png	4ccac8ca0487c0e7589fe333fe352056da4b8e937e0b6064695125223575325b	2141616	videos/regents-club/309-v2.mp4	7cdb504e0e0031d29e857a52636ee3edb935459e716dc90f73b96d1ac86bac42	608886	metadata/regents-club/309.json	c00a9a808148ffb8541b4fa9ae0c7e62de715daf0844c4cd7839357edae7e297	748
310	images/animata/cards/310.png	17551ef6c05af4c2bddc55987d8e4dc0aa5f13d3bc9eba472122d7601ed3cefe	1982854	videos/regents-club/310-v2.mp4	2b69e85c74cb70da61b9bd1ca15127e0133800e36b165ab92e2846702f6213b6	381358	metadata/regents-club/310.json	b34e25c55b74594799966527b1f7414519c135751818c0e77ed7ba4ea9ab005f	743
311	images/animata/cards/311.png	be63c1a459a9c36f5eb6fbc9065f39d8b1ba62104748f3b790c681942652ae42	3583155	videos/regents-club/311-v2.mp4	7c7735be0c27661d1aff145caddcf4c96fadfff6664b00704fc4bd6f31aabf49	3386238	metadata/regents-club/311.json	ad48c56066f73e3d2a6c5914163b013b186f102f8d4bb2d6a42d6c4e7bd9258b	745
312	images/animata/cards/312.png	7cc2d5a30cc4be23a4d4155ce88f6255b364d165754fc0d725bc967aac3ab7af	1709777	videos/regents-club/312-v2.mp4	5fd6d74b4ce5d2101db21d0981951698193b08afaf4f1ed6c44e594e2bc73c2d	308097	metadata/regents-club/312.json	bbfbad8d7f214d15c23cc92370d2b31c17d60c0e90175050844f2a8e3f186183	744
313	images/animata/cards/313.png	5c92fb2a29c2bbd09f179fb9ed5404f24377ab89a6d196ad82cbf17486f13886	1753762	videos/regents-club/313-v2.mp4	265ccdc67368358c670a62f241c5b48229415c44c40889d33b8bf169805b4eab	399026	metadata/regents-club/313.json	89b1d0d513563ce5ecd258ac9f5a3efa8cb5a026ce31295fb14e9d31f33f2d6d	742
314	images/animata/cards/314.png	c38846b406a29807252bf72790f09f2e8837bec8032fba3fa126f3bcafb4e4c5	1322217	videos/regents-club/314-v2.mp4	9ac8bfbb2df43108c96a2c49c0f79fca353aa9ede469bf248b41044fb61565cc	176787	metadata/regents-club/314.json	46fedcacf6f551b488a7be29cee952a4c9db8b4e7a02b4f430bd49d1a9fe378e	740
315	images/animata/cards/315.png	276991333f7687026d9671a035f1357cde9888d882eb6e42196bbf08dc64bd59	2283119	videos/regents-club/315-v2.mp4	214c0da0b3419b64f76a0aa99536fd5b2da0a14b591db8682f42778cd6a43f5e	527084	metadata/regents-club/315.json	674bbe0fe2433df4c858565e618388403ba05db9f3165fbb0799340b218710ca	744
316	images/animata/cards/316.png	c4e77ef9d974321ddbfc36985ed7dd16335f6d27eceb71cd07e4fb7445ec1a36	1455156	videos/regents-club/316-v2.mp4	6628b6a10376a5704a2f04e2bf8ef95183e70290d1e4bda130a606a4f08ea7bd	309955	metadata/regents-club/316.json	c43c4dfbb6f8de49838bb55f7eccf21a85cbcecec71f8da096936e913716c4e7	743
317	images/animata/cards/317.png	a8ef7b5f8db379541ca4ec654a32860b0416b96b1e99f62f61523e8bef319fa7	1526714	videos/regents-club/317-v2.mp4	372b8660711c2284d843ad96ca2fd2204e4315b4a9ef7ff03f3e408a0222b12c	433165	metadata/regents-club/317.json	747fff9710e5053b27a8be9b6cac90b1a36e03688ce589e9d74667214c3dbf74	747
318	images/animata/cards/318.png	5cd29e07a1e59f725a582f8de0fd4df31b55faf737cc078dc52945379df16899	1411445	videos/regents-club/318-v2.mp4	18c417387f9801794deefeab778bed8ed9cb6bf910a8b9566d32f6dc0dbf0e57	322852	metadata/regents-club/318.json	7e423852afac855ae4cd12e247d7d39d82e39825869bb78b75dee5cfe6bbe91b	743
319	images/animata/cards/319.png	cd89ac51ff7c67f31a61fa19e5629aaab63febfc3e1828cf130b625e6e92bd54	1449586	videos/regents-club/319-v2.mp4	6122b49cf3c00a37be8873f79913bd0005fe71de453695b8c8ba4a58d383b707	263540	metadata/regents-club/319.json	5b603d3dfd00d01f499e6172e6d2f844a1db9328c7f4432a994b1ed995c8566c	744
320	images/animata/cards/320.png	2dc192cc065e2d2281c0f46e33cc4db52cde94550bee283cce4855a594cba3fc	1488648	videos/regents-club/320-v2.mp4	28ae3c0e112f83295cb0db245893237d30acc15b79612ab214e3a6eaded01b5b	395144	metadata/regents-club/320.json	4730fa6fdd6a347ac8497ecfeb504742cd10d0eac4e63dbb046d3a9084d5bc7d	747
321	images/animata/cards/321.png	0bd85de2f9274f3d16359ae9e6afe4e9e4259c76fdab2fb72aee1bdf05aea433	2076122	videos/regents-club/321-v2.mp4	39a1745974a2b49c7a2f3df1b0c31f758a052cdf22aa0a228a980ee455da86d4	369868	metadata/regents-club/321.json	3649c26144297de73111e00eeb86b0529eeb45bbbf94bcd83897e0b6ed57207a	744
322	images/animata/cards/322.png	a00ad021295045f0565ee757ec83e4dfdfb12cdd1078794b6e7beac1d1666189	1695386	videos/regents-club/322-v2.mp4	6f450455928e884344b358a58cb1496f628b0721fef6dee149652cc74daef9d5	177225	metadata/regents-club/322.json	9877d92650a8d1a0e00cb06ad5cad735b0c793456a929da822a4c0d40e4a1eae	746
323	images/animata/cards/323.png	94352ccb3307837eaff4aa21ccbf5d0cd2a2c1fed34623a3bec9efa98f819ffd	1435960	videos/regents-club/323-v2.mp4	3603a0a98c41b13fda00feedf187643fbaa60dc19a1b672983b448d03bd7dd4a	256700	metadata/regents-club/323.json	b09a70c1508a780479583777a02b19963e02c06e3a6f6184dacd717e51ae279f	741
324	images/animata/cards/324.png	41f237bcd041c2185fa5f9e7ae0265b9c2fc50191c935d7cad11cf9f4b698c27	1466511	videos/regents-club/324-v2.mp4	954a4a647a8e49bbe6470ba6a14a16a1fcd9bf9c731c8c5ffba6ab45d88a0902	197164	metadata/regents-club/324.json	41e4c0652a17708c2a09af049915772489810e74022b680486a542497bb9b21a	744
325	images/animata/cards/325.png	b86e5fa3ca0489b08f74bf7837e3c5dc903c2732299ca6e345a0843c1183c1d2	2042321	videos/regents-club/325-v2.mp4	fd4cf24c52501b38f6c1e713d57c596249e6cc4e27684bc758e4d58ae25b6ca4	1028553	metadata/regents-club/325.json	7235c121cd156f44f8fb3106e4570e6c02d2073dd0dd34dc0443df978f1d0d40	742
326	images/animata/cards/326.png	74823fcda5f5c5b6c341194daf3e2adda369f8e23ec71325501e169d6693de5c	1789881	videos/regents-club/326-v2.mp4	eb5f3d6b22d073096fad46ecb302ff86472e7692e374de5c80bbc052069fcec2	708079	metadata/regents-club/326.json	c27b37fe1666fbd89b6bf51dd76a342f586a34c46bdac427204f824b3420548c	741
327	images/animata/cards/327.png	ad5207c5b4643e36c5e001c962f68b2a6c589b7dc25271780de7539303adda15	3159438	videos/regents-club/327-v2.mp4	646e45efa2b11b7877a1a6972465283bded7213868641b55601474c4d2f33fda	1808775	metadata/regents-club/327.json	02168fc4967e834484da866504554a661818faf999a5454923732dc8562ca633	745
328	images/animata/cards/328.png	bc1c4d2e0f150cf5a6b59bc8637123a93ade1f83cdb45619e446bc3f7f37da52	1453869	videos/regents-club/328-v2.mp4	d0ed8ac437b546a8c200240528c525651601b130f057db1e507144e3ced0fa91	501531	metadata/regents-club/328.json	048d8cf5337c4ed26ef721f2f226a555fd39f94a7574a5a69eb9620738126211	746
329	images/animata/cards/329.png	607dc232ad36cc78959fd4b53ec4ee9ca21f5c6a2acbeee1e2cff694c4923ad6	2501063	videos/regents-club/329-v2.mp4	7269ca1c8133176c2f495e8d27359b5da07f1f53ffd3209a46b3a9a39d241db2	1358229	metadata/regents-club/329.json	b8b7e5f829176846fc9b68eb94444c1e3abbd8dc826b721ad39a253be5ae6b4a	742
330	images/animata/cards/330.png	e707008ac90e94cca7a8db9729fbe821261ca40687ac4e296bd0d52e1df49959	2457149	videos/regents-club/330-v2.mp4	2328326d00f04bbc3e306e121e07a1dcc965bf9d9f759a67b5e385c5f552a022	1215087	metadata/regents-club/330.json	846524db9d590824d1737c8cafa23156d0315c769a5c8271e0c4a8441268fea7	745
331	images/animata/cards/331.png	f19ff04f098d610736f10586da63abc00d2ff58091d96d5d4181458cf6651f91	2304354	videos/regents-club/331-v2.mp4	d2720de5c495a08fe483b8cc827edd01f2fcae2fb866599bef7fc6dda6b5d28d	899235	metadata/regents-club/331.json	c441cd8be6e4f50bb6ed6b9dfdd3e174686ac7541bfaa3f8d95a27b056f44050	748
332	images/animata/cards/332.png	16ffef9d5b3b0631014b5d567814f7f13381c7c48b608aea17298ac89f4bebe8	3684532	videos/regents-club/332-v2.mp4	74169cfd9d27218dfad2dabe9ef1228df3b811bf031b338658f72af4833730dc	2557583	metadata/regents-club/332.json	862ecbbef012efa3b809ee7b18d58c298e0d720a25a9730f1f7ddc474749d95e	747
333	images/animata/cards/333.png	9e6960f5c6edf3363c068a1799ea25c73477457c6927a6807cbb175fb9bcb9f9	1683964	videos/regents-club/333-v2.mp4	713ddeadbe9bb8a3bb1f6e36285e4c435b0be0c71d078f55ff8ced9f7172efa6	296159	metadata/regents-club/333.json	603440084b0e2a1e596e31174c46abb855f60d3c510316734249a62053772d67	744
334	images/animata/cards/334.png	1bdf133fa23a19bc2a3798013cf5898395e06202f9e5c76480377cd876f15d95	1487915	videos/regents-club/334-v2.mp4	82dae8f328bd2c55f0817c87c8bee1573768c3a057a3270795a4c4ebbf950cae	472733	metadata/regents-club/334.json	85ab7080f4ab2743185829912d45bae22533a45210c5c6d7d958c3fd5bbd2a23	742
335	images/animata/cards/335.png	752155ff38a693fa32411eb6c4070a48acedea1b4ca1bf01e60bb00bc034488c	3220729	videos/regents-club/335-v2.mp4	a09ae2e033c1c7bafe2b3f024d229d766f2f87bcd2ff4241e2ed666c1d9ce55e	3359006	metadata/regents-club/335.json	a582aaf3986e6a3cd69e5bf790dd07a0ceed1b1ce5c82adf031ecf5cc21e3da6	746
336	images/animata/cards/336.png	f67c03a8029c176325c3139c968fad7c3dea300da2a6e0315e0abb6a7ec67ebc	3281427	videos/regents-club/336-v2.mp4	43893dab70922f5d5509da66ffdafb256aae7eb121d53e4142075305b17c39e6	1772644	metadata/regents-club/336.json	aeb882fd18ecee725e665a194553d9b22e2eb917f631170f16a2109bd79f2985	746
337	images/animata/cards/337.png	0b08b9c2a81c04ba5394f746a8d4cbe7762f290c1a29057333b98ef765940277	1783714	videos/regents-club/337-v2.mp4	54ba5c1bee26241ee6b6e68fa6866b186b9846d371716fefa835c0459c697d0c	275525	metadata/regents-club/337.json	7bf79abd3ba15190e13e9a8bdca1fc357ce372f3ada0c702f451b50f2599e6c3	744
338	images/animata/cards/338.png	1a23ccbf8b31d393ab44a5202c2ee150e177a743aa234d1e02f5ff68e76e24a4	1855041	videos/regents-club/338-v2.mp4	92c0bfd1b33a21c7e450970e04c2eaddc9afbd393278e132e2b7e200b6440337	481294	metadata/regents-club/338.json	c13e1cb513cdd61fb49b7a43b89c110aefdd887ab2b310c879a5a489646bc9a7	746
339	images/animata/cards/339.png	ac2ec06b173df13358464b534779e126b063ed3d23612e54c326bbb3af2e6216	2108536	videos/regents-club/339-v2.mp4	d8da9566c68c9ab3cfad4ca0b90dc56d4bf4dfd3400fd0f65ec95e6ee6b24e93	580788	metadata/regents-club/339.json	47086a899c55f226b3a787ccc1453d86b9076909d588433a011d4b80560c3657	744
340	images/animata/cards/340.png	e716824d45b6fa7f604fdebbe01e4ac2617113e793270fe2012209cccb30d45c	1240390	videos/regents-club/340-v2.mp4	dc2ba129b13f7d036697fa528770b961261322b0075624a0915d9c5b613ff5a4	159342	metadata/regents-club/340.json	93216cc94590b804b394c262b6b6823dd1ff3c014b2229017be12d99cf8e3e4b	741
341	images/animata/cards/341.png	97376e17ff648426990ff339ab6d02bdd62743eaa18671b532b3eef4643d5970	1681635	videos/regents-club/341-v2.mp4	d2fb7f9b3d6b684268f0f34d8755e9c519c1ee5d4619f3a2ac646b3470b07476	529375	metadata/regents-club/341.json	3651c4cb0e25d7006a1d3aca86c70633010249defe8ad3be4f1a940187053d9e	742
342	images/animata/cards/342.png	1add939bfa4e3b189c009ab0b1b9630e895f4f1c5e0da954ad70ba047452b5b7	1389994	videos/regents-club/342-v2.mp4	e8511e552fb37163110a72280c23ee588ab527b1b5b8f6d37526ff1bacc06b86	369469	metadata/regents-club/342.json	33c9ef5ebc21110ac42a9cb6a9e2f3bb01bd3fad6e4692a1e090aac0de203041	746
343	images/animata/cards/343.png	d2ddf18dad62368e802e754d110fe661d99b916530284acc83098d090d908f4e	1337515	videos/regents-club/343-v2.mp4	7096047065949d37da7e41346a11cbf95d957696b5603b00c67d15caa2df2d04	339646	metadata/regents-club/343.json	abf86ed0ae23acd02443d90382b8a41162acffa41d32114acabaa4539796d238	743
344	images/animata/cards/344.png	5814b3b35ae195188b5f39912771438addaf9b772400f3a5fa504e9528787610	1326036	videos/regents-club/344-v2.mp4	a484bd0974844b856fb79159fe982987efd446455f40908fb1196261f3c63b32	290513	metadata/regents-club/344.json	bcce0bb4d0af4fd718aa7b232e1aea3855147e5bfdf0f8fe32d369cf181e3ea7	743
345	images/animata/cards/345.png	4dbca268c11d7c73c36864bb4c925a5d38aab34df01165794d9091fb1cb5e2d3	2056783	videos/regents-club/345-v2.mp4	319435db0e48a4b3e0f469fd1f06b425249412a8499bec4b4425e40ef9697dbf	320390	metadata/regents-club/345.json	ae3388e378a87a1c57151ee087436fac89d4977bd6e9f1c6e7e2f9f5c05b0c92	743
346	images/animata/cards/346.png	3cef274d095ae2aa710f08c43411943cb4b8d2e91495ee75679f0f73e78cad8e	2191571	videos/regents-club/346-v2.mp4	a66e0329c19071e3f2496f526b369be9eafc0160b15f51caaad162924c8a59aa	926667	metadata/regents-club/346.json	12e29a5935cdf221dd3de89370fbc0fe03663ff366aeb6b96c0e2329b957b543	745
347	images/animata/cards/347.png	10f92ca128c223fd931b5a56ea1011b08ad1af5bb72e5e41719f5b7c999ad1bc	1412205	videos/regents-club/347-v2.mp4	90b59320d3b3966339d35f12d10f550bb3758f67a1b48bfa0fa2df4af508d3d3	287336	metadata/regents-club/347.json	07efdad7acc1c816b32a4e0cf988412cb2934802320270c7f5fe15af29024316	741
348	images/animata/cards/348.png	612e7d84eebc50b1519152f1090754a8a1d3cf44b7a7cd4b0e84e9042a7b04f0	1702442	videos/regents-club/348-v2.mp4	c8c56ed1fd3a88be4658c6691215a30f79a9841eab850160ae08ab78d72ea34f	645076	metadata/regents-club/348.json	0ce4aec9b7368f4568b21d76e4bcaf75510684c98b4dc72db59812ced9640b45	746
349	images/animata/cards/349.png	ee07349de07af7a349ee2d9c2435b977836f3d6668a69b2445c6e7524b70cbec	1825232	videos/regents-club/349-v2.mp4	8b3f06d8b866a07f6680ad04e8d3ac3a389297bd954f316bf5d270abd4e85901	477673	metadata/regents-club/349.json	95d8b8cd99727e686efada7be271b2b9781b32ab7e0c05fdc57845dd40e46721	748
350	images/animata/cards/350.png	908cb489673be9644a4a400449bf9a33001ca11380e6f53cf54d2ddd8d38f9fc	1586330	videos/regents-club/350-v2.mp4	d5ae186b347b50151d5a569b350efbed3c1b9104718e42846e60e5cc5dc70392	296671	metadata/regents-club/350.json	d601d42870b874fa0df89aa13787338c873d515ddfac8db2deb34485ed48304d	742
351	images/animata/cards/351.png	926509b0a5c9f9c072f75de6b729be22df579fba423e3d7764df5d7cd7164e9c	1403529	videos/regents-club/351-v2.mp4	ec33bc80786efb553c2c29ef6dbc634ad0ac94fd99f0159949fdca0398b2ac8b	408562	metadata/regents-club/351.json	d10afd9e7c90e0850a682d7fec2c0fbd0642698b2b5b199c84348acddb829a46	746
352	images/animata/cards/352.png	b6ac5cc0e5b45f996e4db436c27a134f00b275577ee180c6cf6cecd4dcff04f6	1948300	videos/regents-club/352-v2.mp4	6a5a26803471931b97233ba1251e98962b741589f7b3276561f99e6abe04dd17	772729	metadata/regents-club/352.json	c0d7157504c95716ee6f577f11130267d03e6c9d849cef2e2c3dfec640f4c543	746
353	images/animata/cards/353.png	c0ccf964ba3d35468119913731e7e5dd1ea942317a6bdc709141cd58521c9df1	1378868	videos/regents-club/353-v2.mp4	19a5259bd15f33307ade50e834620622011c241beb14d5b6a338f3b2e330d534	256867	metadata/regents-club/353.json	2faa88812069f1184343409a60525f12387027a12af0829585b036812d5c9afc	742
354	images/animata/cards/354.png	7c3d2cee4662246d49a813d5ce2cf3ee5cbb3007622de0c1cd2610eebe6f26d0	1166857	videos/regents-club/354-v2.mp4	e85a13061c15c41f6872612bd323081b69af01f1ea9b857ae285cd1b68bf9dfb	178250	metadata/regents-club/354.json	2fe78504236e480daa244e25d3290de90a4caa8b2de81dc8f0046dbd61fd88ab	748
355	images/animata/cards/355.png	7be8947002cc5989289616fcd8ba79f6109db708c0eff7f22df2bc81da04b73d	2069689	videos/regents-club/355-v2.mp4	551a33649b2565a3b9001357cb359c15b8cad0caa0a510332eb440a01b878385	794987	metadata/regents-club/355.json	567f38de333b0356589c97825ccb518443c26b6251b801c9b7f3cb93a6a621ec	745
356	images/animata/cards/356.png	45a7c182a228a1ff25dcd4ff8d2434f352ed91c551985c3872e54e43b6faa011	1985043	videos/regents-club/356-v2.mp4	f9b3f6c61b0c5db87ec9eb1e049175a3275f98d8fda68af8ad37baf63ca917c5	358841	metadata/regents-club/356.json	259e7a3733c9d870826e44325024b8b227b50293b061fabbfedd6dd42109c77b	744
357	images/animata/cards/357.png	16cb44d43700fcdd43fb78d0f1fa23ca164050121363ac98a25fe31b1bab3edc	2313758	videos/regents-club/357-v2.mp4	79ae07ce2aac9d6b40fa64a5e8359f25cc28394802a5229e8162ce4f08262543	1437175	metadata/regents-club/357.json	b3bae9b80a826eb4640a05f2ab75775d3527c18bc91c4506e852abd8a85450a3	748
358	images/animata/cards/358.png	46480abd978cc05cad6436b8688aa3acbff5b30d05bf7abbbbb6680855c75cc8	1570886	videos/regents-club/358-v2.mp4	e81e727ededb312405581d91f2fa5a8d27fa36debdd472fd2a25712b677af716	478978	metadata/regents-club/358.json	7ff4844f8f66b6ec6f6afa77eb3191309c18ce3851bfd2d6c8b116441aecf157	747
359	images/animata/cards/359.png	d171ca056a78e52cd66a771269335e4abdaa94fe9e6c8849bc9350f17e4df1b0	1220731	videos/regents-club/359-v2.mp4	a23b62d8c7868b0d223d2633c28b51cf0def5892582d4533ec35020f1a1086c6	284990	metadata/regents-club/359.json	c069934d03af20a50918e53ab446ec2cafe4b2b4e92e40bde8b5d34cca78588f	741
360	images/animata/cards/360.png	ffc4adb915a87d1d48b6818476e725203aba3cb7c34d43a43ef024a12cc7d2a9	2051371	videos/regents-club/360-v2.mp4	aa0c222a51a5504c57ac5522bb28be3c111de0a03c1e8caec3cfc72380312cd0	806630	metadata/regents-club/360.json	565555797ea29965c23bb5a07d948b115efe22a2ecfacbad56bfd2290416ea6a	747
361	images/animata/cards/361.png	92d44e39f6313b9c98d2ea12b00f6d64fef1e52500955712fec0b884fd67408e	1404968	videos/regents-club/361-v2.mp4	315ff5a432971a7a3f26c3804ba79e535b86f227fbbacba6456239c62113fae5	210523	metadata/regents-club/361.json	b80a9db4f20abd96323b92bbb602f9ec60b863d5e180a9349ae5e2a301630ee0	744
362	images/animata/cards/362.png	c88cfb780b423f425bad6e20c607e3344c83706bbd4456cec480d70aeacef1ff	1572771	videos/regents-club/362-v2.mp4	7a961b57911217b0669aa33ea7866223d5682e462097da518abd7e2101944b6a	279615	metadata/regents-club/362.json	aceaabab134c29e62474e6aaea910a8e8f7cffd721e990a68eec0a8c11b398c9	740
363	images/animata/cards/363.png	fe0d5fd1f5a8250bd32e1300d38ca6ad0ec45b31f5a5ccb783f3faaed5820979	2627238	videos/regents-club/363-v2.mp4	36659f6ecac8a4257e713a7527603a6e99941deca5af660132eb5ac6ab82ee08	1443356	metadata/regents-club/363.json	e6eea17c4c5519788f1c7c9ff8e11609580387b49aaa047687abeecf816c95ef	744
364	images/animata/cards/364.png	7f56ba9a9eaee3463cd13ca406fde9c6c1c9bd4b267e9c74b5a24eb2af950d9e	1371503	videos/regents-club/364-v2.mp4	a3594f9068f07087685f052758ac9a2544fea3dec5c7e34f5e9f57a554a86512	204744	metadata/regents-club/364.json	98e20f076d378a99cac2288a7a5ef1631033a8d51d87643717756e6a4efdf567	742
365	images/animata/cards/365.png	313da647230cc5dd16ed260b4707acda0256a0f1d72e7917740e09bc71c94d3d	1643395	videos/regents-club/365-v2.mp4	a55230e672b01f9f6b4f401ead39977dffe7b5506c9b5aea8ca5dc9e964b4a79	328510	metadata/regents-club/365.json	a9ef3aeef374107aa373452fe8f8dfc9f0f145a1b365953beba78a41ede6fd92	741
366	images/animata/cards/366.png	1de46d57d8eb46490f6ffa7a6029e5bf00872a6dbe2de0eb577561a6ff9f4946	1417576	videos/regents-club/366-v2.mp4	6bb65f7a9614e7dc471d4b7dcce0df2a5ce33d0700bdf20f5617afd64e7bcf7f	433906	metadata/regents-club/366.json	c3898e5ae211d2e7239300b5d51bef7839fd2ec1e5c3ff57e362ccc4e5be2fb2	742
367	images/animata/cards/367.png	22202edde441555d25046825e8a68117d5245f278abec22b963b6ea857bd54cd	3833186	videos/regents-club/367-v2.mp4	204031f301afff40d96374359d010ce12188ee9682782d05f7e2f0d3fff4a29f	2956949	metadata/regents-club/367.json	e702e9ab4fe9c639ba9737dc6ada1187f92010d18d4d447c81a0df4bebaaafbd	745
368	images/animata/cards/368.png	c7e4dc4a956a86f24cb5a2530a6d2531891734586624af918aaffd208bf5c820	2213513	videos/regents-club/368-v2.mp4	89e4bc4e28bd09d633300503fd300d32c36592dd4910dd8a0913a3f9db0ee819	852327	metadata/regents-club/368.json	110ea5c4ec42a2a1ef5ddfa8b2c1bf2dd17962b339807652d7b34f16d098281e	745
369	images/animata/cards/369.png	02f8d55ca64a928e7d9cf0e6781491b8f33d1c011d27263fbbacde29bcba9d17	1585880	videos/regents-club/369-v2.mp4	9bcd94c650739a60203594f06e0fea07e5bf5eaf028155530f459ddd3ae3fc5b	288581	metadata/regents-club/369.json	dc7810de0a549ab5d2d59f1926c49bd664ddcedeb9ee91c32a283e9e12d076ac	742
370	images/animata/cards/370.png	cebbc849a0ac26c2f7b4df42ebac7587e1027529dcc1d8631a5b81a5fa218ce1	2254821	videos/regents-club/370-v2.mp4	71d31e858df1ac67c621d66de60717d0377d4eafa516f9504dab67195d8b8305	800046	metadata/regents-club/370.json	35fb49dbebb21ba7fbfc589b4a1f276356f10e10593ef3c817918e21a2dfe05b	744
371	images/animata/cards/371.png	bf372c1f81c1270d206e24d6b60b028923607b154e193de6022f819b6dd21090	1666476	videos/regents-club/371-v2.mp4	2869871443004edc42aab4e6e418be4d28e5bc11f108702675324e71370fc94b	319869	metadata/regents-club/371.json	bc2b19a60dd0f133e2fc7c50d94983cc56a647058e9c95e2b773c95bebd3b797	745
372	images/animata/cards/372.png	bf5572db052e2927d24e4d59b25ce077f0c4993e021adad714618cc5c8d550d5	1451999	videos/regents-club/372-v2.mp4	06c5ab200ded88463214ffd879d0cdc9bd6026624888ef1495f7fe81b8713335	411969	metadata/regents-club/372.json	67fad459dd4cf5b416d81ef3d97b9fbe20bbac9742b1cc98efef823956f776c9	747
373	images/animata/cards/373.png	4357d205496a141a9796459478835fe390d4f1149f06059ae33a97117975bc66	1589737	videos/regents-club/373-v2.mp4	8ae8148bbf9316fe1eb74fc5f0f1786ebc5d9751a82273e9a81c24180a123866	693764	metadata/regents-club/373.json	34e443ef210881deebdea3184a4c6e6867957ea5f1a4592ed6c64a8ac6769c88	742
374	images/animata/cards/374.png	df32b91e264e58899281135d1c2068e8c4e5ba3356aadc791d21dfb389cc862e	1975638	videos/regents-club/374-v2.mp4	f9def976398232bd26350096873f63e555c4b6604cb846d9cea67d8aa6a32b6e	886227	metadata/regents-club/374.json	2a888e234f329942fbea36dfc3db7e32c7eb2baa96bdaa019d507173a413e5b7	746
375	images/animata/cards/375.png	e72691960335156eaf9a68d32eeb36616fdc8ad97e98e66931284b5c0cbb95bc	1771186	videos/regents-club/375-v2.mp4	303eac80dad264452c0a340c3a228dd50b3843d4505149f8c3261c32f16f4e20	566404	metadata/regents-club/375.json	4daa9472ac4988cc4e21eb249e356d017d86bea5b75b40872f2eb2e0d021a44c	747
376	images/animata/cards/376.png	8f81c047575bd152be1bb675c564344de76248bd14780ecbce7532bd5f5f28d6	1611691	videos/regents-club/376-v2.mp4	74d3fb7fc25b29b79d374a8ed38bf018381aa31862846f24b75d18ecb6aee8de	577929	metadata/regents-club/376.json	41c90f7ac0385ea99429e0f258f35b2dc6aa5ffaada4b8eac64fc85b2ad73739	747
377	images/animata/cards/377.png	5672c5faa479053c64914592f73b67be0333abf7eb68d90d140f76cc7f5ed1d1	1589407	videos/regents-club/377-v2.mp4	d0542d3a57a6d5ac5aa45a2a03320016da33590c40b08d4b3da54b3651f117eb	432993	metadata/regents-club/377.json	1d8bc56ce2b025915f51e36cec0a2b8e32c319371a453a85765dd81308df7930	745
378	images/animata/cards/378.png	b17280c548f544230bb40ac9fa655beea9e5184bcb5d9ed738d6cbc987e377b1	1909187	videos/regents-club/378-v2.mp4	259f1c1de818e3703008e1197db5a9525a638f5794ab00484d272a96a0b805c5	363283	metadata/regents-club/378.json	ceae719be5066fed8a4a35bd9d7ed398ee9b27f08a2ca873977b7d972a9bce73	743
379	images/animata/cards/379.png	10c9d1b3711bd33b581f391169a13a6957af71d924981a1bfde893c11feae93d	1472199	videos/regents-club/379-v2.mp4	75ac6f76c168a620f57a2cd5543c373cec6d7f6e9be358f7f1dd637f7f6889a4	372874	metadata/regents-club/379.json	202c79717dd0dd4462ee55be2ea90617ada112e27e1e5806d0dbdd68fce02a7c	742
380	images/animata/cards/380.png	66de0469ca8dbd86cac9139a3be42d59cfeae9242df45696c0b063f166bc246e	1832371	videos/regents-club/380-v2.mp4	dd2782d7dbd7f65ab5c3b568ff5838477203030dc32b09900e58eaeed6076882	279305	metadata/regents-club/380.json	f660e4f6ed9e211f13d915a69fa58b781537e80728fb848f61032bdaa78f6570	745
381	images/animata/cards/381.png	8ec041dfaab85c08fb0ed1300b064813cebbdd7cbd5dae8fc0a6e358a8c4c2f3	1664887	videos/regents-club/381-v2.mp4	6ea2ad953d809e92a9f270ffcbb540df6e87c4bda5e1c5d641049764818d1647	392213	metadata/regents-club/381.json	09734131c1b0d91c86bed5b5b51b9b7e6a60dfe000d27701ba9e38055812b5a7	741
382	images/animata/cards/382.png	a2a24ec8b95c797d78d7b3381daf18145dfc55d55c340f761bfad96d47d68164	1254768	videos/regents-club/382-v2.mp4	d90c485cbcf5065df26aba12df8087892a833416f2a047ff73cbade470f11847	255374	metadata/regents-club/382.json	d864548b277b58addef731da5ba4a57b234ae2d5339437779d6d7b8cdcb54f2d	743
383	images/animata/cards/383.png	9666c0f0147d353fbf83f50b7b36e1a172c62bab74e903aa6da4ec98311db2bd	3292923	videos/regents-club/383-v2.mp4	bb1cc527bc8dc637564f5b95b29b35b38395d86be7d54d154c67acf84b6b405e	2198526	metadata/regents-club/383.json	5c147aae93b7dd08868f2aa28d18d396d60b9808579114a49e083c362e303eb0	746
384	images/animata/cards/384.png	7cd6e05caae7c1953cf6a0e09ecc864399dc16a9b954c13ca6e79e8128371c42	1863606	videos/regents-club/384-v2.mp4	c11423e9c4a6165a31eef842e0d931fa7295d22a960575fd8e4b74367cec990b	420689	metadata/regents-club/384.json	af21bee6945e1531e195c1bbd377a6176287f8c7223b8d9c62d94c00aae062cd	746
385	images/animata/cards/385.png	259a5208f8248be8e567c45c7cc3c9b858699e4371b231ec3c50bd27c31a8bbf	2068867	videos/regents-club/385-v2.mp4	060973395b31672e981682d20b8dbaac42526710f804acd87b95bff9f7f7dcc9	442582	metadata/regents-club/385.json	16f95987e2c1f2565189bf5045e2b98eee452110e8c289b1ca4660a85e427c90	743
386	images/animata/cards/386.png	b0e2c10d73744d1381c437d5da3c0ba59f2a599536b9548f2c14ae0d28a12628	3684972	videos/regents-club/386-v2.mp4	6a394f8403b7e4e242497beaf8b265984be06e9a7f7aeec8a76c7a482a917ddc	2890604	metadata/regents-club/386.json	5fe656bebad741d2dd17a0e6d697db327a5dac22b2d62ba42884be8e3834007a	746
387	images/animata/cards/387.png	bba9fc414a79fdd4ffb60941cc6cb471f09226da0848e0b968d3cdf7e19d812e	1454200	videos/regents-club/387-v2.mp4	2fb7b269a110e50f894f847d5ea183ce1a37320233fd2de61c195f2d9e79400c	265968	metadata/regents-club/387.json	b8cd632d2564a585b4aba881315beae5756d74ce75079aa740f0450c947ba04f	745
388	images/animata/cards/388.png	27618118ec57e4c4ddc990894c42f7268e1db1671b4ca1de87daad1dbb0c07aa	1903562	videos/regents-club/388-v2.mp4	117f333591a7c6c040aadef1c7b9a56730ada708ce313ff15a13a64c1f1bf3b3	726629	metadata/regents-club/388.json	37efc000dc5a517af611d06a7ebbf58c8264d5670322846d88d6d0e4ecf41fea	744
389	images/animata/cards/389.png	d781e8f7f2f55bfe1e0157112827edd32b71874f1e49066b5ad5ef828f696643	1501371	videos/regents-club/389-v2.mp4	7a9b86e63714fd7cbe1e1363dedebe1935b76139f2cace39c1cb8448614ac01b	502579	metadata/regents-club/389.json	62497812c0786f24d38810b9146ed1b3565b709fb616e6254c172f75d0ed6f39	742
390	images/animata/cards/390.png	ab599c0b19ed7b88cbbf557647b676365856796e982f6deda112473e1638a6e8	2179867	videos/regents-club/390-v2.mp4	5f823989a7d8a1d59044d631dc8355036521ff16622304f9ff617146967a88b0	1049983	metadata/regents-club/390.json	ab3c5ad7fcd47592cfdf8cc57962c53fa993b8b7c4953b4a53a816d3b6ef1903	747
391	images/animata/cards/391.png	5d6b9db638eb9b9c2e2d30c6790d7cf22076b8191b6185b8f8f74e7dcee46e4e	1906646	videos/regents-club/391-v2.mp4	b6557ec2cbea3fb90a1578d019f5ea844d9461f1b7d5644dd7ada746f5622412	929809	metadata/regents-club/391.json	4dfe34e1c2e98e69edaa9ccebf32a461cb9f8df34e6931a21daf9b966daf3f0d	743
392	images/animata/cards/392.png	6d0f9b4a33be4865beaeb47b2876abc6308cf1abd510bf3463e048abaf3329eb	1480067	videos/regents-club/392-v2.mp4	ac68b4f8f6f71749e5f3b9bb1f6c47e9b3dce28af2868552ea64e4f29d39e0f9	370961	metadata/regents-club/392.json	eb906fb0524a4a85a5c90cc0c1212d2f23ccca37c07f453fcc2fc13e24637965	746
393	images/animata/cards/393.png	16ec9ef9687bb4e8cc7433e0fe237255b9fb7491b876cc8c3fee99ad46a8b4e0	1710200	videos/regents-club/393-v2.mp4	d61a3dbde3f0470ef97081744d027f9848a44f32d37dd9792c81aade4be000aa	564134	metadata/regents-club/393.json	5a4ecba1bbfcfbcb182551ec227d4d9209983ed2e484d63014da553ce79a4ed3	746
394	images/animata/cards/394.png	eada2d604240b6e5eb56df8d6f0da74727f760196c1f8454e47ff314002279a7	1353901	videos/regents-club/394-v2.mp4	94983176369601a62b54efd58f7a1d1c93efd79169a6c1888caa24bbe97a9ede	175331	metadata/regents-club/394.json	789f2a4c8751ea020442a87583a4adf68af3ae6bb2d22fa42e8cf112e7a2c115	740
395	images/animata/cards/395.png	15492d258eefc2aabcf397c52392d94781b0d6f302b09c43bc944c3984e1365f	1804452	videos/regents-club/395-v2.mp4	4f36ff0b5fb284a526d55de09e07e6af705e661f619b30cf913d7f56f7cda72e	314564	metadata/regents-club/395.json	5a02b70797f8f217386265c1fc76265a2998f742d3c261273f09d62332a78779	744
396	images/animata/cards/396.png	3e67df913fa6f6e48fb181897bf9eededf26947e62d1a59aff28617028253386	1643474	videos/regents-club/396-v2.mp4	92b85313ea6f850050b70aee5276e9b7ed21aae2476083670981463070602184	407311	metadata/regents-club/396.json	73178825cf41bc2de78259aa8de55e3d0f05439fc4a7e4cd4e3d8b857b2eb2da	746
397	images/animata/cards/397.png	8433a7079e0af1fb6eac639c999ed564b3c708bcf09a629c1c21fdf8f5db65d1	3267314	videos/regents-club/397-v2.mp4	9a5187f7c9d6a1a61da7a6c5d5f2aec5bf968a678270f7f80796fd5610b02d27	2147513	metadata/regents-club/397.json	6b6e22688db204608798d65f7107380985a30216af95b6681984de608cdb8403	745
398	images/animata/cards/398.png	c122bc260ae33fd325deab68306485754e0f5810703cf60e220f6fe6bd98fcf0	2978087	videos/regents-club/398-v2.mp4	c05efc93d3485486e6ca17d1aff242d9a3ad08342653a6670dd91c11d40fcfda	2098221	metadata/regents-club/398.json	c409dab79ca1b5b89fc888138a851799e27428b2392d9274d2b76a1dfe4b36b8	746
399	images/animata/cards/399.png	4b136728dd7714ffc2bf0ddfc58b4a4cf9db12be1b21226f78a6782677d7b32b	1980133	videos/regents-club/399-v2.mp4	3ca0d552d764d14e2c5c97fe8c0420949e651e207e00441a23377cf222c4e63b	665504	metadata/regents-club/399.json	e5a4a237fc1e67f1250a5c3e6e0a8618423ca05ceca7f43c34b90ee0559d6622	745
400	images/animata/cards/400.png	1b9b53f841b39777d1efd4ecd81d4eb978dea0a238fa150ac0c4a5c655ec4fd9	1263103	videos/regents-club/400-v2.mp4	b557cabbe2ddfae861ec36cbaee2738797b53fc05cc25065cf88ba356daac7dc	215189	metadata/regents-club/400.json	280ac6d0633767be24073b96fea0f0a02ce9a293cdae1e9202ddaf6046ea56b2	744
401	images/animata/cards/401.png	18982751798c0f2e953be5a3a9807548bf7b19b663c3ccd850d846251eeb1234	1488699	videos/regents-club/401-v2.mp4	ed422cfef77392b43ecd79fd60712daa78cd713ede0696170f95852b99055850	256192	metadata/regents-club/401.json	6b9c0b2a3c7fb119b74aa862ec6104cc9eee3819fa3f22b72a58599d5340631a	746
402	images/animata/cards/402.png	12065990d2a76b94183db4ef046589faf244d932b7db47bf15143876a8d4f22f	1816068	videos/regents-club/402-v2.mp4	59dbc4079098ae1125fae9072eb2d80ba33294936b6864dacc5bf696e5f9e2e5	507587	metadata/regents-club/402.json	08cd98f307df3000c911b62ff964e327a625c1d774cb7ca0fc9045f95baf60cd	747
403	images/animata/cards/403.png	92d93232ed67c19869a71b3ac226fdd77bd4e3fad06366b0023e54a99c2f06de	1875275	videos/regents-club/403-v2.mp4	a5a1e05abca67ee09ad3d197bc799224260b5925e71bbb4fae655b78d2d2574f	687288	metadata/regents-club/403.json	da5ef4e0190ca1076235fca7e895bf0c85faa8b4225b2df4649a29c55c94ce78	746
404	images/animata/cards/404.png	570424329c69e0afafd9528045e29e630325f8df2d5a3e6fd8e96fa3a00b0d07	3536875	videos/regents-club/404-v2.mp4	ab12ba8b58da8a0f6bca0d7f3c5bbb7df46bc4a1d207e5693620dc0202d8624f	3559943	metadata/regents-club/404.json	7513c8fcf1cc45d17642ec8c9a77145a6a4019f87a6b7dc642e68c42ff27ac20	746
405	images/animata/cards/405.png	a7dff0cfdb89ae765e9c803cb8e4ab1b651195fadd0d17852a51bad64b955296	1882066	videos/regents-club/405-v2.mp4	643f657116aa1197bb4811e5378c43ae19cb78dbfefbcf3b46360fe517b62f90	306431	metadata/regents-club/405.json	931e89424d07663f36d7b6b817a82f64c0b8f48012bf0dbf6c19ba6167ad052c	745
406	images/animata/cards/406.png	f75534804eff65f35d9a824de2bf4fcb950205b7357a1e1b98f12b2d95d132c1	2640499	videos/regents-club/406-v2.mp4	cd16753f61f977d22bc678c3f8ef0015c57a7e7de688f8fb578654cf4d99f9b8	1335879	metadata/regents-club/406.json	fa99859dbad47feff85a08c76919b2df299e8beb7de3cc2e4ffbd6308218261e	745
407	images/animata/cards/407.png	cc4fc21c309e90d6f7bad2bcfa80abeb7e69c96717fda33b22009944bc431e61	1504172	videos/regents-club/407-v2.mp4	77d5e68fd59dabbeae70ed4573b15c9e66f25d938ba646d2b1cb5d0ec452437d	455746	metadata/regents-club/407.json	344a67c90701038204d76415ed979ce4d4362c60d6e029c47fea0a1318d395d2	746
408	images/animata/cards/408.png	cfecba6cd83484830ffce1ef2b58a55b3306ce486c51e4d19402fba1b85d9d62	2598240	videos/regents-club/408-v2.mp4	4b6db757a18d66c610dd63be7933dafe0950450c419a3837a46f6ab675a44803	1473730	metadata/regents-club/408.json	4bb292c35cc822e432042acb4bc58c78afe570b904927677fa61852d37dfa1d5	743
409	images/animata/cards/409.png	c96b91f21a581d126d7653c33671164d386c297c458f11c4899366a3d6de8f80	1782766	videos/regents-club/409-v2.mp4	504fa97d603a5278b559b393be2a0d1338205daddbebfc31b5d7f5337d9a5eb2	598526	metadata/regents-club/409.json	4a304d3d5c3cca65510eaab050ff3a725e8174f3d0b9ced072a37b33794de593	747
410	images/animata/cards/410.png	d7dde42ada86e8a6833516479588284fae7d45c3b5a422fed36450c239d2a99b	1754857	videos/regents-club/410-v2.mp4	ff23ca672ac24be86cd7c2ed8ecbc179748a9f1ca1e1713c2321963dea5d56f1	796712	metadata/regents-club/410.json	ef8f34ffe4dd5c404c079aa1e3dfa35b753ead50d75ef63923d18ee13d5d8d40	746
411	images/animata/cards/411.png	a9fbb4cac22f02df718f2d5049775204cb5cf810c56d94b456cd8faf1dc0a470	1459054	videos/regents-club/411-v2.mp4	57a08694752c9a1e3017e4eaabeed968b4b43af401330bf4799009d034ef6acd	449071	metadata/regents-club/411.json	7b1d57deca02758802957075347fbc7d904439e22dcec06ef87daac5b67f2779	741
412	images/animata/cards/412.png	82014f9f10f32475e22fdc20b8967b55a5e632f10aa30f107e7040e5ab450ed8	1734550	videos/regents-club/412-v2.mp4	949adb887e211cd855429513a9ca7f169e9d8ad49f4de39ff35e0094db97593a	516525	metadata/regents-club/412.json	8b21c535f3901539dab7a8d4309d2fbeb6f3ea117b5611d2ee600a53582a9a55	742
413	images/animata/cards/413.png	6a07f8220aca1cf7d69fb98b52d08d7ea5b294872674ca6a73d3fa0a7865d882	2278050	videos/regents-club/413-v2.mp4	0d6f752eb1c163610994ff7890e3669321609c0b358ffb075d6fa94259851bf4	856122	metadata/regents-club/413.json	4d77ee73ade01e63af892fbd73860b2a05043a0dd81672b68a3a4de8ba56206c	745
414	images/animata/cards/414.png	c471d5cc6d9c719b0c192487d5a89804043ef3a69d530a1b8e5775684c39ad58	2205650	videos/regents-club/414-v2.mp4	82c8fc25c8b27cc169cca2b4cc8595149140b229b5e4990234b0acfcbfbc3e42	806520	metadata/regents-club/414.json	9aa0db022aa115209bc4050346b19af2287917bc0ea87ddbb71e834e4f47c0e0	746
415	images/animata/cards/415.png	52b0df4a04b05a6e0901e830c4e68174599a8be613a6faa9a08258915c155bd3	2659499	videos/regents-club/415-v2.mp4	3716657441c4a5ba75576bcf4fddf211a12c7b5767273653fded87652d5c6012	1672585	metadata/regents-club/415.json	b1baaa6d82ca05abaa3614a7e9c52a8140275347779e6321e75a350cb8264951	742
416	images/animata/cards/416.png	d6ff2b98c7dd84bdd279201e25fa8f7fb11e45c10b87abeb2e02da79d7a954a7	2207253	videos/regents-club/416-v2.mp4	57bbabd3825fc02f59d251e66ec735ccb1f0dd25c92dc653679ffef4668d0347	366220	metadata/regents-club/416.json	72102d2d8c17512eef173ea201c7c7b2a9b7fc1a4dc857bab79d54960f2a75e3	743
417	images/animata/cards/417.png	b4e102a6d74b123e69367fba850dc5706460cdeb7d1b200ea7de1bbfee77b07d	1714566	videos/regents-club/417-v2.mp4	8f62b31097350c2ffce55a5e1a93b80ca4ed56e008e46e055b349ddb590e2f6b	652530	metadata/regents-club/417.json	0f7fd39ddd0802c3aab2171990b423a77ce97028d4f681b2c03ff2913cf7faa3	744
418	images/animata/cards/418.png	d1588b80fabf4b3910e027d4b6eb05f1a8a4b6888d872dbfc221f13186f184a4	3261010	videos/regents-club/418-v2.mp4	18dcd01643db6caf3ee8347d9c91916ef54621c8f4ca5eb132c75c1eec95be25	2436333	metadata/regents-club/418.json	9daf2c3ea2a5494f3a2a2ef5073f1903dc97d9a245c193c934811c2645e87213	747
419	images/animata/cards/419.png	b38521469ea0868bfa675f5adaf1b9a457d7d9e4f5ad5f8684e238b066c581fb	1742239	videos/regents-club/419-v2.mp4	cb13716d56a19e38810da1b16f5f4274b65eb280b88e090b5d5823d5fb7e089a	590141	metadata/regents-club/419.json	d5b424dd85f488dd5637587a47f75a640c303f4c561a4be0e929de7fbb207a06	746
420	images/animata/cards/420.png	363fb8014dfc9e6db3c53f0b61abf699a782a62eeac39872417b0defbb875bdc	2044873	videos/regents-club/420-v2.mp4	0e20fac27a7ecd7b3be149c2ace798d535a0f1d89a8fa507724df58e47140a8c	1101586	metadata/regents-club/420.json	6fa343649580e60b3e18f8c81304768e20d2cbf7082e53fd43df7c6cbbda7105	749
421	images/animata/cards/421.png	4e589ddd364dd51488812db632f10b233ee0617cee0f992febea302c66ed0fbe	1516446	videos/regents-club/421-v2.mp4	f4d0eca39ae1aa915d9794720ab26ca29a182c7bd78a735f4da6653fcbc786b2	152743	metadata/regents-club/421.json	8bae5e6696464e38ad0fbd6a8a3a51baa57cdadba8d8b41b34d3e589edc549dc	743
422	images/animata/cards/422.png	240c37dcaa5766e9dec82315b86b5409645addf1390873ebe8e990a9851086c4	1595165	videos/regents-club/422-v2.mp4	a7f2c7b7f05af9d837cd8008cb6e3960e4347396cae986134879f21e60f7c459	279160	metadata/regents-club/422.json	b2a6a9fd6f5a58d3d0e949a2a3bd4b51b00a69089ecf821c865e96e20dddeb1a	740
423	images/animata/cards/423.png	363c919a1784206cdfdbf988cdc75d0afa7575e93dfa7a968120939ab8406e7c	1281428	videos/regents-club/423-v2.mp4	a8a3f2ada1096d0ef0749ffd7821bb5a6eecbbbf073ce1636f55c649d7209ead	148058	metadata/regents-club/423.json	4c89d6ce8f7ec0cb45d007444ebdd0c14f9abea67357110106be42816e382c63	742
424	images/animata/cards/424.png	77a9afeba6168722b1c5c774f99b01c5d865aad244f3e5bec661a5cb75c4230f	1668126	videos/regents-club/424-v2.mp4	945af4c0a99f7bffdbf221f68b0599e3768815786c85c4ce5560e02be289fb4a	392786	metadata/regents-club/424.json	e61273daae1ed4710ad15f6b2c367c6b304b8f2da233d9a1bc4a3bf200b66951	742
425	images/animata/cards/425.png	975090a56b384fd4e5c06f3c04e1963e81490d63b1e02e303e9396bdce9bbf9b	2196062	videos/regents-club/425-v2.mp4	434b5900a2987ad49e0fa10f009a19e90cd76e2fd02dd8d89ccc673c9e0f66cf	1091372	metadata/regents-club/425.json	82e08e65f29611db0d9e98df0378a1070f07f102424e6c4bb3fccc7d3696736e	745
426	images/animata/cards/426.png	5947b448a1d5ca93e6f8133845adc9a1a93ffff1a426245e2585bd6c76f680a8	1368010	videos/regents-club/426-v2.mp4	c2ca8b419c2894ecb245e799583e5a38dad235676d6e066bf9f4f26c13fe64f5	280926	metadata/regents-club/426.json	1aefa205e0607381467ba8fbfed11aa7c273d5fa23f7d742c0ae5510444f3e78	744
427	images/animata/cards/427.png	f7293a6c9cfa117c93c7956987bcaac748128cfc3f1258607a07b9a29d760c9e	2658075	videos/regents-club/427-v2.mp4	09e5d2f6f799f22289363e97308ddd0b4c2b0128ca47c1f48ee0e7e1f8458b41	2647921	metadata/regents-club/427.json	bf12fd0c68f03346921783c8398d68b7e7b0f1943c12888bfed5771399f16a8f	744
428	images/animata/cards/428.png	ea82041ba42c824699e8d7810a28b1f42a9434b14995a145cd3602d4dce380f5	1663362	videos/regents-club/428-v2.mp4	c69638c87612cfff35acf2ee6308103eb40c82935112361ab3273710a1f03067	473622	metadata/regents-club/428.json	953ca74e74fa0334371f9a63b6379b26bbe794d0148802f6c69330d84d244ebe	745
429	images/animata/cards/429.png	ede8a3935183efd82132fb03192f42d2a028e21b0224bcd4ba1e3cb5561d6cbd	3502392	videos/regents-club/429-v2.mp4	45f0e22b93c74732b6f669d1aff0c97d4309c575937c89795a386e114322efaa	2652879	metadata/regents-club/429.json	f453bfe77722ce2ec6b7fcfaede25b31fe643988a74ca139c04303cf01bb2d9c	745
430	images/animata/cards/430.png	c084a238b16a006825bbfa9fdf12f1e7a2f9bebc687311d5e9b0611a5cc3cec3	2179413	videos/regents-club/430-v2.mp4	c269b39e6c9c196092fc37744413591c91bea011227fb49e9c8ee7d0ed7d0b4b	1045859	metadata/regents-club/430.json	069767281577e07617aa9f48cb99cfc8c48e3158821fbf57228dfb1a51ee4514	747
431	images/animata/cards/431.png	7a063b0cb7b4ba54efa1c861cc0f3a4cc98cc6c305f6502beb3d641cce62737f	1427635	videos/regents-club/431-v2.mp4	1656cb3a7dbe03f7f7b0fcf09c85e1189769a42468dae4003bab753490404504	274295	metadata/regents-club/431.json	ff70a69c3d008a402fc6709322bc86696c8ab9b2281da2276b7ad19fe75adbc4	747
432	images/animata/cards/432.png	09f5c94de2a12ee14e64883a481642d07551ae92380085cb49eb36741494535b	2264197	videos/regents-club/432-v2.mp4	0ca1f76d8f8a0f5c10b32115c35bba25ea03ca73e6fcc72bb86a667289474c69	590708	metadata/regents-club/432.json	11b2b1f08077644b44ac519b0ce004bbbc2e4f5143c710fa9d00d3fb46040b04	745
433	images/animata/cards/433.png	ea83256b8dfe1a839e515d48d0a98a371232aa114be0b744863f69543dc06ab6	1567092	videos/regents-club/433-v2.mp4	522c2893fa46389671bb9ab9aff536308a0427884564121b93f15d800468e360	219715	metadata/regents-club/433.json	013a42e49422283d826ed6bc9746d0c10587ad303eb2130b95fb32ca54ae6440	747
434	images/animata/cards/434.png	3974f481fb1312ff0d3995ebef06c617beb42b0cffb4346633a7bd8ee8e2530e	1351037	videos/regents-club/434-v2.mp4	19ef65791921444b640842b2d61cc333d8955d64ef8902a4ae12d3897e9836aa	184531	metadata/regents-club/434.json	c6c07d1855baa4c300e7b25fc7b55c69d9de78f70f67d69463b38700b75aecc5	740
435	images/animata/cards/435.png	ed7cf6b5e0c517a15fc77310be8c03c487f83f471a46bbe51a041cd9b93d27a3	1429496	videos/regents-club/435-v2.mp4	30083a5e05d8c47c082bf0906fd5d4ed969d0cd8c785a23f5d5f2d4d981deee5	251470	metadata/regents-club/435.json	fde44c1783c0333b1a49f46bf664c7018ab9899427c8b50840bda99a3943cb13	747
436	images/animata/cards/436.png	5cbc2d00e3212789365d9e3977cde9898a896d984aeae23550d65be8d9394f9e	2287711	videos/regents-club/436-v2.mp4	628665d8429f882222090bfb5f22dd2b6dc6adc5938f075ee8cd032e237b2692	1180159	metadata/regents-club/436.json	9d1fe3800e0f5bd94170ce470a9b830e71356952eaac0a1953156d5984048ea0	745
437	images/animata/cards/437.png	8e9fbc80e6ecc5e17284e6f22ed6184f9c117f782db631eee03a59e03025d724	1864704	videos/regents-club/437-v2.mp4	80acce92954807700274033dfeba825965b7ffa2ca28067b480b1e8d85c1e081	319167	metadata/regents-club/437.json	c25d7a8d8e70ff5433e4aedd40e88f6421fe78b9d5459f06fea585fa98449b90	743
438	images/animata/cards/438.png	011fd975d7cfa8b334030c9b91c67c4af095fa45cfd25d7966ed4ac99af831ae	1907354	videos/regents-club/438-v2.mp4	df2f378edf98ee7675d4ad4dd175a21ca8ba2f91f5ce811c97ed22a272d79499	733595	metadata/regents-club/438.json	d19bc5ecf5a50c37357073b62ac1eaeef7ee81b7985a5b40895a903271dce24a	748
439	images/animata/cards/439.png	0ba2262649430e1d9b402e0cba9ebf39b1799c09c41fe560017c232ccd4346ba	1920783	videos/regents-club/439-v2.mp4	d2c703426f994d401fa9143d920bc7bc58a5658df3d5d1a574c0185172bfe700	478929	metadata/regents-club/439.json	88c7dfe8719943a67f37fb3181b7cedb329e0fa6f3c9c5e6ceef8f488a45b4ca	748
440	images/animata/cards/440.png	7e141aec7e1de1679814a59e16db2fb4f9dea6fe6a9f570c06143e736b27015a	2710660	videos/regents-club/440-v2.mp4	ecde5079dc2451d181fc27e35e9cb8aee668620469fca65a9663b26214612864	2652685	metadata/regents-club/440.json	d9d0dcbebc92ac9b04cfa7bdf2a1e288bb42f68b5301a7fdadb6c448fdf09f8d	745
441	images/animata/cards/441.png	0b2c2373f9ee513561ea5aa2c084c250f4c57b52520be60f1485945fbc26e4e9	1606281	videos/regents-club/441-v2.mp4	cabb27ec7513d71b827e9601c30dd4c8f4b510bb4791983d9cbf1a3e19b4cb40	286267	metadata/regents-club/441.json	dc2214a456e074c56bb23e4c3b76470586d9273b06462521ab657e1dabd2e628	740
442	images/animata/cards/442.png	aed7bbec95f8cbc5a78431eb8d56a2f1bf4d2e8a3579fd0870a34cf95ec0b140	1612034	videos/regents-club/442-v2.mp4	6ec6067a3c53bd8a01a78d485465cbd0bc9210563de82b18e1c73ec7c0801168	313506	metadata/regents-club/442.json	9e9797bb94fa68bb30bf728d5d5a792bd375e17fe7b8beda393dcce1bc153d7d	742
443	images/animata/cards/443.png	45cd5320a9d94a41fc5c07af7619def3e1fc30398915003cba320b5361898eaa	1613784	videos/regents-club/443-v2.mp4	a9d3e16322e32e5a57c14e78686a340ed3505d7795c70e30fecc2c1d9dcc8b56	270506	metadata/regents-club/443.json	2caf2c9af199bdc92c8a7cc13b7c7bd3b669ad0d22a2900b44697930d94c6dc8	740
444	images/animata/cards/444.png	a2cf990fcfcf4472f07dd3041b94633ef84bfc8e30cc35a2b37cf25d41409ab6	2124903	videos/regents-club/444-v2.mp4	2c8ca85d9f3382351317bc2f21c829c8bb683ee183332459e903330ad80ab5a1	441502	metadata/regents-club/444.json	d1a1485d72e33e7af071a1a9b5be4dd1aa06c50ac13bee5ed5598e1f012d7d48	743
445	images/animata/cards/445.png	baf6cde05173c7bdaafde3481b4f6b24caf41be7185892689fc395033720982c	1564133	videos/regents-club/445-v2.mp4	338b3ef783652a490c49982475255da001b5d3dc0f78bb44b5f3cd7b073e50da	412486	metadata/regents-club/445.json	cdddeb23896bb7639d3dd5fcf31537f3c4b048bd47248af7426b9954701dea84	744
446	images/animata/cards/446.png	2d3e00a07dd51ce4dc470a976642fd8672d84c72318048b9a49ec2452fc6eb44	1632125	videos/regents-club/446-v2.mp4	0e48f731ea9546f908a98bea4d17f22b6e446afb6895e39923abb9cd5f717ab1	239823	metadata/regents-club/446.json	7c512dd5029111c7952d322188956ff50eadbab46d7253a45471462c972b300c	744
447	images/animata/cards/447.png	f1e1971b753cadc9816da9e9f424bdb4ecb4728388baa4d93f7f251ab7a25c54	1721221	videos/regents-club/447-v2.mp4	a4d1f349744f9904c5b631932e5b667ae057b897ed0cbeed21335a3153dde58c	407119	metadata/regents-club/447.json	07563c9837fb00fd539f24c3502b992b1e8963b6f98ef48154770481fe45e36c	742
448	images/animata/cards/448.png	85d44354783aaca1320dd4d3479f04b08e9c24a59bc0c720af6733f233e52fe1	2876038	videos/regents-club/448-v2.mp4	c1f64865041e0d726c37767949d0194da3c951decbab3000c13097ef3b9bc452	2184482	metadata/regents-club/448.json	cf1cbb0ccca7c3cb1697323b4c0adc5c638d3fca45a16c855d4576b56ae7bd9b	744
449	images/animata/cards/449.png	c482809a9db69687dbd225ea2f15dbefeae0c85808018205f2f80bf17c8c1085	1329345	videos/regents-club/449-v2.mp4	2aedd79b80d7e33cb81c6d57748dae2359271230ef233772748caa640bd0e534	212595	metadata/regents-club/449.json	b899ee83fd1d08ec7826c49fad62557d36a453c0261b6f8927e3a53c6bf58cdd	741
450	images/animata/cards/450.png	1bb91e93d35a8e0a6aa1515a1b1d1c41863acc4f550e5d096de8d78d0a1815e3	1289270	videos/regents-club/450-v2.mp4	8a8d7ed3e6ba3b02c9aad4f6de43f0c73a377b0aaca8265be17a75809e18a098	195779	metadata/regents-club/450.json	f03e54a5069e952b3d6afed2ca2962d3800949efac72a4c0055c80a47c09ea3a	744
451	images/animata/cards/451.png	b91857f77080ffe2d12919d518a57127219413a463a3dbcd6f38cb6d628c87da	1364411	videos/regents-club/451-v2.mp4	2d3a11dc7ab1bf7a5e46f68d899e3e63e8a0b329a73674856fafbc3e465790f0	429085	metadata/regents-club/451.json	8ebf9f7011342d85b4b51b3407c26c1edc9fdeb7169037ae53605604c4ba944a	742
452	images/animata/cards/452.png	3a4acc36b1b147634338dad8e43a9e92531a20d7808d7120fdfad861f9033a70	1426689	videos/regents-club/452-v2.mp4	6f8d70c81cafeacf84cb7aed46d30a1ead61bfb39f1fe88055906c9b63d8e566	300945	metadata/regents-club/452.json	2184d19cb94833a32241df8a8c8bc3ac058ed32c628057ddc9188ab492075d6d	747
453	images/animata/cards/453.png	a9514d4a5b338e56cbadc613e0986af3e0d10a44826b01cc8f9f72cd8d81e779	1844548	videos/regents-club/453-v2.mp4	d5d37d233f8eb21728c35694a95a82e7a0aa519bd1d3f31a7c2f2b848a2e9613	288376	metadata/regents-club/453.json	35e3674cac7f5ebb5bc6a98bd9e553abbcde5dc1270dce4152ae81303420e485	743
454	images/animata/cards/454.png	4d3d2efb2df6129aa0af8aeb50f558bfbe8a9a4a22e1659599e9b5c212323f31	2335943	videos/regents-club/454-v2.mp4	f44e0caa772def05b5d6e6b6aa5be00658a8ac1f25a09f5814f3e2ae6ad683ca	877718	metadata/regents-club/454.json	d1a03d269adce20d46297954570358b243be93e0d653b414b935c6211731f59d	744
455	images/animata/cards/455.png	cdc3a39b2c4b0c6a413522fc154b1baa4a811c76155466954e5ff27a9304cdb6	1494708	videos/regents-club/455-v2.mp4	f3123555df39635b7d7e6d38b51422227c1c46c86c758837005e019df50446ed	245332	metadata/regents-club/455.json	9d22ecd7161812df52345fa4bf0192cac676c49be2bdf9b53d9c6c18eb60ba0b	743
456	images/animata/cards/456.png	31a0ca31d1fe00dc3648fdd514faddde7edf79669e3c9c180f44c1d596a1ea84	1298866	videos/regents-club/456-v2.mp4	2baad572f6699f8efdd20a0d4022fe0a6ee17b3f4fbb7843a05cfc20a2303773	138323	metadata/regents-club/456.json	c65330ed72b43dd8db2d2a4294f57cd39c08087aae21369f14b1d3fca11ad9d8	748
457	images/animata/cards/457.png	a75a2b9835a5f2fb7f311a1551645c479f0f0b95c10d5aeceeb18896f434d7c3	1991299	videos/regents-club/457-v2.mp4	461ebfb7df283989ed326a70ccb3d87d0b0bd122274cdbf25a256785e53af8c4	475719	metadata/regents-club/457.json	dca67aeec654815e67971186ca43686fc0bdc8d2ca97b94258280ae4c7e7d273	743
458	images/animata/cards/458.png	efdb11db3f517cf2b55ad892240f0718aaa43f32b20686c718c018efdf200b73	3625649	videos/regents-club/458-v2.mp4	47e9d5ce4570149fd8c33b0d5a23b01c0933ff72a7a7c34136eec4f0be197949	2254536	metadata/regents-club/458.json	90b800e152d92faa0608bfe9a68273b1fcce7d479f3fc8d293008e72dd4e2088	745
459	images/animata/cards/459.png	6d88b3d1f15b936b91b6ebb116d7178ad62a88681c90b38130c0e2df202e2bcb	1620721	videos/regents-club/459-v2.mp4	9881ec4b50c4d974a07b25eac47f72aff4fdf7d9acdf0706feb2adfdaadc4965	222771	metadata/regents-club/459.json	7bbd5ece8200c2cc2257f1a294a967f945652e2887017c28936e2ce6556d34e4	743
460	images/animata/cards/460.png	09dd2490babc1900b9693abf12e4aab46bd1cc5ebf4a0850804c96909dfdf9ca	2321876	videos/regents-club/460-v2.mp4	2d0ad6c3c9a67616d9b03543064e8468348ee69decc7585c3e3b8448f5cf8a9d	946544	metadata/regents-club/460.json	d7e7db8c5666133eaa1b5d9a141d0fb96a9d4b785c4e561bdbc071f1215f2beb	745
461	images/animata/cards/461.png	3db14517a915765578b3ed700ba67d7ac3b13f6df401f7ca0be66b5325126c9d	1780002	videos/regents-club/461-v2.mp4	0c3f19e1b191e699083857f4830f2c3778ec0c389b836923b74a4efb60b5def7	425443	metadata/regents-club/461.json	95f502dfff21d97a7e7cc07822fbe4c598c568adb962012bd66b1c711304318f	745
462	images/animata/cards/462.png	e75958043047c26cf63311c71733c4ce421ef00505a2ef704a562e261c60b9e0	2028670	videos/regents-club/462-v2.mp4	f3f0a538e1ab09340822b286a4edd026a8b544c048fa6b724829d595d78c2127	428766	metadata/regents-club/462.json	c20f8cb484efe9f1e421de6ba214a4a4432c1fe3ae3c1dff53715ac4d24e8c16	746
463	images/animata/cards/463.png	04ec071cd8f791fb10d7597830f7113fdda0d7f48bc4f8497aa6ba7fe1e71059	1664571	videos/regents-club/463-v2.mp4	d88b25d64a6c91889bf8a58394d8fa135bd7967837560a806ed18c93b6a47ac0	565444	metadata/regents-club/463.json	19f1949c229705d04aac7e2f63a8d4309a3d37df59afe6d7c53255fa2ac4f51f	745
464	images/animata/cards/464.png	6bd514424ffd97e9ea7f905538829698ddcf218da9f0be6445e206c112ac293b	2133417	videos/regents-club/464-v2.mp4	97b3cba5267b91cc501bb6d3a0bf60cf5b7faf76f472e236191b7dfc8ec4b244	558505	metadata/regents-club/464.json	9412c76e00946e91017d472e67a8a851ec5fd4da8e352574fc68537071152d98	745
465	images/animata/cards/465.png	f8ae985b18a6ae3a45d3f6095259e815cbccc20955be442ca92fcd6e1e902197	3873989	videos/regents-club/465-v2.mp4	47f1ae05abfb0b67163a9c52ffa85ece870951b4854f3b034dadfcac394711be	2297868	metadata/regents-club/465.json	9db861e81a74b3d440920c58550e6d2d08a9d292da87b51bb140b9be7a405392	745
466	images/animata/cards/466.png	47c3b15b90a8e571fc9bbb277ec36ff70bc6476dd961285a99ad2ec808eb6fbe	1472396	videos/regents-club/466-v2.mp4	35ec1e031ecc9ae5f3f55c35f2cc966cc217730b514a90cbf555341d8508535b	240063	metadata/regents-club/466.json	50f0612b0b518979a16c11c5a7420f74e56d0f625607e747a64ccb17a4441183	740
467	images/animata/cards/467.png	3a05040e6c3bf0465f30fbc370d39af5e42ae4eda1ad9e0108e4952f8dfd9675	1528613	videos/regents-club/467-v2.mp4	dfc5d9188c2a77feba6d7412e0ff00aa97ac1ab34eed89677ccd297c090a0815	590897	metadata/regents-club/467.json	2e70c4356b42315b2a857d1cf45b9c11cb66741be43351edb8906ffa236bf4af	744
468	images/animata/cards/468.png	97f8d778889e77db7c8002c9a6924acf9c661ae00a7b2777634a7483ee8f32af	3506405	videos/regents-club/468-v2.mp4	b5ce8dcdbf3826293baaea332fb39ef03ae2be03ee8f720718c2ea4b56770fb8	2615326	metadata/regents-club/468.json	804044fe118bc017d9eca32d30d1f14b45c45e81a9cc6745afb732181fb90003	745
469	images/animata/cards/469.png	b54189c98e4f8c6e685eac8f771a63df7ddf419092aa042cd28a2e235fa4b30d	1501648	videos/regents-club/469-v2.mp4	05885d3a4c13c117a2dc6f44f302b4ac62f1fc84e8705dff4fbef847a54a9659	324307	metadata/regents-club/469.json	bdf84a068ce83254581cd2262badac77681beb868340e0ec79503e43f6eda82b	747
470	images/animata/cards/470.png	8b7ff16d6c542f4201b613cdf94f9ef48db782b9a5e956443e346faf3497bac5	2341156	videos/regents-club/470-v2.mp4	816af0f9d5c5ee29f02c816a4325074fe04faaf749189c1a8d4ecbcdc1f50643	864255	metadata/regents-club/470.json	82e884ba01993c05835c72339044cb7ea97753799e6386dee05dd593da642140	742
471	images/animata/cards/471.png	f277aeec2f815b6e57cc94862ad32d00eaaa837cbb6135fed40b8b39cbb059e4	1291232	videos/regents-club/471-v2.mp4	82b8e7ed1c5e39598755d64e75807a4d3ee816ae7a48c7cc9c1d240b7416c72f	386852	metadata/regents-club/471.json	5f647ef6b73b2ea985ecb9a1d145dfbe24a37e636d2cfce6ffe2088d2fd3a25c	742
472	images/animata/cards/472.png	75973fc443419acf47ba7773187dd15b01ed443397a5f32708c3bf1d860fee3c	1244990	videos/regents-club/472-v2.mp4	bc3158aaa3f9ff93b7acdfb9171b190e0497d98fa7cb66d097b441fc476ce458	282469	metadata/regents-club/472.json	7f47ba5801dd21c1874cdc818771d4fca7f46fa1c65764c7f29f5ed12b4da9d8	742
473	images/animata/cards/473.png	c565ebb9226727df0ffc7e894ce901eb05002039a3661163f2254904f955bb14	2261567	videos/regents-club/473-v2.mp4	7641406bb6107c5906c94d7099d744f7d823ee5b4664425776bbd9bfafad8169	984463	metadata/regents-club/473.json	d35c45f59b1fd076da61e00a521c302a23c0b855ce148625bf4e818e894ea36d	747
474	images/animata/cards/474.png	905cd86093be9b3a362b08bc00fc645f3334859b1fb8b3066dcc64e4a0315651	3388629	videos/regents-club/474-v2.mp4	e6b6240a8b0c1b864fc4a84e1d62238f8d8f32c016eaacf62320ecb9c72c8b8a	1433858	metadata/regents-club/474.json	144eb3f22281be638aa089c0959e0653448052039e8573a7f2951a5618b76c7d	745
475	images/animata/cards/475.png	4651ef59ff1e78abc21709d3957dcbd6e32d5b587e29d5860c2f871744276f1e	1801113	videos/regents-club/475-v2.mp4	e34db6c04614e6c4422b576218e34513f339bd31a37bed14344df89918c86a79	424368	metadata/regents-club/475.json	d11d261852279ea63d8a534a1e14d79ed3fd36a5b4e495afbe75df8bbf4ae414	745
476	images/animata/cards/476.png	c2db5064fc60588a1ad66895664e0d25117bbea93b6ff8ea173ad192085443a3	2908114	videos/regents-club/476-v2.mp4	06cbad430f15029e528a2fc6fc225bd50eff396c58b3bd3308c0f3713994300e	1189617	metadata/regents-club/476.json	73ae3cf851099c4f923b3266a236f96b053a14cd3fcc29704d1843a83d97e353	746
477	images/animata/cards/477.png	9e61afd1fae59b6f60d4385c7b9903c124e8f3da3ba017f3eedb670e568e6dc6	2808435	videos/regents-club/477-v2.mp4	7d5ccb642b63d6ce1865c50ab6f611874efe7f7e1967dec6fde4e9a927d67e21	2442715	metadata/regents-club/477.json	9dcec1306fabd05df161fedee0e9122e42ca3a54fcfa20af18675212802257e7	746
478	images/animata/cards/478.png	60feaf3b09d111bdac839417701cd6e24eeeb89d40a46d8f1431774e63f8e093	1393095	videos/regents-club/478-v2.mp4	467c3d65d9fe3f6e4c2b08a52b0927281f90d3ecd47b9761a51680b9816d36c1	359416	metadata/regents-club/478.json	7f6297671bf5ee66d129177cef3492b17b6ca53e8a2834249b06f8d42a7cd6ae	747
479	images/animata/cards/479.png	e381da5072bb281c250ee2d471458488f937782fa68cf762234a4e4d7f700bf4	1791476	videos/regents-club/479-v2.mp4	0fcdbc092a316429c64ac83e91782f1ae93604bce0722477d4832db937f038cf	232518	metadata/regents-club/479.json	7e658c3df4a469a955ff887697df450e355b602d0e546b2dd9121fe6487398a1	743
480	images/animata/cards/480.png	7811a0e1d25bd08c21d650825ac2f510d8fa17292a8490ccb76cd91a8187ae43	1402510	videos/regents-club/480-v2.mp4	6d72b339aa4bf6fb5246796ec67378962eb9340171ee20304f1ee8eefe547351	261389	metadata/regents-club/480.json	f5c876545859d6c1322d94b52465ddd89f2f3b607b4c50baf695036c6d160659	746
481	images/animata/cards/481.png	131f39f41417bd3b40389d48bc68c9af4b5c2983876a9951467aa8c71b9ca426	1560457	videos/regents-club/481-v2.mp4	4d0ea5e2c472fd8b8c07e452d821d891522e4a6e32e3ae42118ca29f4b86e40d	518535	metadata/regents-club/481.json	2680b8151d3284f33ffb20049c0b40c95fb5b386c71b00c2266bd680167b3a80	746
482	images/animata/cards/482.png	521f7857a3910006445fdd34fdbb9575da9e22435a8e162caa253b640e7a0459	2919097	videos/regents-club/482-v2.mp4	ca970b6989d0f2a047ca244c34fbed1c7b21359311273d8460ac0d75ee2e1d39	2572852	metadata/regents-club/482.json	a28b7ed63675e9386a08838bd5d7b7064135671e616e3bd1829b696d425999b1	746
483	images/animata/cards/483.png	9ad2eedd873b4a1741815c54a8513806e0b814d7dac929209c22583a8545ee6b	2295705	videos/regents-club/483-v2.mp4	32e660692046b4f01923970ac28ad53c406e98eae2c77c835768ed9a0f258137	207960	metadata/regents-club/483.json	60807b63432b62855b32c181d6b9a3b3ac577e6eb52f32121cb6498f54b99956	744
484	images/animata/cards/484.png	c3a152996bfc7fd5f659fe1a9ffdd95cb0ae8a466e74f97e5f9182612d749ae9	2017488	videos/regents-club/484-v2.mp4	8590e17fb36584189135f7d8d9a3637e85a0d592421f25c974749272ddd0c960	441231	metadata/regents-club/484.json	92629c69eccddd35faba30595a3cb5097e563b7e45ddef07448a8276795542d9	745
485	images/animata/cards/485.png	3280e0d40288ee78e2a9f330bc11648729174ce6e6e55c6bee9e0869100fb5a2	1332146	videos/regents-club/485-v2.mp4	9b66a2a4032c04adc783c0f9fe8449385a293fe7d7f6ac6fe23c29137635bfc4	291349	metadata/regents-club/485.json	bbe531ac8f66293b2c4f55d1e82f4bf26380cd46dcbfeb7d096ece4db64f7843	746
486	images/animata/cards/486.png	015baa0b0f69a4a37b362f178f660dfa73a2ead22a9bb09ef3ac17ace438d690	2125563	videos/regents-club/486-v2.mp4	78761869596993c8f9fde9b3d2fc21d2f3bc298110db8688ca5359a8b0d48d4d	993765	metadata/regents-club/486.json	39bd0594f042134aac1349a6c7887a7d03bbe612c23b7ceaf7eb82301e9091e1	748
487	images/animata/cards/487.png	a1b8016de40e26bb1058e24a9a74764cf8a457299076386f4bcae2b0c229e1e3	1544508	videos/regents-club/487-v2.mp4	a7785aa960f2bd5f615ce206923ee066f1b84145f6c5192d3b0e07ee3f7fe714	318729	metadata/regents-club/487.json	e2478ad0ffd6003bafb137692363cbdca78571567ab9b5b12bf5a56a0cdcb487	741
488	images/animata/cards/488.png	507676a4d3f2351f05567868b8b761d406993c6c7f4b43d05874258ebddd4e72	1881434	videos/regents-club/488-v2.mp4	adef30c24bc706328745dabc177397c68935c5fa7562898f830dbcce49ee8f42	574680	metadata/regents-club/488.json	d8560cc32d5f1cfe6eb157f504863c4eeb3a1aa04bbaa49f55f8b48dab1ed982	747
489	images/animata/cards/489.png	2c97d8767e4b857a863a7aa4ff3d5722c785447c853aa8cd9fc17f9af8c863aa	1786628	videos/regents-club/489-v2.mp4	4193fbf2b0435195297ad7221bf85ebf65967174c66f1d141ad0c721f3deebcb	407794	metadata/regents-club/489.json	278907cd3986b0e47ff46458befb970af407d10809eb6c1c8f8fd17879cf042c	748
490	images/animata/cards/490.png	420036effc0c1bace98db3226a05bdae0cb6bc564b0d628268a09c06b4e03351	2081034	videos/regents-club/490-v2.mp4	4836b37699907b7c09d778ee94d4ce67da87db5be5f15935b46e8221cf4e9e65	688265	metadata/regents-club/490.json	a0162ce3fe3793c354772d615e16b4155245efc9386e24dcca2d3e144db542de	749
491	images/animata/cards/491.png	b330ed46d058cbc578edd7e24380fef7f96100eafa4068a18595d0c6ea82f7ae	3261205	videos/regents-club/491-v2.mp4	f2bd0f386b8b4185648adf4adc27bba3f04396fbf3d42c4effe1bd3d55c4e0e6	1373739	metadata/regents-club/491.json	2a18c1f4187cbfdb0f6be64ad30c8d72ac2e62636e264bcd74cf422424f1eefa	745
492	images/animata/cards/492.png	f3887ae41d51ace898a9ccc64f46b334d9b654fead3e8e63b2c3637710921747	1818092	videos/regents-club/492-v2.mp4	c0f76fc02649ff6b300be089e982445570143ff5ff8faea4d127804b00ad95ed	458065	metadata/regents-club/492.json	c85b431d511a5aa75a099e552b9de6eb596c7d30c67893e4168333e088251f12	746
493	images/animata/cards/493.png	fba145e23ac5e7f39e2bee2f84f1865445ae53806154fcf4d9c79f482880b2c8	1631601	videos/regents-club/493-v2.mp4	357b754409b5e203269f6ba0bbdff513451ba84918604176dfd6519c520450f9	406309	metadata/regents-club/493.json	2cd2c9d916cc0668f46562efea934f6d7dbae3312af70c49c57057b48ae432f3	745
494	images/animata/cards/494.png	7dd212c14a0bc345b78e4e029acda6a58cec4405fb4124c892dc5ba9c92e653c	2386096	videos/regents-club/494-v2.mp4	340f6a645417e93f4abb3672a35aef669c663ed1bb80a15b38d6e80ab99f39b2	1283866	metadata/regents-club/494.json	49feb78fb542de9727d94c435a0babd791d7309655296a5dd421ba5f1acb39fb	744
495	images/animata/cards/495.png	ef839acd009d3a777a3b1d411e52db02df5bc6d23acb37110d051b5bf0205ad1	2138080	videos/regents-club/495-v2.mp4	eeafdd9a309693de34db409581c2c5944fe12f1c47612ea78775bab2b72c80e3	687825	metadata/regents-club/495.json	8122b74cbb80cb1d662be146784a006523c5b47284c26e7f9bb30ef6bb3a8f6b	748
496	images/animata/cards/496.png	488acbee65f85d9600aa775f5801872e16f22fdcb87c4ea5f2df181c946fe15e	1792960	videos/regents-club/496-v2.mp4	89c34a9734cf3ced6a2bf037aad9cc47adfee0f79235cc5b2a8c7f573ada33ad	718908	metadata/regents-club/496.json	5945a00c0091ecd7737139d1770a87877ec3de46f2b2562b33983bbd2ad6847e	747
497	images/animata/cards/497.png	bfcd0d1059e0a36c15cc3c934da251ab785a772c3a35823bde74d5454c2eae0f	1646349	videos/regents-club/497-v2.mp4	b7562d3ece085e2d3a9a52f48e94d37950a56f45f69d02ec907e23551b3a6a8c	424890	metadata/regents-club/497.json	d95a0d72090ad5195a5fddab53d746dcd3e3a2818f219af743e2a96cac98d2d8	741
498	images/animata/cards/498.png	a1936b79342adb3ddca500ae226bce25754eee8f7a1f70688542ea9b81f11b8b	1794491	videos/regents-club/498-v2.mp4	97dae1daa24fca39ee263b0e138636bc45b0eb0e3a82a198fb556cf03625b723	624671	metadata/regents-club/498.json	e0d0483f33deae16e759f3cc8f0fef038fb329dd008b5688751e6d94d8adef07	745
499	images/animata/cards/499.png	cf67d2def4c5257d8fc1349224d51990607d3f306ef631ed2f8e1489d541669b	1464988	videos/regents-club/499-v2.mp4	eca685b429854b4a0c1144e0225117f71ec268a4e6ddebb9210d7d360203a5e7	308748	metadata/regents-club/499.json	b1e3b954fcc187708c0ab1ec8eaee4bad7c46aeeb4ed4998de56894f905c6931	743
500	images/animata/cards/500.png	5609ae604d0e65ba3d5eaa73b656cd0c0f9003d3a74a6a30282a89e5e80c566d	2367080	videos/regents-club/500-v2.mp4	0e7cb35f85ecc1bc51fdb1388375837aea87580354c9b4a9036d8745492b1a7f	1278859	metadata/regents-club/500.json	354dae8292ec2780428da7eef76695c6933d7ea9abad082516abdc6500abf05d	745
501	images/animata/cards/501.png	0ce9114cf7681dbb515abbaa41c1af734758ae7e710d0f03a1496b060311ec4b	3156818	videos/regents-club/501-v2.mp4	6c3d7896ff7c3d07b977e19f61ae1124a96d47fe54185e3b91b5fe8331b60e5c	904857	metadata/regents-club/501.json	fd11200d37043bd36153870f883b3e865f82366bc5b6e743f59ea6768e73c9ad	746
502	images/animata/cards/502.png	223d431d15389f4bf1b3436218f95e8d20fb21fe8fec8efe4cb8a7d23068fb30	1229799	videos/regents-club/502-v2.mp4	284e4dba2e19cbeaeacb875bd7e6099a43402f0d438c2e75e1d9d6278813e0b4	363588	metadata/regents-club/502.json	c33587214c463f1dbfc7cbfac4fa623224cdbb693bdfe88c02c00a75735cc246	743
503	images/animata/cards/503.png	d81e99016ab2732ff16169423c323b0f40dcf2872fa075094323dc7fcb57dcff	1506876	videos/regents-club/503-v2.mp4	c8f5006308f72b7090d1584b36b33d96dc64f58ee1ec10aba885e6b5fbfc2690	549215	metadata/regents-club/503.json	6eb6324a6f69dc0375565f5b1dc69fded9bc8b2872d8f392d824ff0736278ca0	746
504	images/animata/cards/504.png	4caa22674e0d0e6c5d7bc5ba11cbd61f850a3d9df1f3a887c7807dfc102cfcfe	1627710	videos/regents-club/504-v2.mp4	3b989e9d9e4cfaf4df21720cc88c79662785bfe6c511c010b5d9ada173974225	219576	metadata/regents-club/504.json	08067d99b9e0ff3b9510321f2a3cf1a9159d478ab759a33b787c46c576273040	744
505	images/animata/cards/505.png	db65101dd9185abe00204747ba8b049d0df809d7ca634657c76a9c0bf7d05e44	1765112	videos/regents-club/505-v2.mp4	d1da519a5da541d8d918241fe15baff2c15716ffb3041356c430a31b57e4e5cf	342586	metadata/regents-club/505.json	37d109f580fe89dd8ef41e62036b1040fab7e9a2ea2ef6d0b0e10b8a8801d4f9	745
506	images/animata/cards/506.png	17475e00c3efbafe890124653455519368df74305684dfbfe6f3aa78caa1dfd0	1591659	videos/regents-club/506-v2.mp4	26f89746baf28cc15a9d781436c8e7353b3bca4b9f2f37cfa8ca596a68b2d597	279178	metadata/regents-club/506.json	09193ff5a8486cd7c175e46af27fc711fb7bc3dc1d7da71cb2a734bbe303f565	743
507	images/animata/cards/507.png	d9b97d36ecfe99087f4cab30c68c979b1bbce004a2e93e14b29389d6b2679859	1188841	videos/regents-club/507-v2.mp4	e20a921b7c37b80fc938f541099173234f2e59871fb6656fbe635755f7cf0ee8	146115	metadata/regents-club/507.json	a41cc35de3c579923aa926e283895a5458fb435f4b4cb77bd73c7d7871852fea	743
508	images/animata/cards/508.png	4bc094cc2612f52036323e8a5ced334f0e20f8915eca9d8d9315b42e381744ba	1306486	videos/regents-club/508-v2.mp4	dc6ec79f0244949f4101cf8b3b98396dd92a0ef59fca822128fd9f175b407183	404173	metadata/regents-club/508.json	26dd1072126442fdc189f5414c562bf7269d525e2efffda35d14150e4ba172c6	746
509	images/animata/cards/509.png	d7089e727ddffd7c774e1ed99d24b2c864bc27257153fddb0d482298b6c6e0ea	1655383	videos/regents-club/509-v2.mp4	5c630d447e1e84a1b163010ce84dffa1830cb33f372f731f8e19cb299849fd5a	591083	metadata/regents-club/509.json	e800f44f8f1e8e871518eb5bd41d7c9dbe36df1d21ce88b649aa676a853f2d99	747
510	images/animata/cards/510.png	3f8b8714659fef48dc8dfc516acc8954689cd00c392e3c7a1f0f4e1a4adfd16f	1671757	videos/regents-club/510-v2.mp4	ec249a04de03d5915a92c15137064ebe7cc7b6aa1fb467e5e5e5f7ed2854d720	422523	metadata/regents-club/510.json	9019509d8801237129a0adab4383e6b4d8788e85997b15e8c6649939c851c5cf	747
511	images/animata/cards/511.png	181b38e5c2e408785c75b048957f016df61f6211af04f79448a0d2a37dfafadd	1345977	videos/regents-club/511-v2.mp4	1ec84243568597515b92fcb3f743304d8d89c19d73e42734636a65cd5f7c461a	287984	metadata/regents-club/511.json	41628ab00226cf389dee6a44393057b0760cc642fcd38821e9b0f08b13d8297b	744
512	images/animata/cards/512.png	a031823599eb7912205ae89f236cc27508f2e4683c18dc93726f764a7b8e752a	2059598	videos/regents-club/512-v2.mp4	4b25e505f6a1f44b7de00d67b6b3d7d6861393669f885af6c2c009244f59222d	465797	metadata/regents-club/512.json	1c19db03abc170126c3ed2e509b403df1870c18a87d323a313c5010b394a5324	743
513	images/animata/cards/513.png	b9e72c2a1de22071121d502d2ed100d21a72dcf9c3b2565e8e1c5d732d631fb6	1223671	videos/regents-club/513-v2.mp4	d2d9988bb6afd708f80980ea97ffbca99dfc8e64c5e2b8ff90aaf683a0426c2f	287281	metadata/regents-club/513.json	8ae52a6d0121f9ee338d04dea46a1d075929f086e2b4a995aaf873150379f4c4	742
514	images/animata/cards/514.png	7f2fc42c469267dc0de6b6bc6681036e294f3875a2c31633606182816b23e1b9	1545976	videos/regents-club/514-v2.mp4	4ccf3430aee3ebed61999754230cb7c19951aa543908e1abb9824858a1771feb	335445	metadata/regents-club/514.json	42bb5b2eecc79daa862ee84eb64a8f6ceb29192ffe211ba174bf708bb34dbab0	742
515	images/animata/cards/515.png	d089dc2ef257be789ab65224142eb79b8300c0601b087e58e9bfdfdf4576835a	1127925	videos/regents-club/515-v2.mp4	502328342964dc975ad9987c330aa461e5af7cde31d14ae2f67907a15b4c536c	246743	metadata/regents-club/515.json	880da57e03e5eb57e216f0e2822db2c5f2be6fea00e68e64538d3031c1b27bc0	742
516	images/animata/cards/516.png	6717d21a8f8d2ee888fc23397c74dfa21613c8eb48ace25ef254456ba03770bc	2619533	videos/regents-club/516-v2.mp4	4c55a8a548fdfde0ed50327519b1b2d54f64d879d4464478dee274dfd2abfe94	1506704	metadata/regents-club/516.json	bd77c6689ba8bbc2341439c38171e64aa238b76c78b552b1bff8c2529b719a2e	742
517	images/animata/cards/517.png	4385beb8ce0d8236621ffca87f2b0c49f7de0940755c57c4d590d7f8ce796404	1453568	videos/regents-club/517-v2.mp4	e04c3433aa4580cbe0ed66517489731b47a5acad0c1ba008a0145fab6422d2b9	279756	metadata/regents-club/517.json	0f80c24973e8fe6bad91afeea7cad8025ce6cfe2a0bcc3b01f3bebdc3d640fa3	745
518	images/animata/cards/518.png	b76db3ff3e08bd9848536618839c0ecaf03be4e2d39f32b5f8ad231a96e0ae74	2129162	videos/regents-club/518-v2.mp4	5d4edf63652ac53bd103d497fea331f49650202c5015140f9a6f1c4db461b44c	540132	metadata/regents-club/518.json	4402b3702c04c2a5558bd6e4ad47945b6e7d0c6ef8df896659c0552574ba72c1	747
519	images/animata/cards/519.png	e519107f13dcc15e2cd7d5efbe88a275597d306f20da800e50a20d6ee3962e26	1458469	videos/regents-club/519-v2.mp4	c7f1a0aec47b4cd45357092105bec888cbffd02e6af1ebb4d31b0b5c37a78e33	431025	metadata/regents-club/519.json	3461d0b02218c6d39a4e723801ee9b333b25a487bc4bcb92b4fdd62efa8d6e0f	746
520	images/animata/cards/520.png	4cdb5323a3f19177d019ad2f0d12bccb6108dfa380fec8c04495befde321f42e	1681570	videos/regents-club/520-v2.mp4	7a4fa854f263abdb6dce626bba4702af95608581ca31faa5de93b6d87c3538db	421643	metadata/regents-club/520.json	202e8dc54a72c1925ededc09c786b181d14e8edb064b70a938a74c3a2cee4e72	748
521	images/animata/cards/521.png	a67acaaf93224d74cca0614a2057a0a82a6cbc5062e3579007fbc65253d3fcf0	1233320	videos/regents-club/521-v2.mp4	b4463a401682a32224c404aec2779ac2efed6175110cf9e273e93e11486e9a84	286010	metadata/regents-club/521.json	3bcaea3e6b4de69b63c25000d544a395331859d313f394b617a7c359c339465d	744
522	images/animata/cards/522.png	1644711c5039febaf23ea5d1b30fad7f040f7034e807747cd682f8675304911a	1265365	videos/regents-club/522-v2.mp4	7e8b2f43527f7090bb284352950fa8d42c6cfb50cb33a77a5b6d65e7bed5fd68	205582	metadata/regents-club/522.json	808a9af2bde19b0a9d752039235a452ff4d85e80bef8f8289411ad510774b593	742
523	images/animata/cards/523.png	35fdca2f4c211ccaa0018bdc612a347957232db3e5d79d8efbe0ca84229531e7	2963372	videos/regents-club/523-v2.mp4	857581d5ffb5a8aa5e8b222f3c1c910239ad212f7d2d234c33136b67b3e693f9	2314879	metadata/regents-club/523.json	26d24455a26f26e71db7de1de89967ab921f6d02efcdc79db35af1789e82994e	746
524	images/animata/cards/524.png	362940c364a4a26193198a0721e9173ff28ea4c62fbd6ee6e0172a956a7a467f	3424378	videos/regents-club/524-v2.mp4	3856ddb7198fec6272bc734df59dd9df6acc27ab8676b04db07081788a921919	2836596	metadata/regents-club/524.json	717e9299245a12c728aae0c38a4ec79afd66eb8e8e0592034989cd04a3210072	746
525	images/animata/cards/525.png	e4ae1ce1b3412d115cfeba8aadb01459ba04442903c641c08ebb073056c384d5	2285874	videos/regents-club/525-v2.mp4	7bc8165b684cf77ddff634a9ea009b355e96372c9091b30b7c61fab68f88233c	861679	metadata/regents-club/525.json	36567d08ea79866a48ce63d5eb89252bed6a64a58a7198888b341075a72674c2	744
526	images/animata/cards/526.png	37d35cd4813dd9b1907cce24cc1a50ec50884bf745900efd88841f61017671a8	1160815	videos/regents-club/526-v2.mp4	07fb946baf5032cba1bb87a2d83dd3463a94bd5e727792d9036667c57d37fdad	104165	metadata/regents-club/526.json	35a7d56a6396b02231601884be5bfc19f58db446ca0c50d9f9f697c413b8350f	741
527	images/animata/cards/527.png	702c1904c59ca759f95b10920384a2d130e7006e75e0f1f081c3a0490267cc32	1699084	videos/regents-club/527-v2.mp4	d9eb63320a4f27e33a92dcb47923c55cb7ba02a25c3e1b0ad7dabc5f7630dddb	493093	metadata/regents-club/527.json	d00c265d5ad313f915a086eec042c422e05bf8366118363bdcfa95d7feef6bf8	747
528	images/animata/cards/528.png	556800b1e61db59b8d09fcc142b7e1fe88dbd382349979412b0876577736a00e	1461329	videos/regents-club/528-v2.mp4	e0d2e7ad9c85f234769797e54611eadf67003ee95b56de717c6634541e1ce44c	227446	metadata/regents-club/528.json	91b19b0719a191b991313004a602044c0b2257f696aaf0a1a2c764547278af3a	741
529	images/animata/cards/529.png	ca2a4bba3c980711acacac7964039c0c85a1a660ba1d9c0da743f7980625d52d	1546323	videos/regents-club/529-v2.mp4	ed997efe944cccf97d7930594a0054b18c0f162d03d8df3b9049f2747fa918ac	209120	metadata/regents-club/529.json	ddbee9f7c24ffc937cd0073177012f830217b41b93b68b24962cfc767a8c9485	741
530	images/animata/cards/530.png	b11c12e8d3bb2f8a213bd3dcd27f6344a5f09bc598319247458fba57ed577d6b	1268470	videos/regents-club/530-v2.mp4	526ab251edd83f46f9ce3cccfc7c8c1a67265d256299fb680263dcea1328d4e1	254393	metadata/regents-club/530.json	caf549faf503ed3020befad7a062f441c0c3e58eae2a1390aba42a8e04d7433c	742
531	images/animata/cards/531.png	27c4e35d029a8c0ed8a18101e80b0653d198a1a56a846ad973527f911fe1abcb	2032865	videos/regents-club/531-v2.mp4	d41d39caeb62f938084fc48afd82bc60443ae382655ba383ba0c73274f0c4e6d	761339	metadata/regents-club/531.json	b1156cf87c45fe1d8fd146324d971ae9ec3ad9be69fd01193566dd293d7e0875	746
532	images/animata/cards/532.png	9ee1b4c2440ca74b11993b8aab304b688c5fea1bc8b7f4668c02e952cb213684	2283762	videos/regents-club/532-v2.mp4	3ad62a9c1d99b87f93475acf8022e0b5823dff5ef0787d61e3b7d5d3c8aa91a5	880483	metadata/regents-club/532.json	6ff526f2fff9ee1198cc78d2346c0d1e3dcc0c40379dceab3c87ebe4b213ad87	744
533	images/animata/cards/533.png	754a21c8af7d61fa9acc4d4d17089ef6937ddb729bec81dee2efd3425b2e5637	1187176	videos/regents-club/533-v2.mp4	8bf73ec832b2503b784013b5cacc663b34a26b254a3a7b3fa143c2e17188cc9a	284020	metadata/regents-club/533.json	852fcf08a1a8ab5c807a9716c5f311f08328b672f80211d6c26bf220142eaf37	746
534	images/animata/cards/534.png	952779aa57d9ec4ba0b698ecd10594e43a903cfa3bc6620903400536c4fb641c	2420386	videos/regents-club/534-v2.mp4	3f26a0178ee3338fe99fd74303ec711f17735949ad218906cc15d5b3355a4796	607672	metadata/regents-club/534.json	c515b24cea6fed75aff2e5e08db17262defd4b99f220c9e5dcd547510b1ad147	747
535	images/animata/cards/535.png	2abd7562ee399a7d1aa06bc927f9835dbeea3eb1b7214391a1c87fba954b9a7d	2034806	videos/regents-club/535-v2.mp4	096bcb01c5b194a02e01afce0cdf3e34b791d7f1ab278091360a073b0fd4a323	516987	metadata/regents-club/535.json	2d3bbc386f73d3ac2e8eab4882e328cf788cace76eba9995da099467556815be	745
536	images/animata/cards/536.png	f0e762e0c1894dfb1c235e43e8d13daf97d5ba0374da00ac0edf912092d81b54	1503302	videos/regents-club/536-v2.mp4	6305b59cead5666d570bd5ac902242dd6248ac5c064f10ce2146da809911f7ee	683455	metadata/regents-club/536.json	4dd7345504ce2d81d07c2ea3fcba30ae1eea51bc862610c290bbff92824e5c9a	746
537	images/animata/cards/537.png	b5da159f626cdc397b39227218d368b8a5bb9d545db0c5142c0e9103acf1455a	2011795	videos/regents-club/537-v2.mp4	e9bf687a6f1ba58f0765fb5e511231d3fa35d7b1574d6a32bb51a0baf67e010c	602306	metadata/regents-club/537.json	33d0b15c96b4534937b336822e702528267b2d83f519a3e99cefae7e9d324f95	742
538	images/animata/cards/538.png	709fcf45862fb6d158900c9edf0a342203ca2a18a4f7d1ef5ff6457c7625e539	1463951	videos/regents-club/538-v2.mp4	c4d42e4977a47c6f2f25130db4966b621bdbb54f7aabe573b73fb808e35ea985	386020	metadata/regents-club/538.json	49e7c9b52ff64ed85ad88f663c97ac985147d577430965b7adaf579fe3a9e218	746
539	images/animata/cards/539.png	4d67dd50f57be5785ca82634a7ec2661f3336637ae0930ad2b0bb8176b0f80fa	1803912	videos/regents-club/539-v2.mp4	99dd5066d798546363bc9404e9cd57ef1875c0c707306724110a66b720a2719f	731185	metadata/regents-club/539.json	c782b500af2f44f65d44847d7925092ad039ff33dc67507ef615b767b4183205	745
540	images/animata/cards/540.png	58b53f52757dd5914a6798da9a59a8d7263940c13367bf67ea6cd3902273d5f0	1668705	videos/regents-club/540-v2.mp4	fcf8e8936dd8290e0e34b137bdd96d96cf17054dfcb34611cad6e9584d7a50a5	580690	metadata/regents-club/540.json	7a001758b89dbfbc2bd1bdc23943485f1baf182ee81a20ebe353cec5b6ba436a	747
541	images/animata/cards/541.png	f92a19a973d74d1bf57989dad3ff4d27e23525f463f69a75458a399ba2a0adce	1877488	videos/regents-club/541-v2.mp4	318cc8643f0bc92f44fd6e29ad432aafa7c3fc4a22fd7f2cf5b9dfbdda8114ac	331344	metadata/regents-club/541.json	b09fcab9c367dd37666ced099ab4840c076a733f523424733ff750a48e703336	743
542	images/animata/cards/542.png	7cb61c7285174c88ff79f63066fea6dc6938699b76868839c6196874db63a3fa	1492434	videos/regents-club/542-v2.mp4	441a6a734ce784a654f159eff6b4a325de0713f1398462a75c0045716e65bbdf	372002	metadata/regents-club/542.json	4dedc28a4403e7e19d62aa08c5f129bdc30b00dcbebd188eedb5a19b881f0aed	744
543	images/animata/cards/543.png	e6860633b8d5f2c7341be5e25583a8966ebc5287a7e3b6c6801ed4662d367218	2935877	videos/regents-club/543-v2.mp4	3dd592927b2794defe34877f54048d0e30d6607560dc34513426d32edc8f2d08	1400589	metadata/regents-club/543.json	8dc3a2d9c2a6613db236d29f68a5e5c0f1a100c9d0a8f821007495ef30647510	744
544	images/animata/cards/544.png	8713bb91bc70dc97caa75d0c800f835c93d0cdd93f4b4c3dc3dd58169e2a07ef	1606577	videos/regents-club/544-v2.mp4	f9ba61b49b93b4038144902983334a9930c766fea952acb36b60f6e991a3e994	315555	metadata/regents-club/544.json	aee9edf8d9c851dc2fc5a844bf79e2ef132f405ec33e41ba42fbddb1fb47dcf9	741
545	images/animata/cards/545.png	ec4408264e714b6b04f9c1df61b9f006685609fd5f6e8f3d0fd60ad2cd24cb4e	1822694	videos/regents-club/545-v2.mp4	59383fc841a9e4bf918d7100d6e2f44a317a566f53cdef2c92d49399e002cae8	542009	metadata/regents-club/545.json	196237e7f811e70bd6e58c38f2445e67e623738698b4518008e818fc1e6ab036	748
546	images/animata/cards/546.png	8eb2208db34236279d5de4ed600a4b7e475468308b14e14faba8bf15dd9e2c2f	1447676	videos/regents-club/546-v2.mp4	f95089a5ae29b29a4760d9226e808317d5e417d036adc7789972515eb9553ebb	170131	metadata/regents-club/546.json	0c85bc92578f6982f1c9f00ab5ffc3a6155f3ed1e1dd27a47c426dea4953f703	741
547	images/animata/cards/547.png	e2af3886f57aa5eff8224c55d4ca633bd401f5ba291e2898a313fffad3cf5965	2252934	videos/regents-club/547-v2.mp4	b39203d8f9f65113d47116e91c6688054e26ab9dd5972e0b29128f89c82a85b1	882168	metadata/regents-club/547.json	d7c3f712dc9fc0c8bb864025403a1b61581f4f52faf0e15cd9d864eb85fe864f	745
548	images/animata/cards/548.png	37b45f6ef3ec09ba1ca305b803a0e4fac4bf3fe395f17c027f207999b8881ad0	2299835	videos/regents-club/548-v2.mp4	c4c3821af272226e0a3164363f8b6eef32d8e2bf1107f2ae230b5dea1f3629ef	879163	metadata/regents-club/548.json	ea2fd0733672544bb8e07a217eabedca519ec1e3e93d890edc24961c05097929	745
549	images/animata/cards/549.png	61de90ca745652a16f4f2a63ce6294e991601b2c60c591f87d95c9dfdb1b2816	1126169	videos/regents-club/549-v2.mp4	81ba1cb941916bc2a768af171a494b8684772a19f771c890b444f3af1cd9603b	257472	metadata/regents-club/549.json	468c48a50cadd7420486ebe74c89682adf276a4287e237eff081176951e52e27	744
550	images/animata/cards/550.png	d5ac101046ec99fd8da137632f6e3a858db69bdae4f6824582b26b6a6980ef77	1772225	videos/regents-club/550-v2.mp4	b6265955aab23bde1cc3975aec6c95ca2c9b2bd803815762992f40c9307d205e	206955	metadata/regents-club/550.json	4272d554b18eb324497c363b458ce95c12f4cdc27378149597080536a42db4bc	747
551	images/animata/cards/551.png	c8829d47e894fbe99fef98afe0c572eb56d68fc85f3f1d981cfa65bc4f83d5c0	1441456	videos/regents-club/551-v2.mp4	0c3b30146df6e6cc0d1ab0ceda43665726b97a5a6ac486af4549ec179fbc716f	197355	metadata/regents-club/551.json	cf1b3f173aabc348236b628c05d9f422d1ab51f6a608c6db5a055015a73ba166	745
552	images/animata/cards/552.png	c6f030040ec4d7a7b9d23ffb62ecf6d8c48aefe3aa5d5d0676be216c6124708b	2022424	videos/regents-club/552-v2.mp4	2605bed55189600f571d581ec0102b650a480fe7542e1010cde6161bace51fe4	394867	metadata/regents-club/552.json	c2881753770c6f951932c67c3ac5a96622234d6296cc699fab3b7b1546e44b6d	743
553	images/animata/cards/553.png	4b0d3d7018dc5dde4c5e38d3d0863939528bf349242de047d614c488a6fe1cf8	1677531	videos/regents-club/553-v2.mp4	8f82e83d7cee9c109daca10f4a8ce299831493f25a008cd08c03de1f3f3db151	353354	metadata/regents-club/553.json	46510a80a801f410c4ae1bcc170e4b380c1c3b07b94140f18ec71682c0986701	746
554	images/animata/cards/554.png	014206b5533ba03c44a4b6dbcef6897b20d04a6064ad3ca472539cb1b21dffbd	1682580	videos/regents-club/554-v2.mp4	41e1540dc5fb19fbb583dd78909e433f9540e7fe55f8a30dbff0ee40c308151f	589328	metadata/regents-club/554.json	c9ba916ef0c96030415e0d92114df32e3111e5c25487a9c5fc7ced69c9ea4b9c	747
555	images/animata/cards/555.png	81e7d09d2db862d11e643224355cd349dbc0d2f0645b83887b0479ca446746bf	1912793	videos/regents-club/555-v2.mp4	8183aa02ef8dd54bba79ff61286a560c430921e3a16ca80841d197503a6b622b	782819	metadata/regents-club/555.json	2c112d0574a1962c82c577e9984d3b9bc223d3394c4ce57e12ca8839e8bd6eab	746
556	images/animata/cards/556.png	afb38fdb5bca0246a366eb7c5c4f222b724f81f3c96f831d004a49bc0753affd	1941021	videos/regents-club/556-v2.mp4	7b4d9bb654acc0a4262f7bc09541f6409a73acce93bf9571754918321e032ee4	401695	metadata/regents-club/556.json	10d5c86bf953b496d655e4c5771d49fce5e2c7aee72c22974b84bf0ab9662eb9	743
557	images/animata/cards/557.png	8c322e3585913a60e796f4d1a890340349425e1d000270d28c7f9f2fb4785cd3	2544901	videos/regents-club/557-v2.mp4	1a71247e1fe83cd3794552e7fc87bf87a80e67f8446bfddc6d33a2ae2f0e631a	652851	metadata/regents-club/557.json	07c267573e3b99eb92bfbf616358628345c4327c149aa3b1bc84d1ef2dba3da7	744
558	images/animata/cards/558.png	a26ad3f1e22d6ae718c526fa6a7ff930e1a55442e492bbaac319e118e175b9d9	1856000	videos/regents-club/558-v2.mp4	a9d365e4e6b77f22fb4de4adfd3165e35549097590c6863818fc65776a1a93b5	501489	metadata/regents-club/558.json	d0f96d96ef38c25b95bcb17c8458f60cdb17a052ff5743f3a1850fa4451addfe	748
559	images/animata/cards/559.png	e1c3419f1c1fa5042d499b3b0f499707019db2354186ff7b14cd2d7138b6e417	1165545	videos/regents-club/559-v2.mp4	88b2ad506e796c4a35a25cbc2e534b265b1b5dc705ab2bec06c3cc5e910b2215	279761	metadata/regents-club/559.json	ec8e1d8d60c7f50742e05ccc28f6f2b59bde27c0bff1968003985a0463511697	743
560	images/animata/cards/560.png	3531dbecba9021babb337f6884ff3c32b9a3ead7666fd3b807566b1ffb9050f1	1856226	videos/regents-club/560-v2.mp4	d70b86dd8d7aceb52715586f2b84257dd56a0f972cd551e466e98ffefac76385	408074	metadata/regents-club/560.json	f498996a65622b1cabc9785bebaa7296efafe9e62214b54ed36507d55cb6b701	743
561	images/animata/cards/561.png	910a9fd134acbea38ac70405fc0899c149784bc3b9cc71e28a409420fe147fa4	2288919	videos/regents-club/561-v2.mp4	be9fdf00e1865070f21a707ad7c0132b4bd1f03098094b68d0374ce02dd0a7dd	791227	metadata/regents-club/561.json	6bad7c7fdbcfad97a6ab2b0703f0bcbb049c2c6d0a5249789d719e9c9f34826a	744
562	images/animata/cards/562.png	a1ff70ff9f834ee22ba49c48160d7aa1e415f954fb6a030f005e8370239605ef	1562795	videos/regents-club/562-v2.mp4	86e4fabd790544692a531ab1dfdf6f304df122375a34ddff134b031c85d5b1ce	370212	metadata/regents-club/562.json	163283b540ec28f781d913a906dffe51c74bd736578f57bb801360e90f85b2b3	746
563	images/animata/cards/563.png	3c37ccab45ae0e15e369fda40582eaa499fd8a03013fce7cb00ffe3a8b619453	1713841	videos/regents-club/563-v2.mp4	db0bffdf3f870808ae3c69f1029611e78e6ebf39240e6651e2d643c8a64f9846	343806	metadata/regents-club/563.json	40a893d98a1e89a4d7f8e3f671c6ca900e3cb7ab332622b80e4e45ef0131d51e	745
564	images/animata/cards/564.png	0620e816dfe1720b1bb1ab7aed13fdf9de25e9c81386d45306a1a0d6fd20b513	3175728	videos/regents-club/564-v2.mp4	9e0141182c637e343c77dacf3ed01bed96ae154cea623b0944514cdf8e464e85	1709738	metadata/regents-club/564.json	2eda90b166e19d918d11943e5915a62e88142eda668f627b3d8101bff129dc99	747
565	images/animata/cards/565.png	a207cf927bfc7019fbdf8c670dbec766628c56bba411428c85689f6836d7bc8e	1492635	videos/regents-club/565-v2.mp4	2fa0d3c1c77a47cd6d3027fea5eb70cab0ad4dcde4be54bd889bd828b4a0e251	442566	metadata/regents-club/565.json	82890eefd21fc6af3d9c7756a01c51ae45c956da83059e0db14903b87df3464f	742
566	images/animata/cards/566.png	59901d69edb600f6e543ce1c59bfbca12317b08c090a94582eef87fa95bb7988	2073772	videos/regents-club/566-v2.mp4	43eec5cfae863b55226593ae05aef7ce2d804b4d8296fc593dfde866d6fba1e9	813853	metadata/regents-club/566.json	ede5abb33c581a52cad004c931499ddb211a9e3d0c31720b069d0f75320a97f6	746
567	images/animata/cards/567.png	4f6002e3164b1668c9772487ab061660aafb414708923bad240af6770a4701d2	1935494	videos/regents-club/567-v2.mp4	1c2432ec235f4f174b4aa756d9d983bd634f2e4c232cda343246f222fbba0e13	251014	metadata/regents-club/567.json	a2a46e1619102d5eb7eec9cceb84be0d5f0bef70b1974563808da2e90a31e0ef	745
568	images/animata/cards/568.png	b13688bc31abb49bb2e56a39e01154360b88503b58d64cc499327c1d31122807	1853042	videos/regents-club/568-v2.mp4	395477f80dda149137d4ab71bd6e42318da48b8ad18d65fcb2edb8b6588c8c4d	812736	metadata/regents-club/568.json	3c2399afd538d08d32dee3fa154e91332ba7a32c4c8017779f7ae90a5a128d30	748
569	images/animata/cards/569.png	d39409115943bc0318e29a753bb0a20a915057fd2a302336e785c719dcced18e	2191103	videos/regents-club/569-v2.mp4	af41cdbfeee2ac3d298f15c29eeb407f4b02f2444511f2316fc8fea615efb517	352652	metadata/regents-club/569.json	6323ab57431d4f33136219ab801173085d60218bda12f9eb5ca932e4a9af9e17	746
570	images/animata/cards/570.png	f3e28d77ac882b32ec5a46c8375cf71cefe2983891c4c59fd1c3cf0ff20c4593	1543558	videos/regents-club/570-v2.mp4	63705889f88838aab6431cc9142b42ea1fd9c8808aee1ca44a81fa0568af61f2	383413	metadata/regents-club/570.json	d7f713fbd2db55c739ddc672cd9923a33b645bbf0772fe27b4db813ccb02dedd	745
571	images/animata/cards/571.png	64725b2ade556c1a181dfb0c1a386398d681f7f29cc522531de47c326286275a	3349332	videos/regents-club/571-v2.mp4	4305cb0cc3b70d8d4a410157c3e01d7a3ba81875c21f00db81bde9c5b248b707	1857767	metadata/regents-club/571.json	df199eeaeeb50ef2b202fe94457506a06cc8881a1e4ceeed27a2e7502ca50115	747
572	images/animata/cards/572.png	ce3a52bcb23ab5aeae20db78e6dc5691f43ac05a81f8a349a20dff8f379f1eb7	2087790	videos/regents-club/572-v2.mp4	2366e6bbb1ff4e23beed7f0eb9a4f67080cc6bbf71438c8ea97dab7713ed97c9	498736	metadata/regents-club/572.json	c7491a1c1c04ff5b2796396c6d1b760ad22e586e184f3577aba647ec663937ec	745
573	images/animata/cards/573.png	cc22c578b16b445d64d0bb246bfd723dc821cf26313bdf7ebe7585b62fafe56b	1487464	videos/regents-club/573-v2.mp4	1729b2ab4cd77d6c5aa9d0dad0a36aee72893e67cf947ac5daac6f46c92264fc	419017	metadata/regents-club/573.json	264d0e72884de3363e1ae462a0cc7cfc291806ef31b28d65555c4134ca915a21	746
574	images/animata/cards/574.png	8a90e716ebecfdf8129d7ddb8a358744ef603f1c07d6a37b10caccfeb6ec33ce	1557460	videos/regents-club/574-v2.mp4	93badc42e9848783dd885cff5419a9a54e2f8082993e6b40071fe3356e591164	224065	metadata/regents-club/574.json	c47b864b2912cd39bdc36179e708edc6ab93e41d2f5c1a1df3bb87567fb52f6e	744
575	images/animata/cards/575.png	48b401aca6cd6f750a091911bc7c9899f5ef7aab0203af5e28e919e6f92182dc	1712347	videos/regents-club/575-v2.mp4	bc5d2f87cb03b054c94c7d39901533291485f4cbe0f6433923e116978f0fe968	408215	metadata/regents-club/575.json	2ffaec48d7a0dec416c2cae19be943372983929ea9368a29bb28f1f20ed6a36f	747
576	images/animata/cards/576.png	108b3c52c6a2288e4ba9039768dd9e52ac4a1cea15253555bd2883a0b36e325c	1699309	videos/regents-club/576-v2.mp4	b80fa7c0453eee825d08fe35a9eabff4e4865784fb91e425dc8f04feeddf1ae9	422738	metadata/regents-club/576.json	f1b19a10ffeb762fa423cf050ae3466134d86f4050922c637d8d6df9cc7a6b3f	741
577	images/animata/cards/577.png	8c77d2a1b3988a43ebc6689c2129378ec3cadd01dcb3478a4d90078b9740eeae	1652301	videos/regents-club/577-v2.mp4	1e739c0ec667f1eaa9acd1e16955627b4ee93d269ccf27c6b3e5abea0c3fadc6	510219	metadata/regents-club/577.json	20c6890f2a1a50591be843836ef86028d0506f9e7b977ea7ef76044a5b9d0aa4	742
578	images/animata/cards/578.png	a0b224d548d9a150a86c7f7e9eaad16b6dc5cfebd9efdb76faf89fe0ba49cb67	2629075	videos/regents-club/578-v2.mp4	22489bec453ba94e4beaafa4c124f09aa3eef795da6eabaf011a75d32529ad2c	1770329	metadata/regents-club/578.json	5727371cca19a8494696d632427b81c7dbc9d1a9b49c30efb7c8e26aa8c4ee93	743
579	images/animata/cards/579.png	5550cc7c15273d290bfcad0afb6e1a51f60c92a81224eb31879677e3701313c0	1474145	videos/regents-club/579-v2.mp4	782739ec8ae79e59bb9c7b21bf06d2af3db55e8c34c85fc4829fc5c921415477	270755	metadata/regents-club/579.json	68c9e5d544cc2ce88c060f16272cfc22fd5493c3e98205532759929b49d3b96e	742
580	images/animata/cards/580.png	9dbe1d01be787729fa7ebab1a060a72a74b36ea1019fee517d21989918ea2f70	2404876	videos/regents-club/580-v2.mp4	31c757e94850bfa6eca4761286eb5607b5ffbb93e0ee798537921de25ac0ec99	1174564	metadata/regents-club/580.json	c426d157d93419ace80d3c9f81f66cd77535379a9e20d5eb3c3b92853d92e0c2	745
581	images/animata/cards/581.png	06149cb15275d53a55efa9a5ee7bd1b4384b2c2710ebbfe37c138133b1528868	1424141	videos/regents-club/581-v2.mp4	d254c933ab05c0ef32820922e69a106d530ef38f4f30e89aa530013603574d0a	481414	metadata/regents-club/581.json	0ada96cdd1df86d866097bf327de13d5ef3d573b81059d5c6d9967cf6fcadf61	747
582	images/animata/cards/582.png	2392a6b9b945a58c9e2f6663d78b0008156bfa370a928074806e35def7f09fb7	1481013	videos/regents-club/582-v2.mp4	dec818866099d95767b25c3bad9168baa8e59aa5fa63e924ccda928b9a8ced6c	217908	metadata/regents-club/582.json	51ad79491735329f799a2885139365cea771934f29046e321a7adb4a1d7ec214	740
583	images/animata/cards/583.png	b89503c661f53fbdc524086b0292b9ee7ba66c725ad675b3f499a1bd2d0cd4b7	2065177	videos/regents-club/583-v2.mp4	8078063ad94cba45fedd16524235d1e1c1e6230f56f73a78ddef19ac44556662	841430	metadata/regents-club/583.json	864976045b2acaa6ecf1bdeb3571b2ececff0ceb1978e7e65f7f018bee032d8a	748
584	images/animata/cards/584.png	3615d6bde9a8673418575c381651b88b65ddee765a72add5b3cb65bae3a4e1af	1483678	videos/regents-club/584-v2.mp4	7e1f6e90cf77fb0c4c51effb2dbd55c545f85d190205765c01a9c624eb7e354d	416970	metadata/regents-club/584.json	bb0150ebc1d325d3309da33ae22ffa467ab8fb02eba6b6bd635ca71b245b1856	752
585	images/animata/cards/585.png	a15f0bcbff0f01e27863cbed46fbfebb509f47b1a9ea8529d18a6f0b907ad752	1877315	videos/regents-club/585-v2.mp4	3d611cf0ffbbc99011a55a77726250ccf9fe92b898b2b911f9cea194a167912c	285636	metadata/regents-club/585.json	49ce5d9077cad4e7965a2084245c2b509830fbffd08935bc63e08125e8d3d161	743
586	images/animata/cards/586.png	c1f03bbbafdc87fdeacb8d91a4ed757db153783d5816c10187fe27b9f8882d1b	1311603	videos/regents-club/586-v2.mp4	31fa267f4671b725c8639ee63713c201e62d8b7146969cc3e975d68747fd43dc	213198	metadata/regents-club/586.json	dea3fdebba742ffbcb4d26592ed432b7c73459e7705201d78999a3fe7e28ae3f	742
587	images/animata/cards/587.png	2b6712af3007e73d79f94de9431a2ed5e191928959a3498817b752747e565aa1	1415740	videos/regents-club/587-v2.mp4	47fb24a5332ff92361c6c3cd8ccdfd777aeedd1345a2b588ad21b1e02b005f45	367155	metadata/regents-club/587.json	2a0af05eca38ef2f53d61ce84b5cd232bbd8cf8a1e17d21b0a25c3d804a71581	747
588	images/animata/cards/588.png	d6b069e41da4cf0e2199633d38ef24cffaab9674e14f8e984e34c918b84b344b	1451187	videos/regents-club/588-v2.mp4	a6d68de23d704b064b9a3a2dc309a6e1bbfa553672da615f24cd368b6b81f459	332676	metadata/regents-club/588.json	31fdb14bae70075129d949ca56581c372c097a2c3c55bb486bb06f118e225c80	747
589	images/animata/cards/589.png	4a393ee2d8c5749ef8dc9213e534a5a9795d356aafe392e14c0a17477dce07db	2097618	videos/regents-club/589-v2.mp4	fc93c4e6891b31f96b5412d42c9d52a05aa8d69efc24e92616cd6de661b2b590	409681	metadata/regents-club/589.json	56909439c55ff14949c0859df63cdf84950001ca656a559bc2a2003e8f85dfc9	744
590	images/animata/cards/590.png	8f43ca26beb779a40e5b187f6e614d69b76ab57d8029686f7807c116359b5ff7	2165167	videos/regents-club/590-v2.mp4	7e2f65945fc8768a7f6394921a768ab4bb516cd5ed7d6e6d3dfecdb106db7692	374737	metadata/regents-club/590.json	de817aceeb2fa71557493bd7ddea600762da1e2f1e244dc4ff542eda63d70bfb	744
591	images/animata/cards/591.png	32d12aa7b524daa90c3a5a650a007998181cd26aa7bf19b495d6b291c4b98feb	2801847	videos/regents-club/591-v2.mp4	dbdf1c43ac685b22815ed5e3208adbcebe8158ef6b2c2d4b30af821a2f59fc55	2549108	metadata/regents-club/591.json	c789a85ba27c6877f4ef8df6370ea545a57c1a52c509539cdca96413c1c35710	745
592	images/animata/cards/592.png	28912bc73313f316c481fab6f2b748a5a9070fde08df165251a20a74e71ca2c9	2137783	videos/regents-club/592-v2.mp4	cc2cabcee2816bbea16b57121872223443a451e0b5ca960dd5c31130970cdcab	649493	metadata/regents-club/592.json	1e778a7c409ebb79674f32e1c759f251df636e2812975d133a9e1f60d8a2080f	748
593	images/animata/cards/593.png	aae7f4dc2fd1f742aef59a54e143e3187db3556c5b8c3924e7313c056bd702a0	1776916	videos/regents-club/593-v2.mp4	37d1da227fa6d958243ca55fddc6fd746d1f40cf2aa3cfa69c72ac4fa7a6642a	523967	metadata/regents-club/593.json	fa7ba86a674eca1afe15f134d60df70853f308d58e4205a48dd8cd6407e1d871	745
594	images/animata/cards/594.png	f0ca3a187de9fea8489c2d022d04520c42f2c4179242be8f129260c7b3c035a9	1376638	videos/regents-club/594-v2.mp4	2a6dc72c01869eda9c2ef47cb55e62c792df0e8df3e049f1c02cc1f93dce893a	320549	metadata/regents-club/594.json	9d1dd0570222a6b6e7b0ba4bdc8998fabd790541ea2060c61a1d8d8eb089cf16	746
595	images/animata/cards/595.png	6adebbfef2c2648c61617c5d8ee2e055f124b5b1eb26e6a2c6f82895e668632b	1592957	videos/regents-club/595-v2.mp4	091d72ed0f1cbe92e6fe02bbc320536faf73c010f7eb1d398ad678e4c2c1d936	520109	metadata/regents-club/595.json	96363afcadd61f123f8efbf735679770ec5f1393dff2b833bc82b865dd8b971d	742
596	images/animata/cards/596.png	aba4612d51d57a8f0803ee269731c79b2957d2f14518a8ba25224aed77517ba6	2119962	videos/regents-club/596-v2.mp4	01d24d1b19d1b5e6ed808ace0f0b4941c36db335be12a21d90cf094f49a9bcf0	1567917	metadata/regents-club/596.json	19d3d9c8fad25aaa4b185373a7d95fbacf4db9136a951260a479e5d9eee97dd4	746
597	images/animata/cards/597.png	bb3115ad0bcb3232f76dfd0e865fa81ff1c8d55f8110cd658ba5d4f9f23a7d67	3284782	videos/regents-club/597-v2.mp4	b129111c6cd635c3edc6ca8342907861a50d64dd7257ffd9f017a1a1f2b59bd8	1952559	metadata/regents-club/597.json	7816788237f2d6b507286ffd6ddf1fb1419a6c0659b2d92f57f33990d3e574ee	745
598	images/animata/cards/598.png	fc00398e90f3c542b2749ffd6b7626acf65816696a258f98a35aff381faf0790	1552328	videos/regents-club/598-v2.mp4	888a716f4123a16586c639c8d6ba7f4c31ae09767ec722eba10c1a8d67884ecd	405656	metadata/regents-club/598.json	15be2ba8436e07f872c63e181b46cb7d16846e4b81b51302c401c64503f07b83	748
599	images/animata/cards/599.png	60a22a6eb14202f4c3c424feb019cec1bc0278fd583ed1feb7dc40ee38ca51b4	1508460	videos/regents-club/599-v2.mp4	6c8fe7309b6c2256a332e9a7948e4847efaa20015d6a8aed226b06d421d59781	437504	metadata/regents-club/599.json	de21058f77499310ec762adfe80ec7f333d6356b801c84ae4c32f1dcb5dc3135	746
600	images/animata/cards/600.png	de4dbc12077b82cea405b2b235b40d948ab059555cdebff04ff1ba01f16cda9e	1533779	videos/regents-club/600-v2.mp4	e75c0c2143bc5365c81184f34aa71f97df0a10b8cfb53595f33fe31563fa34c0	475463	metadata/regents-club/600.json	aac79ef54e5bdccd0d622f1b43fb95b8608e7f4e95073f130e047ea5c6919426	742
601	images/animata/cards/601.png	7df8cd93f37a6c4343111c6376dac3adad769b02a4c45c6007c0c7842006e95b	2143303	videos/regents-club/601-v2.mp4	8b620cf68644408d1c84850c455accceefad376d0081132076e7737674103a9b	984601	metadata/regents-club/601.json	f3a95cb8ec950cb739bc7276efce48b2e4e32e13c722371da82b5fc2bf287563	744
602	images/animata/cards/602.png	0cc7f93837073e23f01a8e1923ecb8f395c6be5e054e614c0c22692874b43a2f	2419267	videos/regents-club/602-v2.mp4	7a0b4a4649e099021b4848401e2caef390d8e2e5b04db462df5918a9a1c38cd8	927815	metadata/regents-club/602.json	7a7b2cae1a3608fde4a83363798c62be43a8b7f3ce87018f59fd13c839a6eff7	744
603	images/animata/cards/603.png	1c6c93727871f6143ae86099c355a52704706293c45ba644b3ca3e461aac8992	2244783	videos/regents-club/603-v2.mp4	5fb1bb2168dd21a2fa468efdbaa231c886451516d8fe1d3594df3b67b052ab4b	889166	metadata/regents-club/603.json	edcc7ff3c612af8e75358e1798600565b96f91503fa6ea5eae135812cbbb16ec	747
604	images/animata/cards/604.png	8601daaf7711c84f315eb449a3d431d4e3622e3cdac662292ab9cde5a5c6f63c	1327037	videos/regents-club/604-v2.mp4	90d3cbe9485fd99d8589814ddf309b7617798344394a8a7c86980c8a466910c5	359554	metadata/regents-club/604.json	49a56829cf8a36f1433f0ca390e8ba0571971e95ce2447bb163641d63e8e64d8	742
605	images/animata/cards/605.png	04a14929c88534a533bc0cf683ba837135c76a144c2e6cf89bf01b3b21d923c5	1563769	videos/regents-club/605-v2.mp4	0908bd4c86765442d41a2030cffa4cd73bf61dfafa8d9e5b2ed8e9f6e6f30944	275382	metadata/regents-club/605.json	e8ea847466008eb6df3407c0870fe940f2081fada7b4e9180acbf8c2890be0f4	741
606	images/animata/cards/606.png	274ac1bb3f053c63425311a5e0cde60584cd52cae7459d602a73935c589c9570	2717006	videos/regents-club/606-v2.mp4	08b2d63ef6085c1f3117d7ce569d41ff6d509b3668830aceb1804e840d5f67d9	1706165	metadata/regents-club/606.json	b581161cf7731d5e1c8e71f601e9c0210befb781f6149c2c22fe05c42d74d31a	744
607	images/animata/cards/607.png	679885c401fcac46db6e91b9e3e1df00c09552027f6e58e4019fdd2d9ec8746d	1188456	videos/regents-club/607-v2.mp4	b16ea3a9dc9a2fd200f2f701cebaf6ee8b0e2e42046c8ec4e7b1adc42a460d8e	305870	metadata/regents-club/607.json	d06ab66f93d7167509ff5d3b5be02a68ffd60ace58ad5fd940313d55e2d3f318	742
608	images/animata/cards/608.png	f24d818b63d88e13cfcaaaf18fce3ec5c371b73960a1556380663bf04cac31a1	1531634	videos/regents-club/608-v2.mp4	2713e25c7ff1520089128339eb860132abd3d8aa42b00ed44ad26dad625d0228	448068	metadata/regents-club/608.json	979610cda064cfa5ee78fe9771710de29195348eaf8fe6405caca52da2ec6867	742
609	images/animata/cards/609.png	b0594a64e8741f4ceb452e039493484d5b65616e9efd594d95752f094a068fc5	1939406	videos/regents-club/609-v2.mp4	82822d53fa0978587f4d11b0f7ccdcd86669c4e9582509313dece5f6eaab4416	479120	metadata/regents-club/609.json	99816b41cae273624892d19b15bfa54bef0f42c3ffa0f8b67e623c5ba813b677	745
610	images/animata/cards/610.png	704831d9fd13ef35fbdd4d3a82b3a3960e232c4b22fd57167172f984d82100d1	1382243	videos/regents-club/610-v2.mp4	c362266f38cd301c55dad906c37831d5b5eb882d8f30f83892849a3e3e016890	540689	metadata/regents-club/610.json	f824d732e7765bb3e8644a7f6ce679dd6f3f4f86a6206d5f00a4a8e1c70f5bfa	747
611	images/animata/cards/611.png	9378203db4cdd395b2a88f79562892afde817b0cda368f479864ad947101f8f1	1572433	videos/regents-club/611-v2.mp4	34a2c31886e6aab9f7a942140f3df0efd8b28ea208f0eb7e9601bd9c29748c8d	496731	metadata/regents-club/611.json	6867557c96dcb6eef63f3c8031f397a030573a20f23016f83c29554b67164530	752
612	images/animata/cards/612.png	79673b1ddd709137a2518c6560ced9e9e04da9df2adf5d0737a31c9db3f8af0a	1378731	videos/regents-club/612-v2.mp4	06e69c52fc36e179693815766015e8aec2219761c565f47b940a23e98e40d501	261280	metadata/regents-club/612.json	94ff34c33fc1ee575dda6333edc7033ae720b71d9822f847f361e824092610eb	742
613	images/animata/cards/613.png	ec3d134a64cfa6d9680222f12fc188912265aee856178e5bf0c5791a43285a02	2572689	videos/regents-club/613-v2.mp4	b27f8d7b021a1724cd43998269ad2e119c533e81ea6a842ba048e1f8733087ff	946312	metadata/regents-club/613.json	7bc7e69a6f36a143ac079611d2bf235f1c11c8fe17e2d0b177735b8c169a5e44	747
614	images/animata/cards/614.png	e469c1796ff310ff93211e59f5d5c229389da3f16a48d1a64f829a15f6b160a3	1988959	videos/regents-club/614-v2.mp4	8f5bc24bfd43f4e5a7bdb2261e7e3f36c195868ac85fd147b70bfa02e9c57d76	496880	metadata/regents-club/614.json	a919c6507ba1a4b6bf7181a88fb80c92ef719fc60bcbd61e0b01e93797f4ad74	748
615	images/animata/cards/615.png	79e7a346e6bb7e8dcecc21b300ff369f90bb15f76d0e89b9c4c76ee01ecb3095	1587143	videos/regents-club/615-v2.mp4	fd5e58f59194333cc918af24226e27d7fe422ce10bbd767a0715f7e456a40202	222782	metadata/regents-club/615.json	13ccbc0a15e43f1503129aa0e6849ee9dfdc93040c022f728ed8cf02a32119ce	740
616	images/animata/cards/616.png	730dd756fd4d5f6995e602ebc5a697a4e11addc53f47fc0cbfacab1d008f9ac8	1462341	videos/regents-club/616-v2.mp4	45f1a175ceae1a0ca13f516110ce92b642dd8a8b9a82d87bf7859a227f427222	249870	metadata/regents-club/616.json	1e6c34e61cca89a100e93654640fb7946f8076f18c136d060752c64f8a0a8d85	740
617	images/animata/cards/617.png	ba7c5db0b1c3241a6e5b3db43a6aa9cb5009a61baaba9ea8b9676f71ce8ceb5f	1631983	videos/regents-club/617-v2.mp4	b972cb26ced6e361502058bd64b5a9fc555ffbf8d0506ed863861cf2507b2bd5	551765	metadata/regents-club/617.json	85f7c1e79962bfde65adabeafde1e8df5e7fdff4f8008f341f1ebaea8056f1d3	742
618	images/animata/cards/618.png	d768ce02c7c81759b5f7aa338754e3021dee0e78b17f886ba82a80dd983fcf87	1730990	videos/regents-club/618-v2.mp4	b40b70fa7b834663875411308b2cc640b08f1d9dc7c2cb2affb0501ce4d3b42c	576341	metadata/regents-club/618.json	2e6c4eae20011d6e6a2930b0d6b84df105fd5f1e7116ef3a3d327c54cd5a37d3	744
619	images/animata/cards/619.png	2c2dc3372f6906f78c13a29651186211524074492856963c4ae4c3428d4292c3	1876757	videos/regents-club/619-v2.mp4	2844a641feed9c30a724e4c9c514a012b94534f1ea29ec8a09825cb0c66cd343	304657	metadata/regents-club/619.json	263f03b2f7691838b6aa36bce6cde3958ecaa30974ad2c82ba1f94a53d129f64	744
620	images/animata/cards/620.png	e595edb32d71cf569ae35b5013912560370b287abb70d07615709725bb71ab10	1544024	videos/regents-club/620-v2.mp4	0d416e97a6c9c8f0dddb1f5be5920fcded796ce708aa314ef4dc1a0aeff079f2	337157	metadata/regents-club/620.json	6eeea7ef78e1e12ad2fa62716ada01bf7d7b94a46bd69cae660ffc60f4f7f683	742
621	images/animata/cards/621.png	6f249283ba65cd0b3667ea8f8f8ecd4105afaa02e38d0f7248ad01879ab151e2	1436471	videos/regents-club/621-v2.mp4	63f1116801d5fa7e2c4e0dc7c20d11696f88a262370c9fb44dba33b75698ff7b	339491	metadata/regents-club/621.json	f4e48263195501e96daffa2cb7fd34be358ca717199225e6ab3dedb03ba3cf55	747
622	images/animata/cards/622.png	2befd15f8e60f579d018a0c3dc1e85ebebfd40081dc8fd01482468e1fa3b9dd6	3276375	videos/regents-club/622-v2.mp4	13727722126a4c524175236f5c2e0c7b666bb720f286da1f1997a3116406aec0	2205955	metadata/regents-club/622.json	4e8e201554d49df3db71d414cfdf043dd0de5fe55d2062bc481baf62a2c0ffa2	745
623	images/animata/cards/623.png	ae356df91a331caf2f24429e8ed8a9f68f603689fc84f0b8360c8a5a91121f62	1527759	videos/regents-club/623-v2.mp4	a10b7f51760598b5b09188073f7f2585b790f2f442d48c96378fdd85aaf2c567	645587	metadata/regents-club/623.json	c6e456917daf3fcf359854010bdfdd2b716c1d780acf340f77fd0ee7992fdde6	741
624	images/animata/cards/624.png	f7e6428e3d3f84bf3b96498b7fc6f2d78a1d7106e0d9cf31f773cdefb7c4cf4e	1606164	videos/regents-club/624-v2.mp4	06104385c6672d35f8f0c30ca539d85935b7b5b5f3e334bfbe09f0d7e796adce	267202	metadata/regents-club/624.json	cb7d217064c468c51917ab00f4cd295ab5017cda26fa705f23d7aeacd1ca6314	740
625	images/animata/cards/625.png	40bb61c8ac47d3c914292aff31a6fc61c440c5a57b06df0736fe736a0e2a2467	1689919	videos/regents-club/625-v2.mp4	668d9712399eb995038b421dbc4902adc51934926f47817bddceac19e1ed79a6	383065	metadata/regents-club/625.json	68be0a4bd521e270912570e00080a8d040c16f6b2e2b2e29e723c9f18eae3710	747
626	images/animata/cards/626.png	3aa1e6426f3ceecdbb9d76a1892aa010f242d139d657aa2420cac1b42cad8f8e	1645549	videos/regents-club/626-v2.mp4	f6da00f65fd8af5818f96f607949cfe99745cc9dd1b66992c632bdbb221e1c4d	646837	metadata/regents-club/626.json	e7246d9d11f5ebcf9f5fa9bad9231f6356ccbd596a9acb2aa0dc27c8bce7183e	748
627	images/animata/cards/627.png	f597bb0a4a8b2ba76905ec268b35479282b3e7cf8ae43f4f7293237124a544c6	2050192	videos/regents-club/627-v2.mp4	27fe877ab97f35ef0ebb4a9ae445681ae213052aba128dcd047923c8bbff535f	983236	metadata/regents-club/627.json	8d782dcb78179c2be4749b2b1095de757931f9d9cb4e0a2f95702817c49ce62f	746
628	images/animata/cards/628.png	818445306d02a0f8bdd5561934dd2c927d42bcf04353f8b0df711c0ae7765b64	2851785	videos/regents-club/628-v2.mp4	1c35822d6532194cfe92be4889005c80618f8ef599024a787e52f8e75536937b	954891	metadata/regents-club/628.json	c5f4d39a0f1b2dd4316bdb7b0faa46c52340865509483a0ace33db1595cad519	744
629	images/animata/cards/629.png	35016e55a44d94365e1336f43bfc641bdcd460abfd04ea435b671bfe8e38d28e	1660617	videos/regents-club/629-v2.mp4	59c159b5dbccd8653d69f272cff78bd3fda902dbeaab59d57d12ab81fdde75c5	508305	metadata/regents-club/629.json	73007da978acd8670d63e7d2d4687e948b7b761e9ec6dfa439553ce5400168e3	749
630	images/animata/cards/630.png	914eef9f0eb363ef15a11504b5eb668b66b894c2dc0fd3db7ab0fe62bc5d0770	1454608	videos/regents-club/630-v2.mp4	b47c9022be0c6d8cb6a46c38bf50e2177e2383f7ca5852208858f921ade6aa9f	179802	metadata/regents-club/630.json	4ed7e69c155d9917bf0b3b82229ddda16a617fec75affec326989db5ae242fbe	746
631	images/animata/cards/631.png	0de51d377e044e277f304aedf285e3e513e5cf09cae7a6f4205b4233656c3ec2	2308493	videos/regents-club/631-v2.mp4	3c8db156e5a3e9790634b0530a0a668592d0a129fab57cded18c205599ceb802	1048237	metadata/regents-club/631.json	acffb233633cb2dd56d7d3f883968ac7b2e511d894130d17733447bbb49a0650	748
632	images/animata/cards/632.png	9b62f582b1f321633b98f29ed708c1d2cbda02f51a800e4dabcd3c67a0bb8e41	1600004	videos/regents-club/632-v2.mp4	86f7115f367752023e34db920ccbd81d8d3c03f24e5d53a61940619974766663	501732	metadata/regents-club/632.json	0d3dbdd8c05320e631506ebc68f9edd09c7bf76849241f0796b4f2ba4c641a88	742
633	images/animata/cards/633.png	3d71e27e7ce3aab6e1f4562bde562e01eccc3a63bfb2337746e465d12f38d401	1759656	videos/regents-club/633-v2.mp4	d0b88b6eb89af052a62c6600c4c4f78c42f4336d9b91dd88865bc4bd4e560324	286566	metadata/regents-club/633.json	37bc40f94760908d8211d7d123fb428f91008a9bb4dccab7d9fe78d1b4c18d0a	745
634	images/animata/cards/634.png	faa27326894e945de09e3ca3177c4c0146057f8ffbf4b6bb9fcb331367f952b6	2004099	videos/regents-club/634-v2.mp4	e120a38732f7debbd9ba07af297fee53413a2808c07fd2c49e507f1e6fbadd0e	598335	metadata/regents-club/634.json	6773ed289d66c43cc3eba378e0ebe66267e9fea0c0479464ec66442c6c38c951	744
635	images/animata/cards/635.png	06b3e16bfab1450bd7d0d3f7ad6980679718f082c77af71e9736dd2932c8077d	2565408	videos/regents-club/635-v2.mp4	dae4647c88d67fe992f838a4b923b11ceea50d711acc8d26a3251dd97943829a	1640998	metadata/regents-club/635.json	272cdb6675d47f5d91fcc96143e222375bd9c1519d4f4b50fb8f12bba34866f8	745
636	images/animata/cards/636.png	cad397a008bfbf6e71a6d56be91fec8e6fc2030c83cc3a98bcf57689a4c2a055	2363386	videos/regents-club/636-v2.mp4	f09830877d7e296e433e76a7cbc5aa551e810005d7f50c08cc9d8222efe3baad	1226264	metadata/regents-club/636.json	fa084b11acc0d89dc1afde93f9543371a2dd01207c0b3993d572920ec2de3acc	743
637	images/animata/cards/637.png	e1986c51fa6de108eb90e33f07f0e0426a7638bb2442f5dfb8e031026ec5680d	1521261	videos/regents-club/637-v2.mp4	99041cda4a27fe043daa3497b5aa80bf70b15707f0205625fbcd6b2dd4510b5d	493341	metadata/regents-club/637.json	9d45cc92519327a7d8da876caa8a7b964f4eef49e4233bb6e451750f93686070	746
638	images/animata/cards/638.png	7023a87bea9d726b5739dd4878be04841812a12e0cc7e29c15f09fae3233a017	1668389	videos/regents-club/638-v2.mp4	5e4de25504aeea5cbea0fa48e4e2c763a70e0d94157e7b3f7f9357e6f24638c3	245031	metadata/regents-club/638.json	999edcf2a198832e6bccf3286c802786647ad47daf0ba5c3b60dae6d24ba4731	743
639	images/animata/cards/639.png	5d76288f18373f609954e65bdd2c250494dc28d412b703d922c7c6e880f35200	1260588	videos/regents-club/639-v2.mp4	70d565acaec2daa100203db2fd849ae3c9587aaabcef588194f63bc9c65d2342	181700	metadata/regents-club/639.json	a421d7219eecb98ad7fb30d5bfeda3b8ddf932a8a1c1bc52b0c9b054d7345876	743
640	images/animata/cards/640.png	263f657b8533a3922175884ef4c1bbbfa5ec102d90642cac424625038b1af66a	1502375	videos/regents-club/640-v2.mp4	b0f0ad9ccad7b41f8f29cd2488cc92c1c571a3fc3a9218cfdf086061f50403f3	348846	metadata/regents-club/640.json	bdd4b3f3b02fa0a40fb2c7e99af888368b6bac7b8786d7f4f0057c9354615a6d	742
641	images/animata/cards/641.png	11aac9af77771db56ea2017f281a52d8dcfcef00cd1b2b33ea452d38eb73626b	3394789	videos/regents-club/641-v2.mp4	9a633d8cb16d506c3c825d902f402689e335a1133d3dc4bea9a2cf60e708dfe9	2315615	metadata/regents-club/641.json	36ed54201b1f472151445b544a38fbb10c33f4b5ce1a1505c70855ddc6505f3a	745
642	images/animata/cards/642.png	1e8dbc5aa48d94cd6d17aa315edd89b5bc1dcb8161d6da6bc876524628d91c6e	1750688	videos/regents-club/642-v2.mp4	bedf1fa92a62659348ea623747b231c286b9bac18385fa097481b2f0ace22ca4	532619	metadata/regents-club/642.json	2de72d1e183a879ebc2e92ebebd9c14fbe2e939cf2aec5de4fdc16707f265e9a	747
643	images/animata/cards/643.png	4a60862b1326a116ff7e30e70554fd687b03d31c0b5f6ed7a7c5cdc9b4ddd2f4	1705455	videos/regents-club/643-v2.mp4	a83e11f770af75772813e82594ac7a7d2878cedce0e1a05cbd0bc06869057553	246990	metadata/regents-club/643.json	874be2d0a31530a73332c4b5f0cff855593c9770aa81aa67b03a0469c86e61da	745
644	images/animata/cards/644.png	b5910a8ee6b3b6f41c1db4a8afb7a5987444f289df9efe7ef78b6f05fd70e698	1261423	videos/regents-club/644-v2.mp4	8469b746f9a466774b69622c555d4b6168f5ebf8db27ff65ab28ee4302abea62	236941	metadata/regents-club/644.json	9335a59efc58e7926d4322ccfeeb003069b358ecea94af334e9442421e32e66f	743
645	images/animata/cards/645.png	d6b09fdf1c59a22023f45e4b6f12f717841a741d7f57280fa9f6fd0dce9b3787	3287217	videos/regents-club/645-v2.mp4	852d34d5e4559a48d8598538f38afa1173ed8f47682004d4a46e87daf52c6b35	2381419	metadata/regents-club/645.json	01b71e61c5ad5fa151c53a35d28c958c2dc9ea3f71ede68a10a0f145fb3f5f08	745
646	images/animata/cards/646.png	02dc82ee51530e8f4fbc5ead583e1e5eaa8287ddb04a8578bebc2adbe2dfee0e	1567844	videos/regents-club/646-v2.mp4	c2bde9b2720be4494fc21f82416706a85d58a4193bedb09523880fc31beb4a21	340986	metadata/regents-club/646.json	cb469c4bbf26a3f30f2d70e45f669f05cd293638307bdb458dd5c3e4245740ee	741
647	images/animata/cards/647.png	0d7e13ffac8eb2901afd948a7783da02f7da8eb1e993fc0c7316a0de2406c70f	2642076	videos/regents-club/647-v2.mp4	c948c10666d6993c842b3c4a9bd66dfcbef3b1083b9287116a9987446723efa9	863889	metadata/regents-club/647.json	387d97d5a3b4d4b47784345607e3cec18160c5979e0da841984ad9ce0429f40d	746
648	images/animata/cards/648.png	378d7113777d51920b00f430ecedf2f81ef93339c55831478bcbd3bf43bcf502	2079181	videos/regents-club/648-v2.mp4	4c1bd069abf82e21aa7e5ad92a532a92da0d4b4af4f06f3d363b88a24e6d61be	412755	metadata/regents-club/648.json	fb05d54e39a1d049b16c7d0e054e64ad9843203215d001f4f70565170c0333bc	744
649	images/animata/cards/649.png	cfb86f61678819d61bec8f60b2a3c889fedf3f913fd3bad59f286fb6979181fa	1639972	videos/regents-club/649-v2.mp4	bbd46cba1a533881de401244d23c93e6b4cfca2e70f923e0f20d178078706de9	247873	metadata/regents-club/649.json	513fe2323362276b55cf32569ce9b5356f3b0b2972271a66f0074822c473e684	743
650	images/animata/cards/650.png	753ffe4dc0df729d6834c8ed307a08e542fb995995385b2cb60f63b0d37590bd	2229589	videos/regents-club/650-v2.mp4	23ce60b5a477e91eca7e06d1734a224ff1fe6a948250c94f58177c6c500de648	930271	metadata/regents-club/650.json	f1894fec4885dae05bbdff9371f02b4f133a1468ae9ba5bd1487bcae2a0e7649	743
651	images/animata/cards/651.png	7576221d71e382bb6a2db10e337b8e427c669148c9f4071e22e1b2fc46833c70	2656478	videos/regents-club/651-v2.mp4	97e3c4566ac0eeed288bc5db96033cfaec439e8424b2ab38c0b87c06b3368324	1219926	metadata/regents-club/651.json	0e27f9abfe4a2793de144f69df5ab85445dbedcdd54cbd13e02d156d4f7a644f	745
652	images/animata/cards/652.png	52164e4bd2a50ece6c38a89493edf79d1756fb7b2ce5f6339bd6b267d75a3004	1568686	videos/regents-club/652-v2.mp4	cb91d3982949979562d128409df5232db9f67f5cce63965d6b53384473fa6ad8	309002	metadata/regents-club/652.json	94489ca46ae603e0cbe98fad58efe46e560a16426431d8f1b6434f4b87abb055	741
653	images/animata/cards/653.png	84eaee33e6b87b485008b012d6a83843ce0e72f9f021acb3834c077aeb1f393c	1477140	videos/regents-club/653-v2.mp4	485fb9629a9bb650d47c4393c0c6848168c1c9d96d797954976986b15a77bb70	222949	metadata/regents-club/653.json	6160d155c61f479c08ba8197f463a72b8f7b4d30d62e8f2c59f98d4497973877	743
654	images/animata/cards/654.png	4ccdcbe9e1425c4cd00cede2fb6341e48ada14370df3e4b0cdbcfc37a6b4dc16	1469081	videos/regents-club/654-v2.mp4	a958265a0514b49183abb325d635c72ff2cdfa9788d426c97cb01cbed6df4184	264880	metadata/regents-club/654.json	1c736bc43558eaf62de066bc41ccdc8216ec9d261e78046bf9c3f33699859a6d	747
655	images/animata/cards/655.png	b3af8a54c3bf1a37d918cc31c410ccc9d7da969100d37d704adecdfb5e78b18f	1440964	videos/regents-club/655-v2.mp4	0f6567aa66a3a618005b5d30e260942d2cb7b2d992a20ac3b2ed538dedef7da0	327410	metadata/regents-club/655.json	47a62c8a6f017e20425b64bd96c0c0701f47118b35ad9d186972c597704dea2f	744
656	images/animata/cards/656.png	b2a53966f2894cc2164ea98f743974ac565f49ba4d12365dc069b181837057dc	1987913	videos/regents-club/656-v2.mp4	ebacffe21d149e88d4f5cfc34a32b81d5cc97313a694d98838fcf0140346935b	528038	metadata/regents-club/656.json	9d7d28f4c2275e5574d666d9ca156de7ad6a6697fa1e63ac46669a14794d37d7	747
657	images/animata/cards/657.png	864c0fb04da5417ba05bfca90bb0907b27f912f96e8770b20c895f97a8bd3f1b	2216100	videos/regents-club/657-v2.mp4	29937dbd35dbd5c9cac3cc73ae4224fa7abf31869135937bc8446ec7ee291420	851036	metadata/regents-club/657.json	d30c74c787a43d245bdc1eea1f366a185b9b58f8dcdb5446bd4f799ba63d5640	746
658	images/animata/cards/658.png	6d1bab8d00e531d40e87aae2399a869496039e2448e9237bc335a536cb36b173	2585333	videos/regents-club/658-v2.mp4	5ae4eeafca52beac1a09a68a2016d1029a76309942b37c3cce9558477d3017c3	1002683	metadata/regents-club/658.json	bf51620e5b750e466751ccad82f5a1af72c6e5c876db98f81bf6ef465b52e801	748
659	images/animata/cards/659.png	d305077286c219cd5adbbf4f412e219b7a062f9d7beadaeea737b775fc814f74	1211791	videos/regents-club/659-v2.mp4	8673f709e1dda75a515a0e7991cce62f1e1fff1814199984cde7d3b322682a26	313384	metadata/regents-club/659.json	3b3c10bc475433f7926b5d6e246dc00ce82f9b26aaaca3759c6c4d5f5138c60f	744
660	images/animata/cards/660.png	b67081d1f109072672be50f62ab24a6f0929bcf6ac32d10a347be761ce287196	2491510	videos/regents-club/660-v2.mp4	fd0fe303b196be2981fb70902deb869267eb7797a26dfd2b85fb2e27e05d34b2	1275022	metadata/regents-club/660.json	b1209343c290b3eec8fe15b02979e7230eaa34f1b8979157b26867883a74fe43	744
661	images/animata/cards/661.png	e6a986ff26bec9c2c88dc82d8ff6e1cdb5ab07060476a8c85260f181f744475f	2268555	videos/regents-club/661-v2.mp4	886b2b58906af1fa0695e20b96c4ef884908c2b7afb0909df0d85946ae3ab0f8	985213	metadata/regents-club/661.json	0f33f7c1d26d8d0ea986ee397b635dede7901abf02d6d69ec25508c434ff3fab	744
662	images/animata/cards/662.png	978dc0a3745db51c1b5d911f9238e5881011041f00b9ae4e0c44f0d25e5b853a	1747770	videos/regents-club/662-v2.mp4	502ef0a5bb504f9a3e47ccb1fad46b72f104cceed94d637477ffa6a84dcece8a	288085	metadata/regents-club/662.json	df2b9fde582e7433c53616681ca9166da9f29072adedab2ebc7b68ad23df01a8	748
663	images/animata/cards/663.png	4571d745f5112f1c619cac91d2f5cb0fb8d0b90ac7c3c4d8537bec55ca4b875e	2181298	videos/regents-club/663-v2.mp4	820dd0a18516cc7151d13e2f1c59681c68ae69a4de0e5e68ea23bc3ae1f7ef3d	745350	metadata/regents-club/663.json	2b925424513b081cb0890564686a94062c6911aab47a769eaf5ed9dcb2e2362a	744
664	images/animata/cards/664.png	56065a30e58f166c94ae0ba0551086589f92d4e4b882f9598306e98217f1c20f	2791281	videos/regents-club/664-v2.mp4	cbffd189066313d7f926be6b921ed11503d95176eeffa3c509500d562fa8fe88	1161121	metadata/regents-club/664.json	b64c85243bf46ec1ea22c2a6ad6526f8a15c62ce3d55b885d622c746bc5f9ecb	745
665	images/animata/cards/665.png	2f6a31a349f8626adc068386374dee0ddb1fa3e41c57a06053773115b71012aa	1351883	videos/regents-club/665-v2.mp4	824345cd27bcc51bab8fc7a5e44d6a0c60a795a931a5de6313107b6a36307412	394061	metadata/regents-club/665.json	e804193dadb3d0930f9cd25f9ebfd184ee6dbdebe4eed1ed7ddb90b6de98b1f5	742
666	images/animata/cards/666.png	e01584e2f9660ad85b1d6085124a01351ae53d26d307d92f36bc49db5fd6190e	1505352	videos/regents-club/666-v2.mp4	ef170e50128559223454fb15fdc987079d2a118e3f79fc088746f2ebd1490ef9	368771	metadata/regents-club/666.json	981e8af5f92d34cdf961914dff376066e8bc509bd7842a109678084c60de6ed0	748
667	images/animata/cards/667.png	82760093aeedb69ec9cd82cab30a998f6807bff8435a806a2c61b240986d1eb7	2296520	videos/regents-club/667-v2.mp4	d23ae615d87293e194c12d5eb3fbdb476bf1711e486abad37926e15036339df7	520854	metadata/regents-club/667.json	d1f1d94169e1c61bc8c53c862451c37d2834bdd63784eb8d18cd8fe24050be8d	746
668	images/animata/cards/668.png	02e4fd89849fc4eb7afc88d79e5a8d2feaa003f766724b252ed38dd6823bb9fe	2332828	videos/regents-club/668-v2.mp4	66424be1eac839406bb703ae402cdb13b6b45bc0881411c8392d02b017df774e	450522	metadata/regents-club/668.json	8c8b99dd2f1bc51a5d05d1e5f2289d81726ff3ef1f846150f9033b434bd12b18	745
669	images/animata/cards/669.png	5dd06d7ab90150bf69c926db46f9b8451cfff557e0c8baf2af09f553b5bde099	1491641	videos/regents-club/669-v2.mp4	8bc312c9bccbdced1fae550e1b0cd9cf1faff1f86f78cebd37c4eaab88a5fa4c	462215	metadata/regents-club/669.json	e2737794e27c49fefed8cc2e39fe5ddb369c95afae3ae743ba358c7aaaf762fb	741
670	images/animata/cards/670.png	da0bfd9b120131d1fd85305cbf87f84cd7ed4a457b5855fd7367dc6b0edfde79	1494792	videos/regents-club/670-v2.mp4	716f3a4c6ee8f579efce60ee518825e95b7b91b7519815cc7f3bc636970b5d0d	228734	metadata/regents-club/670.json	2446393037e4788c6ce06b62424ab09ad4e7db60e073f6733a1fd90f6a3ada59	740
671	images/animata/cards/671.png	a4cdd5fe81c5909fcf15d787902d3f1155ec4ff4d1f6589a81a4482521a19708	1512493	videos/regents-club/671-v2.mp4	9ad9333460683e44a8d607cab20e08f0a4c5460acd949fddf214a914edabf967	278928	metadata/regents-club/671.json	fbdc584d44fa59cee7fdece6775b038dd822bf50cccd8e71eeedde1663de2b3f	742
672	images/animata/cards/672.png	50b9763909b63b46998e8eb1ff9b0899e2c5f9e9b6adf1bc27c7dccd5456a446	1777417	videos/regents-club/672-v2.mp4	6ad1fb9254547bd670e6a1427a79fcc8a5858392047b16eca7a5901144c2d7eb	417782	metadata/regents-club/672.json	70ece7e613cba0f4cd7b0f03d42ddac8d3f675ef4fdb96bbea4fb55a930e1090	748
673	images/animata/cards/673.png	64ec13394337cc7461accab6ef68e9ef303c9193c752ebdeb77fe497c59837f0	1120000	videos/regents-club/673-v2.mp4	5d1ae405850e3328f6371a1f7028779cd9f9a70749662e55204b87ea2dbb622b	197778	metadata/regents-club/673.json	d425b4d516f7cb55eb344d3734ad857697a058436aba42477504423c9180d4dd	743
674	images/animata/cards/674.png	450a94799021f9d8b5eca38792fccad56a98cc620d3254c9058c5b66407843dd	2444769	videos/regents-club/674-v2.mp4	938341e44289e2cb32419e8d7f7e4f96dd95a5f2f3dcca986c52055dddf0877e	956074	metadata/regents-club/674.json	8fb8f614b33fbaacfb404f0b4220a3b0445fb7815e6910adef805ca855390eab	742
675	images/animata/cards/675.png	2647538df041cfcd99c1658404f09a4f0c35d10956a4003caadbac64fc1b1c8c	1434791	videos/regents-club/675-v2.mp4	f4016fc0af421f4feadc7eca42e89c3c14b424b6e0ac9e82d981dce95f772243	394117	metadata/regents-club/675.json	be8f895843959582039a4fcfa14d89b4fd692a650d1c804f0954c5b576a35a3a	742
676	images/animata/cards/676.png	6af5c4e121787c4b938a94043caa2742acbc2edb0b589a3369be0a90bfe83889	2442914	videos/regents-club/676-v2.mp4	a124759a2962a9dba340b2eb74bc6ad673f8a92c2acd9929d2190b28b7069418	1304932	metadata/regents-club/676.json	a82d95f04d0c46832ef5ebecfa83fc05366566d6b6af18628e32791e1ad8d78a	744
677	images/animata/cards/677.png	62ad34e66c77a40dc4c4ef658caadfe6e62f5bbd23a42be1fa9799b3a47cf073	1530060	videos/regents-club/677-v2.mp4	e5c0c5b215d09230e3b4b686623a60c54b94fcfdb565c705296de1b7418782b3	258301	metadata/regents-club/677.json	037eacf50267dc36f79dc5e3e473b6ff4b9f826ee4d52825413cf6aeef5ba64d	741
678	images/animata/cards/678.png	6aba9b63d0d5b9575728ff30725b55fa9e4ae4fa3a3e6196414943608f432bae	1716042	videos/regents-club/678-v2.mp4	d774e356b6935e770ea70224249ef36adb6f91860f41ff7cc9184f228131bb92	518743	metadata/regents-club/678.json	344e1b8465aac47f68b3e57bd75e411adcc9a510ae3997e28ab15b96248d9b3b	744
679	images/animata/cards/679.png	caff4817eca071c95db07a23357b881f48930503d2d5c69b48331bdbba422fbc	1345945	videos/regents-club/679-v2.mp4	2ad0d00c9d1355dabb11986960e3bf9a986c75407a5748827de015c3c9b15d5e	401491	metadata/regents-club/679.json	06d4ae2970955cca5c95ced722d368c8d9541454382a07137685996076687318	746
680	images/animata/cards/680.png	7b29d44680cb64dd31d9d4343c8a85f8d80fc9432229ac11b51b6c41e43187cb	1947398	videos/regents-club/680-v2.mp4	6806770dd51b114413d67bef1bad3531dbb3af6e25679584a249ccd8294c2d2c	417244	metadata/regents-club/680.json	da56663a66dd765bb9fa959d1befd37b8628fbc3d6b35c2a18774c85c7fb7384	744
681	images/animata/cards/681.png	22956e2d110f756f9c6a1ffc16ed4994d1e7b2c2aea82afe4f5050c8261182da	1067561	videos/regents-club/681-v2.mp4	f40aef3cc8d3c893455164f965a74dc3a00e6ed058aa73df3f9d0b1caa3b42a4	179275	metadata/regents-club/681.json	0371965591c0297209f79fe9988b8f7da7e96621fb84e2e56e9dca603c9450d2	743
682	images/animata/cards/682.png	8717a0938b44e12919cf4600296312cb06f05fd43348be41a6bd73b144c18f6d	1986386	videos/regents-club/682-v2.mp4	5d040407f13ec8ac213e4b89cbe279bd1226adb0f8d3c825df9c6f41feeae06d	483774	metadata/regents-club/682.json	339106a90171fd3f24734e62c5973824179aba4f40e1203325f26b2874cac81d	744
683	images/animata/cards/683.png	d8f666b9818f5fbe5bd492c96288a720dbd2779b8a5fbe9df074a5a1ccfabc7c	1999914	videos/regents-club/683-v2.mp4	1ab401595d7837de0ee5766917d19ff0b7a4fddcb096183956fd408530e51bf2	347321	metadata/regents-club/683.json	0fafb1b739b2f75e50d493b5a547b6003531f3ea7adf1072208f8ac06a7d69c4	746
684	images/animata/cards/684.png	30ff8a5db212f7c5646db48770eee184d9c8465707e4cd9f41d96945cf1e13ef	1655998	videos/regents-club/684-v2.mp4	5aa9ae6d41827e5b0b315f7cdb0c6d6e518d9853518dcc21d19e853dd8a074b0	473629	metadata/regents-club/684.json	3f949c2594df94db64db311f8e0e0162a6d90f4c260f38bb666baa91da492f18	744
685	images/animata/cards/685.png	9a4585ce07c957e7c39418b688761ce5995d7717c3674fd68cc2162a929b4546	3751937	videos/regents-club/685-v2.mp4	5c936c4112c5be29d6954b49976bb22c4b0927f5b3a902a326a00ad3023328ff	2309946	metadata/regents-club/685.json	803003c30b9c6e9a239931b57330c35413ee4734be2fc028756478328c559550	745
686	images/animata/cards/686.png	299f4c3b879fa190a39a3e81d0e33ede5d9c5e9234ce979145bf7fa50ad6da28	1608689	videos/regents-club/686-v2.mp4	745ed602cfa254f8befe337dcbe5f004b5db5ac6e8228e2cd309fdf36820edb2	357340	metadata/regents-club/686.json	51bff68699a4f748b242462fff8d7e3eb2c741403515ebed19376674ce8c1aab	744
687	images/animata/cards/687.png	1a449d28d5941648466a8bb18bd109c2cd25da31f4b061b657c76a674ad27a33	1295782	videos/regents-club/687-v2.mp4	60bc7d88e400ba7ab1f9ba46b82fa9b49ed222f9fab44bb633c424bd333f18a4	244750	metadata/regents-club/687.json	afc0624d0556ae7d91f28a139eba1e5e72cca504782e1987df0b1190211b9f33	748
688	images/animata/cards/688.png	13ea952765e06802897459d2638ac185ced3e9adf24102578341607acccd100f	1749345	videos/regents-club/688-v2.mp4	1cc64277ac0419e66a9caa51ecefae497298fbb4dffe2b7a433f3ce4f1ac239e	657637	metadata/regents-club/688.json	cb278c3602a13312b3e3c8d3f06b8a70dcd016652fb6325fb91d30f6cafd6a9f	748
689	images/animata/cards/689.png	81478a1fedc6da30c72ebfc5e0d431ed92f0631e34f0750794f0289c27919a5f	2275696	videos/regents-club/689-v2.mp4	6fdf39e6cb0d38cb62adf1806986870a09f1078c7ecf4174e333c94b1dce7423	965820	metadata/regents-club/689.json	94c4e85f80dcd111ea27d9d336ecc707fb2792ceb05a49daa90cec39783f95df	744
690	images/animata/cards/690.png	3dab331aa3a7a4e04b405f167237880e8a41a109042bea96a3ca9c281769def0	1548564	videos/regents-club/690-v2.mp4	5fccd3e5e1d7f478df986cc3afbd22cc1015aa562c6f2c401dee97521c62b1d4	429324	metadata/regents-club/690.json	49549615b903a14eb88c7b4fdaf604aa857ab81d081d25653c4dd070586bb108	744
691	images/animata/cards/691.png	0c84042151cee33cf2cb9e3d4f3b0bd73682a41a423ea6589bc3d0777ad2d477	1450522	videos/regents-club/691-v2.mp4	9a122e2c63ade4a14ff7ba5bd20c0c5dab7effb29a441f4bea22d08d9c6b85f4	298946	metadata/regents-club/691.json	7e41d73b2e4ba1009fbe3afa28fad02845fc461800a4d1a5412a30fd0cb341f9	746
692	images/animata/cards/692.png	3d032d17ba6abc9951c301d7a12714dca6813bf2524aec6b7e927322812ce3d5	1942623	videos/regents-club/692-v2.mp4	70ef685bf15ec079d68db2b6ddd87019fb98046df3694d580326c67b650d2b56	933633	metadata/regents-club/692.json	023cfc5387b1029ea5cd3c476f8ade3db4a7173243d9b1ad5883e3bf04e101a8	745
693	images/animata/cards/693.png	0c7915a16b76db3f5b77e6119305f5f49a706e9c59a09e47e35f8ca2cc3b1bca	1649561	videos/regents-club/693-v2.mp4	d78ddd634b5bbea1a2a147091ad6ae5c6d2bc42beb972f2858eb7c679d7b0ab1	378980	metadata/regents-club/693.json	9c01e8332f5a18db2455dd6b332e6ef022eec7a58a12eafb1f0f6a1d3f2e488b	746
694	images/animata/cards/694.png	dd714cc7a98cf71b4a6d179b79de128f3a32a4cc377454549194b2af4a004dfe	1880568	videos/regents-club/694-v2.mp4	7b59665ab442f296fdfb5c19b31f6a4aee727c0b98903b87f9f82ad532ba9d4c	420367	metadata/regents-club/694.json	18982e83b455f6d6487c67042ef3f2c4059bb46ba9b75d6e8a1e617cfd89d9a2	745
695	images/animata/cards/695.png	4bd6890f77d3415ca14e895c7fdd8f0c56b0f84f2a619d81eb72190f2dd4f923	1299839	videos/regents-club/695-v2.mp4	66f679a9fd47f25e42405d024eadc74cc3c237b66aab383e96bae7070b0a3e20	162895	metadata/regents-club/695.json	6afb4ccb3e9ed623b163027cacf20c34c3e8efa235cb6cec63e568d1612b9013	740
696	images/animata/cards/696.png	241238019a16e0629b032056b75cbd543198289d9b432f6e654c4c41041c49e5	1375471	videos/regents-club/696-v2.mp4	c6b988aeedeaab64ce0f97d969e86224d1bbf833549f90d60d3fd11b67d02a57	290920	metadata/regents-club/696.json	49895d7488b80f54ac9540e1d06c1fef14fcb434afd92e290c9bcc19a56dab89	746
697	images/animata/cards/697.png	b06445b6e2b3c614da1e336936a98a6d0d3b91115c2205e3df763d787de24808	1661103	videos/regents-club/697-v2.mp4	468f52ad36ee3ffd486a75f4d8885846e17c7ac5c69558f1d884080caec68afc	150739	metadata/regents-club/697.json	aa6e63bcbe06f3aea4572fd764fb4663e69c560ddf22a348a28e71f1955ed93f	744
698	images/animata/cards/698.png	7798998c69a815c40f35e8b93c39f2b443fb4a888a0a7dc971041323ab231ed5	1442299	videos/regents-club/698-v2.mp4	ced29e24a737d115983a50c5885d0ee9d72d6ec164a37969c7db77d46e8f5f53	427233	metadata/regents-club/698.json	51f886852f427baa83fc8773a55f679e3adbfeae1919ce59880d67e57673d1d7	742
699	images/animata/cards/699.png	2fc0a89a6be28cfda2903e5992770ad17f1c1e42483e6cbb9af07eeecd364381	1500719	videos/regents-club/699-v2.mp4	6508198a496341291a3c91a199d457feb9729fb9005dee03ee1cfefbbf661ae1	365550	metadata/regents-club/699.json	ffbd07f6bb26839aebfde0a3f89528e5bedd5e3a7a44bf76df8852e4ebd6001e	747
700	images/animata/cards/700.png	93b7a2caf32d895a42b1e0ff3181126faff47df9d8d59a18bc11bb3e2e8d0ff8	1723030	videos/regents-club/700-v2.mp4	366f49a524f291f42ed4fe7362ca7e4d2bfd1e5e4a3a8ffedf3c8673b480b845	670806	metadata/regents-club/700.json	7ada72d8846aa0d5a7f94dc9a70694cb85ff7c5fc2197e28563c21ea0bbb33ce	745
701	images/animata/cards/701.png	bf3a7b528b5d5b2cfe92940750384175794e007ce88bc6708d6030ca1dc85b47	1774642	videos/regents-club/701-v2.mp4	eac2b29b7431e0f193f21cc689f59fe38f8c6c70afc452ef44a75aa5208effa0	578810	metadata/regents-club/701.json	f39d19655b9e946d7b6ba850bc0b7f3c1c4e53b03e2ec5fddc866244c68e5a34	747
702	images/animata/cards/702.png	2680760023e6b76b34ee01772e1783f9f291cfaf14a63008e2d055c9ed9674d9	1699303	videos/regents-club/702-v2.mp4	e1c93d8d64e1c9a89e7bdd3ead884275892230d8570d49356431232b95247d3f	453922	metadata/regents-club/702.json	653cc1b841064c18b0f3e0bbfa378f331c3698e851a1205df3de2d3617ff8df2	748
703	images/animata/cards/703.png	518cf1a9d633ad1f0b3b68e6d6ab36d8f1b7a96e873f231b4d2611a5329d2c49	1763329	videos/regents-club/703-v2.mp4	0627951fe469bdbd5c2f11bbc9bd5f6c18544885043d95ba9265d512b3714214	443065	metadata/regents-club/703.json	e6bec626fef1c365a1028f9b0f15b01492312d7a2651113707a0d4644819830d	741
704	images/animata/cards/704.png	f5b4974007e3f39f96d5c4bd0c75248d88320e8cb71c28895b440245b01608d7	1665784	videos/regents-club/704-v2.mp4	c8f8dd89eb3d58e5a2700ff0e7d46be7ebd1e2ba68038d10ee627f021589d2f9	371911	metadata/regents-club/704.json	06e504af29cd05e4cb9bb61ab2ffd3dc2cadbfac7d22996cf393939b8ba01d9f	745
705	images/animata/cards/705.png	0afeb1b1e5532b21a580dff24069829d4460cf3795342ddd15e6531e3372e31e	1762565	videos/regents-club/705-v2.mp4	af06ff6f2ba54de19391bd4b7f0639539c3f71a142bce74daec079ebdaf997bf	335817	metadata/regents-club/705.json	fadeb0d3329c7bc6c25e544b1c5ba983b2458e207019170e7d4c8c41d6e3ed26	742
706	images/animata/cards/706.png	e67d92279663852f364822a55a79b82cf5c7d31872dccf5adc514feef9d7dd45	1695291	videos/regents-club/706-v2.mp4	716ce3ac449175f34638349a88cdd1f739016b80ef8ad6f6634239fb88c7e4a9	406168	metadata/regents-club/706.json	e3029801cd729c03630bb10896d9921bff93c7a44cc7e0d5070db57fe01e5a0f	742
707	images/animata/cards/707.png	c3ab0fba838c4b5602960138a20019f6e73a4e256c6d1711f0bbeaf8d0d01303	1924713	videos/regents-club/707-v2.mp4	6b03805702b32e9be90e8dc129eb8231a1f906de12e0719e4e2aa0f789fb1af5	423234	metadata/regents-club/707.json	2c0d995873ee5aa0088a168640229946e841fc97c095691ad06e37d0438ccfd1	747
708	images/animata/cards/708.png	f48ea3d5416a1beb6326eb0219ce09932057f17c27a2294339a48f7174e4e840	1405688	videos/regents-club/708-v2.mp4	6ec505d719f3b2ef1c8ff2672f3ccfb73abe0bdded75ac5ccb64bd8327cb3df3	185498	metadata/regents-club/708.json	dcf06c417a83189d54544a9660b99343f3a1a06324207f32ffa2a41616eb5e48	741
709	images/animata/cards/709.png	1b388d62271a6043ef252a21cf1665be7b4448e1d030cbed743bd7717c736bbc	2609146	videos/regents-club/709-v2.mp4	8c778de7efad0d2d7d258b28078a7c2d2a2fb99d6225d013fb068cbd3e2fa38c	1503180	metadata/regents-club/709.json	1ad104073827aa6fe623f54b0bf7e43f64fa088bb6871fc44f20e1f44ddca0a4	744
710	images/animata/cards/710.png	2def5b22c9ad563a17ddc21cbe3cf1e262585088a5061b529137dc3104acd63b	2208841	videos/regents-club/710-v2.mp4	c61434721e99d2fe59fe0742363084606f68783eab3f029352cafaa643d5e70d	386647	metadata/regents-club/710.json	ed0d2da848145d4508cbf06fb6cccde5fa1abf9022712af3e0bc53a477d27f96	744
711	images/animata/cards/711.png	865dc2657917293ae2fdee0fa7af009e2cb1b81f98441cf3cb2ba4fa2e68bb9f	3043044	videos/regents-club/711-v2.mp4	bd4c133e2132ad880cc45986f5e15b9ba8ce084b15681c21407055f5d76f93c0	1291390	metadata/regents-club/711.json	650cd0b560a592d35f80cd881c4969843e9e9b6779853655f880fe047ae597ab	745
712	images/animata/cards/712.png	dd240261e8e85a34862a26f323ace3f770f3a74de7145fd164f5a0f86bae4252	3133771	videos/regents-club/712-v2.mp4	b109d5f2e108cbcaf7cc5539168bb1e65be2366e22f938085270488e0bd8bdcd	829847	metadata/regents-club/712.json	6b26cf713fcf13284b0c3ac5e6f87d1fe42a4ae895169f06f3cb9db5e64fecf1	746
713	images/animata/cards/713.png	27a25387f650f3272eecd615790630f3e89f353d97dbfa2da6f48f27232d8734	1165580	videos/regents-club/713-v2.mp4	d2223532665e1305f17d2d3f136894b4ced4e0823e5147d486015040cda0b140	223235	metadata/regents-club/713.json	8bfc2a9f86d56d2e6bbef668f054aa62fb06b4695e9b68f332904b65c425feef	743
714	images/animata/cards/714.png	0de7e9be7db5095f334acabdd17201f8d77708d1739f796266c1286a66916f64	1679977	videos/regents-club/714-v2.mp4	a381d521cd61d8217749cea9eedd9f52393ce45d097bebce2f7dcc87a153a434	299221	metadata/regents-club/714.json	9b67414a9a269b310a591041730ec81016f497abc5457b3101ee06e98f0ce331	744
715	images/animata/cards/715.png	0ade6d8e96104d4ac86d45b04316b157d1a5d8ab7d311d80653cd22dcdf96e0a	1224101	videos/regents-club/715-v2.mp4	f602b0f293a16f309d207aeb4b96bcf1052ded905ada235d011915ab7b241208	301053	metadata/regents-club/715.json	7cae235401268a0f3606d6a0eecc06be0dded72ccb0ed024a265dd96e9ce1843	743
716	images/animata/cards/716.png	76b3a3d33851b7882c4676a53248faeb338e49e16035871b9a1049613fec07d7	1860667	videos/regents-club/716-v2.mp4	746d07305d279897a8f44739ba00728967b3bb8b71562c07214cb77b19a05078	447751	metadata/regents-club/716.json	611e9a6181c6b46ed9f18ca3fc8a802605c3bc947a2f1ef1583a6673f235aa32	746
717	images/animata/cards/717.png	8956a4a01233d305cdd592f28dce7904dc6a8625d2ed3bf6fde4322db91ac1b0	1390996	videos/regents-club/717-v2.mp4	0a2022c91d2711a56eae192c0ba4c4beb03b2cad73731d25f122ef815e3af10f	232242	metadata/regents-club/717.json	6b43a4c555963b72c99995fa5c108dedb7ad3cdf62534ae71435d0bbc348ff3a	740
718	images/animata/cards/718.png	c66d5e499209197618912f975e37146ffb2babcf64a0fc97af86bc2380640d93	1517072	videos/regents-club/718-v2.mp4	5e604f251b94595df9c6eec50c21364037f04137aa7351ca05fd232238bae438	316156	metadata/regents-club/718.json	0fa688b38258c751ae2f1692cd359650a9021ef262e11e135b2e6efe665f391e	740
719	images/animata/cards/719.png	8ebeccf68bb9ba8a4d6a51f013af56f31f7f312325d1bd292bc355b2ce51c89f	1773364	videos/regents-club/719-v2.mp4	adb200febec4a713c0397359514bb23dc9772aaca6b67dd486ca82b012fd1818	390103	metadata/regents-club/719.json	87f1e39d7ce544cb9462a37e81353d00ab29ca9957c503f6bbe5c92315b9db4c	744
720	images/animata/cards/720.png	161918300a633f9af91f4d7851284db6ba58aa9d8d97c81b84de5d0a6d8e0e72	1629728	videos/regents-club/720-v2.mp4	092e435eb3c05b721badc5d52cc328c809626661f22a8051f3d1eeace4edb898	270836	metadata/regents-club/720.json	cfe9619df7187baea4ddb7c1d6557dab7ce6073843114a408f9a4d5c3f840963	741
721	images/animata/cards/721.png	8839b2efeace17dce58d9d0e2324bd907d869d67624c8bd85cd229f4d3f0b973	1602987	videos/regents-club/721-v2.mp4	99ffc4e2e4bdcc3507f4e21b53a4134a9bac0464fc30ef9b97e8d817970c77da	193968	metadata/regents-club/721.json	02cbbbb34e634cd1df9685407470d73d49ea7b1a2bd3140d372117039bf5d4ee	747
722	images/animata/cards/722.png	bab89bf9dc66643603708e321d5810804a6151c2365f2fc2120cc4962fc8b441	1753423	videos/regents-club/722-v2.mp4	06c16c21a4124295205c94a31bdedf30672ad63319b02c44e8f0984f84f8adf8	637980	metadata/regents-club/722.json	98bf0fb2a47ae417308707f87cef7c66ce1362e45abefb152820596cd5830e2e	741
723	images/animata/cards/723.png	b2c74b2fd689117897eb052f822f870244f8de1e9ccdd911db2c4aeefa5ca3ca	1883845	videos/regents-club/723-v2.mp4	e54eb71ad4ed4640165b9eee97bb77218c72b8ad2c3bf31e7099b4a4b61e06dc	392945	metadata/regents-club/723.json	03327169ab05ea5b1b8b1c21cdb9b560997115ff80b4d1ae33914efd3d7f904c	748
724	images/animata/cards/724.png	6e9de0c0155dca939cee3baa26059a65d9bcf51736aa9fa3cd42bafa7337d8c9	1589070	videos/regents-club/724-v2.mp4	c0aad092f125169e7d5f34e7e5c19446dfdd0e71acabddff8ea1415fc8737361	522743	metadata/regents-club/724.json	32ddd06aee50f7d0995bb4e6ca868059daf3684baac5a4f1e7efbc0d29218f7f	743
725	images/animata/cards/725.png	763765f33c0ed41667320ca97f6a69316179a16bbe80a2cc2e8bf961db391f85	1730794	videos/regents-club/725-v2.mp4	e010f04317536d6ee5384374a25f772d7b5b254e78f1418b332b957d0127a752	199821	metadata/regents-club/725.json	2a9587be8e7fb3f94273b7a184d2d7312ffe2504919c206819799e3bc35b3fb9	745
726	images/animata/cards/726.png	d5ebbed81cf8f89ede3dcaeb9e758f90c121ad26c70f94a107b78959685d51da	2860559	videos/regents-club/726-v2.mp4	ec71a93ead73b643b2b11a56cd132e8249eebf29c753876a9edb0d70e444401b	1633543	metadata/regents-club/726.json	9284f063bf978feb3a2df7260611f8f661e2c9186775f096c6b08eb5e81381cf	745
727	images/animata/cards/727.png	26699b7422b940bb429e4949693735d6855224868a1e8123841c2d0120cda6ad	1418547	videos/regents-club/727-v2.mp4	0f552a9ecb870431ef0e0be4ed3adf6ca9bc0fb94b4eff679c3f0dccff0e5a37	337408	metadata/regents-club/727.json	ed9d780770eb8dd65655fc16417209d1d28af87528266e12b72f64bf789645a9	742
728	images/animata/cards/728.png	98ef06f4b0c62bf62d487dfd5ecaefec742aa616f6c15c5d11fcdbd892c39502	1583875	videos/regents-club/728-v2.mp4	9a4c51dfe32869f5e807d25e1ccc2cffe2040580762417d4813ecbcfdabfc2e2	277831	metadata/regents-club/728.json	d0b4fbad233338a2632886c77f61a1644ec9d776e20b5c6915e091a263f0361e	745
729	images/animata/cards/729.png	585a8042c6f2384cd47ae3fc42d2593939ca423065b4bf8f5ff8fb4a1ea61fe2	1557786	videos/regents-club/729-v2.mp4	3cdefdb41e6885570e37c64140f1f8d0d07f629923eb70121e2dc11eb93b3c42	433989	metadata/regents-club/729.json	acf9fb31a1e9c823122fa41f581eea96c31f334c93e63ec5755e7fe04c835a77	742
730	images/animata/cards/730.png	f3a0ffc310058faee2c70b2189e8022bd77040d2c0e8b1121d96ca8d0476fc08	2099578	videos/regents-club/730-v2.mp4	a5aeafa9c1eea9ac8d6be5b7ae1427d6f7f0e9cf775882e5e38a43b7fc8bc7e7	868672	metadata/regents-club/730.json	ce5b734aee2710cdb4b9d8f9fe9e3cfbfce68c3ecfc7ad9d4f1ef65efd2b9dba	745
731	images/animata/cards/731.png	9e7d0c2922ff83e8ec7a1fccb39ca4c65938fa867da1743e9fa3f71fc37794fa	1723479	videos/regents-club/731-v2.mp4	11f67412674c041ada3050b07fbb025df6aaa5a5b8651f012440fe60157d8a48	485872	metadata/regents-club/731.json	81a73e236f50251bd1bdac4ebb45591ae53362e20f942bec9a405730790f93aa	745
732	images/animata/cards/732.png	105774704485e11d13f20edca9ea267b43939d2c457f7a0887abddc20649d822	1347294	videos/regents-club/732-v2.mp4	1c8bbacd9cbc25d244062a53e40839a2e67be19130514f173d5ccf625bff4c2b	264924	metadata/regents-club/732.json	5a05cb21b6add8e3194d55739766d817aa153b246b78df6a1cecfc2f5b534fcd	742
733	images/animata/cards/733.png	662bfb0668b7d626aa70b69f2eaafcad385dc64041b14b2f2c3e98d6bcf29006	2360344	videos/regents-club/733-v2.mp4	78235a4e89ff7607c2bb4d33826b509ed656ccff9315252aad3d6d5974df2584	927280	metadata/regents-club/733.json	7ec13ac96684691f40bfa4397edb6256c93064e3cc5bfa209181c20801b23e1e	744
734	images/animata/cards/734.png	0511563bab48bf706db277ef14016c319859ddbc8fd9195e5355696c074c89ff	2331923	videos/regents-club/734-v2.mp4	4e0d3a75138f15682bd243b15a39508645f2543d61607d76b746dd434b097a0f	1125244	metadata/regents-club/734.json	1f5bbae844cf4de8fe61ca0882ae5d77080e4cfd65930955e5caaf3f70266f8a	742
735	images/animata/cards/735.png	0d49737b6d19167444f12bc2126579a976364a2842eef9abc929bf63de820e38	1413718	videos/regents-club/735-v2.mp4	3a2c3f4645d382590ec775a21701b399a4dca88b8109113ccb8314b046549092	191745	metadata/regents-club/735.json	80c8feb2eea512dc952824581f05bd75d825632b1d8ddcf7b4e4c19d0454c095	741
736	images/animata/cards/736.png	1aa9579730707ca8461fd5b4d0cc862fd55a34a6af50bc3834947418815fe302	2220582	videos/regents-club/736-v2.mp4	a1421933896e75a202e1e478558746d10bcdb052531e43d0ca2ba746686aa480	504691	metadata/regents-club/736.json	2363288a3ec08f13a69c6fb1606e949461f9786863a5824c3f844f548fbd5566	746
737	images/animata/cards/737.png	3b44bb9f5bf792559176bdcbce2c92d16533cd87290aace365213f6466ba5ad3	1668152	videos/regents-club/737-v2.mp4	0435635b4460412ba704d9dfcc92c04a82a7a21241d7a82ba75261a7a0e09343	515225	metadata/regents-club/737.json	2420fe63f4f59efe8f8158acbcedb5ea7febfac523157e6b467cb0eee40c7971	743
738	images/animata/cards/738.png	cb49b56fba86b9c1fa0ff219edc185790d0c4544375eed257c2b326dd2069c90	1548668	videos/regents-club/738-v2.mp4	d91418cb38aea14cbd6c7e3369acac90dc80f19a738b30144b83f8385c26a88e	234394	metadata/regents-club/738.json	d67d48445498299ebc53c5148d7f734f38c12ce726c57aa85a2028151ff4b4d9	743
739	images/animata/cards/739.png	3622799fe08aab451f8109e0c0befab15869d65492e27f8190cb849b29caa296	1502578	videos/regents-club/739-v2.mp4	163a3845401ae84c9e64c5bbcc53adf5d9afb98dbd8b441decf67239a315a9c1	410489	metadata/regents-club/739.json	4e8b9ebff64bcec6937cd03d4d8dbbda6f496233d1279b0e887cfa19f2580c68	747
740	images/animata/cards/740.png	1ccadf1d154a1e033e578411809c93af6cc595161bad68d0c39054bcab8e16d6	1613045	videos/regents-club/740-v2.mp4	587494a9ab955e09d80a235c3a3b38572dd5492432288c36224d209b98977d4f	555657	metadata/regents-club/740.json	ba393c00f2296b17c620dd10be5a53b1736e4e8c8189e46a6b4742ba42b8c9e1	747
741	images/animata/cards/741.png	3ddac297fdb654490848d0dbb5a9046208b3a2a2c4ac8024a94e20b62f87e193	2084486	videos/regents-club/741-v2.mp4	f76c385f5e2004c6058c33431cea98a4f276a3313ef19c80d37b6db447ec9a40	664578	metadata/regents-club/741.json	8919793d50e9f90a0a7115743971634f09d7d558ee4f9a6513ed9bbab6f0099f	747
742	images/animata/cards/742.png	a33e5aa26cf4089bf0edf5c9eebec3ea6dae038c5913a21c676889b8b233a2d0	1723413	videos/regents-club/742-v2.mp4	900de43459397f89edfc1798b442d42b4c3a31ba29c85ca2017dfa3aee2ebade	208612	metadata/regents-club/742.json	59aa595fae21cb1247918d1c639b8b8dc037d26d072bdcc5514638e31056acba	747
743	images/animata/cards/743.png	0960c231667353f63007c0e31a207f775b2fbacf21fdfa782f0d9bf90699b835	2544799	videos/regents-club/743-v2.mp4	dcb910d3ada24b5c471e9bf48626ba0db40a41db58778aab6c49dd10a3aed470	1197380	metadata/regents-club/743.json	3a5ed89a3dc2e100d3803fb9d278b6eb27b107fe2fd4395b803416a893298622	744
744	images/animata/cards/744.png	2b522d2e25803af0d7eeb997956a3f5dbc0c87a137a851d84ad261ef7c55cbf9	1569637	videos/regents-club/744-v2.mp4	6f45ce295ef216f425753707a3f31a37aff4148196625ed4fa5347db551c305c	514272	metadata/regents-club/744.json	47d68d176b306985cc60c3ab0afaa9e47658e05d61b735f9d3827a49b40d0de2	741
745	images/animata/cards/745.png	4e9d500a0514758721c628de726e8b9bd5c97d45cb0b1fc9b82d7707c007d4a7	1371564	videos/regents-club/745-v2.mp4	850cbb8fd7b92322d8a95987999d74457b0d0f2865ad047a77c18ca4bf8ed360	175462	metadata/regents-club/745.json	d14f852024d8f097771d7677a7d80221c47a61f63ed9a81ad440890c2a2c23f2	740
746	images/animata/cards/746.png	ef6f27515bd4870570c7665d1ef82867cd289fe242cf0e4d2df4e5426756598d	2214907	videos/regents-club/746-v2.mp4	0a5558d15919cdab2aa5e02959d2502f5ee78f9be25ab3cc4fb1605d28463234	1078464	metadata/regents-club/746.json	07d07e7f3cad52a49ed11ed04619fd2b57ef1a8d3c91a52d62021448ae81287e	747
747	images/animata/cards/747.png	90b2dd5e6c9996eb26b6c84e513a366663be38c69ec5c924b9d2652a57d6ba5e	1234520	videos/regents-club/747-v2.mp4	08817a1fb92800384c065f4f1945b36900017cca93bca129864daae526160838	274544	metadata/regents-club/747.json	079dc54bfce03f7d8794a546e80be13bd03f4d3a2bb3c5dc03fab2906b4527c8	744
748	images/animata/cards/748.png	5dff5e67424001a4a1b6147af82a581272121bc59a2d119efeffdedbe8968515	1515392	videos/regents-club/748-v2.mp4	0d5775f905f603b94ab3279c0081a96e8508edd4a32d732bcecf0b226541450a	256336	metadata/regents-club/748.json	b339832582ed1a10efe338e9bbf869a3ce872248d3e229e31808bdc65b2bf759	740
749	images/animata/cards/749.png	54ef3a1655ecc8ac0bdd8c7626ddf9e0997975cc440edcc495807368286db53f	1786000	videos/regents-club/749-v2.mp4	1c638329738e57bfd94a50538a1ab98eb91148be680c801c1abf45159ae3f319	433290	metadata/regents-club/749.json	5da413578e9904b46ce1ece54204453f9eccee80f7ceb2a214ac4b2604b9cf3d	748
750	images/animata/cards/750.png	857e46ecac294308e478be9d66292680ee9cb4ee28f414f575f8586d759e8678	3171350	videos/regents-club/750-v2.mp4	527a1655dad87b09d3415cf6ab694dce62a2daa1857a26edcd642bf0692f12d6	1046299	metadata/regents-club/750.json	adaff22a3443f395469a1771cc2d8da7ec32f663e246a1a3f7704082895c6bdc	746
751	images/animata/cards/751.png	93b3d87a2988c7389a9a37f91542aa3d826d6975bf50f73ccfc1ea6d20c7d40c	3599353	videos/regents-club/751-v2.mp4	385b5d440dc4f2a2460408722b6b17d06320d1dce1a95f788f2e7d872612cb22	2612113	metadata/regents-club/751.json	da85c27a0106f89969562fa9aa5796afd55891f5e46f357f1e81a9f6288e8319	747
752	images/animata/cards/752.png	a38c02898b8a177c786e836af400d2af5db5776a558e1da9205747f58f86e5af	1803601	videos/regents-club/752-v2.mp4	104ea9f035c3dc11baf5c73165209b5afd761f1b04966b2635721e2ce2b02450	305114	metadata/regents-club/752.json	23b6fb2e2448859754f07b6d1101dbd32c18865622259f897ed37bb20d901df3	746
753	images/animata/cards/753.png	cee53d7104d3955114f10fbc790c94847460ad2266b6e0ed4f6389650988a0b6	2723748	videos/regents-club/753-v2.mp4	d75fdfa75937361563ef2e15e492c6c0529462bd3691f72df9af79a90466e101	1277754	metadata/regents-club/753.json	534f116c6f14e3187121d7f3d2e7ab0ac5541c84c94f8311a8bba29984e41b74	745
754	images/animata/cards/754.png	4fab46271af65646f1072bcb1890aa6a10c3f60b06a4d18d56eb8c9ab47dd12a	1612970	videos/regents-club/754-v2.mp4	9884d6a6e7af8f78559b814cc52452cb08b313c558d88cd18d30c5da90185339	528570	metadata/regents-club/754.json	9e4740729e4730a8e9a5c4dd81b8fdd0a161f6c40f18025c09d4054f513543a3	747
755	images/animata/cards/755.png	af8a6f355ce53205bff3a5e07c680939452f6cd3634a6cddc1c4cb98a7a8ddcc	1532370	videos/regents-club/755-v2.mp4	b0b6c7253a434a2ad281f93fb481411571cd4b16c20b5af810507504b38af232	266171	metadata/regents-club/755.json	790be2c46a3ca2632afb91039669fd9351637b2db37d1266e8896ccec916a2f2	748
756	images/animata/cards/756.png	21bd3a351015393cf82fb82e4fd7ffa2427741ef228030f51d61020ddc6d0d2b	1427687	videos/regents-club/756-v2.mp4	9f58df76f1ebdcca8c8ab0400791104bd55d56d03ca0a09a5cacbab64abedc6b	137097	metadata/regents-club/756.json	bed5d979666b972f7d2eb643a120b016f24ccb5344a9d62f00428e65d2e08483	743
757	images/animata/cards/757.png	1a49e44cadfa22a97b4daed57223af06929e6f53a3ce389fea79a61252e74d52	1373296	videos/regents-club/757-v2.mp4	e34aaa834e23a7f5dd1b8f48452c4d3ec29e8c3756dd8f7e0e6ebc288909a87e	261304	metadata/regents-club/757.json	93272ab9c937c32d94f91d5f08784d85b6d8eb9b4ec5c385a8b70f4a90a34be9	743
758	images/animata/cards/758.png	2bd28bdfdfab3600b645b15a857feedaeba215a600dd65b03dcfd04311e17aba	2052165	videos/regents-club/758-v2.mp4	d4d8e246609d78f702566200c245abe0e972cfee75b921bab47ba35c32d48820	716862	metadata/regents-club/758.json	03e29a672d668c6514ceb767e3ba9bab7d5bf071ff3658dbf370e6ccc16bb069	748
759	images/animata/cards/759.png	369d357b9d6c1dea4a789ec411f36152f87ec5a441ed10c6f849f4b5099244f7	1813755	videos/regents-club/759-v2.mp4	e876546aff522ffbdc96224ee52eb96c7296d38afd21bca11fa1e19b41512453	784474	metadata/regents-club/759.json	f5e31f7260cccd2816a5d2b43e2be3b6453399523bac179d3e708f6841877fc3	745
760	images/animata/cards/760.png	901170e43f2f9131f63c3311eeb1c46a579c9436aad403566ac369ff6a125e89	2598282	videos/regents-club/760-v2.mp4	33947d85f905bfd1025e9ebb8b7bc3fccacf5261b50aee4eb00fdac48c3809b8	1012840	metadata/regents-club/760.json	5dcee4b69095e4a45c77a2a3fd8b9983a4452e4e6b3e72298ddb5880d1cd46a4	745
761	images/animata/cards/761.png	ac0fb24013530fe534b7cb771821ae9ffbb59c36c7a8428e37e10802f0dd8ac5	1295047	videos/regents-club/761-v2.mp4	3ec0c61d102b052f6c95a49a98fc88a0880c5844e7e45a91fd58c048203ffefd	114115	metadata/regents-club/761.json	313170d4f76ac608633ccceefb7e25529c3e56c87400319e18d021f6e07c878c	742
762	images/animata/cards/762.png	80a723e92520e2fbd1e248c0aa96b47522b4d01d26522effd7bff6fbc9e3e2bb	2015488	videos/regents-club/762-v2.mp4	de8eb03e9d40fed2b140f1b8786edbd210c5b294491c4c948451502af2071301	773177	metadata/regents-club/762.json	dfd9393b1966a6212852e7802b79711ff0453ce05a1620958519f4e59805980f	744
763	images/animata/cards/763.png	2f208d0befd4e7e3b137917726c8135f5e8132cc0cfb0b84e673cc5e52b5d71f	1757620	videos/regents-club/763-v2.mp4	890ec8dc117038ec403a67619b636112feae55dbe179d845c4c929b113740909	219130	metadata/regents-club/763.json	e92f40a783905f8d77a10b3c03f95aac49d03cde017bccf02ca88cd19027e588	744
764	images/animata/cards/764.png	f27f524527a939801694e25d250579c95359611260f03b26a576b8aaa6ab6a19	1765740	videos/regents-club/764-v2.mp4	3b5779741a31058ea22f5095aec586f1f61fbf24d9fd55e8c9f29681b3003c5d	562084	metadata/regents-club/764.json	a763f027138c53e21c26d06f9d66f72e5e81049f9c014315005096396a58c8ef	746
765	images/animata/cards/765.png	2e56e3a81427bef12fbde08f407bf4aa1b9c6ed30d546b8b6c7e2e0bfdc8d1bc	2411436	videos/regents-club/765-v2.mp4	17e7138c9e3b8cfc67ddd902149fab458efc54d729e066cd5de0883a5d57c3f9	1194192	metadata/regents-club/765.json	1d05cf7ce7870c706bc6919fff96e80511818d26333a9f1230dc45df39ca2700	744
766	images/animata/cards/766.png	856a68776c95387fa46f8f6c59341b42d151b07a21a9052ea5c413517aa9f18b	2623516	videos/regents-club/766-v2.mp4	0a758aa52f5fbed1f66e0f047f18662051671aeb7d64fbfccd34a3a6479b0bd0	1554405	metadata/regents-club/766.json	51f35b9ccd2e7fd2850d4de8fee1dffb22ecb9a0fd33d30b977bcc9d4928aad9	742
767	images/animata/cards/767.png	5851d3d58fabba7f03938b9f8a97aa09123edb17134c5be0aa76c041462f3e39	2240156	videos/regents-club/767-v2.mp4	d5e8a81bacf6233397cbb854d26f8b099a84fcd71302ff85f4f6ad3a12fe2fea	808200	metadata/regents-club/767.json	feb1adc7cf4e637d5987d4730e98b00f8fa65c392c423a30531bed2a0c3aa052	744
768	images/animata/cards/768.png	d7f04aa8577c7eb68982a78443a3a219d1f88cfee78d7ab7a1665a36e0f86a20	1509916	videos/regents-club/768-v2.mp4	a99b6f4634240abdbaa7f4be5eca9aaff5032e1586df6fa9ea2fe415969fca41	345753	metadata/regents-club/768.json	3649c3fa53948a0ae2c12281769e15551ae6421aafb26b402b656c3133214bbb	745
769	images/animata/cards/769.png	888f26610fd0f2163781214e19c36ce488017906baaf7ba5f4b355a1c84f5888	1617718	videos/regents-club/769-v2.mp4	da78be7952413ff4abfa927e18143d33d6e02a20d50ab9e07e9e53dab62394a7	325358	metadata/regents-club/769.json	6b819ff7fe7f326c3c665121e53f746556811a6e45b4e6e42cb4c7dc3f659ebf	746
770	images/animata/cards/770.png	27ba2c7b084b4b128a599d9751962fd245404a61f23c32e456614b2f33eeb43b	1668908	videos/regents-club/770-v2.mp4	530d1760474614660aef6ddb4e270089314be76db7a84e8bf30c93e8142d2404	438789	metadata/regents-club/770.json	38968af5ef0345ecbe840b66a5b7be41aa248759f29642716a83ce49e389558f	746
771	images/animata/cards/771.png	54c5091f7f57bb8df7068e425312cff1b62e8c2d1c0e96237b7fd74aa50ababe	2696340	videos/regents-club/771-v2.mp4	90afe947e5d6928cb9c3085ec5303f3f167fa64ecfe992f37fd4717d9319c5bc	1315765	metadata/regents-club/771.json	e9989918d828d92eefe426136ad19b23679e7f1754bab556e3896aeb9b6cb60b	743
772	images/animata/cards/772.png	feed7a606fe691f9142fb485cfb6ab59527430c5d5a1ccce40fb2d8a5f5192e0	1999437	videos/regents-club/772-v2.mp4	f55f26530f9c009526f03f931f41b5b6b718fdbc4673c84a8073746c0f64526d	292793	metadata/regents-club/772.json	16f79968f9ca53a134993e87990d8ddf02993e716b4da7282e6604df1d85b3e3	745
773	images/animata/cards/773.png	5221947881dc4c9b0a572c0196524850a0923fa040cd46ce40a8bb4806d05608	1891756	videos/regents-club/773-v2.mp4	c68d760ace0b1301b078a1f0fe61f952ddda3a2e7e3a50a3e8ff1dd0527fdaee	321293	metadata/regents-club/773.json	114aa696b8ae71557619222106f5ee90c5c8aa7048156476d9d089792802c56d	744
774	images/animata/cards/774.png	2bcbc582e35c54bbcc6e1c57aad93e9ec096f93220f5fd226c321aea556862e7	1669275	videos/regents-club/774-v2.mp4	55c1cbae76f0766251d98c0bb47fa2c908269f8988a61c914d85ba8f82c8d2a8	315886	metadata/regents-club/774.json	bfc5eca8b13238ecc3228e19cf7f0797a1db9ddb2a8b58fb82e5ce9043401e52	743
775	images/animata/cards/775.png	447cee8a2f8a60b567f12e0225bf8e55aa43eb58fc34b694188fd9bcb0133fde	1864323	videos/regents-club/775-v2.mp4	8462dcd8b9c9c669bca3c1e8aed3438264e03f2ed8f9eec7a71c19a420fa85a5	500338	metadata/regents-club/775.json	4eac41026ee3940dab846fbb53f9b10cfda7a91ecf68516e43a5e4a098cf2f3b	747
776	images/animata/cards/776.png	5b4c2e86662532d6588d45155568e4bcad35e1110248fe034d6d7cefff49f2bd	1690665	videos/regents-club/776-v2.mp4	7d993274c15a53bcc8e039b72bdecfdb6578d71b5e6e774a8bd74eb5b8d1732d	229459	metadata/regents-club/776.json	1ec0b57ad433bfd2eabb4a1b581a0dcbc333f089c98ae91a7988193748c03c7f	745
777	images/animata/cards/777.png	c0e29a0adb5c324a793238143fbef54cad1914da4d77370b4ec4c70d873e4ca0	1065495	videos/regents-club/777-v2.mp4	f023ea4754c27fc84a9f9ac534d1dd429c89f972477b8a1367dc6c857ea345db	244703	metadata/regents-club/777.json	39efc22d359685cf38b0d95c0752001a682fabf49c3a011829780b47d85744f6	743
778	images/animata/cards/778.png	a1583541694343ae984814ca4f70881ee1881ae13e60daf2d367fbf7c183985f	2082218	videos/regents-club/778-v2.mp4	82978c71bc8a5869d89216d612ae7107cc9ee1c9bf6b1cfb7016d52d08b1b899	371839	metadata/regents-club/778.json	d661adf27045d12296aed24df9937c7fd62e1ee0f9295f5a8afbd5de1fddde8c	744
779	images/animata/cards/779.png	be05d66efae04b56a3476ccb06cba22cf374e637c3f215c2df796635f30e80ed	1335897	videos/regents-club/779-v2.mp4	9a969588a47c9996ed9a7143077ce2c4aa90948598861ca562efe8d5bdcfc3fb	401830	metadata/regents-club/779.json	8916b9d20c5a480fd64e487693e44ec2691ace310fe04cca07f67c8ec3f40aac	742
780	images/animata/cards/780.png	3c7535349a595856ac6588621ffe86ec8800e25d69bac10eee2ead701bbbcbfd	1706676	videos/regents-club/780-v2.mp4	0dc5dbeaa1234bdf8ac0a1888e95fb93cd1e9688e04133e932336f1411a671bf	298215	metadata/regents-club/780.json	d00fa23a08d2a157e5e538b25dcf6b02ea1c993881bbfd87762e122016adcdc4	741
781	images/animata/cards/781.png	71473a8bafbbf5b1a33e5701327c9a3f1cc6df81df84ff96e12de0310fbe4ded	1583612	videos/regents-club/781-v2.mp4	85381b23ec8d5b4e7ded8fb0b35f6461a98fe7247223b4f7d1ed535f5d8721dd	329383	metadata/regents-club/781.json	4c89f9bcfe01acffcc83f501bf007ecff87835a9a31f4f99cb2ff10111bf1111	746
782	images/animata/cards/782.png	47beaa725ce400acc2c63ea9110c21fe6e859ac5e9f9c26b0244e9b327c78781	1781527	videos/regents-club/782-v2.mp4	36fc9e528693614ba2a706a01c15d9c638961577228fbb12c53e379272dba447	289465	metadata/regents-club/782.json	af65ce112453ddafe0f2149a2824a8d33bcf84aa9cfe6c5fd30290d49137515e	745
783	images/animata/cards/783.png	5f022f79ae1de8ea5654a50422ec91c8455008920b65f5d7f743fbf796b0e1c4	1350801	videos/regents-club/783-v2.mp4	3534d5fcb30b028226677f1839b19f205a7c1dae0c64fea09962af2623789fe1	464960	metadata/regents-club/783.json	02a51073094391a7bfc76a4fbc30503a7caa555863897918b4338230cc02ecd9	746
784	images/animata/cards/784.png	574e46e915bea8c8d7f2c539a5d32e3b306060ad133f83c1b09cbbc5ba5375ae	1513899	videos/regents-club/784-v2.mp4	4e6d752c1fa4067865aae97a5bac84fb6164b27cef03040b83ab690d04d06f76	427332	metadata/regents-club/784.json	0f6f37289f231b3f16d1a1915dde88a01704bfe27e9ba195279089052e6505fe	742
785	images/animata/cards/785.png	b3af4f5421a62273b77ffb490ec4a13d95c2eba9e3b0ba6dac24a1f8f01e6223	2013788	videos/regents-club/785-v2.mp4	8635e06ed63e9e7ad6138d33907d5b5d1fedadb4529f9a7e1326d2793558e261	475813	metadata/regents-club/785.json	7d265f274a5013fccf654a313b5466c1dd90cf126abab37a1477b627af22a69f	745
786	images/animata/cards/786.png	0885a4e03d3c53e988bb4c8504f8f446a910f1e900e19a8e30be64018fb07543	1759834	videos/regents-club/786-v2.mp4	1ed7e51374bd18b79e22aa2fc8ce3ef122679d6fa7026548aed73fa0a4083318	561897	metadata/regents-club/786.json	b76e4ec917ac59d7127f0d70711cb135689f51876079801891d95c9a437c8ab9	746
787	images/animata/cards/787.png	b5e8b5d725e14cea651faa76dce78ab53ed4d080ed137ff32d2be91768fe9358	1606386	videos/regents-club/787-v2.mp4	d931b3f43db957d7f78cd5129c2c63a2dcd85d04c6c9dd83aa214df56613b85d	375938	metadata/regents-club/787.json	f0eb7e48ee097dcf07910515d0dd78875b6fe424d206654a943da1c6ae307e14	745
788	images/animata/cards/788.png	d2e9a8871b6c40962499b6f6ff3179f61f752c2940106df62df85d40516c2946	1359410	videos/regents-club/788-v2.mp4	74166e578f688a7456fd570791175bc8df99c98a7d3f7bdb4d01212cfbfb38bb	336840	metadata/regents-club/788.json	7ea69e2dbedfb4ed29ddb6af12da7e853e355de5ab8b46e1142e481af1ef8d59	742
789	images/animata/cards/789.png	cf59fc61677993ba14ab7e0b3e8740878dac4f1479ab550b071eb0031bd01da5	1250693	videos/regents-club/789-v2.mp4	01f03524ed5b7a1d893cf053480c36c9af54ee7cf2e5e534ca857fac5f1dc536	289135	metadata/regents-club/789.json	2c3fb014db4aa3aa7bbcf969fce62fb4b50123e03acfceeade6f4a2dc85fa5a0	742
790	images/animata/cards/790.png	5812280ebdf829e2f85ff8cc94b16fe92754db5f29e8b9d3c746aff4f8a4453c	1681951	videos/regents-club/790-v2.mp4	abbeed494b92f57f786422014ecd07a45d8e520550b419cd7f885e71a04548d3	705993	metadata/regents-club/790.json	9186bc44b21601c8f1cc4e8af8fcdded40a3295f2da47df151c372ec08a1ab46	745
791	images/animata/cards/791.png	ce36f0501c2d2635af5d9e56e8f668e2ab1c85c7195701ba6d928649b58c2677	1849262	videos/regents-club/791-v2.mp4	2e3987bb3ea8d8671c0b4f0661e68e777957882f0a69aaf9b427eb1d524e486d	350718	metadata/regents-club/791.json	386c8ddb88afde29dbf69c147d9f4f6bdbcbad541fce3a83588ae2da789172aa	746
792	images/animata/cards/792.png	f8ee3430c2193ee57495f7b3817c026b5eacebb571d2240c8f85fecf81a3e945	1943705	videos/regents-club/792-v2.mp4	a631a99ca44443ba12e2e7c6f5fb7678202e39c4bc881ed27f7504afb4b2dd3e	753884	metadata/regents-club/792.json	913da09a2d952007bf2895ea8029fba45a074395dcc24735fa84ade2404ca905	747
793	images/animata/cards/793.png	3fc88ebe1aa426dccd5bd24475599633e05224c1368623265fb6a0bca73469a4	1561861	videos/regents-club/793-v2.mp4	675a45b55041c761644e01d5f38a9e4f8e7d723ce8657c1850d39b2bdf5712d4	263954	metadata/regents-club/793.json	6d3ae30eab017f367e76cf7bf1866bdb7d8e0906058df5e30886293dff2e952d	741
794	images/animata/cards/794.png	0f3d257af929c1a1b8516fd1ebdca36ad64c50f23bf7840e9b78245eac5a8765	1534285	videos/regents-club/794-v2.mp4	fe7c7f0bf78f64c59ce16066ed94a3497fe08a30605029e7fbe3267064243dce	523702	metadata/regents-club/794.json	20284e5b4f1c8eec17e16ca7c8c1550bed0b2d55bb56cdb386c6f61dd8a91b63	746
795	images/animata/cards/795.png	5768fda1644b235f2443246b73bb44b38b1c26925378aa1796c274870621d652	1641225	videos/regents-club/795-v2.mp4	ac8926245e04bd3555f0c96e85d01dfcc84556fb91cc586599914bf6cef787fb	517208	metadata/regents-club/795.json	67f505f6f8193df714b992bec98c844bcc65a870f57e92d8e2b80746d8bcbabf	748
796	images/animata/cards/796.png	fd3533e82e29b5cde243827b7db7eee655d8822ad6ec4b320391dd1166695955	1636535	videos/regents-club/796-v2.mp4	7e7d8f0856b2d8ba1e263a87a59521f7263bf4047dfa66576be8d072b732458d	429693	metadata/regents-club/796.json	6c75c2f7b0bc9d636d3d9453d36f7bb79c23d87dbc49fb4702d12d7a86003957	742
797	images/animata/cards/797.png	31d9d3b05fcd49098d6b169297ef6cf649b4869e67918e4f8b5c9f03818cdc36	3360051	videos/regents-club/797-v2.mp4	055f767a8c5cdb154b2ccdf50f8f25cc4341890b3ac1e0f66e3723edce8fd0d1	2925912	metadata/regents-club/797.json	42ab27e4ab8fd8be678bef0b7043ed0db7777a386dc99d84ec2d4f802618b28a	746
798	images/animata/cards/798.png	0d792fddcf9b619897fcb628ea9a3c2f02f898e328e0e1920a929efcb00e5450	2122959	videos/regents-club/798-v2.mp4	1b438a0b51eae3efeb96c5d4e0efa2cc39a2da07d18b352fcfb19189cd1aff99	515136	metadata/regents-club/798.json	0906620f19d9df6da467b569adf7ad5d5a68734fe80fab925d6ba245e1a1c504	747
799	images/animata/cards/799.png	8d3c1d960aec0381a02a45fc38547078fdaab2ba2fc3a28aec7a895501cee1fa	1386259	videos/regents-club/799-v2.mp4	e12cf346ab0c0c6e8999d98ef47438a194c22c85d9f6e264d5ff1a7850193639	388416	metadata/regents-club/799.json	1ad2da3f05d8a13b77807e66d6fd3bcca0969d4955b51ecda2f167c7b8e5f617	746
800	images/animata/cards/800.png	35ea60c3bfcd727a117813a39770cd3c2f8546d023833d5470aad9780e817985	1541750	videos/regents-club/800-v2.mp4	aae5a3b7196d28289daa194852cb80ae498edc4a45fbe0953c5e3be185864077	507916	metadata/regents-club/800.json	0f1cbfe9941af8aafd2fc82781a73ec79d7973e2b55410ae411d74194d5fbc6b	748
801	images/animata/cards/801.png	013938ae23ee3f3307394d3024f5345399052ce612749bc1124a7ea3aac1b7da	1380413	videos/regents-club/801-v2.mp4	c6876a4f6f0829dbb72623941705563f0b6057d4830de006a30654817b48539e	494525	metadata/regents-club/801.json	9096f89e95ea109f25af5237c30e4ab8c95df29c39c67f6b654a15426577d3a9	746
802	images/animata/cards/802.png	fa167734ca73e82850b13675028b6e0446bdb82dbe391928911ebdb6f1cc4b4a	2390275	videos/regents-club/802-v2.mp4	a973ad39d791d33171732f0054381e0ac3a4e3ce2cd2343f264c792b44deff66	1169026	metadata/regents-club/802.json	a5cdd287a01e374abe7ac7b85f69e7c1f0681ce958728331f5d50fd51fb52880	745
803	images/animata/cards/803.png	3530b494848db6e1ef95e11903efaba626647b887e14ee3770f3465dcafe139a	1390816	videos/regents-club/803-v2.mp4	788a627beb6cf374b8293d3c06e05323f35042e9e569d7210a5b689f164dd136	323109	metadata/regents-club/803.json	c493af3177d14c083410364d82edb65d3e3a5c2b157a7ab20221694b7dfe082f	743
804	images/animata/cards/804.png	e6a8149eeea692be4406cd256c08113fb214b915ddc827171a98bd51923421f7	1699650	videos/regents-club/804-v2.mp4	70bc0810cd6b7aaadbaade10400043438bc4156ad420d72946708eab544e9183	461783	metadata/regents-club/804.json	b8f53a117a44f60acbf5362e106c4fe10d4016aa7f34587bbdce44aa47a73b80	745
805	images/animata/cards/805.png	321800e457240a0dc060d8a3543501dda35ef96ad1acd09adabc1b1707fd343d	2233349	videos/regents-club/805-v2.mp4	5def80ead185540d437fc3d82bc573dd33b6617897e3f639fdf335d19b109a8c	1193469	metadata/regents-club/805.json	b11361e2046b36cc9b3390d29512eceb8b859ca9d8d674f5cfb0255d7bf8335b	745
806	images/animata/cards/806.png	070ea84a0d910bfb194e9e47d47c8e5f6bc65b0d0269a842bd45984dfcfd823f	1704207	videos/regents-club/806-v2.mp4	21fc8aeb168181fdf694ecc8e332093834fce30b6b9347400560f70a0225a029	322951	metadata/regents-club/806.json	34a3e28a57969ce76481b5af84845d3de77e47439088fc1524e5bc6e70e20081	746
807	images/animata/cards/807.png	73f1ff8a5770b5185b814ddc51b22894689c9f30b49fd7703870b7619a4f2e30	1749900	videos/regents-club/807-v2.mp4	bb5ef3865f156ba203766011ae93534fb16180c868ff7329df9b4c2af86bfb03	530024	metadata/regents-club/807.json	f31fe40c526361556b591497cb4d9a83190b66b7b7c69a6cd7e2dd0c9f36819c	744
808	images/animata/cards/808.png	96d84226de9ec91a22fead2a1c8d6885bab1475d026d698d91de5584bf13c23d	2164593	videos/regents-club/808-v2.mp4	44841bb0be9fa0ef66220831b67d82822fed7b00524106514622ea5394bee667	914950	metadata/regents-club/808.json	82a5c919abc2ea0ce8968c37cb0c9f9d9c52b02887976fdecbdc6033b97777ff	746
809	images/animata/cards/809.png	27b5963e8609964b40422fedbb2e543b05739490110d1514008a632bc610fa4a	2500343	videos/regents-club/809-v2.mp4	320c443f66bd0e0d4c3ffbd27b761a90fa96f90887457a323c1065809e311b4b	891905	metadata/regents-club/809.json	88351b93e974ee421fee7196cf5e88466d26a3b5e93b40f8546bae2fb953cf52	745
810	images/animata/cards/810.png	0d3524c4770b74308d4fcb272274d967858e813cba0f29d78842328e18601b0d	2451953	videos/regents-club/810-v2.mp4	50bd9c5db63b15d84f47be1e2a4990ca8812efea3064ef60d14fac2a59b6b9b5	511294	metadata/regents-club/810.json	f2fb78c184cda886a06663df31995e3612ed9bb68f0935873c0ebb0587b60542	745
811	images/animata/cards/811.png	aed4085d1ed40699957be491c5b85efccf42e05bac7ea37ca3bb3570469b1044	1488414	videos/regents-club/811-v2.mp4	42905b8349a82dded8d3524e796dd807e07a5d53ac9843f8d5c45e71fd269356	424992	metadata/regents-club/811.json	22543198d08c479cf1a71b7ca7683150fe3084adf23c47da37d1e41feefc6d0e	746
812	images/animata/cards/812.png	78a0d63ef5f95fdc5fc60bb5f5728046972c3ddfffe87a87d2bc6a94014fbeeb	1670356	videos/regents-club/812-v2.mp4	d3d65bb027e563cfc97dbe47ab8cf463520294bfd15a01eeb78ca520b49d7576	441179	metadata/regents-club/812.json	d30b3003d41e9ed4d2f5ef78a23ac6d5f59c942f0303b48f8c9f3f23b2ada349	743
813	images/animata/cards/813.png	cbc6440bb9c4f21cb15899ae68c28fc9d5494bb5d8969c870cde604bb7bcbd74	1322737	videos/regents-club/813-v2.mp4	a94052475891f648d346bfa31935f19e49be096983f96b0716061bbc31d5bfb3	169569	metadata/regents-club/813.json	126a5496774344e4d4a7d0bec5035b56b094045da8a9dd93daef6de0cd559dc6	741
814	images/animata/cards/814.png	1960c5153c70e9c3198fbbb23eb1bacc1937d38ddf264a088365581460d07c59	2131306	videos/regents-club/814-v2.mp4	e86233c081b96d891fe88520153f136559d51de5acb8f88732e757aeddaf5f8b	458573	metadata/regents-club/814.json	d71b90288bda6caccec9c0ff75a88dbd82d5cf9c26dc63ffc17ef8dbaa42e37e	748
815	images/animata/cards/815.png	24ba12cdf9254093a4fc6d4bc79e5124d935d496006d662b253457e786c05b13	2277435	videos/regents-club/815-v2.mp4	7952b11f12ae6c21aefebff823d8504bc62ba679891f4e5170065547d637879d	904918	metadata/regents-club/815.json	75f65ec99a447015db0c0da641ade77b0506b5cb26447ea1c64ec939eefe598d	746
816	images/animata/cards/816.png	d8da3d4334b3b544d7cb97ae488b7545a3766aded49b31c504b48997422ae4f0	1482018	videos/regents-club/816-v2.mp4	66eae315c41374fee1d376e38a7a67a616d2513e2a56aba36c39d3e767c2545c	541493	metadata/regents-club/816.json	2bd0f429f4272854ff05473898b4a6d8ae3461f8fce7bda0e63b852e0bc77202	741
817	images/animata/cards/817.png	12790243566c5a92b375e873e5ff7f582d92b3819267eeacf78bde5a37c497d5	1659711	videos/regents-club/817-v2.mp4	cacabe8520b67f8dfbc940b001e762654013c0615198cd0dd70455e677fde65e	398016	metadata/regents-club/817.json	018ed7a4d6a4ef932e644b07e8edd9271dc7f5224faab638f5775e259c8548ab	745
818	images/animata/cards/818.png	5fc8fbf21b129ed7731e9f59d3e910afdcaecc5846929c7bb2c89cc441fde70e	2274973	videos/regents-club/818-v2.mp4	a3dfb54261d2a33f878192b5f3f70afa6a9c2a29143045d9e8ad20fd916c4a1b	409082	metadata/regents-club/818.json	ed2e5c28a9ed4230be3160485d1f97d1778b418cb33f1e733e04947dba16492c	743
819	images/animata/cards/819.png	78622956060463584b9110a3982072dfdf462e4ab3e8c68fa0ba1f305e3ea160	3170400	videos/regents-club/819-v2.mp4	9ec30abb851b532c3fdfecae4aef89322dd160494c0ddee44bdcd1fb3701c9ef	2171799	metadata/regents-club/819.json	77fb8a3e3a612b3246973e875d778886e05985887fb5eb517c65ff470268e9f0	747
820	images/animata/cards/820.png	7617d87ceadbdc46ffcb73865be12ef62455227e073268e21a21bdfa39570518	1168613	videos/regents-club/820-v2.mp4	41c70632c28aac6c8f0c8bded322e6380a7a7937e29bb32b934bbbdf4430ecc6	106911	metadata/regents-club/820.json	4b0b9ab06b8030f01194115bad841d32b95b23a98331a9d14d50237f1b775bb6	740
821	images/animata/cards/821.png	8b6761e078da0860604c3a2afa40472dbb6274907354788b6d4007743c2034fb	1784158	videos/regents-club/821-v2.mp4	5cf41c1138cae4b2f786b973258ff4561b15fa420f5d06468acccfa4148a7a8b	312409	metadata/regents-club/821.json	a0e5c7de29b755f1e76d54dea5b8741e24018e0e2d3990f85d6ef02327e128a3	748
822	images/animata/cards/822.png	78ac1fd0e1d24f070740521997a3fbafd6287c1e915d46c0a91b07566337543a	2159596	videos/regents-club/822-v2.mp4	48deafb53f7dacd3fdb09ba33dcc60c0994ba9e219c54a4598d9e3db81ea0138	983060	metadata/regents-club/822.json	dd628ed2fc243e18c67bb73ab21e695967afabbba15827d3c3f506c73ef3946a	743
823	images/animata/cards/823.png	ab2073c8868ab3ed47ba7f7a11071dcd12b72191039fd7ea7a3339d55521d295	1807090	videos/regents-club/823-v2.mp4	7e570976bcf2a8748989c8252a3531aeefd385ea7fdc5d076cea5d39ad4465ce	515290	metadata/regents-club/823.json	f9c1d9f46ee5b2f41f8fdaab4c03e68e696ed34cef67cc5d26667468df2e8851	744
824	images/animata/cards/824.png	d881649cbba35a7c766b4c063ce9750e3f4db0881778c4acfd9914e17792732f	2174461	videos/regents-club/824-v2.mp4	a19000620aa5c651b152372ee07db03d48fdb8e92a5a256e634db263b5615595	823935	metadata/regents-club/824.json	f0474dc0d0963f7b8794d5991cab1b6ed4f5eeb61046e8ec87306d2b250689f8	742
825	images/animata/cards/825.png	82551a0e1485b620edfd6f899c463d7bcfb6b84382e0ad2d6f609757ec2d0cf3	1252830	videos/regents-club/825-v2.mp4	4e47435b27d4106c07a5a1b9a8d402365d1370b3dd351b54fe60e169c5a7a6eb	278261	metadata/regents-club/825.json	1e579d4901aa0c890fe0108bb1017e1af61346ecd2f4a109e77de961e1b168b4	746
826	images/animata/cards/826.png	67818a92222351780b97be1b3bb2d4d2b2542e613837151741c90bd70495f2f5	1700232	videos/regents-club/826-v2.mp4	86f70d106955876b24f042466a631e1fdbae15608847679340f6d9c287b2fd8e	280003	metadata/regents-club/826.json	05eccf13d1fb2d18e0795cf7e7983eb50a3f5b170c001a5301733dec821d9014	744
827	images/animata/cards/827.png	51d57bf1e26b985b398da16f5853192d64ca4b48e196493ca1d3eec488892d36	2584572	videos/regents-club/827-v2.mp4	b2d209b8b3be034a38ef30309ea1708cdffcde74d3d1fd959736ad2d96bdc90f	1204690	metadata/regents-club/827.json	58d2cd3eaefc8965f3fcefc4f5827b04793a3b026ef61e90e0a24dfd99505ee7	742
828	images/animata/cards/828.png	b39d41913570f857196c2c3f9c37e337cfea62fa0d666dfa1d0831352d8490d2	1541164	videos/regents-club/828-v2.mp4	2e0574b8c399ef5f8b1923cc55ca7b8e9a0e48fb0ca04deb3a3bba0ff2e33930	303498	metadata/regents-club/828.json	9fc9aac282a3a1a5885bc8bf34b958b188f3e05d7e2bcec054123d42a3198165	743
829	images/animata/cards/829.png	99faf209bf62ae31d3e295f7eb8993181a61d5dc02a0a637012ca1612dd196f0	1546288	videos/regents-club/829-v2.mp4	8c35e29cc706e61db8db9d4caa1de9f7c7b9734d9540869efc6c4a4d54b96f2c	121108	metadata/regents-club/829.json	8161d0219997410b4e7eb79658890115cf7857a917192e112f3db3cdc3a2ed41	745
830	images/animata/cards/830.png	6fee8098d40ab2282a8db8e01b302fcd0426a074d9b19599e228258beb212f2f	1943187	videos/regents-club/830-v2.mp4	afad66626bf87251e878d2fe170ec1bf63a8d2e099f45afa7b38a5918ce43459	1166421	metadata/regents-club/830.json	6f3601d0264e08727905b5ee4139446130aaacb712482b59d1ceb51b38e8961a	745
831	images/animata/cards/831.png	e975eadd466f66ac1fc323937b26ee67357db8de445994f16f1af0eba13f089b	1648390	videos/regents-club/831-v2.mp4	0d5f55d926c0d39751d7e94618d5cab9b17867adf00b84cf9ecd7f04ab99258b	407310	metadata/regents-club/831.json	da6f6e6ba2558ba40d80c43e00eaf25b157273c5eb44251ee319eb161873f13b	742
832	images/animata/cards/832.png	73b58aa899953400b717a34526dad49ccbebfa81f95547276859f752917b69bd	1593693	videos/regents-club/832-v2.mp4	85ee4e7343c9412b5af10fc2e2192065d9033237887a8f1b8da9fa3ed1c586c4	320491	metadata/regents-club/832.json	18aaa3bc4f7568d9d5e82553b40caaee6081f32de6eb8eeaee1db1a79db009b5	741
833	images/animata/cards/833.png	d2f7312e0bd4c7e0a7a647e9d9c38bf775e27523c68858c7a1442aaef6eb3856	1707171	videos/regents-club/833-v2.mp4	080dd0cb657b0be9d3091944f44188fae7484f9bd3525f24b6ee887d9fa1c474	221359	metadata/regents-club/833.json	efc111d47eafff68e15d86a2bbe9ff76fc4895ab8010ae684376de63f1697457	744
834	images/animata/cards/834.png	32078bd101c640c55a0ab68f632e88533a364d9d60b30d9988b380534e9c4346	1858116	videos/regents-club/834-v2.mp4	d8fbc588c45cd4cf7bf1209780bdd659c0d23707938b0843073924bb5a8d2c1d	441291	metadata/regents-club/834.json	6ba9141e05dd9f462ad1a87946b49f1a91bcf09399fa1b080feee46a17305dd1	747
835	images/animata/cards/835.png	bff5e5ab218291df2a2c118178e31da4574adac81acbb9a9b65f199f5f6fa6bc	2469173	videos/regents-club/835-v2.mp4	4c371831853065ee8e0b8b6577d22724f0d1cbe175636f82e1976ed9fad03f33	1167373	metadata/regents-club/835.json	82f49892f2bc1c5798e4d9baec76b7fe4f55f2f91609e5197fb2f71606031a62	743
836	images/animata/cards/836.png	8d40f1aa108201964973919d514a9607f8c82d4b397cb24be10be413f7841ebd	1481295	videos/regents-club/836-v2.mp4	bae40bd45623b6f150b6a89825ae128ab60a7c288bfaee46e2adbe24d6c6af12	270499	metadata/regents-club/836.json	5431c1dc5944a0564a8b78a5b11518644764829b034978eb4a5095f70b495d8a	741
837	images/animata/cards/837.png	025cd24863fe81f68fb9130b9e4085c88c9c92f087ee691f4cc8e0946bd0bd96	2022900	videos/regents-club/837-v2.mp4	a8b34b35733a06630d7ee6cddb2669a5866b3ad8b77040b343f6559ce9ba10af	670644	metadata/regents-club/837.json	7f8a0215fb5bd7b4b221f9f292d05bd61111b84df65295984328f125745839eb	748
838	images/animata/cards/838.png	e7bed20ecd33eb566d15f4e6a54f964aefd81c1775b3de5a53f63ec5cab2079b	1435878	videos/regents-club/838-v2.mp4	3b3ab931d6dbd4607b54edc32486c4442a3895a912655f713bef06e85ef71da8	339983	metadata/regents-club/838.json	ffab8cc81ac4a241d896ae9d7f01d65fd97ddbca33b1ae95e8c203448d98ce72	742
839	images/animata/cards/839.png	3ea78f158bddb2b948d479cdff1321885943f64953983df16c158f673d268561	2870157	videos/regents-club/839-v2.mp4	cb1c96d0138c302418b2e95cd60f14eaff30d0a847bcf4d661733d0e9197e225	2038015	metadata/regents-club/839.json	4680d5c9985c5b4e2b841b0107f9ca90610bf21e0c4a1c17f1817819a51d0dad	745
840	images/animata/cards/840.png	261f48cdb98e6bde6501305e81a669146361b6b123e5d4ebff8d9c40e2f0da56	1647610	videos/regents-club/840-v2.mp4	b65d3d7723c8eda7317f3b448719b2fb30247f2aca65f8b2a9d14a52a22d217d	627428	metadata/regents-club/840.json	5ff4f4d4a32f86be1e536db88c258dc9e002223b3cea770eb942afbd21f2e4c7	747
841	images/animata/cards/841.png	931728ceb097152347dc4945780c831c7c463f1ece6ac8255206e456be394293	1505946	videos/regents-club/841-v2.mp4	1c90bb59d7a2a73ca6611ded3bb35bbd23998b74874aad92c363897a0c92616c	226784	metadata/regents-club/841.json	1ea58d7ca3b0d5267b1940409e2c1547d70fcc96f234dbb29784c0a068608f1b	740
842	images/animata/cards/842.png	24f0c28df18f2f6baadb1fcd08af7fc4c82523034e78e49bcab4fe6fb9abeb97	2501111	videos/regents-club/842-v2.mp4	a1a2fff8717301c97399844c1bbff23f47504a7bc8848bd17f0896d1fd7818d1	970220	metadata/regents-club/842.json	3fd4ce6c219fafecbd99d1b09da819c311984ad359adbdb8e74c65d17840245a	744
843	images/animata/cards/843.png	57d5334a26f1018f6831bbf2be7fe50a5b33abc37b0a128c90d409b8c6f43873	2922601	videos/regents-club/843-v2.mp4	d8345f99b513143423e6a3cf7a1ab57a39b8abf013a18dc899a26fcef8483009	2334676	metadata/regents-club/843.json	2aa1ce99819208506483d0134923191e4a27b5bbc17ca3ce916741b376241e67	745
844	images/animata/cards/844.png	7615b39ad317f62391079fe7dc7d3509ba593b0c6b1a6bd3f8ee2f6634818999	1899408	videos/regents-club/844-v2.mp4	402f6c48b6def6d76dbc43be0d31f2a23048f5a0a895429169a4c6f7fedbfa0c	581961	metadata/regents-club/844.json	94062a09fe80abdbef36e308cedcf237d6a2347513ab9274b9bd517efb025f56	746
845	images/animata/cards/845.png	d7233189ba3a80c8d9c78edcaf98dfc9ebdc92be12df11e1fbb7e33174b6a5d4	2145660	videos/regents-club/845-v2.mp4	739c1f1e2cdd3ca81056ae5fd67d056d0bd423b96f2a076f1ea49c2f53e6313f	674224	metadata/regents-club/845.json	35cbc14421d69aa7c49942b142a48008cb7a07b991fa9e26b88bfa5d62b92eeb	744
846	images/animata/cards/846.png	0438d971c0f0b3ff09894b4bfd7c620aae9bdd90a42fe04f5ccd14a4028da773	1247711	videos/regents-club/846-v2.mp4	d32904f2e93fc71c3b6f8b12ce308b7aec6dd933569a4f16b7e9cd3dc1086adc	353445	metadata/regents-club/846.json	933c162c848f286fff3d87d817658eaa124bee7c1926d62875a1642d2e4d1271	742
847	images/animata/cards/847.png	63a1479a5769602299acc16ef31dcaf0b53d5ceaf8f3fd0add0f7c2836250c9a	1646955	videos/regents-club/847-v2.mp4	dd8fa87442c3e227f443cf12833b29a0ca108cef531d3c043ac7fe5efb7fb7f9	743600	metadata/regents-club/847.json	aaa2d0316cdd74c3f60394f359f1d9a2eec7ed7371a51590109f929bc4dd1ee8	742
848	images/animata/cards/848.png	95f8b28743f9b5b96e375508b5289f0ca58aa61f9ecfc6d9d8f4a93f31b3a66f	1784310	videos/regents-club/848-v2.mp4	c5d816c5181d7b7407efe331316b352237bc8636c55169bf165a75ceb69d06c0	330901	metadata/regents-club/848.json	5cb7c9344e37b6cd58278c8e776b4bd73c3b738c86d3ca05e4b6ba5e8e02a10d	745
849	images/animata/cards/849.png	44cea729ccbcad56d7e1bcc1e3753d0ea4dfd9059f3ad91cb86cd19d3d260147	1257642	videos/regents-club/849-v2.mp4	d3ac8f2ceb08242c01bc991f35e9e880685bd88766a6fc9178b266c0c042c995	153299	metadata/regents-club/849.json	d36ece14e0613a3086d96bc5c567d46f667bad14b7d69b4fa9e57aa47158da08	740
850	images/animata/cards/850.png	47f4ebbd45037e0cc481b05dbe820fcdb8ad75fb8557e5d2cc8048f2f45211ef	2014238	videos/regents-club/850-v2.mp4	f2f8572f9b5b34b58a975ee503d4358fefc66ec6667b0100b021b29b6bab65a3	518301	metadata/regents-club/850.json	3733791178c547bdfc8a124eefef104f40a15499c62f0f9d49b7b9b4994c6986	745
851	images/animata/cards/851.png	cecc238e7f4bc81e122bac7ffe232998d93dceba85aa6561db03f95cef497eb6	1680054	videos/regents-club/851-v2.mp4	1032054e85055cac61b3107858421805051bd1162dbf5524d3e4a569017b4216	521338	metadata/regents-club/851.json	92aaac6666b546a1f0f0cc130b3781064239530a24458f3e9264a5b20ef700ce	744
852	images/animata/cards/852.png	33b77e020eb2f1de67d14a2ef322dc81f7b7ce6b59b059b1a5f76b30d5ac57ec	2147801	videos/regents-club/852-v2.mp4	e166b7d396571429fb516e5c3322cb7e0b5fdc23b50e7ce3493ef171fa7b96d6	906505	metadata/regents-club/852.json	5fed243493cdb8eded34f9e609373b7d0414a5c4c51c1daec0e4ecdc93b367d9	745
853	images/animata/cards/853.png	ff9bd11bd0207cdf30e4f5a70f1d125050a7f7292ef1494933a20fde14739f3f	2045955	videos/regents-club/853-v2.mp4	1b8e7341b23109263e4cc5260b4cfdf65e49de262118f1bbd17d1dbebe5037fb	313527	metadata/regents-club/853.json	d31b43275925a7e089d3d43ac71a1c9cc9b40d2d332e14dc90bb28f66a2cba82	743
854	images/animata/cards/854.png	0bc023e9766016a57b7dfb3b1eedc17eb31defdde87870bb6236e34765178928	1436045	videos/regents-club/854-v2.mp4	794a4d3c06db7a0a29b33aeda868734d36919826df88c3c1a6b31e489a3e9672	414968	metadata/regents-club/854.json	d19b344e360c20fdf56a10d6630711b9f5bde5f2f355fb81477ebf8bd8faf7d2	742
855	images/animata/cards/855.png	59626c9fcb471e30759122bac717cd0736e33302caad94bd828f690342076272	2341846	videos/regents-club/855-v2.mp4	02c518979ba00ca6eda7c8dcb2ca3497eb04d88a3d88d9557c2d195b870bff54	482441	metadata/regents-club/855.json	a2adcbafa0f8468144a404f1ed7540dabb4081d4597cd1e5faaa41049509fba5	744
856	images/animata/cards/856.png	5acd554ec8f16175f3040150e948c8357cff62f4c4f4bf72c093a3deb5745758	2125470	videos/regents-club/856-v2.mp4	c1673ad4f9c7fb6dc8f0f948dc5da67d1afa62beeb03366c2651e92ab397d20f	730385	metadata/regents-club/856.json	0498633af4fc9993c65a9fe3145f0f6caae92cee48fc7775fd9f3345c810d73e	744
857	images/animata/cards/857.png	d513b3b8d3b4d95bcc45e125b84d7801b04c8fd2999cc24076e6636a54c2e45f	2100840	videos/regents-club/857-v2.mp4	59a0bc99136a5ee5207690d687a4df73c10c2f4ecb893a7d57ed0c1d8e453923	613456	metadata/regents-club/857.json	62d457107a87693e423a14e0310e904cbb7cfb103bb03139cc9bed016a9eb16e	745
858	images/animata/cards/858.png	d6c3357d37ba1f37ab146e784886814212226a15d5f7bda8c373077d465d6602	1737151	videos/regents-club/858-v2.mp4	c6278ab2ca205375aed4b4fba811e610504c80c82147ba32ea6ba2178c87b53d	221231	metadata/regents-club/858.json	42e06d0bae343811086f2a3670daf5275dcaa191fe3070d932b56b9a93e5b977	743
859	images/animata/cards/859.png	60e694a328eece9eac984b8f7b8cf972cfc9f3c9ae507e159181b4bf87ba9f40	1425988	videos/regents-club/859-v2.mp4	b379b061193e42a36f394288504af89426f2f81e2e261e46b1e3cf44435faf4c	224105	metadata/regents-club/859.json	55ba361a41fc637ed962487ece7b3e789659e886ba59b9dd33a40473d920a1b7	744
860	images/animata/cards/860.png	4991c2e473f9801130f1378c9566f3fda666555c061900eb45da935dd9115f75	1476056	videos/regents-club/860-v2.mp4	0bd5adb9d6aedefa50758925280591d91c112e8e1f932f910b602ea55382fbe6	226349	metadata/regents-club/860.json	ad02e7c2a790763a74688e18698b29fcb6b6fa297e3724d1d83c360b360ad700	741
861	images/animata/cards/861.png	73c7798a4aa2cf6f04dadf3b8c18f6bba2aaae67f00ed3ded00ba11e22667325	1344353	videos/regents-club/861-v2.mp4	2a5127eb1e85bc96521e238228ba1807fcf627953d09ef8f6c94f744fe31701e	465153	metadata/regents-club/861.json	b990a1821dcaaf4bc2bbac1afbfc725ecde2317811883a7e11202bcc5ecf4248	742
862	images/animata/cards/862.png	6b4a8d0566742b0c5cfba81e6a5aa6a4e82bc67b8b22c5824de59fdfd15860e8	1776120	videos/regents-club/862-v2.mp4	2e06b46e49aaf184fb3080adf76425e831c413ddd4317cdd92129428e06caabb	418505	metadata/regents-club/862.json	19b6a4f0eeaf6ea51340b9e74f1c859593857aee77f1cada8afee10eaea4fbc8	742
863	images/animata/cards/863.png	3619a230a356b85ec4d7ccbe8e553f6fa105c4b9b4b28192d83e553a6e4c260e	3090155	videos/regents-club/863-v2.mp4	3e0decc555edbb91205f8661ce8a499ce0a09452458be38a5ffadc6bb5473209	1941396	metadata/regents-club/863.json	b18e321479a3fd4bbb0845f08d8b8b2f777db79a86fa5f0f460ed5510bb8c92a	746
864	images/animata/cards/864.png	70957ac9b15e3d7b1b7f66ac99414d1b2ac2ef42b625e04a6849622d3448887c	1578231	videos/regents-club/864-v2.mp4	2a43e1a9658a988b35de2ef5885211552e9354344165934425ff273244847991	339067	metadata/regents-club/864.json	798e08593298de1b1aba3fe9b33cf8644409077510e7c8fbfa6c533426326d85	743
865	images/animata/cards/865.png	100282867cb80d72e3f930e97bd884917579773b08a0e57c399570908868b861	1600024	videos/regents-club/865-v2.mp4	b290af838d956de706677e12612d91c550da1427466c91b68f7aa7d7e4b456bc	221200	metadata/regents-club/865.json	ae424a65acdd7198ddb4c29e68f48f61be87b7e408ce96231b737cd060a50536	741
866	images/animata/cards/866.png	3b1273af3e74c39a6bddc88531174496a6b39dcd90d9ce5b8fc7f0c6fa9aaabf	1624751	videos/regents-club/866-v2.mp4	5ec55a51f1aa3ad4e109711ace1b5e4485f89d4180f22cd3695381d7e48434c8	579799	metadata/regents-club/866.json	c9ae71ae553aaaff9b94a9ba6d9c7271fe5f642839a42650bfb2479a13f52e0d	746
867	images/animata/cards/867.png	89c682a39d4aa34344434967d0bc201af137dcf792575e39846d73a693159ec6	2065076	videos/regents-club/867-v2.mp4	2c834f66cd71846e5e01ceea64cc4e43af0e2b0488c5e2914990daf47802a1ca	612976	metadata/regents-club/867.json	a4aab30b061e9426f189ceb042bcc3cb0cb9b0e0786ba89ba2034f4a85bfcddd	745
868	images/animata/cards/868.png	3ed17cb968c6e99ea168a9f3d2e84a615bce7cc7af48ffba8f80882645b41ec8	2207663	videos/regents-club/868-v2.mp4	c5c25f3046119b500edcd7945d44c826fee533557e0f3b1fd7bb7adb94e22a8b	727151	metadata/regents-club/868.json	f2b4701edf04944c032afaa45c69cb686382568d126aa7c0adac41ac8d489728	745
869	images/animata/cards/869.png	0b4528cac2f6d93c1be42a15beefaddf6d86bca3bee59e9629336390bb2c8c74	1587363	videos/regents-club/869-v2.mp4	23aa4fdd9e5a5dcda7d7027bc47e6fe04c5d6667bc9b38f0a849343bd5798e16	484225	metadata/regents-club/869.json	8def950a8779656a5534a1092a60341e4b0c8bd4e440e97ad0f537ed4a5a0e00	744
870	images/animata/cards/870.png	ca47475c524a61d924fd1eb7e13a2e1cf46f1328afc57299e6396c72d62e1fca	2087545	videos/regents-club/870-v2.mp4	cfaa46a246c5974e0e97642689b2f948008d3f941f5a0f578d1d31e5f6fdb5df	671179	metadata/regents-club/870.json	c23f15e700e16be0312031e36bbdc9bc17ace480b2bb3939a6299cba52f9c318	749
871	images/animata/cards/871.png	8f7487c42a71383ce1c34ff1b166659315b947b79d6e861036eaae887de3c04e	2247178	videos/regents-club/871-v2.mp4	157527057f491f4c997425cdf58f51c359acbac39085bf3817b99b9e5010658d	861167	metadata/regents-club/871.json	895293088bb58ee6c692f5ff1a53f535d8b38882391d85153eef754193865f04	744
872	images/animata/cards/872.png	842f94475f3494c0a035e0db0c3ec305d02014260f76da53020ceff0ef863121	1874583	videos/regents-club/872-v2.mp4	3fd9371072861cba8ac274066751bbc8c57635fb61f48d29453063ca4f076a84	741059	metadata/regents-club/872.json	97079870f73d792c28f8ac24b9d06ca2178fefe41a6959c86041605fbb30384c	752
873	images/animata/cards/873.png	a63a15d16e6eac8ccbd46fd98fa11b9f3d1a2f92e90f2fc9a8111bd2ec4d84fa	2566571	videos/regents-club/873-v2.mp4	663a25bb0b4a9ffb2d46ba06f18f1e4c0e80e1ca69abd77db5d7f4db6bebb005	2484474	metadata/regents-club/873.json	e5621aa0e03284e073c992b0e8a507bfb1ddc2b52f28505b1c22db3b54321a01	744
874	images/animata/cards/874.png	4b7708db9fbb744db663472343765cd385d67b41f52ef877ce7b563bc9a0a2b7	2143288	videos/regents-club/874-v2.mp4	f53dbd48c164003391cbf63188e8942369353142caa68da1bdc95d442f3e7a7c	414461	metadata/regents-club/874.json	69b9b46ba2706b89c2db3c829f10d25ece2775e03aaa11b68566dee1379ce5e5	743
875	images/animata/cards/875.png	931ad2967ded7b22cd182795a5a37d8ee123819ac1d3d787fa28868c43615c37	1606565	videos/regents-club/875-v2.mp4	d0076665da4b400e5638e0b898f9dcb19e80fba30d59eea2f63d6bf3593551b3	466372	metadata/regents-club/875.json	e7bdc452ef26bd677255754b77bdd74c9e76f4bcc483ad3fff77086b72d815d9	748
876	images/animata/cards/876.png	e2a0ecf24481fbbd8825a7094ff43a618cc657b2818907bea30d12c222e2a874	1055092	videos/regents-club/876-v2.mp4	6185d6b5ccf7d9cea88fb88eae38ee01d34007eba367b35267726f748d430dc2	226783	metadata/regents-club/876.json	3eaf5ef2a07c971db91aabb668cd73e4818d6b7240bbe705fdeccbb765ee6e66	743
877	images/animata/cards/877.png	b0f10ed00484d33a7a8d661418b0e62b5618cc03bdc8856f9f23740dd5a5949f	2305505	videos/regents-club/877-v2.mp4	5cc06829edaf23295986c20006dfefef66be74253a7e5cbf406bdcc39e02b6c0	1024036	metadata/regents-club/877.json	783be7bf63e9b9841c4faab12a882a66fd3fa18c8758ccb66e138920ab74f04f	743
878	images/animata/cards/878.png	55fb4f2d6504e6b688d0348973c8408cbd4966007f931230e72084f3c9b463e0	1479764	videos/regents-club/878-v2.mp4	a378b0bcc9a6aa9a84422b3d659b07498b20ced4ba9edb67a885ce598714b27b	457308	metadata/regents-club/878.json	b5b0778d7bbcd61d8607ee341ce64a322073e0ca251d02d700c8493afc7f5f96	743
879	images/animata/cards/879.png	1fe1eb707e043bb9afde6cb86cb957e03b0cd3056a70666faa4f1a474a74bdca	2547654	videos/regents-club/879-v2.mp4	db072019f1e9b0cb59bcdacff718556d63f6c14dd1409eae4877589a65ad66bc	1106802	metadata/regents-club/879.json	ed5119d3481c44ff2b8602f445a874589ee0cb4bf1c7282dfb5156ee0f8696da	742
880	images/animata/cards/880.png	3e5f6c2b765c7240a00a1440a0d1e44e726230fdefbda197b839867fc59d6c58	2223229	videos/regents-club/880-v2.mp4	4a01ed385ae7e76bb5f19f97f511b8d58e1ee439e4f9ef1358b8a0a505f422a7	968987	metadata/regents-club/880.json	5f58fd0b92829cf383564a6942048da6e087a836c9e6d021fc7cb7d3fe2d11bb	744
881	images/animata/cards/881.png	e03a9fe90f30a5006f4467456948d612a894cd4a770a9c326550af00d3cf83fb	1533743	videos/regents-club/881-v2.mp4	d31496cdf7932cb87e262341416317f13ae046b8008f8e62a56369c76b0cdc8a	479149	metadata/regents-club/881.json	311f8a86ffc6087249d8ff604b7f0748f04b837a4df1d58f7d01871d0fcd59f2	741
882	images/animata/cards/882.png	eccd7ed16bf7801fdc7e7a1fd688ecd06c86b239c029b65fcb34d6372f476678	1541113	videos/regents-club/882-v2.mp4	1e055743833a5c1e940eb00ea180814b6d50e1d9552a4c55afb622cd0fd8be4e	322904	metadata/regents-club/882.json	7bed8e40af3bf51afafee9e90ef5073f8414b8fec7c0dd29208e8f03d3c5ec53	742
883	images/animata/cards/883.png	15003e1a4fb1df3939b6c0afe032ede2dca8fced45573003bc65256e2b62dc5a	1499240	videos/regents-club/883-v2.mp4	7686aeddcb73d3f6a51da059caab01a593b8474fe28eed9fd5a11270ae7734a7	412392	metadata/regents-club/883.json	1c9341e7f5b0da9b6a3bf2e7b3bb94838b9b9e6ada7444b8963bc343c9dc5d7f	742
884	images/animata/cards/884.png	e433dc22f441c6ae6c79c99c1ab9da0b0789e5a3a7b438cc4546adf1efb222fe	2108650	videos/regents-club/884-v2.mp4	d56fe2a21505b8c0d7ec318e3f6a66bd6e6eb16ed18a20ffcfd6afcaad8a2cbd	833780	metadata/regents-club/884.json	5fcda0370ff524300473e7197f9b095743a98d417ed5e25edea7b0000d85fe4f	747
885	images/animata/cards/885.png	504f3ba068ddcc3bf0f60dab5b9fd0af33efb161cd93fd0394606dac57478241	2459757	videos/regents-club/885-v2.mp4	141f6fca53daa198410714e1134a00f5752ff1840e03a29088d110c2f2fb89f0	511945	metadata/regents-club/885.json	b76b92108624993d91a7a6d8108b69ae758e75c11736d44bf16b851fcb6b49ee	746
886	images/animata/cards/886.png	ca5db71634e18070fea2bcee7904af8fabb82f439ed0a34bf507908e41a5f53f	1913558	videos/regents-club/886-v2.mp4	a90e149fdb260e2d2fc84e904e1d862c25d93dd1925e36cf80be491092368355	568704	metadata/regents-club/886.json	6f836f9544fa51454315cbbd2fc8d553f24baa4b693ed2095a41b9138e3628a9	748
887	images/animata/cards/887.png	3ba4f52c4d5c4d1da7b071be73ba7fe7af0bc773603b714ef1dbc2be1b2344fa	2762133	videos/regents-club/887-v2.mp4	e1cf6e3bf4a964f6bb7148f1fce66e0e8af20956827ac56d4415fddf440e863d	1496937	metadata/regents-club/887.json	8c8740dee259806dfa0abbe93dd85c3a0345a34ee3fb6e185b59476dae3a3214	747
888	images/animata/cards/888.png	ae5ae2ef31f9f62572259d28b619ce9e28587becf7dca8f0681af56afd0f4b06	1525796	videos/regents-club/888-v2.mp4	ccee7f8988dac27b418ab9ff7274131149a55b498947c3daa53c7458f89d28d2	294439	metadata/regents-club/888.json	c438631ec62b62a468d924d4258c2bdc8fd1051734adbc5261ecc053991cc5ac	742
889	images/animata/cards/889.png	987e6be7658f067caee3f25a3c1f2563e6b1a057ba19707b3574c547a8c62c16	2056039	videos/regents-club/889-v2.mp4	8e722db344f2cc923b6936a7982e44a493f2f307a5687a543f64914abe8e55de	935076	metadata/regents-club/889.json	f4e224a1892469c8b51206ab1eaa53d7239cb4fb5ae0fc4d7af07e59b81ee26f	748
890	images/animata/cards/890.png	7d54492247bc4113dcef967664696458fc19726c88b421b17dcbf1f94b74bfdb	1475237	videos/regents-club/890-v2.mp4	b0f1ca259edc431018c5e056082739fad01d084878925efb24d3b51db15f0a4e	185072	metadata/regents-club/890.json	5deacd408ef9e98f8dd51b88d1490617e1fe5843d446a364146d54e3e577ea1b	740
891	images/animata/cards/891.png	7d323318b2be01c5ad25068a34afe2dabaa9a3ba5c7da0487e845d51ee0f043c	1214320	videos/regents-club/891-v2.mp4	d17141a563403e65111e0dd5eeb1e6ca714ddc478d27f32ba07ebaf1ad5d269c	287082	metadata/regents-club/891.json	5e64f0624b4a1b1a160a848514b0d5f6a0e1909f11d3df3d610e5acaafcedd20	743
892	images/animata/cards/892.png	dcf829a676efdbeead84cce1d5a5cd26e9582c7d84e1dc96bb6c51e51e39273b	1206372	videos/regents-club/892-v2.mp4	ef3529029d17b8e476789f91be84be94bed9a50fcc99d74dee1c9b60e36c5a9b	303139	metadata/regents-club/892.json	875e5e5f590606197e1bf37cac21b44d537083131b4db1db81bfac5db99a1b91	747
893	images/animata/cards/893.png	7dbb66019ecb36ad515fdc6fc291250000d3dcc1490e7b2a833b308cf9296e88	1481078	videos/regents-club/893-v2.mp4	1d4f36e29c7cbb58f71bd1c5070ac74b13399f3f1203930902531c9803fb8e0b	305412	metadata/regents-club/893.json	57ada7676cc4c627b8988d4f53908e4b73e23676d6ff23ccd84fd565aa53f338	744
894	images/animata/cards/894.png	b54883a602c6cc1828bbcd9b31a5f70b6084464fd257c045fe77710dd40f1f14	1482526	videos/regents-club/894-v2.mp4	580725d05ed10eefa952c8fdb4297b4fbefe82b5bdccac1d77de7ec301b6eb42	191537	metadata/regents-club/894.json	5dbe58c522f146e8777a17b12f7fd0f690a536e71e155ef683ff6cc8d97c5137	741
895	images/animata/cards/895.png	7ae664b932f1aaf4e043ed60f3dd31f2e2ba5a3dd3c3830bf226b7c416f17e54	1419926	videos/regents-club/895-v2.mp4	6bd4d753625b734cd2dc61c07f3a5b216bbcc5e54d23a452bfa76e7b2307299f	336469	metadata/regents-club/895.json	05cb88b0d9f186c72f5ab3b85fb2a5291db5a983b07572579fb4c440e48fb65d	744
896	images/animata/cards/896.png	994052b876e8f3350de5426e809da33e6d0a49ac1071a989c86ac30d8f1eabb8	1337907	videos/regents-club/896-v2.mp4	bf1341b2f7dc266c59f6beb44bc7b0be63c6d0402680afc24e6f79a05fc9c293	379755	metadata/regents-club/896.json	b4a98545aa5363678cbbc7c485fd692ede12f21973f6a1a80e8afc41ba9b94be	742
897	images/animata/cards/897.png	a0ebe7e3c4bb394c69c15d1f11350d303924f7079b562a17ab91b86cd326e0b1	1712111	videos/regents-club/897-v2.mp4	51341c94b0db8e9f5887ace1edceca9f2a00adf7f9bd968987e4e7cd202cef4d	735858	metadata/regents-club/897.json	b2c6f748ad6bca558632a739db4d54958522dd278735e2a02eab21ce805b07da	742
898	images/animata/cards/898.png	2b2abf8abf2dcefe46adb07491785b442d9957e56fb5c08012a2dcdbaaab7fd2	2624450	videos/regents-club/898-v2.mp4	3ee50f085e6c1057f884b2728fd663b18a781f371030773b6597427a776d96d3	1496509	metadata/regents-club/898.json	6e8db1110e241dfba7b418f66bec5a4ae8101f1de88eb99aa70197db9d25036a	742
899	images/animata/cards/899.png	d432fa50c6e64ad45587c0867036d564a55d24b344a95133893d3d6f1bd83f83	2128732	videos/regents-club/899-v2.mp4	a5bc1e7a56df886f72213037665a4a941fdc9d00df9740e3031fd117a308a3cd	484710	metadata/regents-club/899.json	064f6ff20246d3c82bd85b71b00d0eb6f1d5e3f8c9f843a25e133f6d232521f8	743
900	images/animata/cards/900.png	4a60246226479a47b7a75ac3cb9a6075191f9b964ff0868202ded0fc4bb6689a	1885787	videos/regents-club/900-v2.mp4	9b16b651e0fe951f6e8a98cc071cbbe744fbc99f7d05256b34ad21f701f08888	621761	metadata/regents-club/900.json	81d735c600ef5df095deb90026eb83a4c106c9047c135e84bd9218e23c965066	746
901	images/animata/cards/901.png	160ef0f8e3fa204e2203bb3874ff10815f775d31da268876e7bde09f9da1e622	1618990	videos/regents-club/901-v2.mp4	38c1deccac6eaa4f00d4bde991a505bd91898eabb13cd0b8fb3c68f19e591421	435357	metadata/regents-club/901.json	7fedf5f1301c4f30706ec5496cbe74600dda20d93e317ef749fda882cc040767	747
902	images/animata/cards/902.png	ed235429a595adc7397002b5851bdfe5d3330747fc6ea9ccdb3e5a60b409b10c	1855157	videos/regents-club/902-v2.mp4	06ef472e1ac4875234baeaf118cad9b4d328ba412c340fc22c5b489de24b9282	281778	metadata/regents-club/902.json	738b0915fdfd689f33ec8de0e486ca601304c32ef1b1cbb3f5dfe638968c0549	743
903	images/animata/cards/903.png	79709951a74436ca38ee0fd1596b586be3e0fa1dbec85904c17fc11b3e35cc55	1565076	videos/regents-club/903-v2.mp4	19d548ec54fa99691921826ca299f88e98f428a71e4219a3dc38ae8b185d2f51	220379	metadata/regents-club/903.json	9226b3fc2e2057f9d3c905567f47ffd02a387041ab3dff0aacbd61a2f7cff5ac	741
904	images/animata/cards/904.png	8801101f5ac3e81d48b002f5a004642159d47b503b48bcd76c36f14cdb6b361e	2045695	videos/regents-club/904-v2.mp4	1b55bfab25ca9fba1f314ebcae591c37374490e8ba2a443c381825c49de10271	639392	metadata/regents-club/904.json	f1846c6bd5cf6c517f882f42ea350c383022ffbc84232e06b8da5c7152c4b165	746
905	images/animata/cards/905.png	5d5e76227563cf8dbbaecfc43374ba2920ac5f0ed663afaf9113b3d1e334b7dd	1652563	videos/regents-club/905-v2.mp4	d9655dd805345f57f3596367962d5cc522a4d691987025eb371c974458e7064d	472317	metadata/regents-club/905.json	d1d408b19b7f168a359464d76087da9ae6ab17ca5d86cfbfa111e190e3dd2091	741
906	images/animata/cards/906.png	5af47481563ee66e0539494c160e50e95d229c342838b7e7a5dbdc2bc5fc22bf	1255984	videos/regents-club/906-v2.mp4	88b4b3350c2b3773a0aefdb2596036e8267826681832f2433907fa9841274f76	173136	metadata/regents-club/906.json	92ec7fc71fcfa19f8a98031ad39448e90f9f097983d34fd4fd7137d27be8caf5	740
907	images/animata/cards/907.png	718e2ddd4b281715b3918cf5042150f41ffd9adcec6a9bd27e4f8853e5fe0e6c	1470593	videos/regents-club/907-v2.mp4	cd3eb659ba57f66a567b849a4b880d9046a1383a77cf3aea1fdbad87354433be	367760	metadata/regents-club/907.json	08018da83909901010e9b9d45c528e45e95eb2ba95450b1eda9dd6b8358fa19f	745
908	images/animata/cards/908.png	2babe313b95a72c6d46baf67e9e4894f44f9d1a32f1f60fbc4765ab80f6319ab	2168185	videos/regents-club/908-v2.mp4	844dbb233aebe69d4c3e56749fb3bc6550af8f47280eb1bd0bf0ad99ed1c33bf	672649	metadata/regents-club/908.json	eaf778712a1fe790b207ed7767e52b984642d786f07973d34a061c9c3965a237	747
909	images/animata/cards/909.png	70cf993d91b1d34f0e82e21be76b446c626d17cbc2f49491c491377e52d40bde	1465227	videos/regents-club/909-v2.mp4	b5d861620ffdeed6f6a54581bc1de144d70fc833ff55ee96213298b31aedcf15	241887	metadata/regents-club/909.json	38f9589043d5882f34f6d4e77a19ee52fa0493cb66de13545b2ebf05d61b57b3	743
910	images/animata/cards/910.png	9b4157625fe3cc187841b4efafc7b82f23f71b3f56fb55c4bb5206233353734c	1508370	videos/regents-club/910-v2.mp4	5d6716e02b12b46c015b9ee1f503dd021359d606fc8cff547de25e63b240740e	390054	metadata/regents-club/910.json	756d96577a9546137ac3a2c699a9c482a56433cf9fafac6589a4cb1afff2afa9	746
911	images/animata/cards/911.png	46406ce9ba6a2bd826a9f478db83d486692ee71194a29f0ac7e807cf2edd353d	2191845	videos/regents-club/911-v2.mp4	1d1cf0699cdd4c2b6284b6c50c92dc3e8a2ad9b3dd55398887bd15eaec85ec76	1049137	metadata/regents-club/911.json	a90d045f91336484ba9aea6d999d642086a5d99087fb810d12140d76f0b29d75	744
912	images/animata/cards/912.png	341acd96d3e5445417e0912a98b5f711a24bd046914f0af8a876b67af32b07f6	2862943	videos/regents-club/912-v2.mp4	e3366f9b748d431dd2b90fce1189401a1926d3bd0d1245a60b604707b7e958b9	2310454	metadata/regents-club/912.json	b64c16d6efa6d2136bdd641adf782a9b53ed7870289825441a89a2b901e7a191	746
913	images/animata/cards/913.png	f74020a06234f9555b95aa447d1ea1c1618151acb5d62ababf8f8f891fc6c8b4	1442261	videos/regents-club/913-v2.mp4	db2ab5997f15d5f0dc67186e3119afb92103a77c4bcc5480ac38cff4b775dde8	435284	metadata/regents-club/913.json	771151686ffb67c9531208e864fc11d76f20a1c1ff3f60afb9835dfc274e39b6	746
914	images/animata/cards/914.png	0a2e1e78cb7faf1918094120fa9bb95bd05b2b2080993d2183aec49fc19486e0	2266006	videos/regents-club/914-v2.mp4	e663390d68b662a2efe2f07de0fce0a76b98fb7458aee7b9aea9ce6fb8b11f2b	352238	metadata/regents-club/914.json	84fa4e0abf2fbb8033616f730fc7cd0d6c4127ac3a5b9dbd82b0e8e601dc41ee	751
915	images/animata/cards/915.png	d19649c1f88f24d07179a2fee05779ea05147024295f803dea651ea60727d375	3644737	videos/regents-club/915-v2.mp4	5bc05100304e6e8bc4aca7b5e2a86f64b58a4ee7e4ee4e104d527201ad76fb7b	2324081	metadata/regents-club/915.json	ab05624e21c14a0eb7dcc6f7c1dc07fbcd2cf4c3f6dbfa18425b536d10d682fa	745
916	images/animata/cards/916.png	36fab0ce2d172d3ebed37a03922b599f43a9858d08e8d321f36aecc3e00b683a	1957203	videos/regents-club/916-v2.mp4	3639f97541d70e05d08c1d3c840ad2e7bad5819fa06ef47e5785d2f9a759eb09	150773	metadata/regents-club/916.json	8700edae05a3b611b9abc3b2e2ff96a1b004f7624fb6d250a06dd7fb2aa93a8f	745
917	images/animata/cards/917.png	7249a06c5f43081acf6606ec73985542e480eab935972607b124044f98450c50	1664009	videos/regents-club/917-v2.mp4	4a2f35c95c8fa89242a537fa13453791ad8d63dcb5c791815b331272d78c5c0e	188839	metadata/regents-club/917.json	57172c3128f43daeb32a9467754c2319b010cde9ec98005ea411ab20fc2b791e	744
918	images/animata/cards/918.png	88c82cdbb2697914925b47e12dd73072a398e15843b2d536eb19493a2917265b	1552761	videos/regents-club/918-v2.mp4	3b848a477473d13ef1a95b14fade8145b9248e1b04fdc010bf4e24231954b20c	339424	metadata/regents-club/918.json	ad60f2ad180a6a006a5d8d332856c24ab5dd4f315d659cdec9e2f9de9c94e464	743
919	images/animata/cards/919.png	5f948528083fb339fba57ea64e3895d9003aec24fb88d082aaada410ef02c5e8	1630609	videos/regents-club/919-v2.mp4	2615c704704cb981ea435aff1487defae0fe1a6a88af7699a94f33c380f2bb65	71499	metadata/regents-club/919.json	482536f347156edf7e3c05909852998a60b6c05829347971aa56a0c7334c6198	744
920	images/animata/cards/920.png	9d63594db21b522645bb7b3c5c5da0ea4343d6822853689cfd1627da46836e45	1834714	videos/regents-club/920-v2.mp4	5ba6e0543125c54cfe6215231707e18f3c1e5233444d568974243ab1e40fa686	864691	metadata/regents-club/920.json	bf76620a598d2f36e8e9899c18a845b020ff3199a768562f084e0ef1dba8a2e4	748
921	images/animata/cards/921.png	d1c6440e3fb12d657dab87573cfd38de38b7f72aae643177f40d551f86727cd8	2169798	videos/regents-club/921-v2.mp4	409846ac464ae404ce931bd0514b6346484a08c24c65cdd274db05b883fa4b82	920392	metadata/regents-club/921.json	3832a4b6b749d22194c9a13e8ac02bc7142b55e9960526d6e61ff9d9ccd467d2	745
922	images/animata/cards/922.png	a643cb1ea9de9f6f4ffeedfd676b1ddf4fd499da52ad3aa5007883ed61665b6f	1956592	videos/regents-club/922-v2.mp4	6187cc29f7f7524589afd358096f5dbbe60aa7ae6545ea66e7993b428b93aba6	531196	metadata/regents-club/922.json	dcbecb3675c10acef06c4d9e575e65b9e282b551efde257b8c3ea002deca2db4	747
923	images/animata/cards/923.png	38f52f008119bc8024642db7b1d0620f81ea02275cd932410b1ed930770f86ba	2663147	videos/regents-club/923-v2.mp4	5fdddc925298e1fa561464ce32e3f78b1f4a7dd030d267a20e88b52dad53e758	1769767	metadata/regents-club/923.json	7a12b526d3da059ab0816b0a4fc7fc009e63a8691eedbfa9f5b9fdf59fb87743	744
924	images/animata/cards/924.png	a41cb13fc0e2fe95eaae67b035f883d557a5ffbd682ecec2aa30489e046bb40f	3104179	videos/regents-club/924-v2.mp4	1c42ec1df0d458d17db1abda51506d35abb3f14b2d7106606e9b62f65ac62230	1360796	metadata/regents-club/924.json	bfe1930550763ced7db1886c2f3eee09b1b8f7e520e422d49ff7dd50b3fa661f	745
925	images/animata/cards/925.png	a9f6a4381b6f727cd6f0d327b74e0123f0ec04d5c7b291ab2ad1450a541dcf7a	1669759	videos/regents-club/925-v2.mp4	43e96f3e367697ab86fc155298339ceaa2bc9ffb2f75e3fa09a7c4fe31538fb3	521996	metadata/regents-club/925.json	1240476ecbe703018a4052d90736633e9d8618f1d973b51ec0c9fe58b2f27922	745
926	images/animata/cards/926.png	e2179e6290b134dc5b822c5706b9b6fcf0a1c96936f1ab0ae59d61ff25ec1b1a	1740860	videos/regents-club/926-v2.mp4	a6e57f79628b58cb8bd1c10c9349ab1bfd9a6e8fdcc1eb5d9e547ead6c6e8470	362735	metadata/regents-club/926.json	1f5211eee06a0cb7284038d50e1d0066c54e8f23bde59808912b4dd4df92d980	747
927	images/animata/cards/927.png	2c826b9f743ccf625452fb3c91b033b9f12e356d67bf9dabef0baeb2a8216595	1623659	videos/regents-club/927-v2.mp4	dea50a4c1f650d4a760b6b5a556faebf4838a24ab6c2172f73a99478ec097ddc	607806	metadata/regents-club/927.json	8ba08fe0b08916680fefd9d611569fd6064033bc09296b6ad2c510c772325897	746
928	images/animata/cards/928.png	1cccb528271ed871aece785ef542222758a336add1d0baca7af7974ff38243be	1505037	videos/regents-club/928-v2.mp4	7b3303953bd690572858be5595b70b5961af315486c9d0f6c3280822684cd442	232246	metadata/regents-club/928.json	910178544eb14b43fa04dc61f1ce5c9b9252db7d7422b156deaa36730d62b5b2	744
929	images/animata/cards/929.png	f110e15ba6443ce7f8470280c4a2c5e0d208b0ab05aca6fb56be7203dc71dd18	1990243	videos/regents-club/929-v2.mp4	f1a7e39599ac930ce0c3b1c1eee53a18a3051d02092e34bc8e7e123289d1cd25	344905	metadata/regents-club/929.json	9d052c63493f59e9c825572a44c312dc93913699a3b3fcaabad0c33cb40b459c	744
930	images/animata/cards/930.png	693f39ae899d78483b2419f100ad0afcfd1a1d985c24beabbc931b77aff6c71f	2048847	videos/regents-club/930-v2.mp4	105846b33ae016660be67ce2d2d5177c6853f309cf373aa8b5de0dd8a10636b6	250739	metadata/regents-club/930.json	c6df0e5e24b0fc9d4014f46349b38aeaca6dde196ef9f5fb78ac2b605fd094ed	753
931	images/animata/cards/931.png	8cb352cbf350b109882ad41166b5067d059be6b2e2afb5879b1436523413d780	1718320	videos/regents-club/931-v2.mp4	43098810961e93d3fdd31f6a57618c0336b747ad347091fd3acca7208fae80a1	182437	metadata/regents-club/931.json	1f9cf0c77a39b5b45bb85421bfbf8a067de0bb377c341a0b6de500549ca0b59b	746
932	images/animata/cards/932.png	7296cb2e6a28eb60710bda5a65731d297037e3ecdce7217bad914ffcbecdc519	1167797	videos/regents-club/932-v2.mp4	24092f731da29437be7f9cc64b2139b6b8ff7f739e5b76b42b55f57558a32673	271367	metadata/regents-club/932.json	edecebf43dbafadac041a89b0e520c4bfb368abc909203da936fdec7af178fe3	746
933	images/animata/cards/933.png	58c35dc073980ea4effdc0b6228e8917aa18771909e53950f5f56f64174fef2b	1892338	videos/regents-club/933-v2.mp4	2bcd4d7511eb3a20235b0def6483f09dba80530d953d90dad9321c723614dd8f	579072	metadata/regents-club/933.json	703aa10e5c993113ccc3393de9c4a95ff27a858e60448afdeb7d33db13e04baf	746
934	images/animata/cards/934.png	a372f410fd24da23981b4a62e3ee66fae80bd100a4a684f7a4a06bab96de2927	1589701	videos/regents-club/934-v2.mp4	c9041c854ecaceb072dc1875c77d0bcf9ba7a3578b4270543de6ba58fd1ba4b3	246788	metadata/regents-club/934.json	eace7331bd65d4806f88ddf86b3c3a82b7bf1d4d24a30c716d04797d6406d1b9	748
935	images/animata/cards/935.png	e889890a0aaf962b546a5ae4f9bb9485d9fa0956a695621b438f647f980596cc	1328172	videos/regents-club/935-v2.mp4	52c90886dc4b537473b3104b3265466ab68268420429d426a3d52637968cf81c	320244	metadata/regents-club/935.json	236e9d0c18192d1b35c579247ff2a8e1e8857de7cd71e3633d13c09a53e655a2	747
936	images/animata/cards/936.png	fe0767a8e8bca9ce81936b407963c7b1b852a8116c9b23dd73125fbc350f4dd0	1888082	videos/regents-club/936-v2.mp4	669b9112bebc7c78a9ff0ac15b4391aabdf7c17b9e908ad2b14820d01d6801e3	817724	metadata/regents-club/936.json	c60891d217058475abc055d879000206e5bf2b2532c761f878ac762719e04ac4	747
937	images/animata/cards/937.png	6c9e55954275a59f43d0cf21830cc1c7138ccfba1281941896f92f8073b1e12b	3723746	videos/regents-club/937-v2.mp4	ea82f963b3cd0b45827c4491dcce20ec8c056a4cf65484d6669971cc64761416	2334112	metadata/regents-club/937.json	d1581a9167203a524c25d84e391256b9d19e618d72c939a660448588fde52266	745
938	images/animata/cards/938.png	05c9784dde209b1c6d79a1f3e0540626160b48700135045dac53b71a2ce0e216	1633856	videos/regents-club/938-v2.mp4	ad03151f13cee1d011e652bba7f0ff82db3b4813d38a6ae9a30590ae9970e38c	594488	metadata/regents-club/938.json	af4dc0874b9d06a56adb91e4b744b27733ae0edcbc54531ac237f199cd72b6e3	747
939	images/animata/cards/939.png	535a0e54bffe716a0c2879e250a4aa47aefac98e37f62bfee637dfcaf6194e8f	2769301	videos/regents-club/939-v2.mp4	d6eaaab836f09c296593e07f6bbba0cb170839edb6536ddd864b7ddd0e309619	873715	metadata/regents-club/939.json	1364991c1b239eba7866c54a168a9d87500cdb1e52d39e507e39f8c2bc043ce9	745
940	images/animata/cards/940.png	6596ae8ce9d8f863135e2ffba86e967b3ad5d8d4e2206b1f70ce0aa5897a3c62	1728933	videos/regents-club/940-v2.mp4	4bf4f683e0f2d675371630cf7a28aebbd4f748b2bb936f61364589e1cd1d1d5e	237265	metadata/regents-club/940.json	1778a75853a1c9311b9bef35870d98a7db51ddb91ac939e5064989f931a0289e	746
941	images/animata/cards/941.png	96cef3f29cdaaccc25f93f66a184b3fa3d0cc3ddbc4e566e494a9f2e18062b17	1501603	videos/regents-club/941-v2.mp4	ecffcb68a64b2136b75537336245ba16817b0c52f9f74434f2b3a87c0f6e69e2	317967	metadata/regents-club/941.json	bbd6d8da2dd3e411b807b740f13f863f8da936d801d7020f176c774158576d1c	747
942	images/animata/cards/942.png	f878ef84fb2515e773e63d5d66532638f7d19c8dd038c6b559261aee35bd6107	1234929	videos/regents-club/942-v2.mp4	68a04e92a06470c6db3b76b51f84cc09b6ecef608fb921ce473ddaf1e3d856d6	292117	metadata/regents-club/942.json	a201381c774f8734131fe611f4e740ab19d02e53525c7437ec246dbf026f7a01	744
943	images/animata/cards/943.png	f049059a00d94199ab4d9d399bf4f91f2700004a3833d8a7644bf4c51c55b507	2950332	videos/regents-club/943-v2.mp4	a55e9af259811f9bfc62ebbb446cf525a3e285c7647ada5dfcc622d35146761a	1550674	metadata/regents-club/943.json	911fa01a69696e57c23062e4a126a729f34f2b70a28730f40c1ed6d37b377b29	747
944	images/animata/cards/944.png	6ec6d0724512c671fcdee0f922a671620917c7b6c0da26f37ceab70ace48031b	1695260	videos/regents-club/944-v2.mp4	35fa5eff73ab25c412a2b80a17f6a282cdd5e64a71ff7289d59c265a0d1f09df	617457	metadata/regents-club/944.json	85183b7c7bc5d6e6a65b18b96e8af758f06e5b9347f83adad40525f89b075759	744
945	images/animata/cards/945.png	ac3fed22d21523148fced25dad15c5191f914172bc89b1999b874e96f2d29280	1145879	videos/regents-club/945-v2.mp4	9448ac1d40dddc11405eb083ef49397599179f0b65c456faa29785f7b26f1e0f	213914	metadata/regents-club/945.json	1c6ed969c1ebd82157fa28280f232423f4c1ca8bdaa46c5ab967d2d227918f8d	742
946	images/animata/cards/946.png	7be80285e01172acffe20bce5b5833ca3493540be5aff6c4468dbb871f1a6f0a	1275569	videos/regents-club/946-v2.mp4	92e0e3fc28083b7335c31eba5f5bb5319753a5283f177f09a2df3d2d341241a7	151050	metadata/regents-club/946.json	f5bcdd7146e33af03a07e50e1d9176085ddf60b67e6d2da52f3cdca5d63e02f5	740
947	images/animata/cards/947.png	6f62112ff0ca60dbe9581fbf7dee2c5b3c9f0db4a0c9cb90a73c92cd175a8ac4	2127479	videos/regents-club/947-v2.mp4	9f086e4b260916afe814a53c9470e7abaf722019b751319aca6b14d9b32f5550	528339	metadata/regents-club/947.json	c25efc9dc84beff94a2e81b364d92539fc75013d1afce6b2d0560b5970cefdf6	744
948	images/animata/cards/948.png	7bdad0ebf11b9b31d9204e3de30deca293de5cbd79e6ec05fc178733cdf706a0	1518097	videos/regents-club/948-v2.mp4	18e7b282431988a5ebaffe84eca171944ac3ba0973320c0cea03b0ac9014f0d7	517355	metadata/regents-club/948.json	7a7cf0a66a68d4051dd06ea3c44942d6e582aee9100013a5bd8899cefa01da2c	748
949	images/animata/cards/949.png	15072b4e77dd9bdbb587da6260dcc7005d95aed7f74425b4c4858eeb7afe2cc8	1910389	videos/regents-club/949-v2.mp4	fe58dcffe3649a129f028a0d203a0affb4b828e0850e2d48c8a71551c8221a74	881126	metadata/regents-club/949.json	7e6dcf4397a0bcfa3cbe925fc121fa28213de177b7dcbf5542b784fe3bc50e5a	744
950	images/animata/cards/950.png	7727f8c86c5e5e1a16c1351388620cbb85c42714ccc5b1808cd2b5c51d78d824	2480514	videos/regents-club/950-v2.mp4	7a09ab9ce0c1e3694b0f43b92e1acc18af5cdee0d06631b23fddf441642c7da4	1094591	metadata/regents-club/950.json	83a736e03a2d89ce03670209537ef755596e9d4a582e6ff94677debb1480de0d	744
951	images/animata/cards/951.png	24dc21c440b922d2f48ed3cb1158cdc66cb9a443349f69c32ba2c1e8ed88e9fc	1490312	videos/regents-club/951-v2.mp4	73fceb59aa622110375dcad7fcc2a81c48ababa975da102e5fabab852c0b3834	332899	metadata/regents-club/951.json	1e816d6f718294b84d29d698f93df8b749ee029d8180bd48db8a49ef7d4284ef	742
952	images/animata/cards/952.png	3e9e72c2cecc5be0b00a325b4b251a4a183086e1ab00d4466b42615606496adb	1605924	videos/regents-club/952-v2.mp4	fced6c656985f007c721918ea10c0f59acde06e38c4f0df35e040547def79ef3	443018	metadata/regents-club/952.json	ba73ae940557aea5d4af283775ce805ddc96d04fa40c79b9e39f51e582dd81fe	747
953	images/animata/cards/953.png	c5eb66d55a98dff076c17932c29df19707e24edd4d87759a0e4a3f9bee995dc6	2445183	videos/regents-club/953-v2.mp4	7c5ff4ff8f76a0983b5d388d6e33f8ce717262d3f517d1ef4b6f1377575b8562	1443887	metadata/regents-club/953.json	575149b2ac76398b76c83433823ec401c85951c23b189a51b26b7ff920a2c900	745
954	images/animata/cards/954.png	39e573c27b57c2e94e44c90b3be68021102d364d6fc4a04fc539636f4879fc06	3815519	videos/regents-club/954-v2.mp4	cbd9754014db0a41f5c807b6f1468aa01c151dfc7366cad69b195b4d6c28cb48	2888859	metadata/regents-club/954.json	729a7e6ab90de1e4b8b0d1612543b26cac593e8460b8291b7f0a2e6566003d0c	745
955	images/animata/cards/955.png	c646caa00a8d95a471ed208892b48a157192d9fb343fd51cb556d0567062acd9	1850457	videos/regents-club/955-v2.mp4	9f3e3cc236ea0309ebe8ce4436675922e361e567f9845880d75d3ba70a01b9ba	697768	metadata/regents-club/955.json	2acda2a0e45321d56a6e5d06f9031badea77214120ae26021cc212bfefa427f4	745
956	images/animata/cards/956.png	bf6137b3b7c2858d808c5967c8460f66ab0c2f2baec0db856982d60017b8cc05	1323308	videos/regents-club/956-v2.mp4	68912b3217ed1b44312848213f0a501d5275a4b587b27332365367a341a1cf6c	127939	metadata/regents-club/956.json	1d4919ef02b4503d849d63e63c5b5060c67d38a2ea0f5b8e4fa692f1f9d9ec4a	744
957	images/animata/cards/957.png	15cb657d6122039f20e21af42f679148c233f31ab474c4ac3b107ccc6c8177c4	1385373	videos/regents-club/957-v2.mp4	bb269bfe5e6bdd8d7e915dd76442766a664cc304cad881b9ff2215eba9f393b1	493954	metadata/regents-club/957.json	a1a8e8d58af570759bf962065044e38eaeb817be5a8f70205fbde52913751f78	741
958	images/animata/cards/958.png	d96d020a3b69b6d2fd492fa19247a6e654f84d3f64199509a63e71af1e879b85	1241754	videos/regents-club/958-v2.mp4	50f1095d3c1c90c9c4d1c152a3fdc896571faed8e68f29b2bd8f1692d7e63b14	113831	metadata/regents-club/958.json	907c7509b0ae9892bef45c7ea8491086800507ebba01bb7f9a853dda65f8ca43	740
959	images/animata/cards/959.png	29a861c92270af5be8336332924c07b847f900ad2eadba3b3fd0a3c8353d1252	1785218	videos/regents-club/959-v2.mp4	267851a48977d173370c54d187a4d5ef333cf40a967afff5af2c56ab9dc95928	424793	metadata/regents-club/959.json	d903ba585b0023277f27da8666c63597ecd6619d36b1c34c8061fd7d2bd0dc93	743
960	images/animata/cards/960.png	c28f62df33addbf1c3b39f7915746d9f0da0f4cd52eca105acfeac4308c05ed9	2601736	videos/regents-club/960-v2.mp4	23c71c1b44c3ff676e59c707c397c082ee9291bcfdebc3e6b9299a2ab840dada	1153588	metadata/regents-club/960.json	f650195410266b654bd32f95f10fa2bef74ad196ad63b72e962cd36f83ad02e1	743
961	images/animata/cards/961.png	6356f4df8b591cb9fd8a6638f599bf58ab802db99e08bde684b6882848fe5288	1421279	videos/regents-club/961-v2.mp4	609811c15adc1a61768f0c986679630e7f55224f4fa306493ba2f52f961efd70	360742	metadata/regents-club/961.json	c59d0e7fd5ec412b356ba8d652c26f3aacdf463aff5b28ee36fc7b08320bdb85	747
962	images/animata/cards/962.png	1c94d569d7653414ec4403a53663ff11c2f75b05f7b93b15b96fa9f8cffd1d51	1852425	videos/regents-club/962-v2.mp4	719decaec6daa174557cf1a672359e39619cb36388a6b02d704fc3ba46717d50	466129	metadata/regents-club/962.json	d329c9b7a4df52c01c63f05038ba8dde824245944656b12d50bf7e2c31d36e9d	746
963	images/animata/cards/963.png	c39790f4385a9242bb92ec4593c725cb1232cceecdb015149a485f4d954fc6bb	2174248	videos/regents-club/963-v2.mp4	f80e76a17c0ec00c474e8b00a5d937097c3402c3f656062e06ddbcd8fe535207	737136	metadata/regents-club/963.json	b578c2b78e9487ae3241be16edc5ef46a7be438d910793970b62324e5b53b98c	745
964	images/animata/cards/964.png	d4b07ee8ca3d254f4f875701faf8a90626c3ac0cf75f6a8f7f2e93998085900d	2187711	videos/regents-club/964-v2.mp4	eba35884a56be57e8abdde4f5bacb05f3873a12ff52db6ff9e19872299a8c9c1	376777	metadata/regents-club/964.json	3ecdeced6dfb5bf0b04fa6f97bb56e64d616d698268be954014702f3b6ef7419	744
965	images/animata/cards/965.png	6538b0cdef5db08704ac659dbbae8f7e3133936aa60270fef56fa7c4cfb6354e	2071070	videos/regents-club/965-v2.mp4	81e1883f10c70e906a6a6a78e34a3ad42d18d7fe6d6a857840ac551e655b88ff	445083	metadata/regents-club/965.json	482d5eeff1e02b1f37be2f289f8516a6c4a2ab76b0ca222583a7e62988d74826	751
966	images/animata/cards/966.png	20bf6eb4f0bb31998fba6835e598a6f7f16eee32456bb0cea8b978f4ca279634	1680914	videos/regents-club/966-v2.mp4	f6c9f89614d5c0f67499d519be158239c431c1d3a638de73c29c1747bb5605f1	379782	metadata/regents-club/966.json	d7b84ae17f887fcc9a152d39027682310b98a371054790f475ca7b94b1940917	743
967	images/animata/cards/967.png	69d030c28f0273738fad35e14d70d33f5a61f5fc6d8f8c412398c0311e52e679	2497310	videos/regents-club/967-v2.mp4	eabf312c2885ec8183f671e87e52c0bf33188fddab30bee726a73115828aac75	1988933	metadata/regents-club/967.json	14341ff49d88819845cf501ae44d08dc3e15d4203ea0fcb8df676e8d76b89b9f	745
968	images/animata/cards/968.png	78a48175a6f3b0d5f27e79619e240eacac49ae26833c9ee2a22437320baba9a7	1907822	videos/regents-club/968-v2.mp4	35b2ddbfb26a7594cfcb4872e3edb0e562c4b7cddef04382b4f91d6911f7e570	300241	metadata/regents-club/968.json	c022f28cdd7ed9a0d14f29d57c197c6f244ff9573f948bb24a8293a94983b250	744
969	images/animata/cards/969.png	c7ec280bcbb8ef5df1037e6accd0b4ae121ac66835a5753128292e25f4070f95	1224539	videos/regents-club/969-v2.mp4	49010366cc2aa12564700e5f1ddfda98c51c56166d8bac3b401b7b0eb43d16b7	267090	metadata/regents-club/969.json	6e02975524ca89e098cc9e80155720a6d29e9350422fa11ca3185fb613103c14	744
970	images/animata/cards/970.png	89b62d755c0b1f1f82b82297881dd0cf874a7d44bb3c0de0ead45d1370c50e3d	1813840	videos/regents-club/970-v2.mp4	220a5bec879ff146d83f901e1cabe506eb65247abd9f1f766a5d3eaae77a431d	278838	metadata/regents-club/970.json	c81ea5f927ffe50d20d7d3b305ad4238c823161abbdc711fb53ff561325748ac	744
971	images/animata/cards/971.png	6ff71bcb57e0a3e5fc4aa8c15505681421da3d0bacadbe87619c087b3a5a250a	1514733	videos/regents-club/971-v2.mp4	c6c00dfa22483b449fc09f106495a4e4b1800a5c1eb1c3c6f5c52eb58e18ae4f	697567	metadata/regents-club/971.json	c934b2e960a188030432f8d3e8e5e7a57d12bc44d3e21598556e87f518c11a54	743
972	images/animata/cards/972.png	bed6434efb097fdf4b78b508d943fcfbc2f5d7fb333a0c5829369b146684edfd	2194196	videos/regents-club/972-v2.mp4	fe64f676099f8431b12f7d6870032f6b1827c382fe6ad18a289c32fc76f5c8e6	638987	metadata/regents-club/972.json	4522a9537e23358abec98fd7b1db26fcdb3bef05901e4a081202f8e9c2e22f35	745
973	images/animata/cards/973.png	af6e138de66a3b172500f5ae07dc214e4e2ac3c403d1de2ca5e61913a1147b78	1230531	videos/regents-club/973-v2.mp4	0e680a074262ada72bfd26e7c09887f7d56188e1b31a2534ea95543731b7bb47	176645	metadata/regents-club/973.json	d088fbb905ef27b784d8952a14763d978260c624f0549ab68e8be24e54916828	741
974	images/animata/cards/974.png	ac8e80b0987e46f26e452d3a381d21cf4b0eda25b2e31d3723c3da3dabf1b455	1688011	videos/regents-club/974-v2.mp4	de26af21a5c9beb5e8d96bc9919a481b7943ca26ddb5d3b8c1e5199e19a7236b	281629	metadata/regents-club/974.json	6cba7f14727615ac2a910f91427fe5689ddee312f46b19f7f3c97c068faa493a	740
975	images/animata/cards/975.png	8d0b4676c804455a5e42a9b26be74c009f7ce2047f9c9ba811c9240478d64ce0	2196239	videos/regents-club/975-v2.mp4	276d0ebd42e9aa3f79d5aa0fa5b12589f563f6ee931e242d6cf5e871750e18ff	850561	metadata/regents-club/975.json	185c45e26b1adae7a1fb1bbe3d07f5703bf79f368fa836baa04aface41f10339	746
976	images/animata/cards/976.png	7c4dbd565923895df20a619d406f187fdf3f90e47390af16359aaec7e289d2c5	1582205	videos/regents-club/976-v2.mp4	b1018405edf04039b479b932dd4d004e662c308b87c15520c32bf0147937be91	456144	metadata/regents-club/976.json	f68327ee97f8421c68b8bb58accf73d20ec5b7bd75610c7816fa705f7bdf3d00	742
977	images/animata/cards/977.png	545b03831d2af3de63e572abf010a826eb714da9674750b45ef0664727ca4b88	3691427	videos/regents-club/977-v2.mp4	7b5d1ea45c1f1f3b718eaa91a3026d8838a8553499c0fae0e71f9849c4e8b94c	1795561	metadata/regents-club/977.json	3e8839f38b5211bb9bb0f6d24d050ec1b5d5684756afd68670ed735724793de1	746
978	images/animata/cards/978.png	e63c02ad02921e298b3b03bf5ac9c4cfa87430f4a8a74d6201257ec0416f306b	1526510	videos/regents-club/978-v2.mp4	de823321d7cb6b8874b4b514ece53199875c813581128edf47260149f063e412	342610	metadata/regents-club/978.json	9bba1d97c305a1ff105d15c1af532fc9ad9afca85f08687264a2c531beda9fec	744
979	images/animata/cards/979.png	e764fee632d42b61e69c7347c91c5853b0c4f0f1cc84d07f472aae102d139e67	1406608	videos/regents-club/979-v2.mp4	3d1ca825bf6b15c23166c222fc7d8bd324a7854e08d8a9e6e6b9d55cf3e7b9d7	459513	metadata/regents-club/979.json	41da0fee687d44f3b22913f2de344260acb6ac3bb584100310081dc24afd8b9b	746
980	images/animata/cards/980.png	91062949c6933700b0c6586486ede45e299510f14c69b9d7daf396e49bb461fb	1821241	videos/regents-club/980-v2.mp4	2fc84c80b22068e770283e3f1a75be06d35bac8c3fc4a9c0cc04bb79c843f950	268216	metadata/regents-club/980.json	6d8c5771e5f7601356ab43ce2dda02d50b97f16889baefff68e1c188aa8725e9	744
981	images/animata/cards/981.png	d6f21a7da49002f84d7bf537ec7dd47c12da64b8c8bce678b1b1fb451131dd54	1732748	videos/regents-club/981-v2.mp4	c8d3431a70e52ad18d5749ec222b0da5a161ad4feec6e50d0961fe2c0aa57b16	429571	metadata/regents-club/981.json	91212a98f7d1f23a13a9824289d4e23606d63673d60a0f53449aaac237c77ef5	741
982	images/animata/cards/982.png	4b100b24ea5effab753a40e9b784eb1467c599c992eafc3ca3901385cda4b6a6	1576654	videos/regents-club/982-v2.mp4	208964e62209f107a0ffb56544a26561764224796b0fab1934bc00e139b89199	280305	metadata/regents-club/982.json	7491916d85a04ba7f6462ca14f3acd0aaafcacebf3219eaec79a868738caa9b5	740
983	images/animata/cards/983.png	8f9c50fc7fdcdf4e298b2ceff7a0f889a4bb72770b52934ce168fd4bc22fc4b3	2086504	videos/regents-club/983-v2.mp4	ce2176001a4438d1a55331f044db99153b9c4d94c50d7f62131070c144013a43	803538	metadata/regents-club/983.json	d510f206fcf98df84068652168e4a3a7d762f8abbb6251056f98350912a874b3	744
984	images/animata/cards/984.png	eb8be94c48c395561bb66052ec158101619cb1860b9798c9eeaee4a42b5a13df	1678812	videos/regents-club/984-v2.mp4	81ab1a5ff413757a3b89d3a2612e9b4bc229efc0551dd16ec1a848f18d96f3ca	519792	metadata/regents-club/984.json	6e9c6a49383031032fd245f17e0240c877e5b2c23562e24501bcba8a898ec530	746
985	images/animata/cards/985.png	73c8ce6c05eddedb84e000a9da89db0c41eb918a2fd40ce832190564debdbfc0	1870937	videos/regents-club/985-v2.mp4	8794f93744ec91eebf7f27a0ec5c0a193c7013031a7ce57069ebdfdccc90a0b8	533870	metadata/regents-club/985.json	3bafb7c07b9e59a3f88e68ba5459539193a0af51aa0251fa256e270d225c9b7e	744
986	images/animata/cards/986.png	99c20fe256b8414c851b94430746820a3590f4a00b16953477c72394ec352967	1499198	videos/regents-club/986-v2.mp4	5e281abd6fb8581e89a44d9d0884c226b0c09198da8c45d9a7a28aea43edc9ec	201348	metadata/regents-club/986.json	ef7e6229f7c9d98dde5a63c180eef2cb5bb4d966bb218e64c45417056235858d	741
987	images/animata/cards/987.png	0590d7ffbdc8cbb27e64630ed1a2b05ddd93ef96d3d8cb538fe8b6b6dc5a419e	1301279	videos/regents-club/987-v2.mp4	b68ac4e924ccdddb77a0e30ef273945e5a69311f7987ac080e8841b534b5dd6f	188648	metadata/regents-club/987.json	4f5ad05cef2e13e01b53b1f4675cf7bbac59cc40a1acee34042edb0fa124fe49	740
988	images/animata/cards/988.png	8020740128def3279452463179aae57da7bef9c512279f4e0f3a1e80ec511701	3241613	videos/regents-club/988-v2.mp4	2ad14ae25b5713278190dd97b105dbac130cd98674983ae1d6ca2f35ddd4663d	2157570	metadata/regents-club/988.json	28a1570503f63b4bbba1e4473d662d6c2912cb85a58fc9e4f42b6937f56d8057	746
989	images/animata/cards/989.png	1bbb52407be570bfafe015ba820953a461673baaf398238852cdb78d86a16a6d	1458845	videos/regents-club/989-v2.mp4	ce4e957639ef6ace2d1efa896f0a4ea70079e202a7f4f723318af1c4bb6d3952	376723	metadata/regents-club/989.json	835489b51593ee564f0e6ebddc488523a40866fdf4c7daa3dc3ff31e6776c83e	744
990	images/animata/cards/990.png	332f3395435da55dc63ba01a75ba21a667208332efda07f49ceb9284702b1277	1508650	videos/regents-club/990-v2.mp4	b3e6c1ee3090c778d3ff05fa236f5d0297ddd1c0b284e8f655481e817f9b7cbd	246778	metadata/regents-club/990.json	e8516a38573ce872f1cd04008d7af9d4807ab7ac585df4b1ffbc49f82e498fa6	746
991	images/animata/cards/991.png	013f3a6a38590401150d233172737a4119c222e3fd9e72b279bbf335850abe2b	2083354	videos/regents-club/991-v2.mp4	1eb299b299806826a5a03327d9e06d35cda11b552f1c73c3e09f578a91ea956b	411768	metadata/regents-club/991.json	880b3c1c44f01a75515cf92a4a78585949606050836e1d49bfa5b3b1348f1ab1	744
992	images/animata/cards/992.png	dfda2832e15a0b531046ef262b1d49ae421419eccc0d74efa7252ea88d1158f5	1646835	videos/regents-club/992-v2.mp4	9048bee4ba073e3d78cf0438832095212df68fa301fb65d851f58bd5262b9439	409587	metadata/regents-club/992.json	58ac97b81b9f9d128b093eb3b8448a7f276319ff4279629c2295f31457a89397	747
993	images/animata/cards/993.png	61a0e083e7e9499f6e77869c16bbec8d2ee12c9ae721fe2858bf5d0baa2f4d1c	1521308	videos/regents-club/993-v2.mp4	6771d10ed1e88181e84f773da5a8b232d940e361c9700c4d4f9e5f47eaeda6de	241156	metadata/regents-club/993.json	5ee84ea09e38b10301ee860ad92ca1f25dbbde3696e481c00035ec77342dd842	740
994	images/animata/cards/994.png	627e97de8f260d91b249b8646e5529361fc07449e8fe764db362e671bdfef146	1879095	videos/regents-club/994-v2.mp4	8d47f65cb3dc81e92a3eafd0b926a543c8f11b5bfe92139f2b2ba8d272c0a12f	813341	metadata/regents-club/994.json	cbbf777126a0f7464825394671a249e63790e71fdc77ec6b1ba5f42fd7946c5f	747
995	images/animata/cards/995.png	ebfcad878965eb256e32da44bcfe0f006541000de3ce7f202b70e17e24c17734	2596664	videos/regents-club/995-v2.mp4	b24d8e81324716096c41196000a38313fbadb2799dc404cb98f547cac72a5cf1	1942964	metadata/regents-club/995.json	e8dea8f29776390e7fe4ea2413ab63e50e145955937e8a9a9a40cd1f53e7bbcd	745
996	images/animata/cards/996.png	432e9a1e895b15c917e3c5d256930bdb8f52a645630a853184b722b4b51a4693	1726189	videos/regents-club/996-v2.mp4	3efdc59af3ad16547d09f6be5a7d0427add76c4f2b206db20bafd4239b831196	255792	metadata/regents-club/996.json	33793880f7b0aba287a42078917727337b2dac845a4e81d418a8a7944d92ef91	745
997	images/animata/cards/997.png	a1dc3e532eaa6e2bb9a3acdef97b6d5397caa4657206b7502b25dcb77bbd2d50	3339447	videos/regents-club/997-v2.mp4	789cdacdd00bf929ff19b3ddb5be4335a24e591caab421e71659526999e690d9	1573396	metadata/regents-club/997.json	de5857540dbabca9e84c48c0606cd2c7d2b0c3e9d5bfb72cfb695cc8174a6d2f	747
998	images/animata/cards/998.png	94ba6f4c17201e22ac9d3f255efc51da5703949675136302b7aeac43f8ca5a4e	1596028	videos/regents-club/998-v2.mp4	1c5e18ba906cac0cc81227ef85b9a389fcc21bcdee5bdeef8d998a3483f56f0c	347982	metadata/regents-club/998.json	fd50bdc949bf673313d289997b51833f67b9b1388c6d95861b721ecf30cb6808	740
999	images/animata/cards/999.png	34424747f8241b0427e0814bd3a92b9af12ef111173cbe6ae28d0555e01aca2d	1876094	videos/regents-club/999-v2.mp4	712aeffa834dc7501821f1abcaab71509eb049b4b808fe0483061b47a5785729	362105	metadata/regents-club/999.json	9ccd9e7e473b457cef2de946a33603dc12c8259cf6f2756e1983017d5f2f964f	745
1000	images/animata/cards/1000.png	57593ac2ed34419b8f08b2af98b7d0dfc5c58717397703f799ed07f49c2b4f05	2664321	videos/regents-club/1000-v2.mp4	f6e8f78472a45af95cb866243e1a05b4261f5faf1e4c41acd3962c77da392030	1179843	metadata/regents-club/1000.json	852463e6902a59179cd4565999c9501c8524e388479d65cd92467e4dd0bbbb75	745
1001	images/animata/cards/1001.png	34ecba094a87be9d80ed12a18ef3b53d0479d9d3424151a5c53cf65ebb558150	1369006	videos/regents-club/1001-v2.mp4	c58c754cdb616aee22ac2b8092180bef708fd4ce25aa6c0b2b3f84cd81b962fc	168580	metadata/regents-club/1001.json	e1405c7f8f75cbe67ed932a6eabfe719a082e682c7e173bcf06ddd20e814984c	748
1002	images/animata/cards/1002.png	5de51e51c6f3f6fe9b89add3406bac6942bbcf36b88241dbf83ef720a11fb33c	1807622	videos/regents-club/1002-v2.mp4	8652a0c6e1f52d7d57d37af54f3b7a7b329bea227d73a9e59408dd1a6d3e93f5	503869	metadata/regents-club/1002.json	79563e23b29314e82ac3b8623cba407fba69d0b8d817da4c4ae604447d816ff7	747
1003	images/animata/cards/1003.png	58846c7067f4c5703cb72f2a071a50b0133f01829dad0d3cef1d3bc5025ac421	1604938	videos/regents-club/1003-v2.mp4	2ac55e573ee054cf924bc35cd8178ac2c3fdca2ccf82070fbe50ed277cf53ee6	310544	metadata/regents-club/1003.json	2995c54c4af6e1baf0905bf508d99066599f5670a17d1e92707f0ca9540014aa	747
1004	images/animata/cards/1004.png	6b84fd3043db898bffb79096b701dd4a481be89ea3fc53a6991bf8b5298441d5	1535260	videos/regents-club/1004-v2.mp4	8e2d0e7c16d43206dd7dca3cf0d00ec11baa8346c702ce1766a284d23a6fb9a8	382796	metadata/regents-club/1004.json	6c2237a30d6f1be20d25cc790b228ebb5409a0e43076341181f8d67dd970c3b9	747
1005	images/animata/cards/1005.png	1f2510d26a1eb3bebdc7598168a4c9632bceb83f780d94910bec5dd6593ab912	1455422	videos/regents-club/1005-v2.mp4	106ad69a37a071f27b52b398f2903f4bb00619d6208fc629853b344dc3340955	304580	metadata/regents-club/1005.json	6601487ccfb22930e6d9a55a240b192e8cdf1eb2728af1438f183912fd47d20c	745
1006	images/animata/cards/1006.png	342814d81e3b4f31dea1ceb4c28375ccca9a103097c864a2c4f7fe92463bb7d5	2211849	videos/regents-club/1006-v2.mp4	2f49f2dd30448fe8057648c114820eff06be5eb906d2474c22b2a83d1d2fc63c	1354242	metadata/regents-club/1006.json	520824ecac0a6344520cbfc0b7c7392eeb21327d73ce621c350099a7e69dff5e	749
1007	images/animata/cards/1007.png	23b1eb9b67283d6cfd842fce2e9646f342c74f6317353f6b36d29f75f3ec215d	1642752	videos/regents-club/1007-v2.mp4	20142c43659682ce7b74bf060d4fa3ad545c5142d74292a0dde5220c12547af9	334936	metadata/regents-club/1007.json	ec79d48f6cb50f303e370d7b61b65b87ec339ea82d77753ef9fdb9acc65885f6	749
1008	images/animata/cards/1008.png	0a3ab7e60cd2f8d0185355cb00bdf1d9993548577cb53ebff509737d7a95c4a5	1907138	videos/regents-club/1008-v2.mp4	44e4976d197c53194b0f17c2f9c4dd78ba8639a9a049cbde2e44172489465798	402218	metadata/regents-club/1008.json	1cae195b70176509c96858bf2d373cbf13ad224900c1c879d22e3b8537828c65	751
1009	images/animata/cards/1009.png	4f52dd749530afbd939cdd7c1636a3afff6b3a2f44b57426f532d21b41a81882	1782583	videos/regents-club/1009-v2.mp4	fe84f963620a1322dabad386079e2fd22da4ced5010a6c56d5620c9e656fd471	212532	metadata/regents-club/1009.json	9c4ba01e18845a45092440f71e634021704e4f6cfe346c72561a9956e7f47728	747
1010	images/animata/cards/1010.png	bc1dfd0bcecf9b33dfdcb846a9acc5b149e47e86ecf54c934010bbfbea9ecb02	2225868	videos/regents-club/1010-v2.mp4	9c865e8d9522ee5d6d526bbedace9c5954ec041a42341ec2455e1db7e1e67dd8	732204	metadata/regents-club/1010.json	4768e2b4d0dd84e5814391205a7d7605a7ec7510faf4a0c193ebe7e13b2e92f7	746
1011	images/animata/cards/1011.png	9b6fe28acb7379b2391865739ae72df08d66263f0301e08b611ae268880e071b	1508042	videos/regents-club/1011-v2.mp4	e9926d215b0bb82b19046f61d2c0729f8a7439b8cb0b85ad9e471bb2fc78433a	416897	metadata/regents-club/1011.json	31ab5a66f7e4ff61b774ffe56dd2bfbb8829718ed5bd2887af7eec0834a0ce97	745
1012	images/animata/cards/1012.png	878642c72fdd1c136306a81b537c070f1ce0effc8a6d9633c9c595b6fdf18a0b	2113634	videos/regents-club/1012-v2.mp4	5120816dd6a874adb39faf0f8ad989c813e1c0b6c16d1324465ebc67a94bd93f	371981	metadata/regents-club/1012.json	2bbea5d9f7f9a32522194ce4074b91aefb3a1c38987dd1707e5ae90f9f2883f1	747
1013	images/animata/cards/1013.png	84a3009df53211ccf395ea0c006eac875fd4e8228a82c05a56a33b0c683e9b92	2152908	videos/regents-club/1013-v2.mp4	e16d7448048d98f567c7c551b0b9899522423132174f9475803573f5bebc1ea4	542282	metadata/regents-club/1013.json	2a0f7754fcea903663c33c2294d2fbcd90336364c954856323646e0b071ac5d3	749
1014	images/animata/cards/1014.png	b0362089c6a2c13943a57cde17046f7b1f5a7ba14e63adf1a51435dd2e30abb3	2783765	videos/regents-club/1014-v2.mp4	353fad8f8fbb33355843e32a42826466355f5a7c99ae77fc09e0acb2d448e168	1746893	metadata/regents-club/1014.json	3d0c73f2cf8f81f08b52b0b85aa36798ea856d8470a6c22fc9d27a5000df6fc2	745
1015	images/animata/cards/1015.png	34701faa787878aeb61cea7db0b15c743c4efdf5ee556fc4456d1b944bd12e86	1424715	videos/regents-club/1015-v2.mp4	948447b6a577d7e7ca591617961c3facc986768e05eb20540a69cd493fec3daa	222972	metadata/regents-club/1015.json	9a0b74e42f30e93cd79d2d5fedb057ccaba432043dbd8931e3425b3258bc634f	751
1016	images/animata/cards/1016.png	07a4ac205d9ee489c6127c79d59329e156e21d8b6cf9f7a4a48200a13ff54c41	1700373	videos/regents-club/1016-v2.mp4	6c4ee83f9bd4f3ee2babd7b2491956dc08928802db6a63e27f1bea368952796a	525247	metadata/regents-club/1016.json	c9879a94aae8bbbbc77217c31d6bad540eb1b520f49fdef181b3e372190cd0ff	749
1017	images/animata/cards/1017.png	150fb1d5b1fdade7cef774fe88b675b04e95a83452db87293054a59687b82191	1537700	videos/regents-club/1017-v2.mp4	ff7a13a29fc10dd8e12e9e5bcd43884e8197af1c5826276d8a97d98238a343b3	299797	metadata/regents-club/1017.json	025add63b440d1a36e7fe3966d0ac88c638e2e89cc6a954cdc23ba26cae5ffa2	744
1018	images/animata/cards/1018.png	480869bbf4a3d63ca0fbb6fa209337b53ef24b76452c7e60e61327a4b54b4a3a	2800961	videos/regents-club/1018-v2.mp4	fdb418574f8411694d5f427b5a3ba1b6a7c96f2d62d97070ac7910e0b6be15bb	1494774	metadata/regents-club/1018.json	fdf6e9be8f65bd943278760b5fa6ecdf3434bfcd8cfa5bfc2f53f78253f9f0a0	745
1019	images/animata/cards/1019.png	a373cae832b726c6bbba4b5b8affebaa0c63145c89b67f68e8d71996795e7e6d	2223690	videos/regents-club/1019-v2.mp4	d7b812dee46aae3c6870afb6e03387951186b7318b44c6e6e8d5fa7677d9c049	642439	metadata/regents-club/1019.json	b53754cc664b66c148131a2f0712b0f99587e879891ef11932cc8d6e472a5a6f	748
1020	images/animata/cards/1020.png	1bf522c785bc366858849f697312f9488fbc53d601e52e3fc4592854b4782e92	1394726	videos/regents-club/1020-v2.mp4	9076ce32ccfc006081c3235ae9ab0da4682bf01431359465ae19d30946cf95d4	175614	metadata/regents-club/1020.json	20d547be91c382b606349f23bcb81364cd9d69e85082fd2a79aff38ca55f2bcc	744
1021	images/animata/cards/1021.png	dc3b35b2b20b6f89d0dc1ebe412d417325bdff860df8bb9afd5e567ae7debea8	2955835	videos/regents-club/1021-v2.mp4	60adca934ff9f9b7e26fc7290128c3d0509580088ea4c7b917c328e569860784	1601657	metadata/regents-club/1021.json	b45f1f2f0a83699b8bbe1b96e3e0138482ef1461ce111b919904019d61f40ebe	750
1022	images/animata/cards/1022.png	f94830205b548a234c1c190bb3e831c83683fad4ef5c30e550df265cc9d42064	1465197	videos/regents-club/1022-v2.mp4	4fb67b1b9b2bfdd09ee0f092bfe09f343a0279854c41d12d1df8783d7495901a	174986	metadata/regents-club/1022.json	6f7461a46374891702226f1e5cef68cc85268fa8453cca2a2143acc20abc9c7a	749
1023	images/animata/cards/1023.png	29adbd455c55dd40c73318bde1bea6e4bc9bbe321bd117261fb567f8720b191d	1343106	videos/regents-club/1023-v2.mp4	be86794bc061edc8af35af311007c2f5f5b0150e32753b2a4ca5b4232340e9c9	334175	metadata/regents-club/1023.json	19b4708e494704405493a427f635c5cae56cd2412191ded50616d25f7d89c4e8	749
1024	images/animata/cards/1024.png	064025abb6403f892ed3731b6c9a5723b18ae41ec1e9f3a26002b3a8e13c3e90	1268077	videos/regents-club/1024-v2.mp4	e23b0d524a0240b619bb5d36eca6baa13a06ee3c4efbbfc05f7829c61f0d9204	283344	metadata/regents-club/1024.json	7e88d919561d66e5be46326f142fcba3af73815d96c9907e974a43cfd5c65e6c	747
1025	images/animata/cards/1025.png	08a0a97cbcf1ff8588ecc7eb94d970e5ae676e74e5d7b87f0aa7b5919b1a70c0	2241073	videos/regents-club/1025-v2.mp4	1826a8363f41bb2f13cb4fb078f78b522c60e11c2351d1bb75fd2be119f73873	1158381	metadata/regents-club/1025.json	3b00b12bf2b8f524c5b8a98c76f2f76d52a6a6ee332221c24106376c660fdbf5	748
1026	images/animata/cards/1026.png	db1fccbc1edae20d204c65cb70c3289e7777cbeb2beb77d528a917e66f37d401	1676552	videos/regents-club/1026-v2.mp4	2fca10ef76c37b78c5a780d3c02a11cc0d5d4558507b384055f7e88275b20c6d	350965	metadata/regents-club/1026.json	4dc28ae0a66600c2a9b76d8c2c08810bd6d0519b9b1320a43388810d6c0cf07a	749
1027	images/animata/cards/1027.png	bc95b6abb154e995072cd06896ab3f52a5be1e3c4215a8033e8463efe0063eae	1172934	videos/regents-club/1027-v2.mp4	2b267912cf410c7b2a5d9dad61f5d52b6388e4609a49af3cc46d3cb7a6c48ac0	210858	metadata/regents-club/1027.json	a84c30501915805191f99b66e515ade06272f057b458d667734bc3e0ba59f1fd	746
1028	images/animata/cards/1028.png	e6ff9e84bb76cb132a534a24f131c12ae928d474785fa0b4379e2b68985811be	1732164	videos/regents-club/1028-v2.mp4	6b99e89a4e9887f3e1f3df7df800a0aa91e3920b0e5333744bbedd40bf664fb4	472683	metadata/regents-club/1028.json	c88e6c451753f4798db61c51ff463f1c63081f1a46f89b2ec78d0514ca113f5f	750
1029	images/animata/cards/1029.png	b427b2ee4a4a9276c2532a932e8daf31bb9448b02a48575616e01639c4522f2b	1747310	videos/regents-club/1029-v2.mp4	9db4881c5aa314beb5f9a523d474228ec06b3c85dc9dc45c8f5840fdef4c7b8a	420002	metadata/regents-club/1029.json	1cf0e4a20bdd319f5e2a4bf58ff5f876a8fb5f99a061931e6e31f22045997d3b	750
1030	images/animata/cards/1030.png	e5202ee1e4ef2ecd125a72805d82e640a3d2c71e72eb52aa33510decd5911ac2	1632658	videos/regents-club/1030-v2.mp4	8b65c83e0376adf5819d17854f4757d6bf30d345b70c2c6237dee68489354392	613209	metadata/regents-club/1030.json	3e0ec03ce99f8d33f4fa477f2c38acc8ef91fd65edbaf5a4f667d7542382e146	747
1031	images/animata/cards/1031.png	ef68cdd09de9c1644d0baf8b75e47806da7cc724a740159970f84791282f74de	1413155	videos/regents-club/1031-v2.mp4	eba0b24383dd3c22a7a2d7cf5fb8cc234c4d167478817ada10e971b73a2175a6	381453	metadata/regents-club/1031.json	8a31e62f52368b03105246d2d0197ba700441587999518a4a041d5678f44e476	745
1032	images/animata/cards/1032.png	af486a8cf38968631f84710ec7e92691183a717dbcf7ff234d7991507be98a9f	2071942	videos/regents-club/1032-v2.mp4	21d6ec3d947c64bd70d705044a64e190967989ecdde2fe866f556ee78c1dc2ab	764634	metadata/regents-club/1032.json	a9b86513e3db285a9764ac516c02096951f91bbd1e2bc0475d45432c900896a8	752
1033	images/animata/cards/1033.png	4a9516488157853c5949832aa6c5cd3fae43770ed4b1db12e26bae89517a6633	1637581	videos/regents-club/1033-v2.mp4	d77266abe22b1b4d0524eefdd61b6cddbc868e7b6b61910c90232a8da5698f96	380621	metadata/regents-club/1033.json	070f1812a5640635f13873b2ff9de8e07a0ddc7de1c047d2f9f531405d0ca7db	746
1034	images/animata/cards/1034.png	f73ae2c1dc8f49e6eaef55b7d370c481b086e9c0dd6dc14878233905044a6050	1363894	videos/regents-club/1034-v2.mp4	ba966a6fbbb604fd8ade344c99e598ce43255952965629978c6e244dddb10a1a	291604	metadata/regents-club/1034.json	17bc8080d63c9869122000dd39484ca3776060d3541793685820e20970836743	745
1035	images/animata/cards/1035.png	6c14525d70672842874c8ca7b2ccbd8ece60ef12c5f585e60a528d76c91d910e	1670934	videos/regents-club/1035-v2.mp4	98319bbe700c270dd8c25f3b590f8ae4e1b7fd5bbffe1bb56127d331f0ae5779	469164	metadata/regents-club/1035.json	b711d9c3c5a907fed348ba7505cd99838b12e28862ff3261bcb54b63e812022f	750
1036	images/animata/cards/1036.png	33609e30e83c3415147ce89a0578d4a0ae4806ff430067d3460226d8cdc6becf	1129363	videos/regents-club/1036-v2.mp4	e8189e38153c6b4e94dafd5b585636da156c381593eb1d99230d3b89622b47b3	354318	metadata/regents-club/1036.json	aa331544e6211f4c95ba290131080dc9ec6235c5846d541c0708ca56173b8ac6	745
1037	images/animata/cards/1037.png	ace34d1737b253291216e07c084d63f59f2f393a41b83cab7a46c9e44e044c96	2426467	videos/regents-club/1037-v2.mp4	5201ad3e34f8934a01a43d707ec50be222ae6a07a28ed702a728b90b3417382b	1798011	metadata/regents-club/1037.json	c72f53a88d7a4bf0628b4c121b9b4e1600fc5fec62fce7ebe466ba4b8b9fff4c	749
1038	images/animata/cards/1038.png	3b12e6fd737a235ea52cb5d91a24fbbf3fad0956d0ef21cc634e09a21330e594	2638926	videos/regents-club/1038-v2.mp4	61b336cd54f2b3e7b7317d4bbb1e1ddc81ecb1a1673038de5bec8a38c6eea014	1713954	metadata/regents-club/1038.json	10fdc0ef0052998a5659ae24dc10a8f24764655faef9e79a553d4aa83e4269f1	747
1039	images/animata/cards/1039.png	7a2bcce3574d9d53d3d3df850d1143adb07f2823fcfc7d29342da71ff8406a0a	1453267	videos/regents-club/1039-v2.mp4	a8ff363d47317a3268efbe3ed7e949899d25719a1d558d1415a360cdc034a6aa	194734	metadata/regents-club/1039.json	1e789dbc0fe6f7163ce84265bd96c5916ec478321397a8c573f346e09f46301b	746
1040	images/animata/cards/1040.png	05db9a60d1a23174ebe2d296c631685676b33146490398d4e4aded9da68ddf81	2465620	videos/regents-club/1040-v2.mp4	5278b6c515c792ac19cf5b55a7d6b8414329183f27c93fcb27cdc93654c0b77e	1404130	metadata/regents-club/1040.json	1f2a2a827cd1b8160b1cd20fa2ed45ee9396d215ad4a291613fbb98d6579ddbd	747
1041	images/animata/cards/1041.png	50de8a4c75181d020fd36ba14d8c83caae660885566a7ba61b20891d617abaf1	2333194	videos/regents-club/1041-v2.mp4	23e26c838388ec2fc06d7a7b221a14040921453332d951d12eb02c32d8657be5	1006506	metadata/regents-club/1041.json	0ab89fa32d196a2737953271eacda1f24b9e07cc856128db6f55e2dd13280b9b	747
1042	images/animata/cards/1042.png	ae1f499ac344489af108c2b6b9506e9baab3dd62ad68f8985c12656d2ce4666f	1915064	videos/regents-club/1042-v2.mp4	4c6f97a2aaf4f5dd7e7115801405b22acfa860dae1a617aaa7428bc8b1ac2e87	608425	metadata/regents-club/1042.json	9582680361171ff92f1153c9582452481776b1e60a0e489719e1572f4e290d4d	751
1043	images/animata/cards/1043.png	9f93b59aabd55c0869da758e7617a413cf0a374a528509b4eef0e87cec673e37	1460888	videos/regents-club/1043-v2.mp4	8f1b919ecb72d8571a3c05ce98e38b9ff5d329000f76a7a4a41374fac7fdf839	274955	metadata/regents-club/1043.json	ae5dafb17bd3c10e2463814a940910193fad9db874c2e5b2afba2bff5a29dcfe	745
1044	images/animata/cards/1044.png	cff6effbc7aa39fda21f9a8fbc06cf7008c1f1a2806f4b6436318ff96128e016	1439543	videos/regents-club/1044-v2.mp4	05f587c9ce6e0fd224a5c873a7830bda940531af9be567429dbc654068426573	280322	metadata/regents-club/1044.json	d65a91fbba73934d82b6c278708d69048b63fb9ac62b97da4574de627c771939	743
1045	images/animata/cards/1045.png	53c12b75bf4c61df6954edada75d9090c09f04e62b3a779fc93bf49ab32faadb	2458936	videos/regents-club/1045-v2.mp4	58155d3327325247f0de955b76e275aaf583808b54dcbd173e0d665398432f1f	1217836	metadata/regents-club/1045.json	31fad5bc0ea9046279ed01df602aa91900f0417380e87b38f5129b5bd09e869a	747
1046	images/animata/cards/1046.png	b9ecc9a0cbd862a1615a0a791993a2c8df393c5eed369d430584a606abf4786b	1435702	videos/regents-club/1046-v2.mp4	1a02ca8b75297ce853eeb7d827747fefd76c32a14ff2358b1c3f4833235fda2b	370155	metadata/regents-club/1046.json	69662cccd04a046792af4edba0466ad9d6e856b9ce2b27b8518b5f72f43bf414	750
1047	images/animata/cards/1047.png	0da3b41d9b57f57d511323f6b1104f7a465b7d003f6352929044600f77fc4327	1959562	videos/regents-club/1047-v2.mp4	d7f86e46ee004c73f44dea585dddac72d0ab9d392b991ba1a2ffdfd47afc7bc1	528851	metadata/regents-club/1047.json	29ddd4d3801a870000a57944a8aeca5415b233e8c8e781e529c73cc3c6a568c7	750
1048	images/animata/cards/1048.png	7054a3d9f221e10d4fb12fd970cfdf4427195368bada0171de3deb8da5c1bbe5	1899662	videos/regents-club/1048-v2.mp4	af378f15da469efdc716964528daa64aa35686cdaf2bfafcf19324f8fc867477	329651	metadata/regents-club/1048.json	69727e68c96049c91b5b0f063fceb165c1fb3d417451e141d0ca27c7bcd78984	746
1049	images/animata/cards/1049.png	5933f786d24b308fa033dbb984b54ce0869f86a85d43baab2cfe18438d161558	1825733	videos/regents-club/1049-v2.mp4	892cf29dbdb1f4f8d5c8123c814f51c275fef63b4e6385d2c204eced509c556e	311468	metadata/regents-club/1049.json	5a7d542517b45db9163f645d1265e359a820a2935ee31487540f090a21ea7cca	748
1050	images/animata/cards/1050.png	61a444762c5d5e1d743f661b23185e33fb09f7ab5d6456c3ffbd13b1801197c8	1808364	videos/regents-club/1050-v2.mp4	83df12a3b9754fdaabaaa77c77fbb698b242e3cec2b349c96db731e2bc291c97	609956	metadata/regents-club/1050.json	a7c9c7c63b7334b1ca1078937dc25f3831ff55aee872f5409732776b6ead9ca3	750
1051	images/animata/cards/1051.png	0f0c0ff206c24a9220b77de9790961b18d6018b4be845e91febf06acbf137ec9	3507854	videos/regents-club/1051-v2.mp4	65407c59095faf310bd141678f02e66afe049dc03cb0948c188d0c485d0710f1	1733544	metadata/regents-club/1051.json	4596d1d6df0622e2be3121ffca8f8fc5ea30473a4702e05f53101b14011c80ff	748
1052	images/animata/cards/1052.png	0af3653c102512a44868fcdf805e7bf7dc0c71964ddd17a829e3c4170b403963	1985228	videos/regents-club/1052-v2.mp4	5eb72cc5c32cd516593bc450efd841c55b14845626320686c9b39d8ca0d25bbb	417784	metadata/regents-club/1052.json	40ee59ee6c776d75d934986c8b3288962cfd9d34000d840e86da1c758c4f53e1	751
1053	images/animata/cards/1053.png	6004d301ac111c5f6692a2c16d95ede075a79c186f93a2e4a2c5fe424c180c54	2135850	videos/regents-club/1053-v2.mp4	fb89a9fce4cc13aad3b8f199020384c5cf7355b83358700378d96e646cab9490	1021022	metadata/regents-club/1053.json	31458f1cbf8147b7b08f7c370816fdc5a3afe850df9c607b7b523269a830cd44	748
1054	images/animata/cards/1054.png	f143b57a6adb02ff439a180ce5e1b08d9040770b0dc1826ffab2d1f75de0161a	2392979	videos/regents-club/1054-v2.mp4	a13ff8075583391a1cef2db3a7ad222cbfe7bf9e850828cff09a278ec2127aa5	801577	metadata/regents-club/1054.json	c5d3db7d7be6c7beb09c99ddbcf7cfd1c769c7953263f8a5d2373d546c6f5f1c	748
1055	images/animata/cards/1055.png	29b1a373ca381e837b2fae82c9cdc701c1785d34800e5742cbb3c0e173a27560	2186719	videos/regents-club/1055-v2.mp4	07428af7dce90b66583243c50e1e7c079da5082c6e695f569ae00f237a0c98ff	1249351	metadata/regents-club/1055.json	084bf628da0014a08a05178d4e61b5c23618e090c002409d15ab0e0a474de76c	746
1056	images/animata/cards/1056.png	5bfe676cdbddf083f8feac830f88071838070a42cb08afd39ba07e6058311c1e	1854205	videos/regents-club/1056-v2.mp4	dd8254d3af6c677f5eae4bcd56b41c725e8af735f5af0d2eb2fb46e32e11047f	350781	metadata/regents-club/1056.json	6b53f5e1e008f99425b67b98fef6eccb66fed800606691f3c62752aef9096556	746
1057	images/animata/cards/1057.png	1b7b5641ff8d9f020d2e901540e1a64dce458952f76bacf64a86f55ffa7c99e1	1644026	videos/regents-club/1057-v2.mp4	19dab572118111ba7fdbde13cdbe6a1d4aa3e1ab08bfeb37d848d51414a1feaf	560953	metadata/regents-club/1057.json	b8ff864d0f05f3d9794a8cdd2e1a611edbfbebf22a437aac933ec1e21be2f8c7	746
1058	images/animata/cards/1058.png	de0904cd9bdaf2bc1e46a023009149ad45831143aca4d6ebe3cae1f4ff2257ed	1783555	videos/regents-club/1058-v2.mp4	76320c80e8c3fc2514597866c54f593450d1b441af0bc1170612e98a3b35dd9a	301138	metadata/regents-club/1058.json	e0fe0a014eef2a0d3c59fc967e35e39a0757ce9791360fbc8038987f533ed849	747
1059	images/animata/cards/1059.png	cb50940b7dfe21e4b20a941fecbc77b3e39363b3452e09855a0ec463ce91040b	1555998	videos/regents-club/1059-v2.mp4	7d7b35e76a3af4bb2dfade0bd05a7d2b2a0e95c9c2fc94cf1fddb0605e0a5609	447960	metadata/regents-club/1059.json	5be2b4859c97a1fbb4222b7be7cb7a0cf779296a2032b9ccd982783d8e502e39	750
1060	images/animata/cards/1060.png	e680206eafbe1bd0d73142c707dc35f6fe4a5948012fbbd678c4f03302a978c5	1689930	videos/regents-club/1060-v2.mp4	55715e554ab29b016cb78abc89707e91b1b18d63ee4f215741f32b18a2fc72eb	299677	metadata/regents-club/1060.json	faa4818b1d9afc6a33a71bf2c0ed4a7718bf2ef02044d81fe3edd99b6561599b	745
1061	images/animata/cards/1061.png	68e524bd15edff88dcb2153e60c359bb30c0256834ec58ac2f86d999fa38a3cf	1802677	videos/regents-club/1061-v2.mp4	e87da90eaaa7ff190b8023a305ce73ebf5eebaac3437924a2c9517650b35f59b	366691	metadata/regents-club/1061.json	41c016afe9e8d285eeb7d6dddad0b9587c28e09e68da60ea997ee14e65dd6b9c	748
1062	images/animata/cards/1062.png	6ebab8aa7405157fe7530eab57e07099af2de1f3b048b0f1ed2c547caa155950	1385221	videos/regents-club/1062-v2.mp4	04754f7a3c87fa4474ad96e4c5034d8a1eb457936b54decd39e1fb55a8edd84e	290932	metadata/regents-club/1062.json	0709dd5f5dcb39710991a7e45d2de13c6bb2cbbbfe38c7fb0fd90c23e5bfbc6d	745
1063	images/animata/cards/1063.png	7f943a1065c217d71ca68ec4cadbed53ff4cf539390cacaefba1fcafcbd5de7b	1615220	videos/regents-club/1063-v2.mp4	8c65bc81aeceac15c22b3e10065a1016bbb613d6a06c4c05668e76f80b2d8671	439140	metadata/regents-club/1063.json	3fb6f9c56828135f33757d2bb487ff00569beb8e4a2126ad3aa50d6543739acf	746
1064	images/animata/cards/1064.png	032b79912687be988616ff92e3c6f623bf7e320bbb6e0d8928b71c3e31afbfd4	1447207	videos/regents-club/1064-v2.mp4	ecb68a8dd09341eda9a6fa643e0fefe48c30c226ce365e5ecb8a313572de5e98	319746	metadata/regents-club/1064.json	c825b11e5acb14cc70a591a35699704e6bfa23a6cf662d862b79e2c703078c76	745
1065	images/animata/cards/1065.png	66cafd458e18b51cd2f1658feea9cc83cf891009a594f108bd0a43f8b1296e7d	1350822	videos/regents-club/1065-v2.mp4	0f4a193e74a9b1668b6021937c9f58f46aa823b0f79c8360c4e2cc93bdbcfb75	249778	metadata/regents-club/1065.json	0e854592b6d0a4897a54542506bcbd437ae3ee271b1b6681937edc722c90dd12	749
1066	images/animata/cards/1066.png	8421a0cac47d1d11176f2e7675346c0abc3fcbf3b0966e80b3f1fedb2e3f8d46	1612280	videos/regents-club/1066-v2.mp4	39ed01a3ae985a28fd57ca9ad50dc46935281cb83ab03bc338a432b0758104a3	325240	metadata/regents-club/1066.json	5fdd7c918768acccc646438e6733dfc55f2e09649cad8ef1eb659e6b98d201f9	753
1067	images/animata/cards/1067.png	14cec656092ffc2cb959b44708fc3f2c55d97808b6cb874b585a99d7d6f7908e	1875235	videos/regents-club/1067-v2.mp4	d24d11b1e35ea7fe4ed1393f3701ddc4f827e01506b25ef3e6ec6798c5dcae99	855355	metadata/regents-club/1067.json	277356a351c4b5c34ffbca176a9920264933159f79c471b9544ecd8c61cb594d	751
1068	images/animata/cards/1068.png	b09c9bf033a7f09330b09d0b1d47faa1dc59f2c570eee1e32653786c674b7dc8	2088824	videos/regents-club/1068-v2.mp4	3e19ac9c5867eaa550f59a05d889d39cb9dd45992845f46d2ab6d7e65cc75389	889589	metadata/regents-club/1068.json	717a1d86fdf1831e9e555a9d32b7d77531cab6c9507cfc4a1491a45c97005b33	746
1069	images/animata/cards/1069.png	b36fcd568641c15d07fa803a96eaf16a1f319eb0ddc2dd6de5d04a54de47abf2	1500970	videos/regents-club/1069-v2.mp4	832f3d125eb2afb8ffe616bc68a36e9ed65e39bc795f9ee62c14dfe354a7ff08	387404	metadata/regents-club/1069.json	da1f6729e1ba81629a8c8cdba19d79d0081ecf46e570fed2720bc823c6751609	750
1070	images/animata/cards/1070.png	571a7bc2ebdcd7872c7f1e61125014e4332964e535d9d9d16e2c6df21559d9d8	3534214	videos/regents-club/1070-v2.mp4	9c5750c13919d21cbdd0102a7cdd9f9fdc21755d803fb93ebf42fe3195bef6e3	2457913	metadata/regents-club/1070.json	040b063c05ccb39a553112cc5ff3eb11712ea05d96160e4fae47f0bfbc9d6afb	748
1071	images/animata/cards/1071.png	1aa88b1fa98f2e4dcf1fa23d38eaed9f41355e4429cd616aa47ab47a2edecaf8	2508731	videos/regents-club/1071-v2.mp4	3b20543ae399da0e94d12f5180b70911caab78363436c66b1b28373cd4aa5dfd	1489230	metadata/regents-club/1071.json	c8b786f540d994631853f39a9680761bf97d68699fbe367eafa767f5abc061de	747
1072	images/animata/cards/1072.png	525b19d3a2650d80887318193c4d56adb81a5a4913a2a35a610087ca9b6b4bd9	1872949	videos/regents-club/1072-v2.mp4	61889be01c405d1f9c6d85957682ecf93de590e24812b9b09bce8a84fb874b14	633071	metadata/regents-club/1072.json	f144e91a46be20c86b8754ca7b75b8db30076d6abd78e1dd9f14497fc263c04e	750
1073	images/animata/cards/1073.png	d6b2e7ef2d702d1255b96041d13c11c1b394c10e24bc6455eeb69ac97b2d70e1	1580133	videos/regents-club/1073-v2.mp4	510fdd9059ee84a36b7e27d831e6661ae61224857f2fb0c7e6732110f92214e0	388050	metadata/regents-club/1073.json	4d39077b7501ecf1868e76732603b2ae1167eca6a194d7f28b1a4d6b79a4b92a	743
1074	images/animata/cards/1074.png	f3c95728beab32df9454c82ae6994a2510e357f4ac63b31407a7c1afa991be76	1602631	videos/regents-club/1074-v2.mp4	92d1705ed589dba0fe94303f1cb61ca106c0cc97491b5d18f7a04edccd472253	724143	metadata/regents-club/1074.json	2c07372aafadc0385d9f004cdae4163b05c02f4714d2b58dcfb4e9b2a6ed2fad	744
1075	images/animata/cards/1075.png	c730b7c7d39c59bf0464938fa3ad51aa68535a1e556e360554d67881301ab8e5	1564023	videos/regents-club/1075-v2.mp4	0240f6bf57deb5aac34dafb048a454b0fda679ab4e8d4088292de80f6ba99ea1	449977	metadata/regents-club/1075.json	52ae43746a0bb8536407d7c153a9110aef09d8a739c337030f6c305a9981d5cb	751
1076	images/animata/cards/1076.png	aa08c880ff74f324dece5cd86aa41d99b50cd6cbf778767ddce70a758afd6e41	1815421	videos/regents-club/1076-v2.mp4	a07c1785639cb6cebed7e939ae3db823f20a821622a0bc3ade2a08d211401aeb	409068	metadata/regents-club/1076.json	f710c1d212152373fdd439f0a1ba18ef5609a40fc2db4089ceac1cdddfeaff4b	751
1077	images/animata/cards/1077.png	f5a93f42973ed55b9b2dc210f6b28db96c0298f077920d442b1db06907570af2	1677572	videos/regents-club/1077-v2.mp4	8b718d1965d0f54af5d25d3b40a852f850cb3ef490e735b492a6788ce3ae0237	303264	metadata/regents-club/1077.json	f9f524e8cf470c643c2e163e413fb4de8c5a0a5fb306c1c1ab8897e9a1a1a8ed	748
1078	images/animata/cards/1078.png	a0a33bba4b071b1135f7c8154e444ff14c1d61327dfb491d44af47b6d4cca96b	1678569	videos/regents-club/1078-v2.mp4	4e6bc4587b1a9de0a2ec3fa2b68de19745f642470efddfe0d978f5a9acc4d6f0	447673	metadata/regents-club/1078.json	7e50b8583e38eeee6e79e19d513b9b23b03f56da5027e8966d7c0413396e2819	749
1079	images/animata/cards/1079.png	42b1c41fada4cf8b54c4b67e6e159c126885f88eec673a3a6d521cc7aab875b3	1392648	videos/regents-club/1079-v2.mp4	b792375d814e7e224b91fd0c1a5f2cd3a72ffa006ac0fdcbc79b00531387be79	379539	metadata/regents-club/1079.json	ee7def559b41653809044a61c6c7db69fbdc81c07216b2ef397fb71be6dad910	750
1080	images/animata/cards/1080.png	caa47bcba43c4786792f6619744b2241b18043aea1cb73c49d1274545b8f408b	2115205	videos/regents-club/1080-v2.mp4	be324f3db3ab06635f66a6dfaf3ce9fedd4458e000ee54620a076c7910507d56	925854	metadata/regents-club/1080.json	ad2524e65c24ccd7f75d70df5f280102ebf22f5856e03715f4ede8bb55529699	746
1081	images/animata/cards/1081.png	fd04b879cba106bad2b495ab0128c226c45d7cb58e8d3687086762698b40b4b0	1528199	videos/regents-club/1081-v2.mp4	4f52b3fe65f628e4842c98b5b95053a53514466c5d1f7c8dd6ae3bae7caa8a2d	404113	metadata/regents-club/1081.json	7dd779959f66a620a7257242a94e7c3a2e2a42a99c49ef66954aee3eebfb4695	750
1082	images/animata/cards/1082.png	194c181159cdecee9db0140c55133a43d8544d0a686130c7b150967372d13554	2361985	videos/regents-club/1082-v2.mp4	6bc5cf18211553ef944189acc05cff9adcdeb2b5d70277ab167e25dcf086fda2	786439	metadata/regents-club/1082.json	266140cdab4caa4f41dad5819777c55a0e6b023d0efa693ba359b5a9c7798fa8	750
1083	images/animata/cards/1083.png	b5c6f032e8900a54c159dcd1e48cce8eaa6d4f1cb803d88cbf8ba7e987ad6886	2410301	videos/regents-club/1083-v2.mp4	77df2fe7a7e21b24d3f04edcb859a57f7911100957b53019fda072a054693687	1172000	metadata/regents-club/1083.json	755cd20ed4c28abd1798aba6783f0433a5fabf2f356aac5ef6980b2a250337ca	745
1084	images/animata/cards/1084.png	302fd83b0c246b24db04930e292da96dd13aeca7e682b9030fabc01a63e08328	1575044	videos/regents-club/1084-v2.mp4	ad9f3112e3710b168b2137a781dc6d4c6ccd0b594b1f0d226b5201d4cbcbe84d	441664	metadata/regents-club/1084.json	45aaf888977db4328203f944370b0d20fb8167acc8422a59bd83f77558a21ab3	751
1085	images/animata/cards/1085.png	ec6311a1904e344fe1df6308fe6d294e6e7794798821313fd80f06cf2f88e62d	2817889	videos/regents-club/1085-v2.mp4	f8767590ccacd476a99990ee48368535e4c946d9c8176ddd5122e851685b6592	3539966	metadata/regents-club/1085.json	9fb89052c728f3c572428b4a7a134cb082cace2b24d723caa74fdc3f140b765b	747
1086	images/animata/cards/1086.png	ef0c2b2d8d3c3eccc9b3ee4605e59bf284f4fdffb498532a2e558c3e6d508215	3004759	videos/regents-club/1086-v2.mp4	07d7bea7f5ed5806308346f831013657fbd4a7c3ba7015466e3451012ee935c0	2012338	metadata/regents-club/1086.json	5575a48f64c3188f9653fe2d1103e5ac62c80618bb55c9201880ba5fad9a3611	749
1087	images/animata/cards/1087.png	c1796e9a2711f0bd9605dc14a31d67e9e886fdc50f5ae82cbd5bbc67e074ca35	1470516	videos/regents-club/1087-v2.mp4	be6627390c47aeba0fa064245c9d6bbf256c2375306c472a5e95d4122becdd19	325058	metadata/regents-club/1087.json	88b4a5bf13bbaf3083e6a07505f2c3920c16d2d98c0b0bb794a56a062a21479d	746
1088	images/animata/cards/1088.png	6e4413ae93c368294a1d21cb40d04ccf02282c215ec167118b9810b07c9c1624	1463508	videos/regents-club/1088-v2.mp4	8036eab5b7a3909c0c064c92305197af8e7e76a33a039fc7d5062a9196164262	260159	metadata/regents-club/1088.json	135f835225df2e5400530f9bf325559ea41505a4f6abbe027df518a75190a3f8	746
1089	images/animata/cards/1089.png	aef5e5891950cedb7c03f1968e0cc864b432c94628dd1897d5830cbae7063249	1699476	videos/regents-club/1089-v2.mp4	c0d52714d7b8ab769ece0c94c6e35646926248ae4e6b3b0698d7f3db8d54ebf0	431984	metadata/regents-club/1089.json	fc940dcd564c7f7e3cc328b90e067a828851311a7333e53ab3b38a8f7b887cb1	749
1090	images/animata/cards/1090.png	b48be1eb87b7f303865c3bff1265fab15cc33edeeee33bdd130d17c3a909e914	2983577	videos/regents-club/1090-v2.mp4	5521a368a2bce4803c0484df7f4dd170a38519edf55c087ddd45d4fe737df673	2360933	metadata/regents-club/1090.json	134276d2e0965da82e50f3fdc3c910b92eee3c7942cef49554fb45e2d78272ef	748
1091	images/animata/cards/1091.png	d5b79a8616f0e6300483da32b546cace9a3de06588edbda2a2e33ba9e65230c1	1474059	videos/regents-club/1091-v2.mp4	873511351d207b173cac3c5667c1b869b739588b7dce203851601c141ec2acdb	492688	metadata/regents-club/1091.json	1130d99e5d0eacb045cd92bca81a58ee6e4aa27a51f8dd1d0c57707fee459697	749
1092	images/animata/cards/1092.png	de04a95733f93564d1fc258d96cf281f20677ca87118a05497dfda8ec9bd57dd	1586197	videos/regents-club/1092-v2.mp4	ddfdd6220260aac00e2bfbd7ca2a3b4a39d88acab2c269cf412f8402bf3ff550	537054	metadata/regents-club/1092.json	5e5b7c670bd54de644d237d7c87e7600f93df0961ab39c3aca17bcb76292a8a3	749
1093	images/animata/cards/1093.png	4f94f5a8fe777b441a9c2a12470709443abb43126443ce2f75cd82e439596eab	3917120	videos/regents-club/1093-v2.mp4	8aa57b2d9249ef364b71d956d03f8a88228a63207b17ba17f97369e16d3606e3	2596561	metadata/regents-club/1093.json	22f6a6420d4157ee186483456a3739f487bb96a4269e920d94e2aa8990b1a4ec	748
1094	images/animata/cards/1094.png	9023cd83165f346b3ae03c46e0982cd7ba4ef9a1f1a1aac3439a639ba607ec70	1669242	videos/regents-club/1094-v2.mp4	fdd14f54f9a6fa9a2de265ced912fa44d6e8b301cc37efa47bf5dc3b4a173472	544912	metadata/regents-club/1094.json	0f28cce52a5a09d1fa43d4a5b269735d09ee7c5e64bf1456264484ea1e944dc1	751
1095	images/animata/cards/1095.png	136a5f26e7c1d8eb2d5f86da8986fa3818467c804f98fc7e406a01ffe0a25fa2	3600687	videos/regents-club/1095-v2.mp4	49d04f7afe9bfbfc47f0c7bde1fbeedd6d166b0f2184b4f607a21f5dc26de603	1643684	metadata/regents-club/1095.json	1826ed449b6fc59ca13e83cbaad6f19a4f562547ea2cc5368ec2fd52a68a9215	749
1096	images/animata/cards/1096.png	06f600362685a2c49d47ca5871517c98cca4ff3906809374dcca49f15a6bd9a5	1671388	videos/regents-club/1096-v2.mp4	0d16489d580b63c383f98024aaf536abd7b675cfe845a4f63097632d4deeec25	583865	metadata/regents-club/1096.json	6b91b1f908b3df49d3d1744789d7dd696d04076479837fad4553c654fd4857d5	745
1097	images/animata/cards/1097.png	ff79382eb53f6689a0af8e1977ba7ce642b17e19d4874125872887b3f710be04	2217067	videos/regents-club/1097-v2.mp4	7f15e7117fdc818ab05d13620c654dec6e6da950c134cd65d91db80e5c1606a5	459985	metadata/regents-club/1097.json	71b3619bd6cb18b143d466ac1531a9dee9adc1385bc78acd8c0db17802a746fd	748
1098	images/animata/cards/1098.png	dcd2362ec7f2f35f2a33042a5361fb88fbba27a1f2e2571ea028dc53628731c1	1215940	videos/regents-club/1098-v2.mp4	0b1aca9a9b16a3c8e64edf2e59ba4f1a352b3661cf3609fb707ef2315a80afa3	323024	metadata/regents-club/1098.json	dc5f6a25032bf8a38fdce5e6671de5be0e1f299c42c89b84f7e0c44d86a77620	745
1099	images/animata/cards/1099.png	a3c090dce453b6157eb72dbd56403986a2cee68364ce99e964059b2a865156da	2217857	videos/regents-club/1099-v2.mp4	c6b50072098b9ef5690d0e17007883586597c1372b16c6eed3cc7f4104fd0bce	739379	metadata/regents-club/1099.json	053ec586deb96a69997684a4d13038e2c52276f35e86325eb3ab3e243433e694	747
1100	images/animata/cards/1100.png	45c62ef404c33266cc9c37f2975e8ac2e4ac53de27e9f8448cf4c8a9f986e360	3299923	videos/regents-club/1100-v2.mp4	0927049997ead8a7cb66ff652d638ca96ba6471ab037c2053eaed83628bd7313	1412250	metadata/regents-club/1100.json	e58b87247604c1e06a2813015fe68204cd440001c80b950e866bfbf1f4ed3b3c	750
1101	images/animata/cards/1101.png	6f2b7bdc0a3fc9e9d91f19f04cefc138c7872e96288c8ecc279704d10828cc61	1461786	videos/regents-club/1101-v2.mp4	5e4ad07a79a1ab2fba81bbff8c55dec95aec9ea63d21086a1ddaf0a86bcc4407	228057	metadata/regents-club/1101.json	54be09a41e16b7b74dc88fbb5329cc83fcf2318a4d78cc4089e0088e33ac2cf3	745
1102	images/animata/cards/1102.png	49036174e095737e3a53a853916c3f830d11f7f9597908aed4ba08e054e975d9	3514809	videos/regents-club/1102-v2.mp4	96d778ed819c84ba0677b6c0ebfc60e57dcde0afefcd4cbdaebcd0154e05d52f	1883002	metadata/regents-club/1102.json	88d462603991c2d908117def647ddf556f54d2a0a76a24f11c54eb996b699daf	748
1103	images/animata/cards/1103.png	6685017f2bdaeca2ef653f9ef0b649fbd664595024b764be484f18e656ed561e	1564606	videos/regents-club/1103-v2.mp4	cce7a65cdae81d4c89e231d22a41ce19956614f27bd4371c65cf71dec0f5dfd2	366923	metadata/regents-club/1103.json	3d8818f303d1220987af3c66d86dcea1e3a72d807f0efe22ac2e5c65d30d8712	748
1104	images/animata/cards/1104.png	1c1fc5bd8b32db43c2da7c46e8f26cd412543e5a111bb39a6a4fcad3ab517f7e	1715092	videos/regents-club/1104-v2.mp4	9f13e2e9192213fe6cafc01a29f263e49fd943dba3cc84cd46264a1d08eb2468	588459	metadata/regents-club/1104.json	32959065aa99d7facdf10f0c8e14149e245230e884b2a8cd2c2056d24f59f9b7	748
1105	images/animata/cards/1105.png	90c244ec6b4b8d8628a9d9e63c4c3d9f5105fef87170b6c3fb5534a348d2568a	2097526	videos/regents-club/1105-v2.mp4	3d7d11b89ac2df5078fa5b4b85b6e6b5e7ebfd28b5aa487f8114c3ac51b5baba	855198	metadata/regents-club/1105.json	6058a6fe58082d5e10d277dcf1dec69f65da83b382c9e10ea2c9b3e01a43edee	752
1106	images/animata/cards/1106.png	c988c835f3c02de15ffbcdeee9298a632c53e75b072e0e5d33c8ecd39669ed9a	1428722	videos/regents-club/1106-v2.mp4	b9659e58384be6036de25a5bfc7566adba9736ca598b1026db3c12aa23a0ff5e	275603	metadata/regents-club/1106.json	0b713bb5c997016a07a9c5b2fec32a61c443d2f8d367820e321dc4c5d1df6738	750
1107	images/animata/cards/1107.png	fb97b5ceac0df08de3b1dc1ccfe5ea51c87fa62af1f069ca5f59d882066c2239	1300279	videos/regents-club/1107-v2.mp4	5f1ee5e9282ca301e87157f386d592b1d8e6f4646ccf075b4dbd5fd1138e884a	310091	metadata/regents-club/1107.json	8533ca3004475b8c4dfd98845040e173c9586f0c97260eac58fb24c8e2f7c0a7	745
1108	images/animata/cards/1108.png	a409880c705b95a33740acf1b2e2f8506f1fd92cc8093ac720c488738337fe1a	2012882	videos/regents-club/1108-v2.mp4	da47c01fbd4e04a5cb25fed741797585d62390f9d571f451998ae148cb883d64	768589	metadata/regents-club/1108.json	e3a5c010a20e7a0be66421465439ba0cd046c20305b2c796a8291c0346f97f12	750
1109	images/animata/cards/1109.png	befa586f0e276ebc689192a55942a16729c0028f2ca6c5e5830b2f126e82b6a8	1591871	videos/regents-club/1109-v2.mp4	00a0599d5209eee4a6e5f6af5f23cb1710131f44dbd298c88fc4a3a0e01ea484	562862	metadata/regents-club/1109.json	b3f737e6d3ae7cdb0fe3e176cd10e1086c842e8447603efa87f122bcc6b116d1	749
1110	images/animata/cards/1110.png	e8b01585d3a6bbea38c2cc6fa90524e63d0d00eb1f36b89f320251488307abcc	1233971	videos/regents-club/1110-v2.mp4	07e4939f737ee90c846e736bebb622b15eb9fbebc6b0f3485741ed243a2f7a73	310784	metadata/regents-club/1110.json	9c042778cb2569b0cdab2d35029a395ebb82e0d9ebd149b0465413c9381f8ee0	746
1111	images/animata/cards/1111.png	2b52c87916ebe4b1df1a7a0123c0eed5f64c74913725838cbe817d6d2e5e7b53	1478757	videos/regents-club/1111-v2.mp4	299941dbe97e2c055d412afc3a705ba5acf31691dbeab3af548fb5e78562a329	200010	metadata/regents-club/1111.json	8a1991bb3cf1d8ee42a54317f44a06ecd5ab950554cdd70ec858f4ed7c985eb4	752
1112	images/animata/cards/1112.png	3d9f63e8d973b08ab0c3f51897cdf2f22c58d1743d78022e3d760e63df6aac7a	1659141	videos/regents-club/1112-v2.mp4	a73816f19adb4f2ff1b316ca191a8973a7e8804d46e56adcf3e6cdd802a6cefa	265786	metadata/regents-club/1112.json	af782cecdc438d2a9dfcf09ca1df44c6f293f32a18a58b80358b06266d1ca78d	748
1113	images/animata/cards/1113.png	c5f05322d2e2f3c805fa5aa2419678dc7e2b1bd7d100c421a3a79aaaf97b6f0e	1268054	videos/regents-club/1113-v2.mp4	e025ea51a476793525609d223a5b17f627a9f8725fd1b8f13bf3866b437393ad	286132	metadata/regents-club/1113.json	77fdd61f9db8cf6e0c6b1723ec1abb6d4c5cdb3d4e4764b5a8cc550a6b041f66	746
1114	images/animata/cards/1114.png	fb62f9b4eb07b5f2888396cca9adc08fb25766e2a1479d38bb65d5d0c9eaedeb	2792256	videos/regents-club/1114-v2.mp4	0d140a00d007c9b82519742e82cdb883c6c41640bc365c7a80c4968bedc4c82c	868928	metadata/regents-club/1114.json	d28b8094339c12a178da0390b9f55326c69f298d48db71c33ea8201026963889	748
1115	images/animata/cards/1115.png	986b04a1df8f899186bef60779d9b447b10ddafd537540489bebd7f07dcd5855	1599865	videos/regents-club/1115-v2.mp4	b739c670e9365ea942de3f98670cf523bbf482cef94d683ae0c3f2485480b2b5	234465	metadata/regents-club/1115.json	dab6fcf528f6b1a8e1c3a129df5091cb0d3581ac6a3d361a0a5bef36d54afe21	747
1116	images/animata/cards/1116.png	1ddd6c40bdb0b360af55cb4e711c10a0ab118e9d2cebdffa14417e4afaae0dc6	1379105	videos/regents-club/1116-v2.mp4	6cf8f3205fd1578c1976e73a0e7872498ade6c6e096aeb0e4c7cf71c60800548	266350	metadata/regents-club/1116.json	f1d78ececd865faa8eeff1cefad6926de85cbc2dc1c01d122bdd489116160e8d	749
1117	images/animata/cards/1117.png	ad9c717c17279d2b035391d228a659f56f4c5868c2ea0ef35fc4c32eecc7a9f8	2004340	videos/regents-club/1117-v2.mp4	311adc6fb918f572e456a7e95c2aec623a9e468cbaec07cfd9bac439df1911a4	641430	metadata/regents-club/1117.json	6b19c92070fb3eefdc9c6a21a36a19b60b379b9ddcb5551fc497f6a088bde2d2	750
1118	images/animata/cards/1118.png	efdfd401580a742fa8ab72df40535d30b74da22ad956f0e00ae134273dc93056	1096494	videos/regents-club/1118-v2.mp4	3530a52a7ef542e8084b05c6e102f91bf031c97bf49ac1cb1335bcd5a033fd4d	321892	metadata/regents-club/1118.json	85da065d27a242df0679d21694917fe031ca4368c215c979767faf8c3bb8b926	746
1119	images/animata/cards/1119.png	d55a8e293ef7e59f2777e8cd27c3dd61efd1e836d9f9109822ab5f9dd5276585	1575212	videos/regents-club/1119-v2.mp4	69cd7adbe72031b8616f897c5550573e8c00ed69ee0c0ffe2b475f201cf112bf	533257	metadata/regents-club/1119.json	f1c9d3ed7f301c444dfcd608db014a6634cd5910a4d75312d62f60ce82fa7b10	750
1120	images/animata/cards/1120.png	f425cfb6c18c46201dd8329bb0d246d5fc59f7d26c463a21194bf67d90092371	1675771	videos/regents-club/1120-v2.mp4	74906b25412cbfe6cf085e6c11eabc80c4a0c007a621313e13ef443c1bba0a96	539695	metadata/regents-club/1120.json	43891259fde301a7551beccd2a82738c406b41f243107a1f00f3d0950c881152	744
1121	images/animata/cards/1121.png	1928e7315b5a80d26c251077929524a31ef661bcac1d38f673d4059beabafb45	1550823	videos/regents-club/1121-v2.mp4	dd026716757536cb0a4a6fb3fe6d95386736bfc4c94786dd53b0bcc157b62831	270596	metadata/regents-club/1121.json	2c0c755fd52597aa19aec53ac639e416a4868be8390a45ea4c47d91bc6c1507c	743
1122	images/animata/cards/1122.png	43def2e405817a2329c8843b1108e3d15eb7604588a5966e26f1ff501e450daf	1277947	videos/regents-club/1122-v2.mp4	55f132905b82a84c53ddb087b0bd1f9e8659e3ad0dc9d580f196468d8f8f919b	322197	metadata/regents-club/1122.json	05f66eb7a04d3d6660ea3f2c8c6852b6374376e896fe56f8de50afde15fd6e9f	746
1123	images/animata/cards/1123.png	14fd95bcab76a04e4762bc06ea9a433e7c66c4ed0d27b1d11aa08bd9bde23618	1719742	videos/regents-club/1123-v2.mp4	51eb6daf4809d5faea8e9c349d8db2a29e851fc8c04760cf14d578ae0e23979c	388196	metadata/regents-club/1123.json	c16f5cc9d8b3b6b423dc5f14c9989a14a31fa8b501af3ac039fedb498fdca707	751
1124	images/animata/cards/1124.png	4924fbc8ac35bd7248737cdbe1482830f8e649d753e8d1b1eb875216c3773fb2	1570412	videos/regents-club/1124-v2.mp4	52095698311bad560d60bad85d748f8091ab576a25f80914e4b909e96bb87156	335253	metadata/regents-club/1124.json	e8dcf0f6482eb59ae0774769e0991d346d952372c684aa22268ec00162086bc2	743
1125	images/animata/cards/1125.png	949af6a1260df42179eed286a66a34423d73271be4e1278edcef89c9e7e1ba8f	1880271	videos/regents-club/1125-v2.mp4	23eb08695af71531a78857ba04a873556ac4c0fb750c1459e774a7bf25a8afa8	753299	metadata/regents-club/1125.json	273394090837e8d0cc6e44de4ddee693b6b96379e2f2fb938a14a21c366fdb1f	748
1126	images/animata/cards/1126.png	5ee163f7d38d867268564559b90ee8d8aae709e602432733d56bfde08f76f97e	2186123	videos/regents-club/1126-v2.mp4	d2ff39741db87deac487ec4f475bc57692f966d79e8f4b292eb5c4fe2356820f	445683	metadata/regents-club/1126.json	c85055e69a3f72b1ecb21b59286c4cabd69db643c81575f296f013ba6c17333c	746
1127	images/animata/cards/1127.png	9f5d3e6473d304ee929dec6b14aade8ed9129aec1d3e355d1679b59472ffa904	1403968	videos/regents-club/1127-v2.mp4	44195a9c1f74295a1e858f718c24a90522018bf072393cc2abe0c4c35bbbf0bd	364570	metadata/regents-club/1127.json	9b0184cd2df8e4a67dd5ecc73c593aae14920a0e80cbcfaedcde7682ee8bce55	746
1128	images/animata/cards/1128.png	61f9a801fd5dab8adc624b03128ca30fb1e19b287ffef2cd5c92248bad7cb68a	3499456	videos/regents-club/1128-v2.mp4	b48ec8e8ec3d8e42e7fe90ec4385b637e90c472ae556d065daf409151c333eda	2797380	metadata/regents-club/1128.json	d8c010826a8f20f4b32da3c8918452e0e1903202006f24cf71d51427fa9d94d7	749
1129	images/animata/cards/1129.png	e37f916fff111af4fd5337982933908186b3ee2558eea7e13fe5e74ac5e28542	3443403	videos/regents-club/1129-v2.mp4	d80954b742359a7d0c28e8050a18aacb44c9fc05d32e6c167fedf44a8f352784	1379946	metadata/regents-club/1129.json	218410b8bb0427dcd7b32d1a1754f6d4a02c143c5e1db53221e13f8af0e39726	750
1130	images/animata/cards/1130.png	3d2a62a4dc0490bef832308b74cfb96d212426d8c4d7dea16a4b2e85ce51d381	2731245	videos/regents-club/1130-v2.mp4	29140550f7e9c55a8719b82a337bcd57c4dc6526f978e5d95ba77ccac61136cd	2188039	metadata/regents-club/1130.json	588ada20390c154fb5428882d348bc2177ba36e11b222f8cb3e17f258254c47f	747
1131	images/animata/cards/1131.png	d85bd9472b090929ffb30c5e68cb629a69bef6d09ecddddcfd2e4ee0618c350b	1508706	videos/regents-club/1131-v2.mp4	8d2e25595dd4698729b7f8ae2afb56cef80bf3f71448dcf717592de137540d3d	286136	metadata/regents-club/1131.json	e990c6b3e793cbaf49811f9f30e76786e2990ac8331e3043966d0b5569e86473	745
1132	images/animata/cards/1132.png	b1df34ad09cd6c313e99c5ce75a5c36d4f71df14a38b1e058e94a93e5af87a28	2384182	videos/regents-club/1132-v2.mp4	7410b5bcf7418f2891a4bff04e3815a706268e79412f9b4fb3b6de246780db71	1375889	metadata/regents-club/1132.json	3f39b461428235857e3bfa74e519e6d341243d5c796b57d71e1d8213ba80e3c5	746
1133	images/animata/cards/1133.png	4ffb97a49e24f759e9ad1a9734a3954639878dc29b7b547b59a8164fe84e9c4d	1469070	videos/regents-club/1133-v2.mp4	57b84e6ec37dcb48a60c019f57882fa4591e4fb26a60d7b4d32836543da1efef	407529	metadata/regents-club/1133.json	25265a1e2e16f1812a6334ab22c984f13751c635f1b38c0502304dacc86b2c72	745
1134	images/animata/cards/1134.png	05f00660cdf10531fc404b0a9d760be83709abf31b9737b2a1cb6b3b2467d02e	1679331	videos/regents-club/1134-v2.mp4	f00c192081eaa76fb0176445c96304d1562e8f89475b417a45930d80a1c69c5d	453056	metadata/regents-club/1134.json	b94b5ae24bab912eda6858f203af913df509c5b3ad1faf8012d5260dcfd0c480	752
1135	images/animata/cards/1135.png	aa363405d04768dc6bb282045077442674d09db729c62c66c2c2ed8b1c8d733f	2074090	videos/regents-club/1135-v2.mp4	e0d84957b0774f3b099d1a9523e133ee8ab12ce8c34e9ff1ab35d5b6addab251	414362	metadata/regents-club/1135.json	1d4999b2637ed9e231b8fc62db0b2d51d6e965de071d2e822dc9df718bf6f5dd	747
1136	images/animata/cards/1136.png	478e3999bda8149a311365c19652b93719a465ddcb07ede67b1aebfb6e155631	1431755	videos/regents-club/1136-v2.mp4	29e931fdecf9fa7340ff0510a092d92f506d6153e1e8bd53652c4fb842da0e13	206757	metadata/regents-club/1136.json	2d20f45c798be354fed66970c7ec17d4a7af0613acfea05d25a3c2af9894c811	747
1137	images/animata/cards/1137.png	1498e280f9ed3e09470fa2f5e21034eee066656b2959acfd9dc0da7185feff11	3059348	videos/regents-club/1137-v2.mp4	86fc7e2f6957f0995d412ce93a946c49bf1b2d2ff35e25af6835744f22485f0f	1375442	metadata/regents-club/1137.json	2243b9e07d63f485321c352fdee425ad2ee1839eea5b0df6246cf15b62514fda	755
1138	images/animata/cards/1138.png	fd003eecbb940ab93fd24f7846db54d20f135e8b8e7ca3d647580cc8b937d641	2253933	videos/regents-club/1138-v2.mp4	2caa137b08dea4d97c8ac6756f2d3b364e95cdb1d03ada06ff61e3fd535fa500	826565	metadata/regents-club/1138.json	8262c597acebf509c5ac73c3d6c392a51990b559e7bb9f5099625c52836be7d4	749
1139	images/animata/cards/1139.png	16ecc7e44739d5b133c8f3b2725386b9bcf85c881900488ae27f3830f805dd15	1543633	videos/regents-club/1139-v2.mp4	f9f2827c5b4398a5c90d8fd02e670255b0c29484e49aa5af481f9d756229415e	308664	metadata/regents-club/1139.json	0a37bf9275acee73b908e2224f1074eaf25417a6a4eff7584afbb6244a29354d	744
1140	images/animata/cards/1140.png	a394562266023d4ef2dd48aa3617fb70ef6856f365f8423b4ce77f7a2dbfd7b3	1383462	videos/regents-club/1140-v2.mp4	9619f62cdba2adc1176d83c29eddd9e7131040eaa675e2412669d4278ceb26c2	331811	metadata/regents-club/1140.json	44b376499513cbfc0309ce616a0ebe5ae105aeee8daa55b994bcb65c53e28a6f	747
1141	images/animata/cards/1141.png	c1f9bd2680c0a86aaf477d0eb38b202f2973fc4db8829971767d225b4a1f1e4f	1608890	videos/regents-club/1141-v2.mp4	82801033f9896fcde6e58e0accbf6de464a5fb3b4b15d0a81ac313cad3f67ff8	476036	metadata/regents-club/1141.json	c9fa3fd0cf62b14fb565266c4b9b3a53b997a4f594ded9c5ba741b026737371d	755
1142	images/animata/cards/1142.png	a7370c95a7fec19b67688cf36671af6046315dc336c23fea5718ce16d1fb17ba	2635485	videos/regents-club/1142-v2.mp4	3a4d48accddef3aaefbc88c6ebe70570dbf8797b2f390f3abcb9ba8a22586246	1759015	metadata/regents-club/1142.json	fb132cf83be38b2b00a64e57de9824456ad46bd3b0f98594c6fb1fcde4fb796a	745
1143	images/animata/cards/1143.png	16f90cc399290855f1eee1e9e68e299c817d80ca2627da7d432e8804787bdd95	1427170	videos/regents-club/1143-v2.mp4	97060a9197ac2b89207a5320dc87616343224f68439033de980fb158eea1ad79	433347	metadata/regents-club/1143.json	e3eac12499562aecf1f3a47ea80e6835450300e474461f5304fc109054e6f2c3	746
1144	images/animata/cards/1144.png	418174db9e339567bd33cfbce54d5abf3b7f52df1645d5da8518083e86d95d41	1737094	videos/regents-club/1144-v2.mp4	1a5eb0efc50823066cc22605bd1731f46e82e88dcb34cb6951bd970c0533662c	599118	metadata/regents-club/1144.json	31f01f5d3ac16aae69c6a90fad1d8e7aff30b24e0a6d391738c02bdb3e5c4cc1	749
1145	images/animata/cards/1145.png	15c5358b3e69bfd1b57bfa68972c552b658149ced131cdc85eaae2aaaa6f797c	1200555	videos/regents-club/1145-v2.mp4	c2c14cd6c4e0c75206a7a3f2fee7779a10cd644ab36373e4006acbea12d418d7	218160	metadata/regents-club/1145.json	9d17bbbba1db37f1ff0d10bfed327462c6f99e1edcf5cad8987e980042fe902f	745
1146	images/animata/cards/1146.png	9a6ffdcf23e92cb86939947e6502ed68897a4524be97a787e597204aa339906a	1511146	videos/regents-club/1146-v2.mp4	00a37ce04905700f99cb8bb21a6dff1d9c54a0e9dad58041034e7af21c595374	132026	metadata/regents-club/1146.json	28ea50c75ec936d22df86dc78ed355b48061a071fa542f57f1381720ff78130c	749
1147	images/animata/cards/1147.png	1915dc43360864b0b8ace8f6af9df1d5044f0a79bc2980b686e6968c0ccab911	1554260	videos/regents-club/1147-v2.mp4	5996529e15cacef0f81fc16a89502df310583ac46052c8ca0ab0bdfadecd301b	444350	metadata/regents-club/1147.json	2c063c6907badb22ad4d5587a330198b8d1bc5aee515927998db5837e7283ede	744
1148	images/animata/cards/1148.png	7d113cba79bdde38104908b76ac581d65c9525f33580914a8a3e9b9d3363a6b1	1652092	videos/regents-club/1148-v2.mp4	14af649e6eb6c6b1e1bfa51c707c8e144882a41f5d1fcefc0b481e58f1f35347	286572	metadata/regents-club/1148.json	e00a60f8d2933007e86cdbb16cc6b63ce8e11a3108da4e03f4f023e657d46b4a	745
1149	images/animata/cards/1149.png	4f5b3f4f8c5eac672fa1f25a5142f013042687193b0cb0d3ff11e0908e7e9546	2471895	videos/regents-club/1149-v2.mp4	dcf0c66526b65a468ccbdcff18968d5ac426c31bec802d4764fa4c2b35c8bee4	1579881	metadata/regents-club/1149.json	ec0fd7f0804d9b46624a25489c40545c8322a94e32636261e7b622a642a58ff1	745
1150	images/animata/cards/1150.png	153e57af41106650ae9dfce17479829e4cf5054e366cc537e2c18e89be77b20c	3529327	videos/regents-club/1150-v2.mp4	bb95996d6b65eb12478f06a3ad4c54a6b287b54bf01c6acfda2a307f1f8458bf	2187808	metadata/regents-club/1150.json	18772ad6c5a233d3c9759248530ac31b16a93f29fee878fb8944b4931bb9135a	749
1151	images/animata/cards/1151.png	808f687591fab46ca6d07fdd662d64e714090df4603ad59cde7c2bbf827f3986	2872526	videos/regents-club/1151-v2.mp4	1c772d14d9b2ad37f205c0466572740265b888fe01aa1bc2d114552de69ee362	1215399	metadata/regents-club/1151.json	97e8b43fdce48f853fc4750ff29837e440228be779d4be15d019e3ab8447bbcb	748
1152	images/animata/cards/1152.png	3547afb774287bf8ec0a35785fddd053594433e7193950aa43dd994cee0da702	1772644	videos/regents-club/1152-v2.mp4	891dad054fec59ee21dbeb53c5efe08187b41c2034dd586e689184878f1d5bfd	489195	metadata/regents-club/1152.json	86f924bbc43d0a39aba1de084f376c19741ce344de7150710243c7bd3eb8a729	751
1153	images/animata/cards/1153.png	eb39a42f33e2a8ccfaf03dda3a463b069b01ca37a705f9358d222b08916ed211	1579693	videos/regents-club/1153-v2.mp4	3da736f37c762abee091c5c46fb6e0e908456043a7db7674eadd60a202b2519e	297355	metadata/regents-club/1153.json	923d6045d10928e6516b1113347ce7100ca0c42d7ce52792a8591a72f67f1c0b	743
1154	images/animata/cards/1154.png	47fda048ea8ddb8abd1f1fa9dde5d90ff4affb2bb2fdbb274705b886422a9029	2170779	videos/regents-club/1154-v2.mp4	225d3a9f45c63e9d7c772b0c5bc9fb822ba4478d65a96bb5e345b7932e500b2f	994208	metadata/regents-club/1154.json	4e539e3ea71307dff8b9a51ea4375f0089ee9dc56580ef701adb47700f42c0f7	748
1155	images/animata/cards/1155.png	52975759fc42a8045abc54d857c95730c0721ddfd6e5588dfe124aba75f6bb15	2303773	videos/regents-club/1155-v2.mp4	0259db3fb235037d9becf6d102482633eaa55be20ccb8641bad034183d2257e8	922103	metadata/regents-club/1155.json	a7cf188f61f3fedf7af78bcffe7373214fc485ecca3becba85039e2d4b762c69	750
1156	images/animata/cards/1156.png	9fa456488ee8aa1e126d359b43216518aeaa26bbb3b15c63242c03126aece8cb	1716483	videos/regents-club/1156-v2.mp4	1d027065aba1b2b6d13cb888306eb82ab939b17f7d4f45e862f5519116c27bfa	202507	metadata/regents-club/1156.json	7e991e748b510259140403419ac2dbaed84efea83e525803de0f6795e1167d09	749
1157	images/animata/cards/1157.png	c8f92bf9c0df16e993c2e34914e34defdfcdf2f7dc6eff2c16bd0f04680d1d38	2093008	videos/regents-club/1157-v2.mp4	4be7e8c81a2b20d69cb2a99700678914ee64b39fa809563b26cefc1a64619b03	680847	metadata/regents-club/1157.json	94f7ee7203e332cbb9604bf50f41bbece83e3c091bab29eddd7ddbba091917c8	748
1158	images/animata/cards/1158.png	fcc254efadcdaeeb5bc20b8c38417c5d5269bbaeb1d85d4246ca056a374d0e0d	1298789	videos/regents-club/1158-v2.mp4	6f20be762e43fec3facdfc08141deb020070a490bebab5d426902a9ac4b3d71b	355556	metadata/regents-club/1158.json	d35ae1e904418a063f9751c8850519bdea7d27390cc7dc991520d4822326bc8d	746
1159	images/animata/cards/1159.png	a59bea3fe900aade3b48b6e297fddc7f4944b122b0da2539b006fe2407ba6474	1488649	videos/regents-club/1159-v2.mp4	d29c59978930e780f8621216451a2b87ff09192a7fcf924e90a52b8b8cd82338	492566	metadata/regents-club/1159.json	fb0b3f2e7b10cebedc23376adcc170922a9683246f4a89577f00d8cebe6afabb	745
1160	images/animata/cards/1160.png	88e6677243e458fe453d613c23d2d8bd2f8157bea43ecf72abd41471ce368e4c	1463327	videos/regents-club/1160-v2.mp4	72b86a2474d571e5c073f1211a369fa061932386da4d3ceacf759adc111d9c78	469906	metadata/regents-club/1160.json	a9dff77e72c8b9fabd23f6bcc51373952e7fd38906907b0a2085e18f1fddc9fd	749
1161	images/animata/cards/1161.png	1099d45a23ffc0900f4325b7828be71281d22c3b022946909c3f10dd841ae798	3039640	videos/regents-club/1161-v2.mp4	642914428cd6e6ec18573bc69fe8e446a223a7a07bbea7864e8cbd113d887179	1064893	metadata/regents-club/1161.json	b4623511c0925a770122e5c7d6cebc4a10c76f4665afe0101563da8643de27b2	749
1162	images/animata/cards/1162.png	9834aef32e4e26c4491dac212394cac6569267a91e8cfc1d63a4d97f55b20a6b	1643529	videos/regents-club/1162-v2.mp4	9e1104cd69fd16e2fe223890cf41637d66e61f41d95ca42aa32e4740bef5fdba	401045	metadata/regents-club/1162.json	de5b7e5a46c771a8a2bd8531aa7a6df9c5b97fec350fd051e9458dfebc6a6284	748
1163	images/animata/cards/1163.png	9d6ae0c6ca3a3cbcb96225b25aa65d8e4a2f88fc283ccc134d28f50259de0b90	1432001	videos/regents-club/1163-v2.mp4	b99cfce18b4bcbec2113ab58de08c9b48107cac4f58696856e4cdc28e7535a63	348862	metadata/regents-club/1163.json	cf73ab2cfdb3b17539b3b7eff2b2f21b02ab3de22bd30921b58cf2050145b471	749
1164	images/animata/cards/1164.png	a3166c3bb154f221953a744a35197cbb677f1fb35dd28240ae850f12dd3817fd	2548116	videos/regents-club/1164-v2.mp4	b4bf3bf7d0bd189d9d1edd1c592b782951225688a5181c551c68c7fa1fc9389a	2187380	metadata/regents-club/1164.json	aecff5318ea886634be76fce3c4fdcd48bd54835223af0a661ef2640d133e324	747
1165	images/animata/cards/1165.png	4f6b156ad81e6ba941d52d4366abcc04416e0156398b1430b235dee6f77e5933	1752503	videos/regents-club/1165-v2.mp4	15f5a34d2771edf393fa5f7fa820ba4edb39301af49f9c1a0a35af6b2a5ee8eb	625081	metadata/regents-club/1165.json	d060002dfc41117752b69cf49908d09f4d1a233b07d9ee74089b2aa1e0c2be66	749
1166	images/animata/cards/1166.png	e79ccbbe4cf007d96d56d4815d0c3f642a9dd316a2f5ce60e8e8b4c5c5ff55e7	2096906	videos/regents-club/1166-v2.mp4	903287afab1f911599ad854223e4f3e451a67b756285cd0c1dd4999ac371f8fb	717177	metadata/regents-club/1166.json	56ba7bff6a5b5b065947949a5892fc8408dbfe5232d4514ce308ba8e79181d0e	750
1167	images/animata/cards/1167.png	7511ec989761b9b1c977931af34dc344f78c9e357385c48153addfc21e6f13c5	1736993	videos/regents-club/1167-v2.mp4	9f5a8f53150c62cca1f45b8de74274113de2cc38ead0f221f68e0332e9baf4d0	387827	metadata/regents-club/1167.json	00f5a8f96763e285bf67a4969cd353306a7b539e2b332cd3de2cf84ec09f3d84	747
1168	images/animata/cards/1168.png	745c205e5ba19f905a0b4edceb6b8f234f368cd73e86feb5ca56f6d78e0549c6	1478630	videos/regents-club/1168-v2.mp4	e1855718d91762cd7fa4354d4b3b9623771cefe726ae98f780496cf7ab2a1fdc	228120	metadata/regents-club/1168.json	313b81824c6f966677eeaf1d8f8291ced6b530c22f5ae83ff75ff6d7ae981612	743
1169	images/animata/cards/1169.png	62063facee036f2b28f31cbe94de19c845e5671fe17c136b7d8ee029263ac853	2165083	videos/regents-club/1169-v2.mp4	d5b499a26e73683b6ef1d54382e8e88b40113c306369275b4fd1851ebfd36ea1	625570	metadata/regents-club/1169.json	9f679f32286791a4c7c3458734c2ffb5a867fd37c755e934372cdaf6b5b12cdc	752
1170	images/animata/cards/1170.png	c164921c60787f2ab24a9f11e7ebe0a31d0f86524dce8979ac2fa4dd145cbfca	1424439	videos/regents-club/1170-v2.mp4	bf581d33c367aea57b76cec23329a9ea1b6c177f773ec0b38ba902dc71ec4967	216768	metadata/regents-club/1170.json	62a5ddf06a67bb9c48db7b3acb968c98158ae48f555985881a7446d9d9cfc2f2	746
1171	images/animata/cards/1171.png	228697a70ef05ff92791120bc458bf5df0e339a9613e0e5cc69f1037dc91d6ef	1411931	videos/regents-club/1171-v2.mp4	1d1c0ecc05078d1ad444321003f09b1d82cc45cc45b83feac594c578cc082e99	380104	metadata/regents-club/1171.json	d4961e737ee35a339f95c4eeb0c27b2d9aae333b40b6fc97bbe9c128b36e8e84	749
1172	images/animata/cards/1172.png	a2b9fb9826d880b13741a80897f2f3626963118915126b42ce6e669dc18a66f4	1519677	videos/regents-club/1172-v2.mp4	7369337e6276fa0d26091a667aff2dc2b94b43b9658a2759fdaeeb3a3e667be0	548940	metadata/regents-club/1172.json	2e5ee6bab11d0103afd71dfd0dbb30827ca80acb84dd40862af94147bde948c2	750
1173	images/animata/cards/1173.png	842806cdb1d585aa014432f3113626f083209347081bf218b360b41463486ce9	1389175	videos/regents-club/1173-v2.mp4	0d284b786b0b53c5e78301d4ebd32b7f6ac6cd711f5b38be7ea9b8e7b4d986f4	193265	metadata/regents-club/1173.json	fa44288e629893f318cfc9b41c11769c43b6ffe87609a10f32a2a549c4608b2e	743
1174	images/animata/cards/1174.png	23f6000cad018f81f90e8ec2f00e78426f6fb7862f4f29e000249e1c989a931a	1422220	videos/regents-club/1174-v2.mp4	c9f7b2ce79f7bb81e0e4bc132892ab493528e0b479f48855a407d3011240e152	224285	metadata/regents-club/1174.json	a2d9b0c0537b4cff0332365177193bfea69d837359780eade25440df1ad7ec1f	744
1175	images/animata/cards/1175.png	4eebfa47d7974af8049ea36c75f126918112eaf82e2f8e0737590d90f67dfd53	1985125	videos/regents-club/1175-v2.mp4	0e4fb27b5b8d463a6e46521d9be4258e67d0f8c7eb7b3da5e9d875d0e3ad36c9	374366	metadata/regents-club/1175.json	af10ddcd553f5492484ac74afa2f921206a2ff56306335b14cc70f060cf777a2	752
1176	images/animata/cards/1176.png	fb5dc648070f6a9729dfa5fe95eb99ec7315ec93d24defc9c29cfc1b30b78aac	1550460	videos/regents-club/1176-v2.mp4	43881392afee3f3c3694b74e29bec201d4e6755e9a68ab8517ea198d21ac3b04	375140	metadata/regents-club/1176.json	b54acacd9a7c52d6a8c7e722a9a122fa9e7b90cb9955d651448ccbb1e67a70a7	745
1177	images/animata/cards/1177.png	73fbebb59ea9de7943e1c6170b94ab8f89feff32a4944b1c5c78440b12cfcd9c	1654018	videos/regents-club/1177-v2.mp4	9e0ba7464553aec06e975aa429f4c0737d9941ac7e44ba6758b5d01e3df2ee2d	271845	metadata/regents-club/1177.json	6a67a85085f1664b3df1d992b591f33924fb976afd5b991d2033f1411e33e13b	751
1178	images/animata/cards/1178.png	112950017a06e662a65364dbce8edc9a51966d7bd94bb7a4fe678ec543af111c	1410419	videos/regents-club/1178-v2.mp4	a8480641a5bcd3a499ace5b4896e28599c16790466ae9e78cc62e6f737472ef2	150246	metadata/regents-club/1178.json	6d59ddf82218dee5b6c0ebf0bd60b20446b46d93d7b13fffde49130d7bd24d74	747
1179	images/animata/cards/1179.png	fd58b4b60474e01c30e6cd4609e650d3e0eb8fbc1c829648b5585c6912ffa6ca	2392454	videos/regents-club/1179-v2.mp4	b945722054ca2f21ef4e7db7b423d79fe9e30b9b2ec296117e288315b543f0bc	694941	metadata/regents-club/1179.json	63187ff3c5cd60115b34f6794790cc12cd032b9848f9817e48d6f1cc905a08a0	748
1180	images/animata/cards/1180.png	b466a5098806070646215c275224986b65056248cb81cbbeaddd6abad7d18805	1890714	videos/regents-club/1180-v2.mp4	e0f763c610de6ed8d3cb9e0d3609aa71ca858e0e72f72c4f036ea42d67e93a27	559109	metadata/regents-club/1180.json	a663b0667bcf83be14d1b0810371bd52622655044c7072fbc14ca142a41c8348	749
1181	images/animata/cards/1181.png	627e10bf93ecb1be14cb312b5ea92f7335cbd0c12f34a73c70ece85eb403fd36	1942878	videos/regents-club/1181-v2.mp4	26b52e94c80631848568ee0654dd015e96390d63b20b703936de34b839e870a8	239343	metadata/regents-club/1181.json	b75c602dc5352c62476263c21c73773e5ff54febb914e2a80c5c55545401a52e	747
1182	images/animata/cards/1182.png	6990028972a8e0ead664fac08c143222b762299a32c7b0759a3098657c193401	1618663	videos/regents-club/1182-v2.mp4	e3fc1b3f6e581400dc339682a9b8c1064c34f3cbd7711ef280aa771349f04ee1	496245	metadata/regents-club/1182.json	23edaf870517f4116ca034709c7375dc3d59c64e0c4895b9d3acb1557d90b4f5	750
1183	images/animata/cards/1183.png	89db2469db9876c4d79050a4e51dbe7d2ff7464f105630dac004cdef5cab31e0	1661674	videos/regents-club/1183-v2.mp4	7e7d50882f4682e49dc536a27138dbb122286c29ffc45a1cbf6e23a7640040fc	290540	metadata/regents-club/1183.json	917bd81ba8f26c1845822d4b057e3c7d43d425c4125202f69e185be66bb0d77f	743
1184	images/animata/cards/1184.png	9db6b61cfe573e146301cea310ecd2862933edbb4d98b7e2fd8acba9dba17629	2655839	videos/regents-club/1184-v2.mp4	6000914e3bb3975104350fe3963101dc597792b21eab6a0494ef2ad5c13ae8a6	1703179	metadata/regents-club/1184.json	b224f3254b6efb41ebd0ef217965c38f9ed177da6732f05993d0434cb0c4b43f	745
1185	images/animata/cards/1185.png	8994febd8d85e99c353c28b703290eda1eeb0ed25f809a8fdb9904413b5a44e8	1500659	videos/regents-club/1185-v2.mp4	4e73cb737aefce89da084a88aeae4f5e9f156fc6431ae1aabe551658fc3865bb	177479	metadata/regents-club/1185.json	ecc3e8e58fe1f1f3a7ec992f67ee50753e82a3c650b2fd32a644e6229bbd5520	745
1186	images/animata/cards/1186.png	370add6ac8c67bb1ca3b264ff427925406456c7e1fea919bafe2c9e650605640	1572309	videos/regents-club/1186-v2.mp4	67fb625f9237adde7f9e96e33de9c136cd758f2bedeefae9ab1cdab5c69ecd89	297569	metadata/regents-club/1186.json	a62db2b51559551a2946863af0c4724be13df5b6087f0ca622f0e8024b168e63	747
1187	images/animata/cards/1187.png	6bedd6c56db0ba57f9be4f1bab1b10313cca0e3b601dfbe3f78f91c271a61e79	1585700	videos/regents-club/1187-v2.mp4	bb6fa6e415df4d3f9f1bb3a777829190568711a0e5742350751bd92d9b92f44f	349479	metadata/regents-club/1187.json	680e3617ced333676cf1de5868644ef93a19205380217841d7a6d0f754707838	746
1188	images/animata/cards/1188.png	127d1968f1e52d50c6af991b0a560cbc1b8ce976d47d9603c16b7f1d635608ff	2410888	videos/regents-club/1188-v2.mp4	a6cc048ac3e70d5d4f667b360a175624206f84d548101949b930360da964b903	815806	metadata/regents-club/1188.json	82ddf0ad352ed5afcb8412f9f337adb25224ff1db23e8f2af625677eabfdbe31	750
1189	images/animata/cards/1189.png	554674f1ee11b131f9790eac246f45508f0d9a0848f0021ad4186e2ee2962ba5	2503661	videos/regents-club/1189-v2.mp4	cea0e476f235a6655f24d898bdae3b5ca642d5d6935feae6e261750fbbfab814	1172444	metadata/regents-club/1189.json	c6b792a6a741568dbdcc7c348bc94ae6416582b7cf25faccf7b36fe019d5c3e7	746
1190	images/animata/cards/1190.png	832e9fa53cbf2fa27f030963edbaa03eee70e3527fe41ab540808fd9f0695818	2231419	videos/regents-club/1190-v2.mp4	911900ccdf03d596ed597545bb1c64bf2e06e04b9faaa977ac55f8831e855257	666490	metadata/regents-club/1190.json	7a8b11259a6a5d23fa9c5b9bc94a9503a6aa5b9c88191585e212bb467df2412c	747
1191	images/animata/cards/1191.png	664e2d53701fbbdb12bffc70f535a1751de283f25d3a83cc532b27f2da51456c	3094211	videos/regents-club/1191-v2.mp4	c118844bbc018cf906b007a089258c992c07bb521e40166b900fd77984842493	984579	metadata/regents-club/1191.json	62ab6a22ea466c29257eacaff94296a91b70480c14c1d524f3f098d5e0c6a0ef	749
1192	images/animata/cards/1192.png	e1a308c9df56d06493952c50e44548d682f1273cad500a8adb10fc556acb651f	1357179	videos/regents-club/1192-v2.mp4	42dea2621db939092e0b219da87530b3b2b7e9b9bb8e2cdde16a6ffaad3c45b4	335334	metadata/regents-club/1192.json	e20b05f2b895523cf7a990ecdd90aa3df8356bf1a110c22db551730d6238412a	745
1193	images/animata/cards/1193.png	8cd415bac5ce4b2b3d0b67c69390b505379e840860ef83c09cd7ac50e06cc452	1617070	videos/regents-club/1193-v2.mp4	3d6143a2cd2c6bcf7f5209d7079526f619ae63f840eac24b82caa7719684eb66	614952	metadata/regents-club/1193.json	e9485c6be3646b2794bca894b8340b8ae0aaf2b04d6c7e83ea6b1934593dcf91	748
1194	images/animata/cards/1194.png	c982586a39a9ac4599e27276ecf28cee7a742847d1d8c56ac82dcf93b3e3b528	1538782	videos/regents-club/1194-v2.mp4	cdeae6538ab0754adf23f08919882c8c2aa23e03b1b9633800029eb9c2416565	319051	metadata/regents-club/1194.json	428f36a0fe6fc1f1917582e4eaa14bcfcb9826ffa6efa7cecda9c3e726a460fe	750
1195	images/animata/cards/1195.png	b15b984dd7e5b90d8d357962bf86a7d3cfa3b8052254883e4e8a3c14880cd8d7	2211875	videos/regents-club/1195-v2.mp4	c4085764992d6b557ea886f92e39a4c2f4831912101bca90ea41a0750c2d9f78	671958	metadata/regents-club/1195.json	6e1095d9f48d22fd78596ab0e5044c63e219e0a69823f87c7d96a6f0c1763229	750
1196	images/animata/cards/1196.png	cccd149c7a961565e42c17d7977dc439d663f4a99c23563e61f1cc70b5a97476	2447940	videos/regents-club/1196-v2.mp4	18d566ea31761de7f89764182946ec0f4fc30142db9e1db44381cd4683fe6d2a	1175661	metadata/regents-club/1196.json	08313d7911ad69e6064ebe825542fbddcb038a86333ce2c8c68bf5d6514283eb	749
1197	images/animata/cards/1197.png	1b217d361618026668d65815888b0bd29b8a7c446a5e7246f1e5778bc82e4cb2	2215850	videos/regents-club/1197-v2.mp4	3584af9584546f6d23c2f1a658c8718cfac1af89fcbb324d93775377ef2d778e	618044	metadata/regents-club/1197.json	687dcd684a8d54001743a2e7aab55884a6369fecac182a45270e9e5448086061	750
1198	images/animata/cards/1198.png	e2dd0f7da5b815736f7ee6c505ec7cd1cb6583f29e01b9ed5c8c380457464d80	1391154	videos/regents-club/1198-v2.mp4	42864c8d4b3e4d8d6163e5a3f5b9bcccc2c19e29983a1917cd4d9c224eac1a6b	211941	metadata/regents-club/1198.json	9b45aad3034a6bce5ed72bbd9ecbdf374febcef3b00cda33f882c06ad1bf1452	749
1199	images/animata/cards/1199.png	6d36c020cb86199742826278a1420126b973ce34cf52d851b0e01a6c96509dc5	1422553	videos/regents-club/1199-v2.mp4	b465b51319d73cf0e7f38db290509f167628dafd95ba41f6c527e9211ded34a2	420119	metadata/regents-club/1199.json	c3968cf6c18259ff49869c5ca61556167f33d74caa4ac8b1a4167bfba41a31e8	750
1200	images/animata/cards/1200.png	8aafbd93ed499ce3f85196f764b6618897c0dbe7a707c8b6ad926f215ea7d3b6	2223469	videos/regents-club/1200-v2.mp4	e96d281f8dd4a4d0913df4209893cf9388e0ef40edf7d1d253f50976649ccaff	1089307	metadata/regents-club/1200.json	99edb7184c605e4981e3f662265dd6c254ffd0118300068e6b57aaabe5291ee6	747
1201	images/animata/cards/1201.png	17afc5844af6847b96c241334d9fadd13c4432f6d8cfe8c4131966e058410c61	1631525	videos/regents-club/1201-v2.mp4	33132fe0f8ebe27deae56f6ad8abae03ca4f9998638db298cc866cc8d5c126e1	257068	metadata/regents-club/1201.json	e82936cd2d25b5f79983658a47d0393cf7baa1c10030fd7907584c76ca8285e1	752
1202	images/animata/cards/1202.png	f1a8561a7566b532fceb694f90b40008a428d82d437458a480f0496a90302087	1580784	videos/regents-club/1202-v2.mp4	1fd86c0a65ac5dff540cd3fc7efea5880aa9c7f1478f2819aba7e9ec9c76855e	500170	metadata/regents-club/1202.json	2b35b8f0db88c7629ed39d7c2a1d5f692f9aa7f7ee3c641d9c66cfbe1c323b2d	745
1203	images/animata/cards/1203.png	8ba8b23f9bfc12013bba3861c40b96def65a5497720bb1b686705317a7b0cea1	1788601	videos/regents-club/1203-v2.mp4	853930fcd403488cc488f496fa23b3f6080cf16d1c99122cf809fb8a71bae67d	293638	metadata/regents-club/1203.json	745f4ad7e2fc1b79a413b3beb265fe4bdb482961367a92e37a2d0198536932f5	748
1204	images/animata/cards/1204.png	382821f36ed7928e157288c2b38c90d80d4b55ea36f694d1e8773203157a96fa	1565046	videos/regents-club/1204-v2.mp4	0434e1745ae9f3446fd07efcb3a63ccf910e0ab6d4b9eb3d62a3fd7070acfd16	410412	metadata/regents-club/1204.json	530d353f194ecde74dcf15963825e7355162da0cb304d596dc06878822ab4ad6	750
1205	images/animata/cards/1205.png	af5fe6a9a232b599eb14edde14e3c8f81267e4e4b6b618ea6781de7a49288bef	1299360	videos/regents-club/1205-v2.mp4	20a1d56061e06b5bb7c7e84be9e28ee515eb81150047baf449869bd74657603d	383577	metadata/regents-club/1205.json	f697fa926b8c2996da3ebbe30ae04245b194501d37885d9af5227bfde740c33e	750
1206	images/animata/cards/1206.png	c448b93713eb43d27915eabf40c645b6509e9211d9b514cddf5a2fce418ad21a	1718073	videos/regents-club/1206-v2.mp4	1469d002ee97058282ca8d4207cfb96cfff7457a414ba199da609978ce37b614	241107	metadata/regents-club/1206.json	04e0103662b98cdb1c0892d2a8602f34c37d1ce32ab4d33d2d44ffe41e6e1fbc	747
1207	images/animata/cards/1207.png	5c6aae6c1d763e9fa4737b8ac3869300d967e0e6f16215bc811aec5fb7521800	2042689	videos/regents-club/1207-v2.mp4	ef1e94c4e79535fe6592479d08bee679ef92d32aac2b904717c2d56d8d156371	606872	metadata/regents-club/1207.json	47ca36504c67d6d34d4271649f523026e1fb385341818a5d9409754a359b7b02	754
1208	images/animata/cards/1208.png	760946514424457f7b86841ebae99a4a35ef5f7783520ec60a5c1c2c8c8d4d8b	1233379	videos/regents-club/1208-v2.mp4	a1069f7eff6f8aaa68336d81462d89dd231ef42f85edc03db57bb449690f0a23	250314	metadata/regents-club/1208.json	be7ef5888b362bb93f860d6a767b515a4492419ae39bfa4041b96d4c58317def	745
1209	images/animata/cards/1209.png	68c178172f8b9354c775d400225dd1707413af84188bd8db1dd7ba608f0c6455	1265225	videos/regents-club/1209-v2.mp4	5c271270a1e2bbb11b3630c910a7ff7227a1729888b5861f6d28d1d4bc341220	331090	metadata/regents-club/1209.json	df431d59ae13faf3a31aacd356923ef737a37a64c55c686a2f393f45cf25db8d	746
1210	images/animata/cards/1210.png	6cc5b012252ca455a18bda494c07703017c048fdb8086b942733a25c1c326144	2578117	videos/regents-club/1210-v2.mp4	970350edb3e698ca2551c27bff2c5630c4811359084075c4212a490d14658d0f	1113697	metadata/regents-club/1210.json	2d1f39166bacb5cee0992f9573a5e1eb8598eaad783ffdee7e428fc049f29780	747
1211	images/animata/cards/1211.png	9c912d648f19a9fec6f00e1d8019ef1e84117033624feb775d419ccd17ffa60f	2421710	videos/regents-club/1211-v2.mp4	bb33c7ab25214781e04b43cbe9c2a433c4816e6664e041493b23ee44d6d5ada5	1106053	metadata/regents-club/1211.json	53fad2e5e488bb4760b0d22340b8157daefe0ebc4c04f99043c7e30131c47006	747
1212	images/animata/cards/1212.png	bae960f8ea3602c2fdc650d7a52b7338c0d7215ebf69995618b11582e8a31438	2207937	videos/regents-club/1212-v2.mp4	a164c5b7e5750ae22bebb659c130e0d552eda249acd267506706ba2c7ea1cfa4	956685	metadata/regents-club/1212.json	f3c1fc37c378660058fbfdd78a7d289b6ba38c6a67446038a4ec0e0bb7960e04	748
1213	images/animata/cards/1213.png	746b648b3359cecbc78fd50cf3ee793c2d9c6ca48d6559af274e1b42904e05b8	1414636	videos/regents-club/1213-v2.mp4	e5aadb29e90081670927bb49040ac65f983946f7d170a6550d89fbbce7f155be	275548	metadata/regents-club/1213.json	d2eb19fd3f02734fb5ab37486d07109234a3ec96292f2185c1c85057cca09698	745
1214	images/animata/cards/1214.png	4a25fc72da710fbf99fc33caf89c6ba6cf12fb0f04e060f167a32f995f55e551	2444069	videos/regents-club/1214-v2.mp4	3f71136b1c97196ffffde155d6c5d6cde7abdb93744870a54ebc9dbbf826705e	2042374	metadata/regents-club/1214.json	394aa3916ffeb74e8b424054a5e2afc990f9cc044acdea6265b58f752eb31b98	748
1215	images/animata/cards/1215.png	5798c185d164b2c09e56c1438a9f30a73ae6ff0071cb3af6594a20d7768860a1	1377103	videos/regents-club/1215-v2.mp4	b3794fc41903337d79123b53de6f43d326a2e79458435b7d13ba2feeb5918c64	236538	metadata/regents-club/1215.json	59f6e4ac42b62e6087852f62b0af88ad4e24cb0bf005a0295c77740665bfa0ff	746
1216	images/animata/cards/1216.png	40db5e692bb22f48e1e7a9877fc797ef277b1d42d765118a9de66ca1b08e5e1f	1393747	videos/regents-club/1216-v2.mp4	056f68aa017bd09209aa33776ac927911a8c683b3e042ad4356a550ca54ce499	322260	metadata/regents-club/1216.json	cb8b7ac21449da7e3a5e382fa9882295274108e96a87eb9077665aa7ea545ed9	746
1217	images/animata/cards/1217.png	9cd1da177166c5580bde124ab335ecea622dd8359512546e473d78baa2570ff6	1773387	videos/regents-club/1217-v2.mp4	2ac08e186cb74ba1db4462712b55c6a3fbcfec739f9a89e0dd7247d1710a425a	436693	metadata/regents-club/1217.json	ce66c3de07d25ab7fe25b5adde0f730cb15a6f11cc03cb497ad4568ded6ddc8a	750
1218	images/animata/cards/1218.png	21effccf4199df52ed2b7c474bfab6ddc3293a1d44f7ca5d4908625ab0b56fac	1829256	videos/regents-club/1218-v2.mp4	4f41019d189df14eb73cc46fdb49694e14efa40f64610314174d6fa7efcabb74	441105	metadata/regents-club/1218.json	a2bf5b9e83c5b1028e2d58a4171733abe626ed84e7cff00607bfebd045eeff3b	748
1219	images/animata/cards/1219.png	aa89216e99bbfb87fdcda144c96572c39776a50fbe34dad99ae3e35a2c5b475e	1755392	videos/regents-club/1219-v2.mp4	abff57d750117895fc6e3de06093f77092d24a94c7b141ffb13448f44627afdd	319567	metadata/regents-club/1219.json	6ab4d1b413f0225b8778d937135dac1cc8668cc16b384dee69d4e09848827282	749
1220	images/animata/cards/1220.png	eb4b276e98600f56a165e97470f7c8a1ccc4e2db9ca373e1cfd99186365d06a6	1728719	videos/regents-club/1220-v2.mp4	bde173ef3b0c25a9d5540399dac94639ccc9c5b1275478714422c49783a2fdea	397720	metadata/regents-club/1220.json	4a13c01d0c3f9b536d7cd32eaa795f5fc1d62c94e8e09511cea4f5242de91bde	749
1221	images/animata/cards/1221.png	f8bd1012e623e6b92b378516a25261dd23daedabfb6395d80a17bc68db743f8c	2275721	videos/regents-club/1221-v2.mp4	dbcafe46fa1747abfbc3cc794d8a255897226c237d0a1529812d786f756b7033	1402469	metadata/regents-club/1221.json	8f423161f0c0e4bd2a27d2f02b659ca7e46ddd591caf4dac67c060761ea4da2f	749
1222	images/animata/cards/1222.png	2201f01a34e44df6031315ec4dde7cbba3c2a5b0039e72a66b785c7eb693c18b	1829066	videos/regents-club/1222-v2.mp4	59345818f2d9f7ef70461ac7a88e799cf5386301635ff0567ac8632827d9484f	190637	metadata/regents-club/1222.json	254a34e0bdfc8ab2cf6e65a62a0169fda6c50219d3b2447ed6751b2b8913c5b9	747
1223	images/animata/cards/1223.png	6dd810972df371ca0b544c4596a65d2294c45f9ef69e9c91b28de5033e333076	1680894	videos/regents-club/1223-v2.mp4	e30442721d365dfaa264dbf1455a9a817e185502025afda0a2d8115c9a3f18b5	689798	metadata/regents-club/1223.json	e83874416579b333983add7bc479db081ebb68fc200fc44a73ccfb2cfbd29fd2	750
1224	images/animata/cards/1224.png	5133442ee7b5258ed80936af8485230b47709787b2727cf0943ca271dc47bbb9	1802986	videos/regents-club/1224-v2.mp4	9ce4a4f536457b26c61c78eaf0f3c0e0cb6cfd7449f2ce5c90cdef197294af3e	329454	metadata/regents-club/1224.json	15f39b797cd4f99ed52dd87fa54e013e80a35da3bf71a087f005cabadcbd149b	743
1225	images/animata/cards/1225.png	361b48d4d01bf80134f781227f686938a901839c1ecee181c261e37085ec21f4	2526230	videos/regents-club/1225-v2.mp4	50df345adf8d8fdaf51c7e2fa8b342da8a966a41f6e0e42301635b9cda10d89a	899951	metadata/regents-club/1225.json	0b04f2395da32219b37cd3f20ae75ad82313de7f908512f1d9122acf4352f8e1	746
1226	images/animata/cards/1226.png	1ecd03cd68e43f9f04b85f0d2f159ae9a730611b7e3c32755156646c34d77d9a	1272211	videos/regents-club/1226-v2.mp4	9155ded4dc5501d51cac758cd52967951daf42a8e43b076ebf34c3101774ac6d	129225	metadata/regents-club/1226.json	500fdfa747350ba29fb2e3acfc3f1a8337698efa5f6d83f6d164ed36a9b0647b	744
1227	images/animata/cards/1227.png	f32fbfe119910475c003be5ce371a44979ce31a222e481b7fd9f06fe8621f054	1357091	videos/regents-club/1227-v2.mp4	fe9e467c175a0f97547151df80cf660be827357407108a3d32b1d3696b35dd38	445429	metadata/regents-club/1227.json	95fbc505953b5e61e8884238fa8b765c1c1e5383e6c11b9a7e75ce81bccaa1af	749
1228	images/animata/cards/1228.png	ccf7ec342aeb3381d90b2acb9a7ab2dab6b52eef430db8ba73f8422fa57d063d	1972220	videos/regents-club/1228-v2.mp4	e50795bd70e9df12628f662262fd3b5c76de539b96b8473f794dd4f5f38ac680	438007	metadata/regents-club/1228.json	28757031b345573436c65da66389e29697a7342ba0c1585afac27560bcd023a1	756
1229	images/animata/cards/1229.png	22f5a91abfec69f86a316537094d94898c509724205b8f2d70ef4d24ba1c8c98	1337388	videos/regents-club/1229-v2.mp4	5cd41b4aa6726c58c32f5f8c7201d8a5280b3d8470c8fa265a52641632e84e74	330674	metadata/regents-club/1229.json	8e3211546d04813e6d5f88017252a5e7795847a7a8e0ce4d263f4b83fcfbd215	749
1230	images/animata/cards/1230.png	b8092b2d2bd7c5c8aa1e44063ca15ef92bcf45783764fe95c05f97f7c202a711	1486354	videos/regents-club/1230-v2.mp4	cc8b7d02f528d03feca92f69c0b275ab5d7c5b1e4824a4e30ce4bf590c117640	282154	metadata/regents-club/1230.json	bad289dd4a9f14622f199d9db9da51c36bc16c45566820e507b3a34d59b3d5e4	746
1231	images/animata/cards/1231.png	626231d717a4ae6fe775bde3ae89bf6bddf56aaf56a49230d71b016ecee94d61	2308568	videos/regents-club/1231-v2.mp4	abce59d16e99f4c660f6c3dadb353567ee3ea28f8e26e67dd0eb75e97f271de5	1065779	metadata/regents-club/1231.json	5d2fbc59b275672425f2d6e648400b0475103fb8ed688d44ade1a0cc6a2b0d42	747
1232	images/animata/cards/1232.png	0c3c15bd95836b15e686f89cbd1fcf48cf7321a55e83984fa0e3b4a77e831c2c	1642029	videos/regents-club/1232-v2.mp4	9c4a64bd90e4023e0135c5dd20cd64eb7b1d908de26939b647a4b20566e8bf18	339994	metadata/regents-club/1232.json	bb6f62dba153937e33cce7b4e77786f9e87b9ccaffd51af53fc4ace837e5dd73	747
1233	images/animata/cards/1233.png	295d6e5a103d2c98d2eb1f1b7c4bb29d467ef3a5b72868740dd47b96d8c7933b	1510342	videos/regents-club/1233-v2.mp4	eee641a60da69e14e6062a4f13adaf974a797b18587bead3f4687de6bb70b26c	256902	metadata/regents-club/1233.json	f836f8e78f011ed4e8a56b85fb5dc10bccf2a76da6a8a21ba1e0828ab7e6a6ee	745
1234	images/animata/cards/1234.png	0a6c46e404451bc274c069ff93f027628c86b3513327ff37e0e559fb04995647	1721203	videos/regents-club/1234-v2.mp4	ee6a11ae1fe30d4dae1aae29bd0dae59b39931cf781ebc1443f8a55e29e95721	674697	metadata/regents-club/1234.json	a9fd962a71f6ac3f5c64fc47e3dc8ccef80b60190418f7582b5ac86068484c07	746
1235	images/animata/cards/1235.png	89f645c541849aa8a7899ad8e341c0159fd0bf61cd66ce3f6523ed848c91e78b	1671352	videos/regents-club/1235-v2.mp4	7e109e29b2ccc170d4b43dfc36d8ce3eef5644438869750b11f121ae08126586	236744	metadata/regents-club/1235.json	0e9213fe6d4058378593672a4c1da4003a3bce1c32ae055cf9f1bad441630396	747
1236	images/animata/cards/1236.png	75d0d3e77639c67ab347a744b36f65ef6785825a588e2d95bb51e8e0aadc3a15	1505544	videos/regents-club/1236-v2.mp4	2a2e77ffd7ceb66ebd24980d88c7af0f5e2a924c2d6e1645577e08389c36e0e9	444007	metadata/regents-club/1236.json	5c35bb94ed7d851e086ec614adfe8c49a854a9b4b4ee6305e249d33580117b46	746
1237	images/animata/cards/1237.png	2f620c1cf7ef98f4882234bab23a9f33abd2c3ac9e95adb8c433006fa7e5ca83	2847802	videos/regents-club/1237-v2.mp4	70f328428d795e63e72aad1ab8583b9e0a89d13daf6243a256bd015a47f08aae	1139571	metadata/regents-club/1237.json	58b96a506684c7224fafbdf602b8e258cdb207abfcf0005c54fddb0c25001176	750
1238	images/animata/cards/1238.png	a5400a52db1e7ba7a3b763d6b303300a489d3fb5d21b503a3a91cd8522001c69	1672460	videos/regents-club/1238-v2.mp4	ede311b35a472705bb9b8cd3cdf2ff1050352ac4eb2b8b930f53ac774ecd36f8	377287	metadata/regents-club/1238.json	7d283d0a3fcf3309e7369e620b66f84c8279920519888b9956369a11e968d946	751
1239	images/animata/cards/1239.png	1f79925b1063c7de77ceff2db1b928682579e1d932fc42fa30998dc3f35b81b7	3560016	videos/regents-club/1239-v2.mp4	d90b640a89a925bb3fab046721f7759435cf5841b51b01174834880f5fca554c	2613163	metadata/regents-club/1239.json	900bb35d172c42206962e0b7efa434dac206b9c9d9dd8da7ec3beda6b27c6362	749
1240	images/animata/cards/1240.png	67025c60809fc27f337c9531489dd3cd6b198d1d86cdfab6e922fb6aa9b8237c	1525428	videos/regents-club/1240-v2.mp4	3606a79ad78a4b845f702712ff2beac84e2d80173c8280ace762b3baaf60b5af	323625	metadata/regents-club/1240.json	841c5e688cf09417458449ab590ea5c88d1be3be2f1324e394c63d653f0a5459	745
1241	images/animata/cards/1241.png	0f7b44df8f02eedc31b9679adc479e52169a1634dac428696f1a7f04b9ba6655	1590263	videos/regents-club/1241-v2.mp4	48ddc24452d070c4b547fdb3707d1b7c10e655912f865726e20e95405bc8182b	137442	metadata/regents-club/1241.json	8fe5bebe20889119853b9de4744148a50dfd68db07a7b2f7cfff1099368f8aae	747
1242	images/animata/cards/1242.png	9a8aae6a6bacaa20ec34baee22beef9fb3628e6ede77ba4b27fdd8392e23156a	1757435	videos/regents-club/1242-v2.mp4	de90f8a20bb528963eaac24c81b0174cdaf75ff259806be2124274e31cc19495	276368	metadata/regents-club/1242.json	e92e9f7fd5e5193e3e096f840f2b559950bc2e1c9a36b45f9f47fb87de72bc5a	747
1243	images/animata/cards/1243.png	bf327082cec7a48927d1b513bea6d8732f2143f770bce408f3dfc822c5fa10d6	1491953	videos/regents-club/1243-v2.mp4	8e8bf0e7a321a1065dd2875e155001847c5e6edcca73fe49927e940799ba6a9e	405346	metadata/regents-club/1243.json	8f0f39be9dd35c183c457032c7a24c0fd749acf501381f82b0c7970ebbc92282	749
1244	images/animata/cards/1244.png	392fecff97aafea74e03512304f276059a22a81134e3e90a1c4581aed6f6e11b	1266346	videos/regents-club/1244-v2.mp4	9395cf8c22591436af9352c2893a260113d319dd69a44d339f84abd4ac70ac16	274609	metadata/regents-club/1244.json	922c9c30145e3e34e12430680cedb15bb88aea690f3f207ddafc60de7ea37251	749
1245	images/animata/cards/1245.png	1f8de283aaf69591e6abee8e96d7d8ec2bfb0efc34ae6075514965cbfdea5fef	1987144	videos/regents-club/1245-v2.mp4	b73d0665110d2e9f02069ec0803e225c7d4a29e6b18986b14575e1a5ae18dcf7	446483	metadata/regents-club/1245.json	40a17deaa3087f57e5ab0b37bd8f085931f8daa92b35846cfa6ad63bff0059a0	747
1246	images/animata/cards/1246.png	9f3420886cd897435fe98ebba8729ddca2d5dc7106fa029374f0e749881035dd	1594691	videos/regents-club/1246-v2.mp4	212331b46b65295bb5d3490364988cccef4a7985c498ce5269b0a8e9d9f59f8c	506777	metadata/regents-club/1246.json	32729713582309254f2f8f6ab07278e8222cfc758e9ab3d44b4187b1563374e3	744
1247	images/animata/cards/1247.png	5aa7de327d15b99ef4abd253a6403e0a46b75b8d82222f1a8173440d595128b3	2098399	videos/regents-club/1247-v2.mp4	cf4b62beac09997e341a0c9201307db7d5f077e22ff3c51cdc5d56cf292164ed	614413	metadata/regents-club/1247.json	e5a5901fc0cb0d89f926a5920e229c5231f5b807efa523257bf1a1eb9cc982d7	750
1248	images/animata/cards/1248.png	5381838fefbed90ee2acab221a6286e3a849f129e9ea766539ef784b9cc90731	1373900	videos/regents-club/1248-v2.mp4	208abf3775825d1875c1ea7e9e2d1629818443cb638cbb1c424f0ab49546b118	293971	metadata/regents-club/1248.json	cea3d22a9187aaa5177b734cf81b6aa329e47c75bc25485fb733760383ae7da2	745
1249	images/animata/cards/1249.png	8a56cb8c963ef7c9ce56a837a84cbfa5eff08b2cb8de7c41ba924055a3dc8250	1596987	videos/regents-club/1249-v2.mp4	0fda8495f56a9a04f6558b9aa41646abffe8a4f00dbbeed9cf58e98ff46b6537	403575	metadata/regents-club/1249.json	3823ba10500ee8ec655066567d4f5079fd689b742bf1c075f35631b3db2d25a2	746
1250	images/animata/cards/1250.png	fe5b79a377e6b3d5ff84b4caecf3efcd0d4456cd668a1f4c4a39982d4c7402bc	2754550	videos/regents-club/1250-v2.mp4	c03a212f70f7fefb169e5d535d85709609da175833649e22f3c9440b7391287b	1176094	metadata/regents-club/1250.json	0c771422a7d6bceccf1cb2e3ab0b8cb9e63bff144ee3a76a28c5b69418708ef4	748
1251	images/animata/cards/1251.png	9017316b118a2339f7609dd9730a0065aa26d172a08137c686b127440d3e87f8	1824891	videos/regents-club/1251-v2.mp4	10a436277e168f1ecf3bed14f6306d99aac999b307bc17989161bbf02a2f83f5	618866	metadata/regents-club/1251.json	65b5a6d5b9db286a9d0861d94e4b8e33f42083f72779e80be3a668d93e2d0540	747
1252	images/animata/cards/1252.png	5029c8ff48924b37c0f483b48c552354f81d57be5a61cbe1dbf55f237e1b3f84	3343264	videos/regents-club/1252-v2.mp4	adead534804f9771b299d2ed6257e682eacecc050384476c6d33144d55700587	2143017	metadata/regents-club/1252.json	d7bc7a74ffe375bb3e9152da55e03951ce30f5bdc2a248b13ecc6f7aa7eba96e	749
1253	images/animata/cards/1253.png	3fa2a7b218291b75a079102e8e364124d33f6b41a09150b802bf65165e4c169d	1676419	videos/regents-club/1253-v2.mp4	bef0addecd91d4f4ad1bb4f4de8456fd06344561d50a80b92633d60c77bf5c48	685841	metadata/regents-club/1253.json	184633c2f73595881bfd71ec70f7b251b97b85dd837eeaa8edd598fa417ed23b	750
1254	images/animata/cards/1254.png	d0650a2d90f0eda9bd553401d463fb10693f1c97c613939eef5e54134f08d4b7	2034517	videos/regents-club/1254-v2.mp4	20b3e702d02e3a483eb1260e7f76e990062c62ea483cc62062bd8502df7cbff0	608157	metadata/regents-club/1254.json	c9bb3f2b72a97eaf1afbfbbef9c1ea8dcec9fc582c16220d9658dbdc47379f5f	750
1255	images/animata/cards/1255.png	0cebe59c3a0f01ea5b0edff8139010baf7a819c695e7a5340ef18399bc927e63	3326613	videos/regents-club/1255-v2.mp4	d0fb6ff4f30e7f74640db3a8e4b93d5fbe266ab424a53eb48c8f984de156fb72	2160529	metadata/regents-club/1255.json	2f7167c48f9ef5e56f7e81cf9cd979aa212106f8e515a6257c4039644564f02c	749
1256	images/animata/cards/1256.png	83aa0d2fccd88307979fc36ab6ac9a95aacb0904c4766b3bdc87418a58f756a3	3046789	videos/regents-club/1256-v2.mp4	a3f39f49cd87c0607f796e2df5a008af15902a09b2b8e898c43b600ecdb93438	1869371	metadata/regents-club/1256.json	c7835cfba66293f865a7cd3d1dbf9fa3ec35bb7a288f82b8910254ec32e0e3cc	755
1257	images/animata/cards/1257.png	c641d9a85fee09ff7faf7e3e08ab27bc01d809e997d7374664c1c1b566ee70f8	1715773	videos/regents-club/1257-v2.mp4	3fa9add7799c4c512d2afe769dfb966c534da9f6d26ce3fab6fcc236c85f414a	399256	metadata/regents-club/1257.json	935e4bd04cc647d5aa8cfc51f8a503ce804d747ee67cc517bff2626714f43975	751
1258	images/animata/cards/1258.png	a3667753f01f8764fc8a014872bb03b548499cad023ef6bc674d3ef3f1a70510	1458689	videos/regents-club/1258-v2.mp4	fe508b3d53e09ca3d21f0f07088f98c691f89a0ecc72c10ec5d74dd63fbe65c1	480838	metadata/regents-club/1258.json	ac04b4b425bd00b18f47152c883d4fd30e414e0d2b464f7caac9a0e08fe29dd2	744
1259	images/animata/cards/1259.png	36adc9c3dd44b78b3049504b48bd94d856741238461f33766227b7f6c67e1a1c	1528980	videos/regents-club/1259-v2.mp4	71ab84dbbcb92e28a3d699ba351961ff31471497f8f60568eabe482060a5b67a	626866	metadata/regents-club/1259.json	e4150d41c750f60896b5321b40f53e615ba12b4d0384d46a80e7a32f8597fdb1	749
1260	images/animata/cards/1260.png	cceef16dfa2ca6709e44d122a449671e2137ce1d1a5dda75bc9bdac4d0f4c409	1588459	videos/regents-club/1260-v2.mp4	3f0253f843064e29f91110fe233997977bd867bba56a9684fb1822ba34489d15	115085	metadata/regents-club/1260.json	7f55e22731fc0b45a412e6a8c8ca47133654d259b22a169b28731b17bc7a3974	749
1261	images/animata/cards/1261.png	d37d9f8b3345be901c0ab6cc97bf57a53ba4381f8ef15ecfa93e1d3c4d684c75	1371411	videos/regents-club/1261-v2.mp4	5b5bed5e8d20d6f9ea1bf4c5c5150f3c28d1648f0270a326b4af7749e251751d	162915	metadata/regents-club/1261.json	6399bd74dbe3435d6e6c77f0392ff5d8c6d771adfd6f6c66c88ee24891aa1eef	744
1262	images/animata/cards/1262.png	66d9825c30f21a0c14f4fc5e0ffe74f193b7f5f45b6eef7760827ef6d7b134a4	2134010	videos/regents-club/1262-v2.mp4	029aea45017c444fbc52e53ddfa9dd0f587042ddb2da1dd73ca900bed4881cfc	1219705	metadata/regents-club/1262.json	d0ce799aaf6c754ca90dbb8c116dc428e7b07c72025e1a79f78060ba17824c7a	748
1263	images/animata/cards/1263.png	5bc3feda359a7d71bafb194826e4e4143df9b2b1ec930f85be24a67e2af9d289	1525261	videos/regents-club/1263-v2.mp4	fe59d14e4a186ff7778a746cc50adac00887468c4e4c7acd1ce53aa71aea1415	242386	metadata/regents-club/1263.json	60dcd98376fddf4d301088371eb8f1383fa348bf3f1d168c77c996a32c7f3199	751
1264	images/animata/cards/1264.png	635267c3d276f4bdaf9dc49e54515b62fdbc982c960bf1d06727bc8aa898b320	1252098	videos/regents-club/1264-v2.mp4	79757a0166acb863ee6c8ea241cc2d8cf84c7e15b913253c1a34b85d2c9f793d	290893	metadata/regents-club/1264.json	0c5085cae4604168a2abe7091ad396f2ab763f712eef8af85a6a4a9dd27f84c1	750
1265	images/animata/cards/1265.png	60bbbd78fb500fbedcc98ed3ac94233fb8577c5def07965f3659ac7e6a0ce49e	1699806	videos/regents-club/1265-v2.mp4	f42bb15d8f091b26faff13532494b29c715973d493718c585970e19c3a167a39	208335	metadata/regents-club/1265.json	1dd1bc6cc15de7ad075125c9c343eac8d62e92bcf9df6c5a7b25c60ba5301fdf	748
1266	images/animata/cards/1266.png	498ca37bc4a00262325bd9c83d2e5743dead0949d83123510fc9fc21dd798512	1521491	videos/regents-club/1266-v2.mp4	f5c26928765cf59039f4958edccb807fcd2923a73ed38e9cd6e85622a2b872a3	328126	metadata/regents-club/1266.json	000f80b9e294fbbd936a842b01b84f7e887df13d5a0e3e40fb43e451479de4fd	745
1267	images/animata/cards/1267.png	364150ad6d8adc121f2e3f2e2fcc3f0cd9e0c3cee1b097e8998eb55f77f0f41c	1345420	videos/regents-club/1267-v2.mp4	dd2018407b7a6a2db0e59b2c721e8b7324d3db27ed553b428f844461a22be136	355707	metadata/regents-club/1267.json	19df913ee98b0848ff6dd44e1f12ee8165270a960ee7538f8939677448981654	746
1268	images/animata/cards/1268.png	39d1711ee20cd2857e96c89b7344ad542866929db9d16c9859731a2843e5e5f8	3006096	videos/regents-club/1268-v2.mp4	785796369863cfed5a27c4c70a79ca7bf7228d278588d21729d1e328856ec0ad	2055061	metadata/regents-club/1268.json	2e077e23f4216ba814b57d289a617646f3a97a6ffb3f391e9c7812fd2c7e4bc6	749
1269	images/animata/cards/1269.png	3adfcec9594b1de517a1e68b5288867adcfb8f629526ce5501bb590386824221	2156886	videos/regents-club/1269-v2.mp4	808ad6161102b9ec0bdbb35012b10937172abda2fb1713a171ca886b400321b8	494626	metadata/regents-club/1269.json	5d97b77ac3e51d5c5d69352750d226f0b171a09a1821a135e16633638f543c25	751
1270	images/animata/cards/1270.png	51625a4ff2ac3364fc01017e8ed78923ee8b396e23ab5f8c81559c17cd1a1ad2	1604436	videos/regents-club/1270-v2.mp4	81c1897cafc8e73e0cea72dfc43d574f5c22b0f037712f4a573367f7b5ffc059	311091	metadata/regents-club/1270.json	48fb20783eae98a693657952b1516672027d957a1f06f3d3e3f8c407ea3192da	748
1271	images/animata/cards/1271.png	1d7287aff6a07f9ee02c54d3d836da7621f0a8ce7e227cbcd417924eb02200ff	1890432	videos/regents-club/1271-v2.mp4	7d12f497c11237b7adc5f29f2edd824b56ac6d48f9f003c276d4938cd4ccd591	362064	metadata/regents-club/1271.json	29246f12b8d3ee9c5a302e757ab775c55a20cacc2ed323d7fde35333c9541607	746
1272	images/animata/cards/1272.png	29c97e86d00d156873fab8c40ff626edc0de819628d18e2f67d7733dc7d47ba7	1258413	videos/regents-club/1272-v2.mp4	6e0600d6be5392745876e40b995ab37f9811eb585e5d77d72610f169b737630e	136109	metadata/regents-club/1272.json	05b2f003698c6b6143fea80215e90f3e9d8773b25d5f84a02791be81bb0f2967	743
1273	images/animata/cards/1273.png	92dc2fd6bd0dda500c5c7931767bf3ef3c69b10c6988f2912559708ba0ca6416	1652056	videos/regents-club/1273-v2.mp4	c3602c71bfeab9b4c4f5410aca880596e4a121ad3fd9d8309f1ef799788d4557	289404	metadata/regents-club/1273.json	db4951d45af8692e3681a7efc138761ee18432d69ad8eef4d121612d0d9b9f4d	748
1274	images/animata/cards/1274.png	c801efc7b4bdac1cb2d92ee7e222742dd85c00ae45e6538b899e9eadad65e94b	2633565	videos/regents-club/1274-v2.mp4	0ac8db5d93ff36f35904d9210a70b6887c8a9f9da9ca7ab6250b34d3b5c39dce	1049158	metadata/regents-club/1274.json	3cbc3a3fb2f34d27cb0e61b9b8ca54e36d3851650eeb87a462fe1a96f7bf4a75	750
1275	images/animata/cards/1275.png	c75691736c4e7759a3c5d7eb438017f1db9790885e4853fbf012248941cd0a7e	2274607	videos/regents-club/1275-v2.mp4	c0aa5e6587c6f665955c1b60638141f23bf86916594a7fad112189db4cde54b2	915783	metadata/regents-club/1275.json	bbba6c25c604d088c4218c1d41a8d05cebc2a5ea241745a9784f9e7960b4f639	750
1276	images/animata/cards/1276.png	4f572f362a5894b773b90b2474e639b2485276f4b102aed8e6ca68e64077e900	2893418	videos/regents-club/1276-v2.mp4	5bfb10728a94b564f4e07a8c6709f7215b4a20e44be6d6d78884c1d606c1a7a4	975944	metadata/regents-club/1276.json	c54c081b52dcadc3dd8a02c69b70f689e205e42b1b6882426077d17116053b3e	750
1277	images/animata/cards/1277.png	98f4bda688670910ac02081ab80021f62e3d9394b740c499fb7c11b27a60e0c0	1635567	videos/regents-club/1277-v2.mp4	0724183a9ca7c02bfc7c255e172f8f59ca61fd53345dba36561956b01e739b3d	513600	metadata/regents-club/1277.json	31f6cee1f7bb787563589455b0681d483302df59826193ea1a5a232f0e524b6e	749
1278	images/animata/cards/1278.png	865b03da265a0db88b662ac107edbcc875243d0e8a26e457b5943aca57ef5b1d	1825091	videos/regents-club/1278-v2.mp4	8fb7e4e381cc29ac2623b9c7296f3e2809305616571ad1f93a30f9d80e9d4d56	591422	metadata/regents-club/1278.json	68b96f3ad90ced149c240791d7cbd76edc6824bec2bfbe71ea3f9625f9b38573	750
1279	images/animata/cards/1279.png	61ac6b7d09ae224f22c5ea296744c263917d2eb3125923b59f35e15ba25f5d16	1707878	videos/regents-club/1279-v2.mp4	9e9128ffa591971a84a1eed843d4243b1ca790d4e0dd0910b97ea8352bd9f1c0	390985	metadata/regents-club/1279.json	48ad949339593703604b29166f6bbfff2d3ab6cb484a506f984727adb253cb33	748
1280	images/animata/cards/1280.png	868baf3423a083077b9b3ac98f9c49774e755427427344575145e9e76d735b7f	1655449	videos/regents-club/1280-v2.mp4	7c12f86c8b0226f2511f86283824e25f8a26098099d0709f046b5e186b2c8fb4	136069	metadata/regents-club/1280.json	97ac2959095777e3211d333c2cdfe758e60f039ae3fc3cddea83a5e29b499c13	748
1281	images/animata/cards/1281.png	fb89ea5abdba289f62a8de5d9d8d50ff4d1dce2c5e66f4e63b44f21a7ecb407e	1600454	videos/regents-club/1281-v2.mp4	356641b1939c5e8f7f1bce0b1ec3b99a1b3ce0b427a677ae1d7e8a7f9b808e0a	666765	metadata/regents-club/1281.json	ba88384bf4c3e6b57d9f1b33865e58d68773beaf9d5a0ac4b14afdc837767ddb	746
1282	images/animata/cards/1282.png	999df80e6727241ce976090a2f651892e399fd953c24b2baa022701bdb8fc487	1299564	videos/regents-club/1282-v2.mp4	fc44f66e4682aea3f808f2cc56c2fb15c59440da7b049a47dce079fb1577e20b	311998	metadata/regents-club/1282.json	136c7ab35c63de7d08aee66f83edef0031f588bd75c831af1510ca7bdfc1de9d	746
1283	images/animata/cards/1283.png	de3f5a06157b4f514b6118445f3f711ab1b9cda710680fd48350d8551251b906	1462104	videos/regents-club/1283-v2.mp4	0a356bbde5098d7b89b54fd00ee12cb8739d733001c210bff53e13e652f11be3	315843	metadata/regents-club/1283.json	0aa2ccfcb968663df3d8a4f638fd8fb969b8c4e06693104e8e1d821dd7fc52e1	746
1284	images/animata/cards/1284.png	4ddb6dedeb8d9c61cde9c8afa9e65c40f3aef12063302ec0c780d2b53e0bdf3a	1212680	videos/regents-club/1284-v2.mp4	2596cb2eac9db7646b3b3312f4261de3188cdb0a6d7236d04e12bcd76420f5f0	113641	metadata/regents-club/1284.json	aeb1a1a0a2f67865c60c29ec7ce49934ceab0dbb9772a02a2319d4da768be169	744
1285	images/animata/cards/1285.png	d9b18733bf633ec1a792115433256e4dcfe44df4db20f545f4a8c9e548d110dd	1476194	videos/regents-club/1285-v2.mp4	61a9c0d083fba36fe50182c4fb9fb8a68dbeb602c8f9d9d92683563229924788	191158	metadata/regents-club/1285.json	22995b8a5be620e13eadd87a724d3b38be293f0159ac38119adc1aa8b8fb862b	743
1286	images/animata/cards/1286.png	7d0ef978246260f29a7ad24610d7baeae178e4ea9d77478e01ac2dda9b91f20c	2313710	videos/regents-club/1286-v2.mp4	1fde1c244d82a01d789e3556ea0783e065f693a0f1bc224c37cfbde62bee2cca	1023983	metadata/regents-club/1286.json	73885213c2561e9e0a7a77b7e04c00d360f24bb32edf2d79440aeed757eaff11	745
1287	images/animata/cards/1287.png	ae5e7038b8fbca3dc911e9664465915f18551543de10c7cf129c022cbc072116	1153235	videos/regents-club/1287-v2.mp4	be8449a9990b24f8a767ce91ce3684921f691c51fab46891bd0bcaeb0e5fd8db	265186	metadata/regents-club/1287.json	c1733a2bb947742e02475cd3f392bcaed3295ac325d65e4047740c48bde11126	745
1288	images/animata/cards/1288.png	de51ca5163c2d5bc01cd00ea654748d786a43d65b933867d9be6faf9d342cb22	1426752	videos/regents-club/1288-v2.mp4	6ff03a5e926ad3e9bf314168f42d8790a97bf9ef98941a929855bfd8cea47ed7	204832	metadata/regents-club/1288.json	3ecb6f373765b9fcaac7acb80f6aad90922ff8a65c2ae60933fd6881e838fa04	745
1289	images/animata/cards/1289.png	37a5abcee3097ddf52cd3c49575f76179c8050059f34003404a16ef8fc29c013	2227212	videos/regents-club/1289-v2.mp4	499288359e2dfd4838bf0b806f0c1e9f1988ade14e69b0d5f1d504e3496d768a	591958	metadata/regents-club/1289.json	27691ae1aa807b4a360762d7fa6091064f2ed65a0ee76f8b2759a82809f67c6a	748
1290	images/animata/cards/1290.png	6fd3a9a05667a04e47c93a555fe46b03cdbdaf8e2c3bd0813bb98979777ac0b6	1964350	videos/regents-club/1290-v2.mp4	ebf7dedb54eb8da600c41d0959bd086f25d68920f060974c142e09d9a75893f5	374746	metadata/regents-club/1290.json	ab12a1a89e5e2844fc9b3daadde2aa61c725829e0aa04116022fe7585fd3eaef	748
1291	images/animata/cards/1291.png	6e0de10fd54d8231d553927e44c1fb79e789f6815a19ab4449f3da629fe076e8	2323487	videos/regents-club/1291-v2.mp4	0addd0c726cee43774077a5e9f1ac7f2f8f4d15a1427e5608155c8ef0dd0d993	1090779	metadata/regents-club/1291.json	ad33f6f4c92b61b9b7ba985196e2088084f2c3730ed23297516cd577a2c52aba	747
1292	images/animata/cards/1292.png	9e8f3f526af277b46cfab58d4f38222a593c62bffc4e5be4c06b9e05fa8008b8	1565527	videos/regents-club/1292-v2.mp4	44447dff0e2de8a68c5b68448bfc12a52cc75d0de1b2eea374e0fefa070e7dfc	430301	metadata/regents-club/1292.json	51739545bc5ac020bceb842f4fcced99100f94b5fbb5dd6730fa52fa7789a413	749
1293	images/animata/cards/1293.png	320ffc8f0a72057827e96fb5b62eb9c0a52b02da2d9ed299db633caf31ac3d51	1709268	videos/regents-club/1293-v2.mp4	f1896dd1c2375a8d5107d76926f4e01cee24ae9b7044101ab48a83981848344b	525502	metadata/regents-club/1293.json	381fde614724b9f20dc9f80d10659ef2b39ee8b653a4963fb7ac85a0e42e5ad0	749
1294	images/animata/cards/1294.png	4b3d5a14500e8b694aea0dbf026cbe6f6e2c5cf840decd122c44097706dcfb9a	2243827	videos/regents-club/1294-v2.mp4	b2f4670b0f772780753bb8fbfc215946603bf35a45afe616e06819b5ff83f3c9	974792	metadata/regents-club/1294.json	238e998205a3f449f579cce861e4b73f042a7ce29d3a483103564b13cabe5eb8	748
1295	images/animata/cards/1295.png	cfce6deb49fd4c0c2f1c254581790796319eac01a97558ec06d9e818daf4dd98	1885036	videos/regents-club/1295-v2.mp4	ce95e4b2b51fb64bce8b75f706bfaf52b974d0d7ed9cc850ee162074e1a41943	353886	metadata/regents-club/1295.json	ca2c2fdfd791ae547c7775afef5c89a96d3f32947b6c931d37a14b74cdd11c98	751
1296	images/animata/cards/1296.png	5647f628755878ad48f3e3c5fb10baa92139a1f6f40458a07e7eb156ec600f08	1995548	videos/regents-club/1296-v2.mp4	003b4a6aa5904f287e35854e58b57e20af8b4b737ba32e77eb5dd44d74eae13f	282532	metadata/regents-club/1296.json	269743917defd07be413b197e0f435b1d43312254c1c7cba8e8418e97a3bd2bd	746
1297	images/animata/cards/1297.png	a09641a0348fb08df2b5926ddee30b76ea6f79926d89d13163e5d0d81497c8e3	1729677	videos/regents-club/1297-v2.mp4	db33f6e0307e608faad76751c50e1d5a88da0b1bed7770ae2636732d9f8badac	330098	metadata/regents-club/1297.json	29fd36e379474b0ce3fb71cdd393f15a368fc27799401dc1ab609b1d17fce599	751
1298	images/animata/cards/1298.png	217231d019126406b9d2383156dcbddf3a8beb4ede2d4a0ba50a1554637bdf56	2254670	videos/regents-club/1298-v2.mp4	bd59dd6b7bb5fd5e8bbfc7a7da543d0fbf6ab80a21eda4bf3b26747a86868d4c	570399	metadata/regents-club/1298.json	3c5a4c01577166f8848560a2d1f171a9c293f53922bbe2ea70d482317655a3a6	751
1299	images/animata/cards/1299.png	2470d26dd789ff7edde5672cef342163017a1e04db87c52a63b401013fad0f18	1124152	videos/regents-club/1299-v2.mp4	13d24a1cf3f5ea5f243d6293b9e1070b47bff331c53593633182bcbeecedf788	203907	metadata/regents-club/1299.json	324bb72f16877a30a2d3dbcd537dacddb93482419a84141e4005c33818b1c70a	745
1300	images/animata/cards/1300.png	a901595caa39ca95e81035638f0b541de8e3af5c14998199a66b3baaf992bead	1344691	videos/regents-club/1300-v2.mp4	cc35c9caf9fb39a1059d968a2110d8901e74b6900f5b87a6b81dd579b63c56b5	168958	metadata/regents-club/1300.json	4f97f5d099fa20378c3e1224f28d9e8db6d1e068badab8b8c8ffe24df46e27ea	750
1301	images/animata/cards/1301.png	72d470e90234d0f8ac2f9570237e71aa6e5eac1e45db05c4edd8c32286be19a7	2079932	videos/regents-club/1301-v2.mp4	99670d195f98d97cff8b7f25e92128c03f3c9b4afa98ab8f3f93f16537c15f9a	974433	metadata/regents-club/1301.json	7be8c932d48745d2e7ee9b046d050c94c7ab6596880a189a41154d51e7218e05	748
1302	images/animata/cards/1302.png	d380cf24b17a4e722112712643bd9989467cbe80041b1902490ed12e0fc8928f	1109139	videos/regents-club/1302-v2.mp4	69f4e947e8921ab3c1638b24d7b5a9df55212e6b0da280c5b4a3492860820e88	84939	metadata/regents-club/1302.json	b876c7407408b86f580fd0e084895452ba5f7ae81e5d366d70f6fa59b971df1e	744
1303	images/animata/cards/1303.png	9636e3c651077c763d4c7e39a1eec6a84cc88e2d0fc5f3e749b52cb1805d81f5	1315302	videos/regents-club/1303-v2.mp4	ac6e621954f0a18e9ed1e8f0f724da590de3dd7c78535b42bf436d44e67c0b1b	126974	metadata/regents-club/1303.json	bdd3fd6bb1883d54773b2201ad8e469a496c6d22257ca7b259b336e060c6c2b3	745
1304	images/animata/cards/1304.png	466759dbd5effa67f5f3ef29ee1c2e22a9777d6e267ad07b33a96f7b1f1e46d1	1440180	videos/regents-club/1304-v2.mp4	e1b8b23d577676bd4536f7e34902d23a1869ec248d2a579c48ff1f73085bd8e5	474536	metadata/regents-club/1304.json	764be8dc462b3ae5d330584c52ef08cb64e490ced21c0c2e2d39810eac237199	750
1305	images/animata/cards/1305.png	f4578f3b8858a73e481849f13f5d9e803fe77a695b351b7cdc0add9558520de3	1081586	videos/regents-club/1305-v2.mp4	629538f2cbfe3b4f8d5f4d6843bed7689542f70a527ca89e12b7d3a3f4f6383f	125638	metadata/regents-club/1305.json	daa22ba42d2f67917eb1069b53f26b746512ddb322d910edc45ca6168a8cf32c	745
1306	images/animata/cards/1306.png	b36300211098c905bbf9972ede8d366c55d5c5a83e6734e1aa75287cc8eb891d	1567438	videos/regents-club/1306-v2.mp4	0d84de04f397d369dc3e8bb7f56e2b4e266e3adcb6d47c20d13dc248d40d0eed	653603	metadata/regents-club/1306.json	e79cf515dac3dab80a9e28d4a9b4d0dfbc34da727aed7351b5a7c2417e2465b1	750
1307	images/animata/cards/1307.png	23aeb719e8a29c6a43569194a73e6426567aa8febe7e38e489187b1f0648bded	1755013	videos/regents-club/1307-v2.mp4	d34a0c211d6d4450894f30105929edb67511d596d0b5e09375b89610cfe96a79	336080	metadata/regents-club/1307.json	90a8721de14c1ff20a3ce22d2568b87fd065ba3c943d7b1af354bea5e79d0f2d	746
1308	images/animata/cards/1308.png	880c458910c499a4bd2f196845651035f6a73e5a93d6c26af256a33794fc4ac8	1684263	videos/regents-club/1308-v2.mp4	24c70bc5fad0fa6bf5801e4cd377e93c4627c8ef0c55240fcf408da152c67b25	509833	metadata/regents-club/1308.json	3181f6f5a06022d455af96da50cb48e2ed49232d3141990c600e1174ccddd36c	750
1309	images/animata/cards/1309.png	f533ac46ea6c5bca1d48dbeb3976c49925a39cc1fe7f915d9363d3976de4d9ba	1917196	videos/regents-club/1309-v2.mp4	d1733e272e72af00c157b8c0b5d9a6e3bbf60b445f13fb8e3f06543c3a636c2c	376576	metadata/regents-club/1309.json	5a5fcc32c49b1c8f4fed8003da83d3b00755ae43dbf7911ce567566ad012e51c	746
1310	images/animata/cards/1310.png	b16d659f3319848e0dd4ae95f86ad819fc15497f15bc5ddde917d1d2b2b9b2ca	1531030	videos/regents-club/1310-v2.mp4	173fa1397e0799cf10e81d1438a60d27a9c68ad9d78770ffe1c06bd830151345	278567	metadata/regents-club/1310.json	e8738d9d778b37d93a3554c074d89a9bf9879a64f84fdbc0f394d71111415c90	749
1311	images/animata/cards/1311.png	f6e701a4dc943834e90495f096a4878d9629feae9a5dc47fc01f8a575e96db9d	1549702	videos/regents-club/1311-v2.mp4	1c097a64b1df7f950464086417c9afb4f089e8938cc3be7ad941981b050a92b7	593195	metadata/regents-club/1311.json	2aec2a417af0d0c2dc4e1a403d7f0e75aaa4810d8db0af181f57778ad3e8c6b1	749
1312	images/animata/cards/1312.png	c8e08ee6968561e4b0010d24b9118b179665518beac930eed9e6941e372c8e93	2439750	videos/regents-club/1312-v2.mp4	5fe927829160d5c6d9ae93980b59f54b4203886e0913d419d5ecff509eb460a5	1258743	metadata/regents-club/1312.json	683d51331daf04936eec9bb70d71c2bfc9ce622b99ebc57f064820cff4df4c9e	749
1313	images/animata/cards/1313.png	d8b4a2f44c624e2818bb070fec7bc3c3e4ad963c40562ceb1817406cd86db9cf	1984167	videos/regents-club/1313-v2.mp4	8b6ae0518c6689b11b9b604709f240cfcb6b60abf685d9158978bce5e8c60c98	700891	metadata/regents-club/1313.json	ce9a44801019a0d251609c42b1bb7a4cc27dc1f3bc54d290c950f9b60e36b790	748
1314	images/animata/cards/1314.png	eaa226eb7612f5d108c06f8d99914e767c35a5d7e9a4af0df12e1dc483b178a8	1691949	videos/regents-club/1314-v2.mp4	29838f0da3bf4ab26fe83dd36a6a6cc59d8c8a4db87fa3b5ce53df14b824cff5	420675	metadata/regents-club/1314.json	06139b2417e2ac4a8713754efb1397adff06732dddc87525ecc0a41a0a5d01da	748
1315	images/animata/cards/1315.png	ba1e507313e2f8f7aafa1104646c7b2f194c7b10c9312be57f38ec5d21e14c31	2004618	videos/regents-club/1315-v2.mp4	2dcad06e9dc4d57975071cd36d9d1ba2b84bad0f35892a9032058f0aea6077ee	1016511	metadata/regents-club/1315.json	331dca66a71ec4b1b13492e2d85459ce8693e4a4cad004c70f25b250ea8ff489	749
1316	images/animata/cards/1316.png	3464d46d4e513da4278935377ff338c52bbba23d170366c6ec3b2ee1cebb3440	2079219	videos/regents-club/1316-v2.mp4	012815e23adbf4ce019c58949614cbc3b8f11430493bdb8c58b65710f0119df5	405696	metadata/regents-club/1316.json	0217c096d2fca265ff1897f473b83bc458a16907ad903aef37cf6f79e7b4cbbf	746
1317	images/animata/cards/1317.png	7e1b6cbc2040e48962db22c3470e905d466d2897b6a7675ac5b29a1598a70822	1333521	videos/regents-club/1317-v2.mp4	d77695c4b7aaf16ea196695c484c178276aff1617daed69d063b5787ee1be338	144976	metadata/regents-club/1317.json	6aec4d3761246a9034ec0d6eccca6f7c9124af3165c6d08854bb296e33d645be	743
1318	images/animata/cards/1318.png	f1037b98c180838c3ebe05f2af2ae8dde7c1053c6f4666ddbf95a00c614213be	1429281	videos/regents-club/1318-v2.mp4	26545e828e96dbfdabc3ba74e4798dd5577688c677e3e979471794bf9614cfb4	382878	metadata/regents-club/1318.json	1e85e574a20c8fee40e66c1c9d1bd42c3b59630087641c261ff4e9ca3db72b05	749
1319	images/animata/cards/1319.png	fd658e01cd293d6bd9c8fdc245c4a0aab9bd662595c9ec111fad8383ea3436ca	2014549	videos/regents-club/1319-v2.mp4	ddb92eddaaaebcdb5ab62a3926e31df0b304bb2f1c99119a6c17e39d59a9e160	351423	metadata/regents-club/1319.json	1ab5113d0441274a9b964914ffba0fe8cfd5afb6db9fc4445500b781d6f1c1f5	749
1320	images/animata/cards/1320.png	100f57873264024e4436ff07afbe08e6188a8a849a9c25160fc041daf092cf71	1446433	videos/regents-club/1320-v2.mp4	f157d3922f09d050db68a74d03aa07cf716167d101d0e06277a01dda3aee1f23	225575	metadata/regents-club/1320.json	caf9c3490b5be5333e433070262bb4237a6ee03b03ceb4588c83b73573c69608	743
1321	images/animata/cards/1321.png	f4bd52429e22a3b31729407a594d4b899dd6432415d4e800b52fa73e0859fd31	1648355	videos/regents-club/1321-v2.mp4	65fb61504e078d48e34bae8ba8dab44aa00c91524707fc2752129deed72523c9	331478	metadata/regents-club/1321.json	f1b76ccf316978a14caa519a0cbe9868e3f6b0a2b96db4bc009b5f764441754d	748
1322	images/animata/cards/1322.png	fe38c57e568eaa1610bcaa2c5c86220e7661d5507646ab3780424fe6b78e0ded	1479416	videos/regents-club/1322-v2.mp4	bc7c9e92ad181ee4003fdfa8fd023eb4070e1b05a0460c940afe7d6e8a2a3a8d	356564	metadata/regents-club/1322.json	f9a2c960e337c8be1a5480d2444d394e4a796e3bb331d412696e5711ca438091	749
1323	images/animata/cards/1323.png	f7ff4175b54044b1673be24cf844639d4c9c832aa5930205467a349c087f5831	1828343	videos/regents-club/1323-v2.mp4	32499576fc15297b2f3ddb5f87b2124dc0b9f8aaf3a5f311c4fbfe45f8e6592a	587746	metadata/regents-club/1323.json	dd86cbb221bae25c22d9e6a783fb7e4119f62936804c804d38f80a294b37c189	752
1324	images/animata/cards/1324.png	c903f505b35624a94f607d6ac8f1e8e4d8857004d3a11bd1b7b14a8089d5fc56	2095892	videos/regents-club/1324-v2.mp4	9fae2b8f3492de47f71505f0cf6b42c5a309367897b41a4dcd4f009427229883	512569	metadata/regents-club/1324.json	bbb2cbe8f875b44d35bd7733088c189281da7249f1feb7efce79d01f10e72fb8	747
1325	images/animata/cards/1325.png	9fc211cc4129078334c56cf506de4e0a9f4aa895f7dccc0b8fc66358bfee003e	1433948	videos/regents-club/1325-v2.mp4	46c48f0c3d17acdeeba21f05fc111f6351e2984425df07cdca25d935040db0fc	201921	metadata/regents-club/1325.json	e6e2509ce3a06774327c8e1ebb566e88e1d2cae06270a73b0303056861ec86c2	746
1326	images/animata/cards/1326.png	bf1c5d9d8a3ec6d74896a0123a2aeb05d0639ea4aac64800219eac9996fd8d25	1501985	videos/regents-club/1326-v2.mp4	c627646f26cb3d1b5ea4f5a3272406ce8c25d448aec6175e6b86bda27090a5fd	372661	metadata/regents-club/1326.json	afe8203b21c5db2fb8fb159e76d8e56bbe52a01f614dcbeace7f103ed353cce3	749
1327	images/animata/cards/1327.png	86491f033687063f7d62780ca46e4f274d89a5e61bae2b5839c4e8980982966f	1908315	videos/regents-club/1327-v2.mp4	27b5e4ed6927e0ad5c9d16bd9db4ddfcdb2162858f134a6f5844de84b8c04062	435375	metadata/regents-club/1327.json	ebd2833706ead7868932b5eb7fe3fe62bd0cb7f5f599adcf619efdb3be7ab189	747
1328	images/animata/cards/1328.png	1007cfd89e5084a69edf97c7e09c365472f19c98c7e79b292c56342c2fc2ff6c	2284811	videos/regents-club/1328-v2.mp4	a8c0c56685a5bc6e74228ca007cfd5e69fa7ba7ae1609b9b095caa76035a083a	936122	metadata/regents-club/1328.json	45f8db3167782e77a268e115a3295ea51b123dfee275a999f5e2662327c59f51	748
1329	images/animata/cards/1329.png	96dd6b90c6f0ee00387e82df0de1bbcad8e67ebd7e1b92e03b1b8363d26e8446	1207793	videos/regents-club/1329-v2.mp4	b6cfb9570427ce77691893fddd2f22ca97cc04388d104e0f2da770587ef8d265	190490	metadata/regents-club/1329.json	ccbca98a7d050c9127bef706979fd765f085d94a3ecf28c46ad3f327fe19abf2	746
1330	images/animata/cards/1330.png	f3b3c01cec1fdae1604e0667fc3b6d36c36bbf09666b868123562d80487b76ac	3005473	videos/regents-club/1330-v2.mp4	ebe6bc0aef42848fedf7638c70350304f4944696f23c5918d16c47a66bfe260d	2557221	metadata/regents-club/1330.json	5d2f8a3e87bf65d09fede0af80b09ebd9932079e5db3561fda3388f957811672	748
1331	images/animata/cards/1331.png	67527fb1da25cf4f74354dd2fee02a9abf88548bdc2c973b37070a27a0f66c98	1535614	videos/regents-club/1331-v2.mp4	8eb582309cc2dd9c35801d0f0403749ec240057a6bb3f52f5648faa1e770267f	352135	metadata/regents-club/1331.json	9028b50e9813bdba23e951c1f117e45885f02580e6424f7d2a153a6bfeba0701	750
1332	images/animata/cards/1332.png	2b5cdd09da8b8330449112d21425f9841ad9a0aa04d9fdf6dce21f51ae99ae57	1680741	videos/regents-club/1332-v2.mp4	00685ce2b0248e862c9b8eb0e31dabc5129c8a72b62c81e93396d65fe65a9175	277565	metadata/regents-club/1332.json	84530865477ec671e4cfebf5ab18d10426475b9df4f11e5b3c6da67b8505c8a5	747
1333	images/animata/cards/1333.png	22bfdefd1daa56b2b8a0535b4b7048fc9397626b30a86e6a0aa2b9f97f23ff68	1872136	videos/regents-club/1333-v2.mp4	b9b351a7324984d7eab9e1114cbcf145f5e0959bf9899ede660174f862e34f22	708630	metadata/regents-club/1333.json	678d134bbfed47bebf411106a51af234809c731cf55a23693bcdeb3828a6ff63	750
1334	images/animata/cards/1334.png	9afd51e85b3ca933e1a324c27c9709b008af75a4c8e738493d59e54b25f89a21	1428409	videos/regents-club/1334-v2.mp4	e45d2e7ab13f11b1045be20d129311e43fd97126ca6fc9fffda917eb504bf6ca	197316	metadata/regents-club/1334.json	8f904fca736aafa91f04d9db1ec434e594bfd6fbc7cc9a90d8315abac9b0513d	746
1335	images/animata/cards/1335.png	a7202e0c89d4a0f3862ea01c64abab7d34bc97b65254bc4112894447e94e92c3	1386628	videos/regents-club/1335-v2.mp4	9cb60f5df35d623ec3e96f0f793ed6a8408b631666b2f838605e932c68798ba1	142664	metadata/regents-club/1335.json	7502e181248b1c1d2b0ee90c70e5e897d9ccdd17ca2ff056f72873299d10db01	744
1336	images/animata/cards/1336.png	10c16ceafdde3c6681c094b2c0e9e514bbe3fa9475eac0271046899929279ade	1843983	videos/regents-club/1336-v2.mp4	204622870f3e83d6f7964326d6aba4c1e9aaae97b620f15dfe17e89f7e778e8a	618458	metadata/regents-club/1336.json	041ffa9db217c30f8512694e55cf17452234babedf0d4cb4d0ed0162a3a54ad5	751
1337	images/animata/cards/1337.png	69a7186cb83901b38e6f55e700d2ff18b7c79e3755456f7e3c12e53a3dec9082	1701344	videos/regents-club/1337-v2.mp4	ccb17d0ceb1765a0ded345048847ebeadb27aed2eefcf7bc6061bc92f74f3436	565335	metadata/regents-club/1337.json	47f4b13778cba6c788705093967eed081bcaba6d969882af4d3c4b5c5b46db06	747
1338	images/animata/cards/1338.png	f37dcaadc27d4f5c52fe11644eb8a17363966723ce96d03850d6bf660843474a	2169435	videos/regents-club/1338-v2.mp4	7ad82594aa3244fd3665d4b744f33ad64da30ca3b33cd510a498dfa5de7f7420	744243	metadata/regents-club/1338.json	8f1c1b324c31548e84991d0043ef51f51859310184707d2e13d744ebaa44e95b	748
1339	images/animata/cards/1339.png	13010f3febaba9ab245fe983f619768d5688516087527f155380b481e93f0b0d	1324909	videos/regents-club/1339-v2.mp4	18b4ad606188d7cad0b979f0e1aaf9dd75f5d90edce2391a0ad8b196f2a13ee6	217529	metadata/regents-club/1339.json	3ff8024457ab8a106c67f5682afe4465b71a93a4bd485518f4cea43603789d71	744
1340	images/animata/cards/1340.png	262d35e7180256ed69d0c009440f392ab7e6014e16f7b1ed96d6ff9c2a0edbd9	2410359	videos/regents-club/1340-v2.mp4	a33a2dacc3f6a55d052baff335bf668eb9e22a0a54e969ac426301402b66a84c	594488	metadata/regents-club/1340.json	9728d0d0c9a55c337c546a1cbbc63dbca20d8f67099594a82ff9424c9759761f	748
1341	images/animata/cards/1341.png	4ea040bcd471baaebca2771b613fa9a625cfd10d731af7d795e5068beaef4e13	1490872	videos/regents-club/1341-v2.mp4	7999d43c2837baa68555d5e3c227f38294636f622d8b93c705f6295706340c6e	321550	metadata/regents-club/1341.json	0b4f6a1fcaceb65fe298b58a37b805ddb610d918e06c02cd1fe6f054eadf71c3	749
1342	images/animata/cards/1342.png	95783fd8b8cb89bd5d94b515170a68303341c21a09228c1d7cb5061f44415dd7	1603534	videos/regents-club/1342-v2.mp4	7d297955442e94da9bb90a1ef2d45415591045de0330e9638616fb898ae22544	316703	metadata/regents-club/1342.json	59261c5a42a2fcacc4a37ba5b866a288442329d7892619b9d09a0397a7673451	745
1343	images/animata/cards/1343.png	d835035a6d42017109c07168446bc4f7108e1a20733895c61918a317ae48a390	1387249	videos/regents-club/1343-v2.mp4	a5077d309b10ec772130a6c768bec3d9c7be4c7b1900947bfd3706566e8e34e5	403323	metadata/regents-club/1343.json	13135aa8a5b2b33916319e5389d7309ea7180c931b8237d6a809669b262718f3	745
1344	images/animata/cards/1344.png	8ce95459b5ab1a7da2ae5c7b9e48d7fd91c9c53e845a683d5b971cc55b14a70f	2321295	videos/regents-club/1344-v2.mp4	1ea758409cea62a08219155387d9d99a0cf900298ee3aa6ad347fbd84dbe1a8d	1245986	metadata/regents-club/1344.json	ca15a4b4063b441a1a232aaec72465e2588a68a5dbaa46ddf017713b8ec3ed52	747
1345	images/animata/cards/1345.png	d9ce25cabafc7f56ffba0b3eb28d167341933e9b268812470d59b7c2d2c53972	1154719	videos/regents-club/1345-v2.mp4	06917c6f939cdf7aaa94f314ebd840131dfe0f14cbda472b35ef48b8f0be7842	354721	metadata/regents-club/1345.json	3e1c1a9854653535ca58733899305a77ab8e5683d97b2d6c38c3e7892a4c3c88	747
1346	images/animata/cards/1346.png	573463c318809e0d60e26f70e0307879fde53795140eb79e32c47917951e802b	1285552	videos/regents-club/1346-v2.mp4	893292615fe926acd8df68f13d731704c4f7dbaa1f6edbdf585c817170c54cbb	342392	metadata/regents-club/1346.json	fecfba4eb49c93325e742f92cf9e44226afa63f047f0506366c22a608636ce79	750
1347	images/animata/cards/1347.png	7677f65e721d6039d3bc3b6872f4ce9d3f10a7a363246bbf8f93cf651375644c	1916039	videos/regents-club/1347-v2.mp4	877c1a4b85377e7f12c7cbba61f7161e8840fad56dde617db2552da08da73af5	398718	metadata/regents-club/1347.json	dde55441be715e5b9972bfec190742cf5b198fe9eb3b0208f9931919eb9396f3	747
1348	images/animata/cards/1348.png	eb6076b2039a5e2c923254586b67b6bfe4b553c366ef6df7a509deb77f86d1c2	1584173	videos/regents-club/1348-v2.mp4	bf69849d90234048eb78ccd11531ef277921efa4ef3dbf6e64e04c3f0c96de63	282828	metadata/regents-club/1348.json	4f4f727ed188c02d14fe2612c6fbd81549445d3df3bf61d4f22c32b766fcb317	744
1349	images/animata/cards/1349.png	2139df80a1c78096d8a7fc3e4f5da867946cacc8c7377efffd521725c67aee27	2452559	videos/regents-club/1349-v2.mp4	d8d702a15e9803eaa37c27c46ea22721bf299181eb0e0b8336054c585547b523	1081105	metadata/regents-club/1349.json	62c9a5553dd09e9ac2e3bca9e71489f8fc7859a36bbd0f847df90df77d20a80e	747
1350	images/animata/cards/1350.png	6b114047369e9df4fb83a7a012708dc0ed328a19984ec42a7604af7adf5fb90d	2007445	videos/regents-club/1350-v2.mp4	1b7fca7af521cd1aa1fb69dc348dbc9d1625eca92207eb103bd47d9b1a3543e1	301211	metadata/regents-club/1350.json	ebc01ba9a1d493d2eabdc90e423bc1e7ea92b666e2f8ab8e0ad5101d0471e91f	746
1351	images/animata/cards/1351.png	556926bacb74d580e8259b39725012d6abf2010cf872fa87e37838f9aad506fc	2682740	videos/regents-club/1351-v2.mp4	e8f0b9baaac1a5c36813d6f93574c097c7c1726810529d3a602faf44b22c82ce	825420	metadata/regents-club/1351.json	52a5d1cf7fb906cb200bfd45ea2feaac9e74956e8df93f8a96289acf40dde112	748
1352	images/animata/cards/1352.png	5cf0ba23156ef41e03617c5921a7d04aac873a12be329f33e2990ce70dcc178e	1416301	videos/regents-club/1352-v2.mp4	85e06931324633037b1255401d7e9c4edfba4aca177c6deac1a0af74e9fbbaa8	269441	metadata/regents-club/1352.json	835d313549d6779ed0cbb3bbe873c28a26a0a6de530bad25a029bb25d4ab1c5c	745
1353	images/animata/cards/1353.png	bdb146bd8f345ecad763bc1d93b9eb10625dfcd1d6d9b6ee98d041604328c7e3	1569861	videos/regents-club/1353-v2.mp4	02a474f1294a39cf61d51647a303009954cc5c9a921267fe16a6d1c6ea509516	515867	metadata/regents-club/1353.json	261e80159b15d96a6c0211bf8d53c2a420dc558b51cda234bfe4fe4ec14f9259	750
1354	images/animata/cards/1354.png	26ddadaa386fd32fe99ad780b9e19f330933f7faaeae11aedaa8574a23b5898a	1391244	videos/regents-club/1354-v2.mp4	0e7745e84a3a326ce62d9f731df6e2cd3e8ae610c978346532aeb1a1d2ff7235	253646	metadata/regents-club/1354.json	3d76e62917ec0a45fc291469b3c88794e332d4b2eba94a46cd5b9495d681b300	744
1355	images/animata/cards/1355.png	0595ce96489a39bc17ab5fd4486f5b951cc6c6c089352deb4b5358d53955c083	2018931	videos/regents-club/1355-v2.mp4	5863a1484d9953a6b0d4cb451b49aad8832b8c13e79f72d6b650361cd23cf841	461067	metadata/regents-club/1355.json	db8476d391abbbc87e2af14f8f3d018f4a7a16f78b90df5d086f8d4606e61cd6	746
1356	images/animata/cards/1356.png	e7ddb7018b6c5fd46a675f5fcd3f8326ed691be7bbe467a214bf5a5dbd99dcfb	2531391	videos/regents-club/1356-v2.mp4	eaefc4a59e9e5c1d1d8387ef9ac03576fc76a239d43be7f2bfd857d0e76b9fc1	816155	metadata/regents-club/1356.json	f01f63883e38d949b861c7598abb30b850c37dab04e9a7b3b5337e2a242f9f63	748
1357	images/animata/cards/1357.png	7da61d481518b666cade0d8ef466e568ae9166cb319e06a91632041d5378b453	1634662	videos/regents-club/1357-v2.mp4	14c46dfd4bf846ca4b8eb77cb8d0914600b0e983923f32f975a4220bd34ec365	320071	metadata/regents-club/1357.json	96a14afcc9e552230455077d576618d53963c2e1444eb9b4779eedd531e34bb8	746
1358	images/animata/cards/1358.png	4bb92ff83681cd7917b6038d5bc057ee4fb39c527bf6c6a6d2ab63cbcd2cd0fc	1420333	videos/regents-club/1358-v2.mp4	5f0880634ddfaeb5df3f65993ca2245a6e5470369ea16d526a4123aed4507d97	292921	metadata/regents-club/1358.json	dddae8051128415449dfb829111bfe3415f95e6c4ead7bf65c94dae619ff4455	745
1359	images/animata/cards/1359.png	b22a426949f8db9d4f252ad037ab3b4501cf65fbdf3e75430ba398b83dcacaef	2225852	videos/regents-club/1359-v2.mp4	6aa70dd7b73f52e95d154e72ba1a2ee22250e46fea33fdcb16933954bebbf6c3	549019	metadata/regents-club/1359.json	ffd4e31a1bcfb33d39e733a35d01cf5dbe1bae9f938f3b78c145a3e9b7dd92f3	746
1360	images/animata/cards/1360.png	bb029f78a36f9cca1e5f8664adf1c03ae72d98fb4bba70c91585aee1b424a9ad	1491518	videos/regents-club/1360-v2.mp4	019422d3c089c99aa92b9878b3a26307697bc75e6c9cadbe007e164a928004c8	618171	metadata/regents-club/1360.json	6118b395c90a4a193e6cdc3b2194d310431d4bd4b038940670d9c382e01421db	750
1361	images/animata/cards/1361.png	d2a182ae994253d8069b1ee46af609cf7226b5142b4ad31aaca5e8a75ad6789d	1910111	videos/regents-club/1361-v2.mp4	b6d86fc2f91d6a83cf1e01c7d3053ba40ff81dc52deb50ef261b1301dd78c3b9	261211	metadata/regents-club/1361.json	b3abfdb71562178ddb266583fa0f86410549c3690d31cd77c74702746e949ca8	746
1362	images/animata/cards/1362.png	a462622633b8d3134fd7d4b6d275c89f3ba95c2365aa71efbad5e91b58600410	1319614	videos/regents-club/1362-v2.mp4	54671a7c18965611bf54999f4bd1bf3743eefd939505ef884a8c52eda233f94f	415954	metadata/regents-club/1362.json	3177c4e936f0692c018bd89f033e2cf12f8f49a8cda82f74a23445c7ceb934c7	749
1363	images/animata/cards/1363.png	69f02e6fe87af22d9f260a286abdbe3e1b1aa8166411e555a157bd50bfc19b1b	1956495	videos/regents-club/1363-v2.mp4	12f14c9b392a20a7d7c3a025186974a1af54677f5bbcd1c017d50dd74a8fe091	584278	metadata/regents-club/1363.json	a8da9817934961553ea1e9fa764ef7bca948fb93235c39014004cca18df68fd0	748
1364	images/animata/cards/1364.png	c75c7294b389e21ee2495954ebafc61fb9761d89e6ceec525f71e99595a10693	3475849	videos/regents-club/1364-v2.mp4	910dc9909814c1ec69e6104cdbae9d234a4430135ac3ce5643354c41f0fb42b3	3198904	metadata/regents-club/1364.json	3597de248817c56d884a840146e50b85ab80f33f48b9d08afc0111005bb5382d	748
1365	images/animata/cards/1365.png	e54ec5931815a30d02f22ca7cd77694d9a327902cc3f33cbcadfa71c0775db31	1588408	videos/regents-club/1365-v2.mp4	cd94b7e2677ba90d1d5240a00076bfc76de72d2dab65e1047942eb5c81e22b46	227870	metadata/regents-club/1365.json	2982cf44ae4283e6aeab2d07359b5be2a8a078c57ea6ada93e712696d4f06a4f	749
1366	images/animata/cards/1366.png	e29a32ba57f143634688a58dcce714133116d10e0a3f536e289a0da2c7f4690b	1487752	videos/regents-club/1366-v2.mp4	ea0b3a8ecf5a14f8cf20ff6f51cbea21125af998ac4a6c113ac9d8e9d77b993c	261329	metadata/regents-club/1366.json	e5fb70dd3e4ed6db1c59873e4b040954dfcc85cd3d575e2ad0b33904b2def0c6	749
1367	images/animata/cards/1367.png	3bf7934f0586dcadaf1b804836a37bcd9443f86b1a024a2c5972ca072004a37d	1542239	videos/regents-club/1367-v2.mp4	d336535b8a46a2981aef7f252e0695b94abdb5f74e976d1dc7716034e6e95608	259494	metadata/regents-club/1367.json	3b1affee43ca2c918cba50564cb58cb0d77df87687cde51e331cb09d850b18a0	748
1368	images/animata/cards/1368.png	346ae325efc96297fd64905583254ca018dfe9e489cbea60a13b432477719b82	1638885	videos/regents-club/1368-v2.mp4	a800fc05f85755472aef46ef8dbadc79fb6553a6ec192933c8e1801b1a86ec65	499457	metadata/regents-club/1368.json	032b6dac00f0dd78b2f381a6f1af2d4dc3142f4e57f6eebf548b96d03b88b6fa	750
1369	images/animata/cards/1369.png	eb13c8e4c5a97535906c0adad1a3351b19a7d2c8252a3c636ef4183452668868	1192522	videos/regents-club/1369-v2.mp4	4a932543d302dae24e8d7107fc19e02c9fa45333a52bf070e47eb3b170546119	280885	metadata/regents-club/1369.json	bb136286cbf0c22197799a41b0928cce42c8045a2119c8aa235c59b23ad6a6b8	747
1370	images/animata/cards/1370.png	005c562109401306c89ff1001104329571ae6bad51cd61a962ec3d60a6fa6800	1560290	videos/regents-club/1370-v2.mp4	7c5c70d8bf5cf45453179d16d5a8c32941c12f685b4d3affe612f67f84da3201	253318	metadata/regents-club/1370.json	e49cb713cd71965ecb7685c3ef454839897c0c1f0add73636fd7200ef98e06bc	748
1371	images/animata/cards/1371.png	33011b3d641781e04caec5d31b375a4d3bdc54ef64eab923f4b468f1a2250c69	1894304	videos/regents-club/1371-v2.mp4	040a4d0f32879980830b6adacdcb72e5bce611efdc5bc82c804630f4fcc17e9d	679220	metadata/regents-club/1371.json	9c156ecc24f11f4210de47aa338bf46277c867146274468d64fbb05a665aae8f	747
1372	images/animata/cards/1372.png	1e56462ca2469100cd90ccb0fe5926f7d7a47cb4a47e00d4386e73aaafb7c06e	1424042	videos/regents-club/1372-v2.mp4	3b45250debbd04505d80c52ed907f1bf3b180e2682a83e6ed95270017f250768	368621	metadata/regents-club/1372.json	38595c738f6830962fe43b5be552935f36e3432d1b1ca07b0962400c0de3950f	745
1373	images/animata/cards/1373.png	ac1bed5d7de1ab3466ac224c414136fe79d6cbf1e26699c6988688486a52128c	1492959	videos/regents-club/1373-v2.mp4	ce667172cd462886e0da9f705aaac408aa54c8d986d6ff674f5b71575e56d86c	581508	metadata/regents-club/1373.json	e333e85b2aec5bce565bfbdbb92f968e83c9b9208f64fabcd198a24576154be2	751
1374	images/animata/cards/1374.png	7e403ef7b6fca284735f2697e4e47ccdc8c7d8ff31eb911e72b74892461b8d04	1713440	videos/regents-club/1374-v2.mp4	34d95b2ede9c453955c1bc460a618e24eaaae4ba64413a31b8b1b2cf5ece8ae2	245239	metadata/regents-club/1374.json	981244ba0bd68147cb075dd1a9305f53fbcfcb994447a8154b1740d28f84732a	748
1375	images/animata/cards/1375.png	2dce21fd091cfc9b30d25dbb3f5850663cd0f701703a93673fa76bc569bad07b	2616877	videos/regents-club/1375-v2.mp4	b2bb36f15fb9b1942069a0b03ec5a38f4a77b2586d248c317ba56c4998e643cb	1178975	metadata/regents-club/1375.json	38d0450f5fefd519e045096b194bf7abf374f01a5b693038ef8e6241162545ed	747
1376	images/animata/cards/1376.png	b6c6db19a878c7d2241a0e4d3e95cebda9b0d9be58e3eea702b564d0e4814049	2294805	videos/regents-club/1376-v2.mp4	68aec6232fc26e280905009845907eef3bb157be7ddfaec6d2f1da343b8a222b	885332	metadata/regents-club/1376.json	3bce885eb9b5bff5a784f4cf5a600bfb4b32396a9d1713cdc479dceedbadcc68	747
1377	images/animata/cards/1377.png	73edf95b47c40bf4241e88de0fbf2b6dfe06005ed44f017fe55d1b82c70c9ff6	1463803	videos/regents-club/1377-v2.mp4	6b4e1d055894b0ed9c0117669af2681bd7c66754263f2a3acf1bede9f592788e	597701	metadata/regents-club/1377.json	ec5f63228ab726a2d89e6b29831d062b7d372a9dc353c02f685276714427e09a	745
1378	images/animata/cards/1378.png	ac403c66e8693ea314a49fdee445502f07e3a4e87de9b4a73592bc2044de5900	3148134	videos/regents-club/1378-v2.mp4	f0d8eeeb5e238c8f9b11c248b6046610c5abfc372275c575d839f8a366ada534	1407879	metadata/regents-club/1378.json	f50ff66740fe200806d1b2dbb6c9eb23c3624e05d24df4e6466f6705ae99a295	749
1379	images/animata/cards/1379.png	937c1534d70a16ab3471e21cfd117e62bd6503f41a59722e69956561997fc7bb	2446268	videos/regents-club/1379-v2.mp4	84fda02c10df6b55499f68cff057581fdc2d18300f2749eabc103c22ae35c8f2	1397108	metadata/regents-club/1379.json	de90fe953ffc54de41d23d0ba1e97bb76ebf2550f0dc5a7e1c772433f1261b58	745
1380	images/animata/cards/1380.png	831999d2802a9d97ee2e7e709ba9bd020513ba5ebda06d14a55c6692cafeead5	2029550	videos/regents-club/1380-v2.mp4	ff892d1c5707ad06e7f916022dff02a11faf33ffefa89ac4d0dd8504176000a0	580483	metadata/regents-club/1380.json	104429b2c520e995952f133533febc43a1b1530df7dacbb2dd4d847f8cd9548f	749
1381	images/animata/cards/1381.png	5765d1b99b722777b187a430e2034ca0f1f71f497eb922af42fb9b015bbbe6f6	2431289	videos/regents-club/1381-v2.mp4	dfefbfad423a931eb6462fc50e189d35c8e67f7aa5fdb0e392d6608c5cbce399	1394104	metadata/regents-club/1381.json	37306fc3642dca6391b71d322d1ba05f6a19e3c12008a870a28416e0d5f0d518	747
1382	images/animata/cards/1382.png	41e93b1381a9aa398ef03dcab777639a8c63f278e684693d66954ad511ddacd5	1512695	videos/regents-club/1382-v2.mp4	2239b1ef79dee89bedfe1c0ee8f94c6832bda47b4d90d8c579255498a030bf71	197792	metadata/regents-club/1382.json	87990633dd8e6fdf374b61e3587ecba6f6f11d8e59cb8bb772db6a62056257da	749
1383	images/animata/cards/1383.png	69c040841015474dcb2a29d027d0a44bf63ee5db5f3c2efa980b2f67e5546df7	2615761	videos/regents-club/1383-v2.mp4	49ac1c54e91ef9d43a134a6cf8c30a3b7fdb84f03d48b188b120bf2e97ae82bb	1133791	metadata/regents-club/1383.json	6862e0cb6312ded42d1ec1d93f17f4bb740a553475410a02756a0b0b14d762d6	746
1384	images/animata/cards/1384.png	1350d0412b6f33a4f1d809e7d98d8df879f75e5ad911a301d06eaac255dc4503	1381870	videos/regents-club/1384-v2.mp4	9eee7d11f8b13b0d9ca6c822af807f8f96b15fbd8178229e90140c6c90afc27d	295942	metadata/regents-club/1384.json	e438dff44a3b118d7d92d713a389e165e97e272f39dbd0abbeda050a42882897	745
1385	images/animata/cards/1385.png	ccd3d93706d243ea8b83bd902e3318f6a1028d004d0e6b17971df37002fabf30	1466463	videos/regents-club/1385-v2.mp4	b2122a0135927aedd7e44213a5c517d9a6cf06097665363ec5e5a03ec37417b0	645662	metadata/regents-club/1385.json	6c0129a21007b007e7298ddb192b6cbf8ec8f8db985a4224da60de9c104ae6ce	745
1386	images/animata/cards/1386.png	32aa1b3ec5569b2ab56752d0a9f2242370f443f4276a1b5ff9f2f5b89cc72241	2444193	videos/regents-club/1386-v2.mp4	7076b4168d02ad2e025ff11477fb9c44ef990e41c9d93eb79bf27c0ff909f9f0	1065719	metadata/regents-club/1386.json	d9bc871ab7e7b7b2ea35f49dd0daa318d85faf4cdffba3a278d7b0cbb0acfce7	748
1387	images/animata/cards/1387.png	6c2ad1bc645e16a7235f099171e3f6291e40f172c3bcc7f1c97a70654a315666	1493172	videos/regents-club/1387-v2.mp4	bdd5f3bbbbcdb9fc6fb5806ab60fb92444f4bebe657ef24985cf5667477dd591	556209	metadata/regents-club/1387.json	b330a686c3723448538275d5d149f28b1152a7f466392a03329e4e230ee26e66	750
1388	images/animata/cards/1388.png	22e7f4c719c1e1bd9eadd3527690a4ad3efce421755976043ff7a51cc24314b8	1557750	videos/regents-club/1388-v2.mp4	7ab76c84ab7b4590a9048577324200420cabec89cae6e197355aae53a0f41bff	664902	metadata/regents-club/1388.json	483003198efaf58087a3a863613bb51c6cc884c804b80ee698b2ab1114e248c9	745
1389	images/animata/cards/1389.png	a53f849cfe558d950cd309f75b860d36a99dea3ccaea68ba0956177865dba800	1435194	videos/regents-club/1389-v2.mp4	9bd84a332f627a9d9edb5efb2fb878e842227fc829a4f1cdcb8eccd4521344af	271024	metadata/regents-club/1389.json	30cbdd006b6474e38ade4a412a7c7c13e7fe30770d8f7ef86012c97dceacc185	745
1390	images/animata/cards/1390.png	2569cdb0e304a0a5c569483f108f9f23f66470e0e6b1ae392aa7f7fe81a2c9d3	2220097	videos/regents-club/1390-v2.mp4	4b124ebbc1b26dc08ae1659f4eced0ff95c795cb31e4eaf720a4b649293703a5	1129297	metadata/regents-club/1390.json	2b3929b9f0c8796572be78133dbe2d838f0bd51ae225f6d9fca3e9716966be39	747
1391	images/animata/cards/1391.png	9ae2e43d6c5c523a28002ead5ee80bc7e9218b137c4ce8369e25e9c0fe78fdf5	1629800	videos/regents-club/1391-v2.mp4	f2c1d72d260ee04b848f6fe8679f6c2e9f65d0207e3adc66ef606b340f54e44e	360785	metadata/regents-club/1391.json	c8278d45a47eb68d713f95322330e6afd469296148778ec1a562eef879f574b4	746
1392	images/animata/cards/1392.png	96be5376335b716930e379bb30db5a96308af4aa0a3fb3212338ae84359a6d61	1327781	videos/regents-club/1392-v2.mp4	6cae921d99fa891ae5ed34c8099e7ac363e9077814782414d938966721aa17f8	261755	metadata/regents-club/1392.json	6106f34ec7d6ec896c5acef6e745376f3139ad78bfed6fda0fb65251c0c50900	745
1393	images/animata/cards/1393.png	8b42cabd2c16092c158a3d1c543ea2a1dcadd861accc975ca37921af32028d96	1476028	videos/regents-club/1393-v2.mp4	a96df63074b9106efa64ff3d1c5932e7054933ba68b1452a7ce6001a4e1434e3	342768	metadata/regents-club/1393.json	1b91cafd3ff73dde4d4426d28da8be0ee113f720d7adc10590de66a2304f7397	745
1394	images/animata/cards/1394.png	4ecf7299fc0021dc3ea00c32107063adcd681d39fbca62fa9fff29af6274e527	1695194	videos/regents-club/1394-v2.mp4	33ac4dd32610c631ba1093803c5417ffcea39fc9deaa51eb6158eca3bf1b05b6	360420	metadata/regents-club/1394.json	a9e74efc691ea2b9d2896434e15c85d500812f632908586a0717abc75786c1da	746
1395	images/animata/cards/1395.png	82a5b86aeaac51e99d6781dea56d93e7002db77e6917d5966ba2fd5058b600c6	1611427	videos/regents-club/1395-v2.mp4	1fcb1af7bfc5db793ffd2ee38387c5ddc71d564c71912848b2eb26860edf08eb	586728	metadata/regents-club/1395.json	8ebc80be6e0f51cdd0bd60435fe97cabc75a2a98b780661f737de0ec2610fe15	745
1396	images/animata/cards/1396.png	f55547c349c37b29b13ef128e89ca24e09fb66ae18a8a4bf30fbc9af33d87a96	1875190	videos/regents-club/1396-v2.mp4	55c8499ecea8be412ad727b27a956eca79d0a01ef2994c374b4dd6282ae6e786	384695	metadata/regents-club/1396.json	01b53c2ce6c17a49b7687e4a183ce190dfaf6b5ea5cfe669a07a39746372f27e	747
1397	images/animata/cards/1397.png	751603e02812bd9d93b2db592300edf9ec7a4d43c6defe30771f20bad2b77abf	1543825	videos/regents-club/1397-v2.mp4	c69f36a655ac83420e18e613224b5e6cbf24990b9a71bf36e76a57cc8a334c53	398802	metadata/regents-club/1397.json	7469bdadfb5fe2487828e7ad49fc2d417dab525a12f683830e0af5c2cc55329d	745
1398	images/animata/cards/1398.png	ea9dd78a46f3fe817cb73392bcc400eccf7de4d2d49df1e5b804df24550856da	2153794	videos/regents-club/1398-v2.mp4	00a4d92c68878747cf03a5aab5d336923bc14e1c657c25c79b47edc5643c69e8	759799	metadata/regents-club/1398.json	b47ec317b235fc3b16d0c4db5b212346bc8553d48dbcabd83856c079ba63eb82	748
1399	images/animata/cards/1399.png	ce121ea4f26581f1c21d62e5df6c02f85fbdeb102a3d8f94bd76d270fe48381a	1408384	videos/regents-club/1399-v2.mp4	b348d36f52e53e6d372b42ff5fe88b7e1277757f8c5df5d8daf509bd76c5c124	314164	metadata/regents-club/1399.json	7d70ffd7afd68c68c8d6c8905ce7dd7e8c2d1d9b66308769043123079307904b	746
1400	images/animata/cards/1400.png	60587b8f89d6503376c3110aed6b6444be19d6b8ae90e84931ce69cd204233cc	1595468	videos/regents-club/1400-v2.mp4	fefba4af2a8ce6b61ef21144b9895c2c379f4142f21e67b22da7d02a826fad14	506189	metadata/regents-club/1400.json	09772b2eeb4ee177f88d9de42d2217293820e477ac6ba17019f73f35dc07bebd	745
1401	images/animata/cards/1401.png	d30963e9287bc5b56e7f1afdf5182a0508fd7d491935b30ffdb7bec0f8b8b961	2023629	videos/regents-club/1401-v2.mp4	09a353baf0bab1f7b8b50784bdcdb6eefa2598a0183f1d2b773c9212c193768c	468803	metadata/regents-club/1401.json	b0e27eee41f6581519f947f78f2716aecfb412c622989b16a26552f9ce2b47ac	747
1402	images/animata/cards/1402.png	73d2ee775aaaa2274045ff19f6068efce61f5e5b069de426ae17f2f121e38e85	1971884	videos/regents-club/1402-v2.mp4	175f6c8266ecd034142de710d66e76ce86f1d48f656a670e61f4b81ce357b38c	858463	metadata/regents-club/1402.json	b3f007b9c924beb31a2dc52c1d1997e41dab4098d0b121d6932b240370d8a2d0	748
1403	images/animata/cards/1403.png	e5a6348eafb7acc783d39f3197abae5815526f50f991131e2d6025f92d225af6	2271270	videos/regents-club/1403-v2.mp4	69e55af69fa9f5e0428eb857814cd6be64a6d1d74b5e07e0d783eea653a20170	708552	metadata/regents-club/1403.json	7f11a46bbff8eec3bcab641c84ede212f8f06376c0204c1b3758ba97b9eae6df	748
1404	images/animata/cards/1404.png	d9e7bd4c11ace132386cb3aa0fc6c2ed9a106596d9eaa0b43c5e14c6a7ed52f6	1802735	videos/regents-club/1404-v2.mp4	f2d13e444267c91749625730f0f937c4519b88ab2a78af8d17301c6aa704ba95	256373	metadata/regents-club/1404.json	c463a75e0336c15a2228181a912c2528b409aa12a1c78c9bd45332b083075b9f	747
1405	images/animata/cards/1405.png	300f20e111544cee3577fd34ed2ebdc3b0a60b32817821142269e1bd9303c8cf	2297695	videos/regents-club/1405-v2.mp4	b0d6f0f56942aa9a14075f3ad2d5ae93ae9c6512e94a4f1be431cab729b8d886	563848	metadata/regents-club/1405.json	6ae535cc4fb46b7acfebe67e5794658bd91f87836ec9d041d0416b7f253b9c7c	748
1406	images/animata/cards/1406.png	99bff7548531bb00301da12c9edc14ffc902131a9b529a34ba7c65531ef586f6	2299190	videos/regents-club/1406-v2.mp4	558b20ed9b932c2da7aab36bd7ceeff5afc59647e0b493d1054ebe2f9b42fd80	764664	metadata/regents-club/1406.json	e3395d911b252ec1c0a9380e601ffcbbd54702b73b9719eb8fcd6356e2df1b6c	748
1407	images/animata/cards/1407.png	8931acf97db3dda3f56085421700d9e55a73d07440f4ceee116a03083bf5f8d8	1471935	videos/regents-club/1407-v2.mp4	43661ee771ff93aedf475e454211c3b3d8eec040dee699ccaaf8204205d9f62e	509414	metadata/regents-club/1407.json	93bdf7053cf77065ec0ab8b60e0abbae31a4ac73d3fd4812882a1a423b95b11d	750
1408	images/animata/cards/1408.png	ffd1297e416c594584e83f3076540461a94745a158a38549a35c648b5b4d61cf	2105374	videos/regents-club/1408-v2.mp4	6cd70d98b23d9781d75a5481d0695c78b736c925df7e6d021d3dbe6ebff74ff0	729865	metadata/regents-club/1408.json	54083defe985867f53efd642f8920b096292b103f6d0b2d0a191e946adb356c7	751
1409	images/animata/cards/1409.png	94f59fb8db87a4842af9b62c56690098284be07763cecce5c4d3a349d6a4a2a4	1399289	videos/regents-club/1409-v2.mp4	5264355f9f6933fce73f0e964e358ec66ec3d1943e4b507f3bffd1fb93792cb0	308660	metadata/regents-club/1409.json	e88bc09278b24442aa7768d739f129b67da46053fe7c9d890fbae3b55ee978fc	749
1410	images/animata/cards/1410.png	b33f01599c523622f415d62666be733de13d0a940c8975f0378c9fa09ec08aa3	1810945	videos/regents-club/1410-v2.mp4	669598c49cf85544cbd73ae97f258a760c3a3c18c1a267c6fee74e467873381f	668228	metadata/regents-club/1410.json	cbf619f0f8df392e165cbd5d36f22e51e7e13800cc7027ef086cea6b5d8db3fe	749
1411	images/animata/cards/1411.png	8d29ef42cf6eac2497b70705e932b0b0fffa226245b50e7e44d9d26af8c4ef7a	1431289	videos/regents-club/1411-v2.mp4	589e7539580480650a13d9bf7707b3ca22fb9223118ff742369fdc52b684593b	169933	metadata/regents-club/1411.json	5411ea661a199e8c267e57a2cd8b7ef3bd72363b4edf285713026cd3e8252365	743
1412	images/animata/cards/1412.png	91dc03ea12a9315e5908c2ceeafe57e68dd7b36b1be6a4c0eed278188548f593	1376465	videos/regents-club/1412-v2.mp4	09fa6bfb7f893c8e6f4b32409eb15a9985e74346a770e0281c25a9e7f61bc1f2	179344	metadata/regents-club/1412.json	341f6b8e0013fcb85afba88d28526580ce7a0b4e4935442957e05bd32874b5f2	746
1413	images/animata/cards/1413.png	6bdba6ce2519ea175f75a0a0427bc5b8466c921e1f5fe6c9784758663047243c	1162649	videos/regents-club/1413-v2.mp4	406aed7c3cf8dfd987616d629db66ec9bdd8029f05c48e1ffcb8f293ee16c9f7	240735	metadata/regents-club/1413.json	20a42e8b0e6c5e548f2e352bb161acb82ded39813062d68f19d26de7c5b41db1	746
1414	images/animata/cards/1414.png	d98a15ddd9b13dd144677ae58893c0d2b066d0f07d2b5b07f73aea19ea362e6f	1602267	videos/regents-club/1414-v2.mp4	3067d36085f151272b4eace4e50d9dfae7b9d0541cd1d29f0895eeb9aef24e87	522670	metadata/regents-club/1414.json	9f8617a116a566cae8e8ae43ce7512e38dc4f7fda24c7e35366c3728a55cc041	750
1415	images/animata/cards/1415.png	1c9ea8dd27b2012d61c0e42b18250bfba3bb5af40bd44eb6fc48469b8d9a1a27	2073575	videos/regents-club/1415-v2.mp4	193c9d042c45f98dadfa78eae4e94d2c574b4dac5604d25cf11c2397f2eb48e3	384365	metadata/regents-club/1415.json	60940cabc55ed436f6e2d24ba2a025420cad114a3a11358e99414cf1b2102b41	747
1416	images/animata/cards/1416.png	ea9828387273e2bb994aa7f73158ed6f55cb962ada4b8ac4b1ae6bae77a14389	2046108	videos/regents-club/1416-v2.mp4	cce3c88ee5b2337c7892ff3835296e8d3b9af91235c062837ecef5b543d6a0f7	884529	metadata/regents-club/1416.json	5754e56dfb8d80876eeb4bf90040306ce0ff7e879f7bc589559a411199cf6fee	749
1417	images/animata/cards/1417.png	9932d1fd2d49812740c3ea63517c335f1ff0c4bc749ffd5c339d4e1d42878f97	1846177	videos/regents-club/1417-v2.mp4	1721db6590d5131fbb22cbf5af5187f54a9a235ebb9926a38f0ac9e3abdac9e8	559107	metadata/regents-club/1417.json	971d77139b309007dc12cb244159608b9fa1aa843b360b35b17f6b51dd0d1bd2	747
1418	images/animata/cards/1418.png	034f4329664c76ec4c06a49dcc16b20e682fa2c79d71e1197761a1f0c20602c8	1426707	videos/regents-club/1418-v2.mp4	2f58549f4ae0f25f8a4f658ca9a78ad76490122abf1ce3b1fe4e0cf8672d17c2	299316	metadata/regents-club/1418.json	cf725b266be8b582db94772d69c262729da81b4cf254654f9dacb42919e18f9f	745
1419	images/animata/cards/1419.png	a0d0909c85cc13d3fc190af8068a0f75a71dbdbeab19f97c8b03c5dc958cd2f3	1503960	videos/regents-club/1419-v2.mp4	eac7fec439d285b7cf7ccc1c636171e34fb6f0e2b9421222f27cbab9f0b5907f	582456	metadata/regents-club/1419.json	1c6241232acb1b227565b22cadace0f6898adf60f2ef90f04fa02779b3e0e3ac	749
1420	images/animata/cards/1420.png	ce5a9573f98813549e498c17c7c3249cee7b5b6b86e47f36b44691d31740211b	1452047	videos/regents-club/1420-v2.mp4	7251bbfd7f95df7d005b3d9bd55a52226bf69bca15b3e761af84076db46df31c	218062	metadata/regents-club/1420.json	08175033316e9d28acece768dc4f22ecae25cf07f7d22b907f2aca3478b54337	748
1421	images/animata/cards/1421.png	a532408aaff0f9f1933083e13f263e47dce3bdca4927bbb2aa461518c5c7e1e7	1381768	videos/regents-club/1421-v2.mp4	b5e5b26f512bde311c56728f069f228234df0730dcc051e6bc1ebb5140b3cd7d	224268	metadata/regents-club/1421.json	45103bb7d7d4d95dfe8a3331b2de14821b739093d493ce30b311d0435660883a	751
1422	images/animata/cards/1422.png	48d73b991032f463dd9154f50a4924e69843d600dab0cd029c49c839e6a2aa6b	1668530	videos/regents-club/1422-v2.mp4	d3163bc5e216e2353d6e30b6766d62e7d5d4cbc026ab3c2f0365df9b3c88af79	239490	metadata/regents-club/1422.json	7604fd8cf7d7aa65f2032d6150a193330252b5a0652fbb2d6069d7eafa5fec24	746
1423	images/animata/cards/1423.png	6e8f68a070339644dc7730e3243be622ce2bdf2b38bbba5f871c716ac9910294	1959274	videos/regents-club/1423-v2.mp4	ca0fb1359d12210604bf9e0d1f1d0b0f6fa80b98e76b2231e44a07874a7c9892	655245	metadata/regents-club/1423.json	8780a5995abd1c59f82b805a014ca0cf27bf3daedb967a7dc4bfd33d71b75c31	749
1424	images/animata/cards/1424.png	6f0c9f4648e28f9eebbe6204119a820b86b61780d411387389086863ea9b07a8	1378652	videos/regents-club/1424-v2.mp4	6f260965eb15e21483bf938ca44cb61b723ffcc7bac259b100d65b795c220646	485297	metadata/regents-club/1424.json	ab4758c287e85b4c54a460820782fe70ea0bb940cb01d3db164d13487c37be57	745
1425	images/animata/cards/1425.png	391473ec4a00cc0c8e54d180499ef199cb4322ec18a9f08ec3a23b48cbfc3bb2	2086786	videos/regents-club/1425-v2.mp4	be933e2fc1e3b79060e22d5c62f70e5d7ec73c0b6ccd9d534f0c7eec1c92b3b1	828902	metadata/regents-club/1425.json	c60376f0566914a740d0beaca1c095bcea4625c98ca92fba60b93bc971f959e5	745
1426	images/animata/cards/1426.png	b23aec236c8f6a6cfbfef5a8df6650886dee0353285234a993ffac4d3d376a0a	1743310	videos/regents-club/1426-v2.mp4	eee03eadabea828934022c84f52443ff3302557fe60c738892ccfc1d26c00e27	423330	metadata/regents-club/1426.json	d6fb82f6a7084526ecc13501d839e1a1117de5fa73262ae1bc6a861ad1a994b7	753
1427	images/animata/cards/1427.png	d1fb123531c7f8b3b6dad73bf20bf4efbc57352b0c9eb0f64e1dc8e3b6c9cfd3	2458664	videos/regents-club/1427-v2.mp4	b12ca7875ca1aa9e42d51ff2ee413e12e13a423275c9b5dc1697d3964ce77981	1742032	metadata/regents-club/1427.json	2879d34767d87ca41e0f0136c22721dca81770c7b7d9340a54785245a1cc82ae	748
1428	images/animata/cards/1428.png	9ccac604cbee0d454359b623d975d8221a3637a2b82c3a47189b48097a62a4d1	1618604	videos/regents-club/1428-v2.mp4	eb5c39e31776fcce839bd4a78f844c114ea9a91877edc4a621a340c40f4906d9	328198	metadata/regents-club/1428.json	6940e9ef5fe6781577b737a9418b77c1bc6594c843bc86665b39b332e40dec69	743
1429	images/animata/cards/1429.png	575d668395dfaafbd49f5cac291026426406e5ef767c6bcac80545e1b1a0c579	2100768	videos/regents-club/1429-v2.mp4	9371faffbf14850609f0d19b37db940005f9969f2272d217f9d96aadfafaa22e	610326	metadata/regents-club/1429.json	e84911a1eebfcce5f1f71942466c0682cc8761f8e1e2b12543ac807222fa4724	751
1430	images/animata/cards/1430.png	765d9704a6a64c7141a995c86d30beb5bf0213c6953081d77ea30aab78366d0f	1855173	videos/regents-club/1430-v2.mp4	f87d64ea2e2991d63d6b373732aa44738322eca9c78b75f57f95e7389f1a4ff6	492816	metadata/regents-club/1430.json	a1051201b71383c3c7461c936f24ea6c3f470df2719da1412b0ec85f35f9dac9	749
1431	images/animata/cards/1431.png	c006e8ee1b6af1a8eb733f248020a2679a049ba99f9bf094d48ad19bceefaf16	1628659	videos/regents-club/1431-v2.mp4	61011be20f509f6baf8f30c22fdfd7d3b85e1fd409fb723e08fe7d546ad3e844	568272	metadata/regents-club/1431.json	3c566f6d9cbffe723c875fa49ff4dd8166299984d4f9b3aa59a5e019a3c7596a	750
1432	images/animata/cards/1432.png	9873570c5fc9daf8d2ac46bf46535692c45554c05f35c8f9fbc6a85ac424b501	1750830	videos/regents-club/1432-v2.mp4	f0fee3610f4b9c3af186530601ddd6fd0d54767803d0644594f794c69d8b6dc8	726849	metadata/regents-club/1432.json	62e619849a61866cb4977f6eeffd27878486f185b018ba7aea1bac92d26c4363	747
1433	images/animata/cards/1433.png	e3c6264d47e9524295b2f81196543f122c75f1314558d7d423e0458f58ee8929	1616230	videos/regents-club/1433-v2.mp4	85c8bfabf32cbee88d9a06379aaefe6236f1d51f62ffc6761b1806b2045dd221	217636	metadata/regents-club/1433.json	2d7824abb3058ed2177eb30f6967732a0575b63264b75c04a2e1a851c110a02e	748
1434	images/animata/cards/1434.png	47fdb91c57bd3bfd7a0484bea8353f4d66192e2a90f70aefed497185dc5147a3	2687917	videos/regents-club/1434-v2.mp4	e63a818674a7648f766f234be54fc9f724a5fd06cf2ea7f40240db0b12ca7f10	2426019	metadata/regents-club/1434.json	2701cb8175cee3add4436814683cc8b84ebcff8f2b0984cd65a47d423a600668	747
1435	images/animata/cards/1435.png	00075ec628c923696233becf7eedbd6b356d2e1bfd9c7758e350bf02dd15fbde	2612599	videos/regents-club/1435-v2.mp4	be4f8bd176cff4f20589d060c2cf37eeb1115b4473d210260d06ecb245d7d309	1220931	metadata/regents-club/1435.json	39123c45a3ef5e937192e566f57ab1f58dc64648f7408ddf945f9ceb654d7c71	751
1436	images/animata/cards/1436.png	ce05fc1ab690e589bf9121ab189967a88055c7d75ff2a762e464f2b6b9898cc5	2426889	videos/regents-club/1436-v2.mp4	dbc7776758731213d2549b0b6b949e56bdc4b9953496a7f5358c2acb217b685d	1329494	metadata/regents-club/1436.json	2897b06187b897336eb14c9169de0a77e63da091b5b8f208db83950949d75d49	749
1437	images/animata/cards/1437.png	bc92e2bd7aa741bbc18a3a072531a558d7fb594e1b482a42d1fe76e3b0e04ef2	2055740	videos/regents-club/1437-v2.mp4	70d6a61351068f3f5da68aa0dcf327d943794e8dbb248504a07b99ce843b47bb	583575	metadata/regents-club/1437.json	bd532f0840b9325a7be7af2a20534e190ecd20f023bee1c20476847bcf8a8d7c	751
1438	images/animata/cards/1438.png	b118da2568d9112ce22d4ad110c1a55225f8f632f5828df6008d98b1410edce6	2115644	videos/regents-club/1438-v2.mp4	bb20e0488f1d6c7e8bfe2efd12396368244636574e451c22f39cce8e9d8b4472	789232	metadata/regents-club/1438.json	c3b1ebf552af09dd35f7570bae1b42720140a26e8747ba7d02de606d94519608	747
1439	images/animata/cards/1439.png	7082db64dd686509512ae83fc6cafc4db40dfb321d8de96c9ecadf572763319e	1680024	videos/regents-club/1439-v2.mp4	7d66df88c7987e9ad8569c9f895619367c6992f40b95e8c4587686fc1b669f70	311627	metadata/regents-club/1439.json	c572f2fc319959c8398acdbc479db02b9493c6108cc10110d65c89999c8c53ae	750
1440	images/animata/cards/1440.png	7ec3b247e2135a9534d8cf2704c8b7f404587b01800043a7a39cbcffadcbf027	1775599	videos/regents-club/1440-v2.mp4	a28d6338bc1352a04a74fef9bd0cf2c93916c4aff914a2af7e757ba5338d2f99	418207	metadata/regents-club/1440.json	4cbc0329dc53167d2a72e159fb12880f4322ea549f9b1d84bb59fc2f6ad44c26	750
1441	images/animata/cards/1441.png	aec1b61f6c433aef94a52349b148db14054f057080a8703ef2440931d3c7389a	1362816	videos/regents-club/1441-v2.mp4	a6f719940ffa03df9c6ae3f1ed72d6badbfd8ed5ae04d5e71225f539f515ab76	274999	metadata/regents-club/1441.json	ccc201507d6dc3ca429e6fabc68f03cf91695b701255ec40a69c3594ea8714bf	746
1442	images/animata/cards/1442.png	b488531ac27f37e8c89fda3bab551b6be3273e6f21bca959e2c626fc5bf872d5	1351256	videos/regents-club/1442-v2.mp4	18f30d15f2ffe4e87918b1153c692d7ef96eb941a1175450090c8760739066ac	175885	metadata/regents-club/1442.json	a6d552e7ed8080bcd44840d12a591bdd0f93b038b6d696c961af6b9507e9b7ce	745
1443	images/animata/cards/1443.png	406464be4ce2a5e6687783d905cd22f29466014c2d18680c11affac77cec5b71	1510150	videos/regents-club/1443-v2.mp4	85dd0eb9795992edf268f6d3cd783afffef794978814139db20e371c7481dc57	163361	metadata/regents-club/1443.json	db1e44108b48abe5b35b265bfe56a4ee960bbda1c269eec65bbb4ac6f997f5a0	746
1444	images/animata/cards/1444.png	6bf941a4901c4ee3dfb0c5aa31857b95809dce6d8ebe3ea999bb8d0bbafdd929	1863610	videos/regents-club/1444-v2.mp4	5747f0ff84fbcc0be47d7191a211be3ddeefd753c7e7ea2a074c9f38e9a33625	218002	metadata/regents-club/1444.json	c25c571006bfa65ecc3810a770fa23e04f1ca446f02776df67a656b43945995e	748
1445	images/animata/cards/1445.png	df2fe13442ec83970476d2c3e65f6372dc3b8340c677c62d66f0f42541ccc544	2255724	videos/regents-club/1445-v2.mp4	0314c7663ffc2f9461addf8b5c0841868a123cf7406b3bfee54065fbd362e34f	933218	metadata/regents-club/1445.json	a843f1d47868a3df7a1e556ade7de7fb14b39f311cc7919fbf6ab69c55c1b10b	747
1446	images/animata/cards/1446.png	fed38a3bbbf53ce79fb756098dc19bd3f9561407cf5458fc7763ddba6c7f31cb	2675161	videos/regents-club/1446-v2.mp4	128665897fd0d41ec53bc0b9a989f097b3eb28583e0a90c018365e862ac2e3dc	1240541	metadata/regents-club/1446.json	7c511a87f3df8ace325d24e198eec44b4d1351c9c7452f0e4cf40a5c3fba3b7d	745
1447	images/animata/cards/1447.png	33e032a155d3df3006093843999832aa8b02c48b6fc80fd6f4a34861c29a4599	2268923	videos/regents-club/1447-v2.mp4	6b2f45642dfa99c216993c2689b793b393aaca9420a3edef84eca0ed97c8214e	487114	metadata/regents-club/1447.json	0fe75128eba0e472b44abb0d2f15d5defd0bac1538964989a0d76864dcd22c94	747
1448	images/animata/cards/1448.png	6cd4d76e29942d970523a37310a21fafea1489ceda69e753380f6eae9c54d286	2569713	videos/regents-club/1448-v2.mp4	3a696f92ecd27d476281d8ef7e277816abc463d6132db705921b98a9922cba20	2009886	metadata/regents-club/1448.json	b7303e62d6ce1a85eec28ac1064309cc59a10f7c1dca50b619977a050b40d1e4	746
1449	images/animata/cards/1449.png	720d7566c5537a4d43254785f3e2ad480652f8dbe29725ff458db8f043e22148	1481527	videos/regents-club/1449-v2.mp4	043497b505d18aabd899db9d9bbfd2ea23f279f086839583bc0a787294f482d6	312307	metadata/regents-club/1449.json	32b725fe4ee962980858c0b0746369f12fc9b7ca432fdadffafdc9754fd765ad	744
1450	images/animata/cards/1450.png	ece604d1139e2a7b6ea025dd83670c4d1d52a3e7ce4b7493687e1ba7c1b9cfe2	2236594	videos/regents-club/1450-v2.mp4	9cdeaefdf4b3798e301566e6691f04ee743ce6242e969c9db6578bd99e922dfb	864705	metadata/regents-club/1450.json	c00c0bf1275498ed3853c920d313871879a801b78bc2a7deae02455296ba3116	748
1451	images/animata/cards/1451.png	be275c6be9c7ee5de159bac4e6a73842f8d30603ba07a9243f759a748101bfad	3354065	videos/regents-club/1451-v2.mp4	7f674a2b7ddd64f8b0e5cf8ae4f60ad200f08f831d3036f7e0d49add56c345d1	1205578	metadata/regents-club/1451.json	6778256ae51be2c4c21b8fd57e40ddf2e37c620b460e509fe42c6939edd40ff9	748
1452	images/animata/cards/1452.png	e4110d2925a95983c5e36777137c1a211f11ff739df2d9cc591b7f12535639df	1544285	videos/regents-club/1452-v2.mp4	bb7267c4a5c3366c30f4d89e8ffe1b9aea9a3514fe06415091a6d8e432e3be66	317770	metadata/regents-club/1452.json	682c1900b429082dc10ff0cb86adf9ea4a569d2caf7ae78c43818a1b37898a80	749
1453	images/animata/cards/1453.png	834ceb95eef7a856a134030f2a2aae0a46fee9f7e928b69e4bfeefe3243371f2	1569033	videos/regents-club/1453-v2.mp4	564fdac6722f55b1a1761584293e9d2230b8a674cdc6417c769bfe4ffe5eba03	462488	metadata/regents-club/1453.json	e872066f21fd4bac0b6910f7f5fc29e731d2ad826e5ddd9dbbcc4828b4c9fd5f	745
1454	images/animata/cards/1454.png	d774c96ea540f4bc0cac1000df8d5a974cce9d3e0339c941b75efeb2d9272750	1608773	videos/regents-club/1454-v2.mp4	c94b29b59d3d2adbd04bce947c302583d057444a6e3139ea62c0932ed603223f	346494	metadata/regents-club/1454.json	3b378bc5fa3d42c9a82c13658c6274c9ce3b079ca74f620e18a4b9ee9ef5c4cc	744
1455	images/animata/cards/1455.png	69f65700d6b1dac7e5e1e7927c2598f5192e47d8fa91d5b03b8cb1f8e78964d1	1675174	videos/regents-club/1455-v2.mp4	842140c98c7f08a1cc9fd5b2c77e607fdbe01d73c6d17af123b13fd03f8fa99a	473079	metadata/regents-club/1455.json	6845fa6c1ca06ed75e07f5c3ca474bd7ba2b32cf48af99838b1f87abfad768fe	746
1456	images/animata/cards/1456.png	3e288b22e9fea93744779698efa912a7f09e6a348cb33106de25365bdec2f72b	2217817	videos/regents-club/1456-v2.mp4	7a2e0516d63676980b17184c2a50ec6b345f8f858aafb48b25b9ae563de24dc8	691048	metadata/regents-club/1456.json	6b8f99fd8855918725a4556f79e1562d87590feb7abd278ae6ebc32f6775b9fa	749
1457	images/animata/cards/1457.png	a12269335e99890c577ba02e5c2c565f4e90a4821217a563edcdc6404f27d0f2	604940	videos/regents-club/1457-v2.mp4	286f7581a8d17d0713843b78cafba489654e0b59283702724e73db9edab35307	150706	metadata/regents-club/1457.json	565d7264c40fc3f1b04905802d67e0224f81f39284d2753c1dae68b74b639fd7	745
1458	images/animata/cards/1458.png	79174bb2b411405c4db8e79336d8766aca8449f1179c41dd0c802916a15fd759	1486968	videos/regents-club/1458-v2.mp4	40ac20cc3391d67b2ce43fb2a5ba58e3844959658fbbbbca154f23f211e3b68b	443431	metadata/regents-club/1458.json	6209ce3194c6b258ff40127393935b50b6523fb4fae211147c12abbebe7e9cfa	749
1459	images/animata/cards/1459.png	1f6ba9fff36dc19144f79163d416902bfed5098ba993cbd5bee1753bfa807f88	1308105	videos/regents-club/1459-v2.mp4	84e09fa240900ac42ab716a8325dd53c3c413fef4e12511fa4f4cc86f45afb3b	425567	metadata/regents-club/1459.json	98302b8060b1e8c53557d21fe3c1ab4d183a8046ad807ae2dd61a045249f47ba	746
1460	images/animata/cards/1460.png	f998797da2e627daa11f5d45748bd489bbfdf51d844c5d61445c19a5a4445386	1474973	videos/regents-club/1460-v2.mp4	36ae9097c24f6e7714f2e20aae2e447423acd6a9b0a7b3bb9c64e67973c10a5a	202251	metadata/regents-club/1460.json	d5a9dbb50e19f8e6a1e33869a499e25d8890f3552c54c8b4ca5c564a618d62cb	744
1461	images/animata/cards/1461.png	eec7eb2b2e380a1aff769fa89c849b40a0840d265fb749925658559755b79d46	3338810	videos/regents-club/1461-v2.mp4	1c7576f44affe705ed6395b9fdedc750f26dd2ae3a1c313c59a62da265f9eef6	1977451	metadata/regents-club/1461.json	3e3f156e0f0395ac73d3ecfc5213d6efa69f89dd29238e78958cdcbacc342ca6	748
1462	images/animata/cards/1462.png	d21a247df9ab91e7bb0e8fb147ed43afb1bdea7ece722f79a56f84fc865533e9	1789661	videos/regents-club/1462-v2.mp4	78a40440fb19c9b410b82dd3cf18836de31f7c0118509e2b99b7f90541c91d60	278130	metadata/regents-club/1462.json	b8c3c456c3c11eda5e9852e8036af7f68f59903f523110adfdba79d5385d00c9	746
1463	images/animata/cards/1463.png	6b561acd59084343fe0e952d9ae09e2ba3254708db018ee2849995702fffa5cb	2156637	videos/regents-club/1463-v2.mp4	71f1c8adee7207dc89a4a99a585ec5058965069ca5002da5ea2d72c468ec1737	844781	metadata/regents-club/1463.json	37d9956c58f5758d6ad6a409676d87503ab379c7058d6e24d3735896434c41d7	748
1464	images/animata/cards/1464.png	56275fb39adbdefdcc2db59b94a83baf75d0263e099653586ebab549dcd84d41	1655823	videos/regents-club/1464-v2.mp4	8497f717ed3f48336104a2c5759b00576272e1c75c7853f9dc1fdc4364533042	442215	metadata/regents-club/1464.json	f7a4becf5b2827876c67f00215aa04c20004af55c0b7040f338b51ef45a6baad	748
1465	images/animata/cards/1465.png	dc831a9e82931de57f1a8d6e2e58ec6b1da450ae43fe10cc3698bdfcfdd20cc8	1737351	videos/regents-club/1465-v2.mp4	eb98e098876aede2861906c8e610a44528e8eca0e3ad2c34ca3f8c508f46f6e9	595655	metadata/regents-club/1465.json	e4c038381a76a138041e6e210ff9ed70af04d233cab7cd1cd3092c39cf94a7e5	745
1466	images/animata/cards/1466.png	c8a65084935d81b7724eaf876858e52e65bc3ee136ace84410e8d3b8f290fcab	1443191	videos/regents-club/1466-v2.mp4	530db130011ec5ed982c7dfcc0040d1723d4346ec507f5ec6235ecfd9835ae0b	418003	metadata/regents-club/1466.json	d461dba2c40558c1ef7e772bc1c2710a2720b2a3bb1ee9dae291ce947186ebf4	750
1467	images/animata/cards/1467.png	5f5a399a9f30949b5b4bb9af6de0afc2a8b0b3dd4d83bb9a50f020775c19cf46	1446438	videos/regents-club/1467-v2.mp4	ff6b7274183c15aab2de31583e23989b4b40a236eb49c23fefeea200de0ad575	170145	metadata/regents-club/1467.json	d1c0b876b50f826013dc6d080d87159cad48dab845e8163fabeb02862d9437c3	747
1468	images/animata/cards/1468.png	8a5149c723a01d13f272b3c4e4f9cc1ba731a110daa9a6734ea4a91bef594630	1576049	videos/regents-club/1468-v2.mp4	ba66cfbec56565593d66c7bbdfd1293067b3595e66f5f4abc42ff8d6c6069779	428233	metadata/regents-club/1468.json	1c6f496f7f51d902c9eb4f9e5f5c0b6755dd5e591e070f8c608aae354d2ed56f	744
1469	images/animata/cards/1469.png	67619e1b2c775e6f1426f9741e944ad03addba9ffa75e2a458316f5076431419	1764087	videos/regents-club/1469-v2.mp4	36e7a50e424b3494695091c5e663868a8315ab9cad908617e51bffb8b9fe72a4	389558	metadata/regents-club/1469.json	c7e6eec457527582c0999f69b0c85dcf4acfd376bf98841eccb0b6f2603d5eb6	748
1470	images/animata/cards/1470.png	c37a426b96d9ec845380613152941d437e5b0e4de66030852a142a628c21f451	1123525	videos/regents-club/1470-v2.mp4	8733699c30ab2cf88af34f625adfb6bcf7438b4908f0ac5b799a4827530144da	179946	metadata/regents-club/1470.json	44aca2056a384cb7b60e4f03a83ded19ad05de99cdc305b2098fd0acacd3df4c	746
1471	images/animata/cards/1471.png	e332fe0a53f2ce5c5546ab64bff7b010446b53434670da14ad3331640f5d7106	3186668	videos/regents-club/1471-v2.mp4	f0b95a46060d2d1b1183500ccfac624b62ed35032557239655e5e98531faa67c	1447795	metadata/regents-club/1471.json	a4132f2366b706489871588e1e27ad02933a3b153cc1491e32620aa8c82b67bd	748
1472	images/animata/cards/1472.png	e8436b04e2900c9c92166dd0c97e2c0e4a24c58d06f3af4859c3d02e516b1526	1266034	videos/regents-club/1472-v2.mp4	bb114c76b555840b24256bcca0bfeb87c6c249ffb6ed46116a6e4ebb295b0488	215747	metadata/regents-club/1472.json	249a2aedb77d5cb6d1ef12603614f66dc74c60dad3352ee6f0d4d5b55b75391d	746
1473	images/animata/cards/1473.png	7d3cb1e19d970b9e621cd57855183e119a03c0576e85eca20ceb7a2ca4399778	1172699	videos/regents-club/1473-v2.mp4	c5a923b66c8b97da0801546d8375d178cec639b6a7b9c4fe2ce62012be02704b	103906	metadata/regents-club/1473.json	77ff4cb941e1c37f4e415e098753ccc42dc4c17cd552361388b4bebf9b91c073	743
1474	images/animata/cards/1474.png	df1dfe0eca39686e11ae777008f3a88cd32101157e2b7f9c7c16ec68e2b83fde	1710754	videos/regents-club/1474-v2.mp4	7fd2118af4aa63849563be851ea9bfe30d4ad36918e56223e40e586f1034c486	316840	metadata/regents-club/1474.json	0ea36684f912864b4849f8c59b8ffcede33867ab8246b82e0839bc9e736ca32e	747
1475	images/animata/cards/1475.png	a36242a140c862a406390d6f39e53654abf77be385b8637ee9150055573ad584	1472042	videos/regents-club/1475-v2.mp4	6ad00eb3b2d987d79e0dabce914ef2b7f90c49aab20930ce5e0d5c5441a27d59	360708	metadata/regents-club/1475.json	3ca2c95e59873b3b191bb97d2f7de9d3cf2366b6aad2a74a90b782b3095583bd	749
1476	images/animata/cards/1476.png	4d0246a8e11ce4fc76ae19925036b045118d3a0de45dd77b6ef71229b345dffb	1461535	videos/regents-club/1476-v2.mp4	8eccf588a6b66a2e3ae47532ae1ffe150a03fc26fe92cbf2ff6f3900523ae83f	234850	metadata/regents-club/1476.json	323098edcd46b45dc69ea5e11c48f1e3f97f08e7025f24c46e9cc1fa28249079	745
1477	images/animata/cards/1477.png	9a71d6c75cab2a8a45433affea7f627fd849a66f764f11d4b57c01600fc19905	1979513	videos/regents-club/1477-v2.mp4	2b4d38828cf9e42c8fd51589f0e43c80f20b41a5206d36466e57ea87b49e6549	377507	metadata/regents-club/1477.json	56a480bdbcf41f3c209cd23280889300f7ed67e61262ba2e4f491f7f7a591ec7	746
1478	images/animata/cards/1478.png	82a5cf7dd301da7eedb880f48abb638eb1ba2b590485a7d0d1f6e8518c0e278e	2309434	videos/regents-club/1478-v2.mp4	f2ba3e9e2404a5796b0508290f50dfeff49bff7956fdcb89f39e744698b2d7c4	1161826	metadata/regents-club/1478.json	0520df7a113a47efd04b694f9cfd24b76d2c0df140523bc37af4611919615a28	749
1479	images/animata/cards/1479.png	03380bd1cc04a2bfbd670ea967bb19d7d141edf1b41cbb76e2d8d974f3f91ec0	1383645	videos/regents-club/1479-v2.mp4	c15d82784ec7e8fc75a8e50d038cc6ad044a8070eab3fbe6d266c5b292a0e529	357213	metadata/regents-club/1479.json	94daeffbd2040be8f588ea3c4e65be070a9ddbd28e08c9727688c6547efc67d1	746
1480	images/animata/cards/1480.png	6be49ebeae27b117ce79861fba8cdd5d3c903b18029bb1d9dd61e548f1843544	1134137	videos/regents-club/1480-v2.mp4	8f3eb434fa5850c53b3015dbd3380ef64a72bfa3d6ea114ca275ae3b586daa6a	253935	metadata/regents-club/1480.json	9bd1fcbb9715cfda68307b8737ac42715d6ba5d237eb9cf4bdeb95486612ed5b	745
1481	images/animata/cards/1481.png	55101d4b42112b2ef37bf309b6445f278f735234c0ec7efbf461259eddbde4a1	1271513	videos/regents-club/1481-v2.mp4	f5db9e96022e982a4e459d7feb6d02f44265cb6e525e54f164516e8e25b87a63	341779	metadata/regents-club/1481.json	428dd1ff3ae2442ea957ddf3e4b36bd329428a3e0bae738c088cb514a69273a4	750
1482	images/animata/cards/1482.png	04e17f89d1770fe96f2baa4d1dd8f453e13d89394cc168b8ea8212ec6706af96	1586396	videos/regents-club/1482-v2.mp4	d37c91402308673fc7240a12b4a0343efa33e74e3b7163e3094e301930c0b52c	149269	metadata/regents-club/1482.json	a022a9801db6bb4ce6fe975b3a5da36058ee6964be1e054e1bef9a9c57132d1d	748
1483	images/animata/cards/1483.png	19c866cb3b248a8c4de60fe46ff13bcf156ef3e59bf97760a8643fbcff6514ce	1401847	videos/regents-club/1483-v2.mp4	54de04077e92f7b54adecd6056151afe39eb097f6957c25796b2532749cbb17f	211208	metadata/regents-club/1483.json	df5fb6df0c63da8babe6fae296f09b4a7f22a208ab1766cc1b6316125f04b0e9	748
1484	images/animata/cards/1484.png	33755d2e15d1cd1a9eab24ac06adf22a183b9e0ccdfc5f31cb22550fbe2480c0	2180612	videos/regents-club/1484-v2.mp4	b10bc6f5a71c3b375709e9f67a88f5a27d325e15ead7b30c87370da87ad1030a	982554	metadata/regents-club/1484.json	19129400eaed31b382589ed2d9da8542ffaf034e557d69bb2bf43a3b1fc3b5b8	747
1485	images/animata/cards/1485.png	1a768f419d00532c1bc9da96c65200691f5b717b9fe4ab674fb435c90742033d	1580841	videos/regents-club/1485-v2.mp4	f2c26b49b11c69da5a8f482a72d8d3ca0ad860ef6fa50a70300e864cf1354b52	355510	metadata/regents-club/1485.json	827b6fdfd255591fb162d512cb5775cfce4b0815bef1055574fd855f30e66da9	750
1486	images/animata/cards/1486.png	22228c7818c2793f88a5a22b0d3ab656271489867c558faec06f20f847e7d2de	1387140	videos/regents-club/1486-v2.mp4	d53fe1a87dabf68caeaffc18f139957dff07237a2c6f40636b84e6dd485859e7	169328	metadata/regents-club/1486.json	06a128362fd7ad0415e5faa8b8f1cd94a654790d56aeb601ae9891275f2e64f9	743
1487	images/animata/cards/1487.png	c8bf3e5c97b5e77ef5346b619b67349f567165cf2d0ef870385bf0fb6ae23e81	1585789	videos/regents-club/1487-v2.mp4	1710f86d67cf3540134f9b64f913f7e42e79e756d2132fdbe51a493812c150a5	512957	metadata/regents-club/1487.json	78bbade1022a0ca81223d45dcff56d9a6bcdf770bc2d645ce7c3712ddc77492c	750
1488	images/animata/cards/1488.png	699a126cba1a47344f75b6b9ec58bdd321cc475da02633f76d88d4ac3de0baec	1811428	videos/regents-club/1488-v2.mp4	5d5c1130647e5caef42f0fda986aa5a786fc6dfaa45bc8739497f195a7eef717	242836	metadata/regents-club/1488.json	3f17ee468f09d34b3524238f0e81da90048fbed46f53bf9413ae36513641a1c2	747
1489	images/animata/cards/1489.png	ff4e3bc1a417cabc7063ab0086d3a1e2616ff3ec62260211a0d1a080872c4000	1657043	videos/regents-club/1489-v2.mp4	396961168391a6807c35263002289a1f2d48cb54f040c2e444abd95b2d06d9fe	366554	metadata/regents-club/1489.json	07cc6fbe28c945953e52cbe636db1b77923ac7ab70c9f767158a73f0e7a26983	743
1490	images/animata/cards/1490.png	ad1518c36da3aa17f25d526a94956639ae43bf1d4e530548cfaf6e5e988c075f	1419746	videos/regents-club/1490-v2.mp4	4a0b3df11d8870727cd3ab7cb3287a57e849e045d473fc18d61829bdee226f08	216125	metadata/regents-club/1490.json	820bc2981d5d0b4aafc27d436e96f5fc4d51145f53e1e9a6b304bb2c9b3ba488	743
1491	images/animata/cards/1491.png	6a15de5ad95f05178ea8695771b1f89f099a26ae2aa4e70a2f0d54b5c5f0c129	1380692	videos/regents-club/1491-v2.mp4	7e9e6dc932eb289d14c85dfc2e8945750ede9ca5306c59e7b086893bc7a327ad	204492	metadata/regents-club/1491.json	1d26220805c46631c4ee0e76c56121371510da0a7514c7122c804070f1061bc6	744
1492	images/animata/cards/1492.png	7e61852abd9ce843d90299d1f287a26b0ef79bb8e712c0bde186dbc76c733842	1805104	videos/regents-club/1492-v2.mp4	53f8a6c443c97bae1c33284abf4064fbfb5bc8a7f8469f676acdc7c0030e7900	715400	metadata/regents-club/1492.json	417ffad4f5fddcadc5f2a9d5b8cf2f568aaca7cb357c196806e8928db8d3170b	747
1493	images/animata/cards/1493.png	124393ff2b486026f18063c9b984e9f2ac0bf1fc2397ba17e0eebc75853c6024	1350399	videos/regents-club/1493-v2.mp4	f0c4e2782817566a16d62a705152eb15e048ad8055501654f2fc267811babe65	389024	metadata/regents-club/1493.json	cf606cf741a3620eaf3c7eed1b035ef0eae81584d15c8bb860994fba00fcdf1d	746
1494	images/animata/cards/1494.png	355c9456fcdfe76286126d518c28aa1a471f55fc8da5cef6db6aa57a45a07cd9	1788454	videos/regents-club/1494-v2.mp4	2e60c0a08aa6a51c15d967b1b6e09045da7eaadccdc9ce5b89f314f50966a1d4	278278	metadata/regents-club/1494.json	06c4046c8839b64d9584261331e9659bb003a88654e89a7d29f433c82508579b	747
1495	images/animata/cards/1495.png	a15ce2c7a2ca62824443d2f518d34eee9284634b16420ca3bbb56c142ce5ca9c	1614925	videos/regents-club/1495-v2.mp4	e7b8202e42df9f88947ec90c361f3eabc2fb0dcb58bd5df026977680e636b460	481957	metadata/regents-club/1495.json	dfbb73f4bb4536e957ebefc52feb258d5a6c8f55e094dd5214cb1daa91ff1bf4	746
1496	images/animata/cards/1496.png	530ed517e9815e93ca226632270c3cc23160509dd3841dc017560b24f1e21695	1552816	videos/regents-club/1496-v2.mp4	9a2e952a6e358e0ec6adb786275b4ccf3dc0608381f9208007ed46065aaea708	373941	metadata/regents-club/1496.json	a5660b69145808c74758a55c61a624dcb6059c79a3f8eb6128d76b031244f332	749
1497	images/animata/cards/1497.png	bcd3977deabac40e94be0ea8a14e61127fbbfc6a32bf7f199ffdf44f20d62fa8	1602513	videos/regents-club/1497-v2.mp4	cb919c08af68ab1da9ee840041ab2717e807149f66626079f34dc670ae226405	394621	metadata/regents-club/1497.json	ebcce549265f7a6269e433352c6dc3a175e2e8165bcc094d9ad3fcd2ef185d6e	746
1498	images/animata/cards/1498.png	7d102d06b08a31c5722700e0cd59a8f8ece88693a9235fdf5ca3e2a1caa90c4c	2347927	videos/regents-club/1498-v2.mp4	c1ddc65ada63405a9e4b9507430f3b5253fd63db661715935b58cd3da946876b	1248252	metadata/regents-club/1498.json	d73ed4a604a0b8adb82bf2ffed3d5dce227a127cb1072fefce2ed11658c68602	747
1499	images/animata/cards/1499.png	31c67f338644f8262dcc613e70d58fec16727c9e49f85df0c550230bc97548c6	1736483	videos/regents-club/1499-v2.mp4	07257a9b39bc5e0e33fc305216ad7786a25760a84406ead690eaee7db6384e30	222654	metadata/regents-club/1499.json	035db6d519c3930b1f5fb45caca2b2b531785404193bc509ef9170af20506fce	748
1500	images/animata/cards/1500.png	f1497075fc2abe5006db56ff644b4f42db9a84049cd459bb2be8bb7fbcf27991	1450071	videos/regents-club/1500-v2.mp4	b6526592b9d1f8b512d4fd3dc6c35bf2b3d262b5136034cdfe419ce02b10b049	262720	metadata/regents-club/1500.json	5a736aa22c4eb340ffd381924d0689b769c3d51ca8d5c725c74a8f42e078fbf4	743
1501	images/animata/cards/1501.png	bedf7ee4caa00286873f7e1e582654cf7bf14f8f4b37d17e4993c48c37d247ed	1313299	videos/regents-club/1501-v2.mp4	8b43a611dcd96cd1520290647dc3d96475cac8353752763bb12d8c97fc1df80a	216445	metadata/regents-club/1501.json	64fb717a67e51873009998dc8a63100a612d82224aa4d9375e83e4e2a52438ea	743
1502	images/animata/cards/1502.png	6d567eec5137cdccddbe9645f06b32ba641236f438c3f45a3f294633af712ca5	1441531	videos/regents-club/1502-v2.mp4	530d4b6e560770337ff4d1359e0cf26c8262337c416ba062b20eefdd529a6149	322662	metadata/regents-club/1502.json	a114d962b202e8b72d67ada4d4a98620197c38900390560cb72421f66e608e57	755
1503	images/animata/cards/1503.png	fb2d76f69af709a489e6a37694a2dfe033eddc6efd64545346617579e620a9df	1749170	videos/regents-club/1503-v2.mp4	ec690cece8e663c3e5d4f2c19a17cfa95c94641e5ca3579fd4489e6c08315820	192885	metadata/regents-club/1503.json	072aba3d32e52a7cc484926e2be08287f07617332234e600ca8378adf9a359bf	747
1504	images/animata/cards/1504.png	dbe5b1e306637ae68ec0ec4877dd73ffdf6ad07ec760cc8c0e2f5621fefdc8a1	1660707	videos/regents-club/1504-v2.mp4	4f3167b5468ea350b8b874933371f73038a8817091b2e82679fc09e66e31136f	368925	metadata/regents-club/1504.json	d59b5abbe23b84307eff310b9ef13591c6118a11e1d0bdd08f8b9b0af9f589a1	747
1505	images/animata/cards/1505.png	38af9c09572a83980d184942a3f967af5bf32bdd9d2804755dd3546b3bbe7e4a	1905511	videos/regents-club/1505-v2.mp4	f689733013dfa8b8f751f5b759514cc460b870200b2510710d371007bdd31d31	574465	metadata/regents-club/1505.json	063fc3bc085ca37bbb9fc7ee7cd36b83518d707a2aedb0abd1a17e6d2405ab42	750
1506	images/animata/cards/1506.png	a76d4b018aae72ef8e65c680f5113908b4e62bbdd30a3221016954e585a8a947	1679194	videos/regents-club/1506-v2.mp4	6d7fb6fe70dab173e72c66c3754d3ddf9b5015c9a8cdffa2b44cd5bb03bfd5b0	243053	metadata/regents-club/1506.json	0927950ea414b1964af0cca8327b08cf95a2d8ec46ada3920fa3b6b0a8f63b38	747
1507	images/animata/cards/1507.png	2dd0b92698473ac4c706a0ebf268667e51d00adb499a95bff92b8e7c56357198	1446178	videos/regents-club/1507-v2.mp4	a5badf3a9309bfda8bef004cf17487268d91ac7f3c53b025fe0f448dbb2d7563	402616	metadata/regents-club/1507.json	694dad078a113f00ba690407855713b05e8967d0300dd082febd9763dbde6082	745
1508	images/animata/cards/1508.png	88cec85dfce2324c96681c6bc852eafd6004f04da52be5acd41ce0cc8f33de8e	1365453	videos/regents-club/1508-v2.mp4	da52fbb488165fd4fba8267df598263707784ba99d237b76d2198b5fcc15619d	113435	metadata/regents-club/1508.json	9a8fb2d8fa74c3b4d98940d2a137495ab9f3879d07fbed0e8e7bf13f325bf2fa	753
1509	images/animata/cards/1509.png	bd0297c51450ab6266a8a679a9fb5c3d449c786f7db076841e245d0681400ee0	3171251	videos/regents-club/1509-v2.mp4	4527883762cb794466cbd460a43d31dd54e992d51246db2fd6b36e220b6727bb	2852724	metadata/regents-club/1509.json	d9569285dbaca45fcf5c0e70319c290abd1daf215a9748f64e2a53bd2ae69584	749
1510	images/animata/cards/1510.png	afa10f2ecce9547ed3c842bec2beb49bc1f197905d5ba6dc6ea4fef8dc139b84	1633364	videos/regents-club/1510-v2.mp4	a817b387c4c05dffb206e4f7410ad024658f504e85ae297ad2aedfd8b5d573b4	139504	metadata/regents-club/1510.json	8d3f22e7e2f9c80f021a450cf5f1e8936766ccbfd53e26d8a486bf58ba04e1b1	748
1511	images/animata/cards/1511.png	bc27c790b16c1dfd3644bed88e62e442ead2c61b9059a685dd9e21dcdedd067c	1930611	videos/regents-club/1511-v2.mp4	657146b11ba5c1b4e38c817a343ff2f239c0a2b94c357a7014bc821b308e485d	769083	metadata/regents-club/1511.json	a82f6ddfcc6e6b7553a2f580bce1ec97938a57f5e4903629e24da04885ff6ec4	751
1512	images/animata/cards/1512.png	ee0a8135169f88d79af047064835e92c1ac507028b3eb7e60ab00060f49f3da5	2032771	videos/regents-club/1512-v2.mp4	235989a9691b928ebfec79964d879b19eaee735e8451941c27de5e6e02a0bc70	569528	metadata/regents-club/1512.json	86950a14c5e2544c0a3fbf9937c4408a1d765999259cc35f896acecfdfec56a6	750
1513	images/animata/cards/1513.png	4d890107fb3435e0d83a325b108bd6a80eef8ea745beeecce9d74ff43a3425a2	3477189	videos/regents-club/1513-v2.mp4	8fc931a1d1be0711030696fbbe46f282d4070a5cd9a33a417f932b4934032a9d	2192613	metadata/regents-club/1513.json	1165fe93768e02f873327e0f693e46e86576e7aa13424ef8a4b81c939c8d1ef6	748
1514	images/animata/cards/1514.png	2111d38037668cc66f3deb68b0bb2f5c2270ab19577663c552bbd0a6952552af	1434121	videos/regents-club/1514-v2.mp4	7aa331ace2d5401e2662a1b455ad14a260ff4e2525e8f911b78daec542ced323	331891	metadata/regents-club/1514.json	263f42ba571c0a079173a9db130a039586b5b416a4c2fc28b0a03f8eec1d5c8d	747
1515	images/animata/cards/1515.png	f5c38269b3c6db6e9b66fc4207ae93bd48b3dd2ac8b467c92dd7ba88d396ae40	1791850	videos/regents-club/1515-v2.mp4	cc910e1dde8f225b0af71e9a047f3cdfc7d54fbce163060fcd0281aa681ac123	501833	metadata/regents-club/1515.json	c34beda982bd124fe6869f49e6b821e56d2bc2a8a51b49e12af578c3354b54b5	749
1516	images/animata/cards/1516.png	a0a697cdf55c5169c63c39c2c06bfab7d995a7717ba590d69eb0591cc9a25bd6	2091493	videos/regents-club/1516-v2.mp4	bb4393f13e17bb12eeaa2dfbdff841168caf4c9481d6a89288e98a9c41e69f15	660344	metadata/regents-club/1516.json	04c2cf07de39d6a621376ba5d2a435f2d079295b3889dcde28640029e4979e47	750
1517	images/animata/cards/1517.png	32a7544e98904dadb16282ef217c4f1b2edf60a2cb3b28af005a591d1ca24f5e	2502951	videos/regents-club/1517-v2.mp4	17683cb783f650f71b4479bcb23bee5125183d31dba6d108760b1d05e2db3cac	536219	metadata/regents-club/1517.json	2f5c5d3a472cd193d3c1e8b735dba3cee9a837ed045d0855a4fec66384123256	755
1518	images/animata/cards/1518.png	3aa433f0de853c9e0952efb08f51950f6e4e4b6b670a5fee9029116153434caa	1966070	videos/regents-club/1518-v2.mp4	c06ed84f1e6ff5ff380760dd9e296605a647e0584d38889455eb1e56a2417879	885729	metadata/regents-club/1518.json	6c7e9705beeaa40be957c929ee0485051976bfad22843b63ad079e6a3e3b1225	748
1519	images/animata/cards/1519.png	017fa6e780c642ae70e37b92c017e2d8758464654c2242c567c2ea3a42eb754d	2454405	videos/regents-club/1519-v2.mp4	7a8eb09fda747db437f22d2dfc89f2f715eff7823d0e6b39d2c199a5b67f781d	885098	metadata/regents-club/1519.json	f24c1724707cfd7ccaee5a3639ac08c41b55486de982c80d571cc6aebf3462e1	748
1520	images/animata/cards/1520.png	69ac070b14946521c91a8c97b35467d6b8aee4e87321a8808d8c9fbb88edd9ef	1468122	videos/regents-club/1520-v2.mp4	bfdaf6882e9a7ecb6585c7b67994b8e69118e6c02d7554f489eaf37f89f3770c	486091	metadata/regents-club/1520.json	9c7f18e0af497a573b609ba1b8dd24911b31c8e866ec7876e83e0d369322be80	745
1521	images/animata/cards/1521.png	e3c1e61b1c76f3d9c834c2bcccac8dcf57030fd91fa4775a9f7bfd5765831ee9	1550637	videos/regents-club/1521-v2.mp4	55ad1bb0d272b00181060065fd42e8bb6f4b71f7b561ab9ad9f825d120403a3c	226654	metadata/regents-club/1521.json	709604d99bc7dbaa930ed2e583970eeaaf2a12578360f35482c13be3df1ecb42	746
1522	images/animata/cards/1522.png	58f0b62b47972072f5153672eac228b8f5bdd489b4ad28c1e88e6eb88461a610	1455667	videos/regents-club/1522-v2.mp4	5c02ec2b6e99c24b4606944c7d570e3c5e2b14e7a287828eb619632424dd0b98	278316	metadata/regents-club/1522.json	f12e184d31f3e1c8a7cfc4060f69a59e6363fc973ea81833620d5dc8d79f5faf	747
1523	images/animata/cards/1523.png	6e4da4c99e5faaa5193e3a24d4bb20eccad73d94cf2aa6cd7cf74333b9e7a6c7	1616061	videos/regents-club/1523-v2.mp4	489c4e547d627ee7f73b65f76a5fcce568b4b40da156d7c99afb964a2c1443df	444886	metadata/regents-club/1523.json	d9f46abe92d51cba6622f17eab7e2becc09953d9934e25037d6cf084b4b09810	748
1524	images/animata/cards/1524.png	d545fd931d12c539ed2a6b34921714f16a93cd541ace6dbe83242bb6e875890b	2215596	videos/regents-club/1524-v2.mp4	b54220ae12fb0556f63abcf73165b6211db0ffb0328d11888b63cd725a7bb0a7	1124373	metadata/regents-club/1524.json	d4bb9668a22ff746577c61e41075b2cc4f10089b497ebbfcb638893fe5e698c7	746
1525	images/animata/cards/1525.png	71d65468003fc36019d5e431352d848e1d82db5550f56017ecd4bfba7721444c	1699513	videos/regents-club/1525-v2.mp4	3de309c0755d176554234008455736a310ed9b7fa81451dfd918b434dd782411	237430	metadata/regents-club/1525.json	0466743f845a915bef221e0a67370c48c978470bba6a64b44f0ed34f61055f26	746
1526	images/animata/cards/1526.png	0fa9aa1a3508725ff43eb3a5d38974a8b817a473a685e011b41e0c1f3264de5f	1581915	videos/regents-club/1526-v2.mp4	b4fc36a3e909bed1b49e4e93f821ee3d9c0f2619895c0abc7b3cefe4a153c914	246636	metadata/regents-club/1526.json	0751b2ab9b1936947738a002f5583a57dadcaaefb566140c97910c26a66da784	748
1527	images/animata/cards/1527.png	0116d06e377727437fd5f541595402f8ba5defa73148274cca55211242198db2	2514400	videos/regents-club/1527-v2.mp4	df650611195481cdee39d5f201a38e5f42d3664e244ab8f0b66d266edf91ffa8	881760	metadata/regents-club/1527.json	7358cacc8b9070fce23d929288597bbcb764bbf234b824b9ecd4d4e0906dd770	747
1528	images/animata/cards/1528.png	ee8c17ceb65fe93a2e1dc5b82b979fa08a74afc8f323f2cb60596d29ff46bc88	3605681	videos/regents-club/1528-v2.mp4	c363eec0e0cfdfee3ad52172e891a4e0d33ea698cab11a30c177d91df8b951f2	1794946	metadata/regents-club/1528.json	cc0dda7aefac6f04fa5d2358a686b8cf434e651ba89ce6a721cc1ad87191c325	748
1529	images/animata/cards/1529.png	a2137e2666e58a421ecbb85e371c2c5a0dfa44f2acff877cad38b419e024b5f6	2280278	videos/regents-club/1529-v2.mp4	d877824aaf5f68bbfdeb2030f32f4c13b02a5e84b77199752e7d613106fa679e	877357	metadata/regents-club/1529.json	61ba64de55a7b76cad7c598589ee3d8ab455a849d36e2f5c0946ed7bb2120dc9	749
1530	images/animata/cards/1530.png	ab3b6a323bf4b105acf0f60ea702c21da166b4a2f0a3525fc074717518e5d850	1554048	videos/regents-club/1530-v2.mp4	46bd04655c5fd36de26583915c32a1417a7f189f64294340d9c39eb002aabae3	212079	metadata/regents-club/1530.json	b9722bfe9e7540e928c0b81e4a89ab5b9af2dfd6c0818cd8e7a26f0a998eb2e5	743
1531	images/animata/cards/1531.png	d958d520426468db331823aff439703548fca790e55d9ee418b084d8c9576e26	1449671	videos/regents-club/1531-v2.mp4	e1595272a77bd72b8fad664eefcd63a94d7d73d359169adb6000009f7b14559a	318459	metadata/regents-club/1531.json	a823d09569752ac9e970a82fa17d1759131324afb582ce085d20c16f18e2b251	745
1532	images/animata/cards/1532.png	b2e59d820748eac279f393b47f01b689664677dd8bfa8046feaba4b83a85eb9a	1687767	videos/regents-club/1532-v2.mp4	c40ea8a11e560bd86dcca9d927f1d6ed4a6b1bab8b8a68ddfa1e153e751986cb	290260	metadata/regents-club/1532.json	3f1c429f1146abfeb34c19f103b88f15d65d23a8a4d818b8bacf08350819d9ca	746
1533	images/animata/cards/1533.png	785bbd873c9f7157c5a040e76c0ef8a0fa4de522ca535c9a22a80d2b2b308782	703498	videos/regents-club/1533-v2.mp4	1200ef8b27f73cfff5f33e0ddc9fbf3c6afdc1d2fb9e971106ab44be3b7c2a60	118692	metadata/regents-club/1533.json	1b1bd6bf4bb811f14305969b05d7956f972b132aaa506e5f9f163e569b7458e3	751
1534	images/animata/cards/1534.png	bb769fc77f0dc896c433ba39fb6af38ca003a88088b33f95f151b6c7f706b9e8	3831018	videos/regents-club/1534-v2.mp4	cc4c6860a21edb9ba8374762553b31ab76a280649485e3ae751727cca55612e0	2627148	metadata/regents-club/1534.json	433b6c6951bcfc1e5d36d7efef76646023a93354fb01ea35541621a31f4650c6	749
1535	images/animata/cards/1535.png	c0ec2a4ef35e2198ae831069da77123d301bd9ebbcf5c83bd1915c8cf7d27ab7	2360865	videos/regents-club/1535-v2.mp4	38ec32b6374735460eae6fc1198bb58cdcb2fa078e233c0bb68f26164574beb4	960752	metadata/regents-club/1535.json	1c6fc27d46ea2c2a6f2467a5bf3b1b0be826b2e19d5d894a3a3c6b7e55ab94e3	754
1536	images/animata/cards/1536.png	247bdd2e81372d4643366c09cc0207a7935dbca088a780a53af3cc3135eb31d1	1747927	videos/regents-club/1536-v2.mp4	8d9dbb8c329bc84c4d1207ee73c656aa7a9f5f45afb851c4fe3236ce9b545293	802687	metadata/regents-club/1536.json	afa110c7d404e8fbbc16d26bbc339eead8d481ce5d9221b6cbb32fcd95c7e0cf	744
1537	images/animata/cards/1537.png	d9f248879ebcaf2bdd34ad95d268a5906b568ebc59f5be980621bd6b23195434	2955412	videos/regents-club/1537-v2.mp4	d67645505113fd511010af1a90d278eb4347c02c617417611985d0b5fc5cb833	2051920	metadata/regents-club/1537.json	c69e5761fedba7ab5e0b98066188d1ebe545b8530cbf9f5e783f2c3acf4b01d6	749
1538	images/animata/cards/1538.png	adc7c40b1de2cea62960d432581c86c7fdd2071e7e46a39c004eb30e66d957bf	1407816	videos/regents-club/1538-v2.mp4	1637e2726c0b9d188b5b5e04b5aec00d2ffad236d474cb94c1395f1becd121ce	413961	metadata/regents-club/1538.json	0b48505e5e3218d82a870cf93e9c119ff8185d24a429099a146efaa3f95ce61e	745
1539	images/animata/cards/1539.png	325639ac89cf7f2bcdaf5cf1423e071dd5ec9570057521c6cb28851277dd85bb	1324802	videos/regents-club/1539-v2.mp4	8cb607745a0f424389ea7c080066c06d4b4b369492b66c9467e639b752b0f94c	257177	metadata/regents-club/1539.json	9b8a20a8f4867332088debf69f3c6cfa4260a37b10ea260e6bbbec12a4e2beaf	746
1540	images/animata/cards/1540.png	64b32d8b5beec96a4299a63a97137ce5d9fda16c04acaffe7b414b873fe3213e	1587176	videos/regents-club/1540-v2.mp4	0ec0b7c60f4160790c2e885ee5d4b5a6dacdf4eb7989f22bd1f80a1bd84c0d33	317426	metadata/regents-club/1540.json	9841ea3bcd950af80902a8d8fabad60b45efbb0c06444098235aa7cce9497aa4	743
1541	images/animata/cards/1541.png	95224b04b58e3717fe3c33e96217bd80ade794b4b888bdb6c95aac6c11525a03	1335400	videos/regents-club/1541-v2.mp4	52002faa9d3eb2a4979870e411f46d4bb14e03c4627ec4fc1c9155ac2ed49d71	346373	metadata/regents-club/1541.json	b1ebf5d84950c0b162d4ce19535807fae7943e014420f95b634f658ea51cc5f2	744
1542	images/animata/cards/1542.png	a928654ac02be2d47a4142e43b1b2915a1b5dd0ef015dca78f046c5f8ab5cc08	1562203	videos/regents-club/1542-v2.mp4	8f0306dc199840eed0fd9acafebf1b3655466dcf4bcdb113fa815a08957d959e	273912	metadata/regents-club/1542.json	46f99104ef278ab7e1e40a6bae2fd0a57506a2bc9c5bc3e62fea43d9e94508c4	744
1543	images/animata/cards/1543.png	fb0850436141cb6c8fb155fce5a4a185a04a0aeca4efb9b42ce82e59637badaa	1622915	videos/regents-club/1543-v2.mp4	3c9beb590765658f3697d936acf50381d9ac7f0e02b62a179603e54bf1471d21	188024	metadata/regents-club/1543.json	2364721f7297f4858ef18ceaa19e96aa29a4d7f9245df6397ff82d3a0746d26f	750
1544	images/animata/cards/1544.png	b6fbc057413a6d40eaab5ac7c87ad7fbfe4d1a9027c7f6b5e66bda057539efc7	2133158	videos/regents-club/1544-v2.mp4	e92867e8a792a7f373233fa19c9bbdaf8f7c97eb57be20e811f66eafef212d02	905594	metadata/regents-club/1544.json	95ecac384e6b40cdd36e3c098de449cd3611b3806cf59c420aae63b4ee63b1b3	748
1545	images/animata/cards/1545.png	2b542cce3685e874680eada7d1a8fb442431248d3138e813027e6552ffc95034	3722709	videos/regents-club/1545-v2.mp4	4e449e7f36b850fa23885d2558a59bd5ca6f2b9a07af7f62cf28c90dc023dc78	2139612	metadata/regents-club/1545.json	7a4a7bd02d6ac0914ecf30f0bc99bc45f37b80a90692b123631e83344c6cb8be	748
1546	images/animata/cards/1546.png	8a20599d783e59b12494661bdf6770d3e8559b9ab997b6432e156eeeaf4be775	1702474	videos/regents-club/1546-v2.mp4	4917909de74e95bf3e5f4eb9d14c755d0755678529b82ad9dd244663301f650e	266234	metadata/regents-club/1546.json	6f2137ab44f2ddc1b9d74692e1bcef1287eb7e7035f10ac339a73ed6b706dce2	750
1547	images/animata/cards/1547.png	85e437edb7e98b9e898664ca15b55e9848bb04e579d7fb68854806616f1f9127	1755099	videos/regents-club/1547-v2.mp4	636c754a015c624ea98e0daf74b95d820663ae902edd1af265a1e1cd2f3575bf	254980	metadata/regents-club/1547.json	f83f0dba6e6c07d280f143ac1dbf86995476d0fe504eb86c6f45faaf86a8b977	746
1548	images/animata/cards/1548.png	acb3ce7ad43cb1c1a1f6b479e4c3af1f31af32dc2c7771ba2ded77ccefe44de6	1578759	videos/regents-club/1548-v2.mp4	30cec94e69f3ef4ee930d614696b4a5ca5fa40d3fe3ea68d6ad4a734f0963428	450129	metadata/regents-club/1548.json	8ee207d5592e706ce0953ca087a8643c36471be00dce06973448362c9e95867b	749
1549	images/animata/cards/1549.png	bed239d07f2aea4e3db24c104769246854e587a0ef6632ce592fac314c2a7100	2090336	videos/regents-club/1549-v2.mp4	64de0fae61af79e9d5b17c293388e2d875c7423a534b6015f42da8d601aeb37c	602232	metadata/regents-club/1549.json	5c3846ffa0424f5c8a32576d40b6059bfd3a63b2c1dd82893664a532efa1318b	750
1550	images/animata/cards/1550.png	6391ae7fc2af54a52ef201fa7aa3a9fbdfa4ca43a9ca3a7f81f07899cdc168e7	1388281	videos/regents-club/1550-v2.mp4	a82f9cff61a4e33fbe52eac62e81a684d45e3f392956ef640d8e72741ef1361f	371448	metadata/regents-club/1550.json	37497d32926eebd27ee33ed9a74ac6e29653a143df29348b72e9d9833fb40b6b	745
1551	images/animata/cards/1551.png	dafcad9e4471a338ecadcbe9a46476c528767d59934bc4e286d03770ae88c9e3	1151061	videos/regents-club/1551-v2.mp4	6a10d316f3b4a6c16f029fcbabc61699b8189530a326fa5767d58de2bf477926	292490	metadata/regents-club/1551.json	3511569da6f14067e5022c85a9fcef5f7264f8fb735b517168dbc203f2ab1ae6	747
1552	images/animata/cards/1552.png	7b1f9d0f5b48f048ec96db17fa7ba9bcc6de5219777b2dada7324daf593132ee	3543006	videos/regents-club/1552-v2.mp4	a2a8c96b3906b2600116cb63b640dd67f2717b0b76ff939db84d594e9f64cec6	2269337	metadata/regents-club/1552.json	c9a862beb3a933f590b9d798c708b519174f2829667e953cf33a4cd9efb748a3	748
1553	images/animata/cards/1553.png	97ef08f4022220cf72cb6468a35ccc10b2b08a8cbecfdf79898bf36cae14e544	1656768	videos/regents-club/1553-v2.mp4	592529b330e4e3829e01ba816714cc9545f5ac17e4a0d6cce2cd95c6962270ef	592807	metadata/regents-club/1553.json	f926dc09320e9ccb670725019e547213aa4ea70a1062a5c3c6c2e57022d61261	749
1554	images/animata/cards/1554.png	2adcc450e4a70026d3b716855110310c0f943f45d5547a006df9a48d2d49bf5c	1888096	videos/regents-club/1554-v2.mp4	406c31fc7427b474804528a9f0f13fde2d6e1672b2c1f6ece74bbc3955b79120	586897	metadata/regents-club/1554.json	7c58c9b05b35aa7608a024e87188c2ba6a9a3a17c807482ce235112e5f06238f	751
1555	images/animata/cards/1555.png	9d857a3d4b94b68a5f49cca507d3c6b125159d3382d91be180368724e804c7d7	1710270	videos/regents-club/1555-v2.mp4	5ad0d312f7fe0e09388bfee54dd94324ea0d1b25deddb01ffc5de7928a6db771	403206	metadata/regents-club/1555.json	62c4436b3f3d0da1c996acc867b9248c660aa82b8b422306c54f776ea5154ce8	744
1556	images/animata/cards/1556.png	52d5f11fe0d570dc162326f60a90d89324be88796ecb6758e1189813ce6bcc83	1869334	videos/regents-club/1556-v2.mp4	2fd670a2cef34984896bf78b9a81d674251f8cc28ac3e923fdef4465c4887564	487932	metadata/regents-club/1556.json	ffec857eb0b6b7ea6e289aed5fcf3f81d3b4bc82e4c537011f3db670e486e92f	750
1557	images/animata/cards/1557.png	35d59742797d223523aafe138f53950bf4e278f34ba8d55d1b05fa4521fb702b	1756250	videos/regents-club/1557-v2.mp4	eb0a962a8c9655982e097ba7a916250bc1ae3592f8099b6a588481055c22fb79	522480	metadata/regents-club/1557.json	c2cc15f4c5a4dea45cb101d6f87811cd1d79a8d70cfa806e0dd5bfdf496030d1	747
1558	images/animata/cards/1558.png	d0c8d3a4ecdbae5477cf7208a73758f84020533b8ab9fc3d878bb945b3ac5d32	1408880	videos/regents-club/1558-v2.mp4	7adbabaa8448ea300cb002e9d5f2f687d32155799a7806f540a191f28e43a33d	314982	metadata/regents-club/1558.json	57f501faf87a34b563eda2a633b9725436aa91fbad4abdbc109451aef47c8b85	746
1559	images/animata/cards/1559.png	4b1a4393ed5cf23b0337b5c3be7f779b8b7fbb5103393dba99001cbba512d37c	1610951	videos/regents-club/1559-v2.mp4	3b44b64dea060221cd962ebe557f70a44719234d165a7b43ed651be0d8f4fe12	561084	metadata/regents-club/1559.json	eb1d805b9dbf594c9636bd8e3c0ec9bc2c6b40928f570faf7157bc074caa9659	751
1560	images/animata/cards/1560.png	f0aac2b9901cc0530ddd410cbcc642797ccd328638962f7dfc35471bd6e63e91	1693684	videos/regents-club/1560-v2.mp4	8f3e4c17d8ad9c97fd3628f34aa60590adc5450c0d545187b9f2e50d674c706e	801283	metadata/regents-club/1560.json	4744642976156be9002a65627c03d51b607568d04118bbdd7a1bf1a4301414b3	750
1561	images/animata/cards/1561.png	f64534e0da43748f578f5f3c2629162ea81b5eea02662c151ebff5d22c3a2278	1940314	videos/regents-club/1561-v2.mp4	2b4dae85a7398230cd211e35fad4995e47a6747ba313fc11bd172dce99486a1c	306762	metadata/regents-club/1561.json	534a3650e29492d9c51947555a21f8381692cae0efab834dc23d4ad7c4e9abb5	747
1562	images/animata/cards/1562.png	b33fc124a37e70b07142a93f799957b8967262ed79c428cf57e1c7d777579151	1698946	videos/regents-club/1562-v2.mp4	fd8afd1feec392cf424058268f5ac30e88c9a05a5a6e48a2688a6b8ffb135ddd	754103	metadata/regents-club/1562.json	98028e8d6ed215f11835ee5ac1faa43cedfec9d35aea85bbf2e4d6f1e02497dd	749
1563	images/animata/cards/1563.png	ee1b6a5182e21b671dea9e132257f38deb47079a4e942489f014d0232a114b6b	1739502	videos/regents-club/1563-v2.mp4	f2593132f17a0410083ce0714e7a72a0f80b3653bd0325a80a82a7722c99f37a	295934	metadata/regents-club/1563.json	5185257589ea32d3842c0cfcb11ff16a58f4c3c67a5e942df69afbaf569f50f2	743
1564	images/animata/cards/1564.png	97eb396018716f59a96e5b13f3ff377514dff591823a2d2130a6089f5a5da4f6	1764684	videos/regents-club/1564-v2.mp4	b7c182faa508993e3b345bc3c7f46075c22a30beb8388932a17c70595b399dd3	694226	metadata/regents-club/1564.json	2abd2000caf062ab699c28421ebc635ceec007e9402d49b99a060e5ec4db9788	748
1565	images/animata/cards/1565.png	73e6172850aebac352bb4f00f52b8bd720cf0f055e7a22135509803eb5a5cec7	1653817	videos/regents-club/1565-v2.mp4	1433482b3cde57257d72480cb9279fed944203f9bc86ead8eb5b1bc84d22f051	410596	metadata/regents-club/1565.json	d979635b900aec9d644f94a7129f7ca3f27b22945172afee0c15839a5a0f2a6c	749
1566	images/animata/cards/1566.png	6532a4d270030754b30495628a002943d7f7fdf22b11b0b367919b06cc34cb8a	1569814	videos/regents-club/1566-v2.mp4	bd0b43d65e1370c943bbc20c65a15ed1bd008c2681685f7ed8627e8d9c2bd283	273061	metadata/regents-club/1566.json	7414aa96e4581516477580454a3b8baed2d841d7a53a96e037b1dc1f5bb9e1ee	743
1567	images/animata/cards/1567.png	e21a9728f96b6420003f3700c3e26afca8891e8c656c762c1c02c5cac711315d	3031553	videos/regents-club/1567-v2.mp4	7ee038eeea2ba6e94d273c2789576e67d510532889cbb2fa2a1b86a07a60e0f1	2557895	metadata/regents-club/1567.json	9a129ad83029a8f33cfd14ed9a14582d7ff3e3d839c145fa0f77e293a641ddfc	748
1568	images/animata/cards/1568.png	dd9b79d8e422b3b2b84490aacd34cbfd4fcf7d2fe4de05cd39bf089dd4b98b0f	1739555	videos/regents-club/1568-v2.mp4	7b056dc7472eac9afbee873471756ff6d090a9d9f0b28543db61a35f5d615089	204996	metadata/regents-club/1568.json	535cfbc5344bf5cca637ca3cc07c3efcb9dfd371f6393ff2b33199eed7be9414	747
1569	images/animata/cards/1569.png	6bfb428fb4e290c5086429498cd8f0bf50f943dc63caa70538cb0f154c04f595	1420117	videos/regents-club/1569-v2.mp4	991cd085a20dba79a56349c060b3939e1e4fee1368e276d125a29fa8b91d3024	276269	metadata/regents-club/1569.json	ad1200770fbe52d710ccf9593544ad26d6b232fcd2617df0810dfad4c619111f	750
1570	images/animata/cards/1570.png	0966e7fd4b8a22b783c2446b9ec5e9b4fc2c324c7a9f6856f258ca4e801a6c03	2352659	videos/regents-club/1570-v2.mp4	437d80e00d8e60de8f09143f0f03b829c19bb42193b41fbaaf328a1aa81e8398	921007	metadata/regents-club/1570.json	eceb83fb8fd90a20d95c369be84945b1d694392bbfd2f7cba4dabe979f69fc07	747
1571	images/animata/cards/1571.png	d89da9259aa016f423af4cab38d4c9f3c9db630604a1f4d6979bf7a727fcf2fb	1399418	videos/regents-club/1571-v2.mp4	0f4177ab5c1a3748cbb96021758360f6785c0aa13147b86c45468d609d21fedb	408849	metadata/regents-club/1571.json	bc6d91c5c614eaa46c77f1db828e682061e3bc4233144815c8385c6eda0d5c19	746
1572	images/animata/cards/1572.png	d5eb34d86de6e4db95315a7af2cf89ccde743179256247c19d72e94b194056c0	1605639	videos/regents-club/1572-v2.mp4	39007f0b246386952a57af81f39a1036ec8afba45c3eeeb71251dd05683346d6	390907	metadata/regents-club/1572.json	b73f2ccaa61af63e42b7b271752295e848cabc4d2a8163ed152fefde9691a9a2	750
1573	images/animata/cards/1573.png	64e028d5b1c9f75a4afb95bf6a3dec8a034db8279495f71dd9f37b1751c8ee47	1430267	videos/regents-club/1573-v2.mp4	fc6d251cced71dcc939e8fa8f780901da28701f0b7a5f74d5f661e682417f2cf	271097	metadata/regents-club/1573.json	5698ca34f1dcf9eda8cbd63f18992d81138b461febb3314bea1936801d6003fd	745
1574	images/animata/cards/1574.png	c48156da83b6be9dd4e8c47ff2cb56905fd705d1cf9248d278b3f2ea78bfe359	1690137	videos/regents-club/1574-v2.mp4	48519390adf0f91586b8a64171cce6f4c3c0f12168fcaf34cab5b38a6647a224	343242	metadata/regents-club/1574.json	50aeac4923ae8ab0423bf769585d89d6c410fbef327416c7260c651d6ffd5a0d	747
1575	images/animata/cards/1575.png	d3ff3149384fa0320d1d86875f19cf642ee25d8e2cc249bccdb2a0583fd81525	1806685	videos/regents-club/1575-v2.mp4	fd5ecb79d1280aeca62ce6cfc03f375cf1ab42ced7b1628b313adb0ae76fde04	377881	metadata/regents-club/1575.json	ff65c1e8ef3ba4164c61da66c8e5d22b1272fa93c5651f34689e17b201238cd9	748
1576	images/animata/cards/1576.png	a3b2d7e0900f67bbb3f6adb428aed18a665c830b90d625a890b1a349d79e7431	1521312	videos/regents-club/1576-v2.mp4	1626306fd86938ba0bc7a786797b5bafee1478e610f8812ac8ff4c782235d428	244748	metadata/regents-club/1576.json	41a3ff99f78cbeb246f7687609ae9d043be22b48422df8f4f2e92f1ff737145c	748
1577	images/animata/cards/1577.png	20f58e9fddc1e2a957f603431462d358d85aa00a4971452b6b83812f397603c2	1259230	videos/regents-club/1577-v2.mp4	2001d3c8e622e1207092f64cb977c01006b9447df3ba2c331aa921ffcf49aaff	236487	metadata/regents-club/1577.json	b45ade7539f80d57d406cae29ddaf00e8847ff34352f842a983ddabebea5c9ec	744
1578	images/animata/cards/1578.png	67250ecb7c238583593bbf9c11ded0c929fda09e3ceef2cd4ceb41669910d882	1304850	videos/regents-club/1578-v2.mp4	97db177756f817cefbc360044f368c6d9e470e6434a1add820f441315acaf112	324408	metadata/regents-club/1578.json	9235216e23ea0408af801bcaf2ba9cb39ac561a5d80e63022dfe5481c03165f0	749
1579	images/animata/cards/1579.png	e6ce10fc80fea3a4f7e3c489b98f7ae652ecbc657f58010648e8e95fc6c176e3	2469356	videos/regents-club/1579-v2.mp4	5e9afbf0a407f9fbd1a13b5ac6d1b749bf4c9965e99b1135e8fbb9a215b98792	835185	metadata/regents-club/1579.json	a66738d29c821c59b6e429752ef4cc7ae25eab46970cd629dbc8ba76987e88f1	751
1580	images/animata/cards/1580.png	8d8d56ed3d56a24020eacc03153d54f89ca31758390dee9b9aa37c889af07dc3	1918072	videos/regents-club/1580-v2.mp4	12cb0fdd57e7a0f8c1761e85d4fa86d6ecaee65866782be9dc2ed77467654278	603118	metadata/regents-club/1580.json	d8df3642e2826bf063b1e32ec4b5337c4f0875e023f234c11260f2dbdeb18142	754
1581	images/animata/cards/1581.png	9b13be95e0fb64ac83ab45bfbc5eff45a4d77f44d938e3ca87f85e608c65e8cb	1465373	videos/regents-club/1581-v2.mp4	678ca0f5227590fd727bc6018aa08bf200f5cd9b79210a781ccd46be5da89e34	218319	metadata/regents-club/1581.json	555ad0f4c742ce8a08440a2af3f2115876ac561a3fa091ca26c64570679e52f3	748
1582	images/animata/cards/1582.png	b74e66900beb5f61d462060a15ee61870a3bc81378a9c0a23b6c05f5ac391d22	1446951	videos/regents-club/1582-v2.mp4	9b747a9599c31477ffe135c09679cf0606e3b09e00f34fac3bf5cd62957d2a23	316828	metadata/regents-club/1582.json	d3d577009026af93fddd752cac4ed6a8e093949a1c74a078f1db7c1897b5aed1	745
1583	images/animata/cards/1583.png	f0277f6af5a17dc3fda0f5ba5d3b6663dcfed343fac0b04e2fc85b78476ce8a2	1559548	videos/regents-club/1583-v2.mp4	d27cdea19a26ba465a4d5de1599ca6d5f2e2b1d371678fdd49d479c3ad9df2bd	557070	metadata/regents-club/1583.json	e7e00eb1ab35ab223a92833682e53d800717c9667cd853d923cb1a94beca8586	745
1584	images/animata/cards/1584.png	de7728d88a5d03847dbfae10f69bb5e5ea686a6e01ab334a2204487c1a2ca3ed	1393793	videos/regents-club/1584-v2.mp4	290959dd62ed67fc96f9339f54bed665cb4834c317f7f4743ef003d562f15ed6	179906	metadata/regents-club/1584.json	1bcff0f71a80104ffb4e7d3a327c8323aefbb7e44d992230278f442f0e7c5168	743
1585	images/animata/cards/1585.png	0f4f1f1547d8aeb7146cc2f3ff5c116a9dcb507d51823dc1a676f5c4ad869a97	2433890	videos/regents-club/1585-v2.mp4	c8eccddca0d579a48ec92d9ac0b71a5448d36cabbbb59301b892f55847d69e00	1414496	metadata/regents-club/1585.json	316658bb297d5bd30693763c73b5ba3314b9d947be229da32eeffae774099566	745
1586	images/animata/cards/1586.png	501c12ced7c59adcfe0258ec4070a369b1a7bf6889e35e1b150784a89c49e638	1543058	videos/regents-club/1586-v2.mp4	46ebddf01c398e39ee24be36fd88aedb5582083044f4a4ea5e83d84e60bcecae	289254	metadata/regents-club/1586.json	13564fc42a495fe3378155869b28b8ce1719414a34103cb7d9079d8fc6c2e2c5	743
1587	images/animata/cards/1587.png	2c379eabd931fb9b9cbc093b0ad47ec2d2c6fa2342053c666c647a9d7cf7e93d	1848054	videos/regents-club/1587-v2.mp4	159f6c4432547049e30aa33535af28d12975ce20213b49ec58abb605ee299ada	573081	metadata/regents-club/1587.json	ea007bc0c7cc9cc864d3349939bd00141ca8eda6df3de776e586c1f74bca193f	749
1588	images/animata/cards/1588.png	048e85952ffd865af410854fd0512849999d05dd3cfd69561aafe2f4c53cf37e	1282576	videos/regents-club/1588-v2.mp4	e04b50a2a4daefcece07b2b06e5ba21225d24953067e09a7f5088585daabfcfa	261929	metadata/regents-club/1588.json	c2b2e728799b5a5a3142b8f0958e53fa398c41e1f3633612062b2b7f477153bb	745
1589	images/animata/cards/1589.png	80cc51bcbcc73b91c2aa7f1988c602e29f0ab40c42adf068b22076f471f9906f	1296255	videos/regents-club/1589-v2.mp4	f74267070bdfa3c606a88f9dc749bc984cde397b43f0be0627918db78f96a013	124901	metadata/regents-club/1589.json	894ca61b53f16873195140ce2e2439b3eabcf4b50e10ef7193bfc8f563a3ab80	743
1590	images/animata/cards/1590.png	ad40c18dafff8a579a2a516a8c645dea6087e83c80218af5ecedfacb8c948674	1469290	videos/regents-club/1590-v2.mp4	bb7294b3940e894ca0d2b036e9fcb9c5d5918afa8b11faec4505173df268b398	438390	metadata/regents-club/1590.json	1b287e3cac1441b9668a7d6c3c9e5d03cefe0da8eee505c93e954f478218a0f0	745
1591	images/animata/cards/1591.png	bb1693d1d234c9145d64ca63eaf5f2948839c70f12023a89320dda9d5ee25633	1504745	videos/regents-club/1591-v2.mp4	a70f13f77f54bdda8e153ef9d4b6c58fe72404666d0b215a30729254eea73fc1	198415	metadata/regents-club/1591.json	059d461b1e7de50de114d13150a10af5b381f98436e915f746f727d94a4476ae	747
1592	images/animata/cards/1592.png	99dd9c75b3a0f47445a23e6c1e45a5e8fbd44ae63353b8602fc93d1c953888ec	1393875	videos/regents-club/1592-v2.mp4	691eb412ab17bcce2f429720dae986aaeb891cb2184a576934ef3743e625616f	299856	metadata/regents-club/1592.json	ef428cfa2fc20d9a92335a107c89e476939bde5c40711bfc66c2f2d248ed8345	749
1593	images/animata/cards/1593.png	c10b50ac0d8dcc09044f860eee9524c05dcc91f9ef43534465af214aae2e0677	1700917	videos/regents-club/1593-v2.mp4	f4ef3b5016c71fb1f78df5089a521aaf82dd9c9ec0f265149cb401b3ccf0c401	237813	metadata/regents-club/1593.json	7ab96d5fe75030169a819627cabbae24de1ac6e71933f05b6610633795dcfc49	746
1594	images/animata/cards/1594.png	705c3fbc0b50973ae7e73ff74fb8bbc5307cfc34e127c19f4ce62118047c2db9	1371152	videos/regents-club/1594-v2.mp4	40622b7b2bed6979b5a0767292dec0f5c62786f6be3e365fe2032f908b4d1734	170353	metadata/regents-club/1594.json	d0d2776505add990f8b9a03116bd3ecca42cdff332c57662bcdadc5daedbaf8e	743
1595	images/animata/cards/1595.png	5a912c924fea84a31dbe73db24c8f9ebc22eabe4fbb065c31704242147b305cf	1622450	videos/regents-club/1595-v2.mp4	920587a6ec54c1805fbc925c44eb5666bb7674e00b2d1a26f946c5d56cd7621a	490909	metadata/regents-club/1595.json	daf8162bbcc4c2e6c621a859f29a00ed07c75ca16169a1104380dfbfd691a904	750
1596	images/animata/cards/1596.png	e75369569cc7c5d915a572be2aa5887f25b6b56856518c363eb3d776a29f8b1b	1591798	videos/regents-club/1596-v2.mp4	658b0555e4e61f166e4b9f0c6e2b6c174513431d914344e72f2ce659ac693ecf	492867	metadata/regents-club/1596.json	38e184972cb4358b942a9ccc0d7e2d38d878f6290368cdcc6d893bc0d07eaca0	746
1597	images/animata/cards/1597.png	141d6b88a189106c1f4340f087f7080d33afc76856604b3339ea8515a4d8b3a5	1454743	videos/regents-club/1597-v2.mp4	187263c5496ab6e359c295f1b917e896f950affdfa7251023ed291a6cafbff7e	291721	metadata/regents-club/1597.json	21c90108c8d81629032469c7de4c4a0f9df02ccaaffc1ead7e5926e206475f92	745
1598	images/animata/cards/1598.png	75b8962b3100acafb8ba720c1e708ea9f55f2e9e7381858c34a7c3ced1cfc2ec	1871575	videos/regents-club/1598-v2.mp4	8b06d0a95dbfda0cb401ce5f4d28fcc4f434b61370431ab7465d1119f2283727	837076	metadata/regents-club/1598.json	45b6a768fd6148c74feb25b40469f69403d555a1a8eb4cea9e973be548c288d3	752
1599	images/animata/cards/1599.png	373b34227681f2e9c6371358ae97c7231c88cd33763f5ee1059449029af8d088	1375170	videos/regents-club/1599-v2.mp4	e26c562896ef3b9ed751dc431af43bbc354a3d5c2a49fb55f7f92489ed34e3cc	391340	metadata/regents-club/1599.json	a28f2607607db1300f751713f6e82dc02366c8a37ef392949b01b15a6e99f01e	750
1600	images/animata/cards/1600.png	4e2dd30b7be0eecc18f97dec795f538cd5c61265513986d05c27e07f4d816077	1650181	videos/regents-club/1600-v2.mp4	4a449e80509912cdd110626afb6899a28b6f61260b6b50d6e86b570b5e117899	274806	metadata/regents-club/1600.json	bb11c92ecb91dabcb6df0eaefa9f4bb7b3e638416360bbdd66527970ed2c79e4	750
1601	images/animata/cards/1601.png	23cf6142bda2b0a8a56d862e56cf67d824f54e1ead61aa6c629fedbfcb0241e1	1768059	videos/regents-club/1601-v2.mp4	51ad935aba946b38dd3139c20aec7a1f177bf78ac1c1cb485db858681e608efb	247799	metadata/regents-club/1601.json	18bbba4f3b4da4bdab533d689ca76fcb82b83f3c3b147b74137e98b97ffccbde	751
1602	images/animata/cards/1602.png	c61e3205f6a72c93bb648fe42328cd459583f441e97c2851149013ab56035fa1	3182067	videos/regents-club/1602-v2.mp4	1a746353a75a395358070ebe93b3fb7083b71cfed4d1ccdc90e0498ea35ebc51	1470586	metadata/regents-club/1602.json	390e166e445c722afd4bffdf6f0efbc358aec25f7438691a84df6237ad968c2c	749
1603	images/animata/cards/1603.png	39e25de3e5c21a0371f3a96ecbec46102a2a22be78f7aec82dcf4de3fdde4113	1745699	videos/regents-club/1603-v2.mp4	000804de2a84b5ff956274a266f490e46dea957db6ef93165d3ffa5376c9c82b	318718	metadata/regents-club/1603.json	2788daecfd0188041a8bbe082aef4793732b290ded37cc950e4ad8e58582d9d8	754
1604	images/animata/cards/1604.png	398b35ac19d06142782bf36a35024d2cd9eca49d30237c357a90d25a9e2b9bbc	2234461	videos/regents-club/1604-v2.mp4	36660598a784f3526f4ca7abd76dff8bcd3961dbdf928ef07192e66614821310	613143	metadata/regents-club/1604.json	fb7ba90db969348f7246f500e803c97134ef6c513d1aec0777d3c10b1e84dbbb	748
1605	images/animata/cards/1605.png	80e953089f64634865ee2b20da6915b17b52121bd4d9196e8420cf74aae26301	1227662	videos/regents-club/1605-v2.mp4	4980039ada41040aae2e114ac819aebb9d4df9052344c28b10bf373dcab61aa5	289952	metadata/regents-club/1605.json	729c7a2acf157a6144d2da6370b570a6ec177209742d6229bbb14b1249f5ebe4	750
1606	images/animata/cards/1606.png	ad3943e22633d4d07a0129448bdc8bdf7271e2556b7700a87d9055c6d47b9412	1234474	videos/regents-club/1606-v2.mp4	cad81bdff112c8b39ebdf57ac0d9aef484e34f42028ba7aecb46b3ac04811abc	179976	metadata/regents-club/1606.json	39523c0c0ddc770d91d7d34c4ac5bf43008c81c95e6fcb68cd40414c8d1719d4	751
1607	images/animata/cards/1607.png	632985160a77e513d1bcfcd460ba230e4f569dcdce39b53cf2a566625e766847	1498191	videos/regents-club/1607-v2.mp4	1250d174811d8f8abae10347a6864394e7598fa51b01662cbf28d16421e0a16c	368336	metadata/regents-club/1607.json	97b3c3bd686108e1036d77954fba7561f0ab655e6fd33060dc1a4533770cac76	745
1608	images/animata/cards/1608.png	c2ebc7d2e77d5f6b1693d6a43cd964bb48b469880e329c1463c8015fd4d6fa56	1105979	videos/regents-club/1608-v2.mp4	7cb57358cdffcc62f79fb2ea6e583b949842f6689e25569e7959fee9da565ee1	81297	metadata/regents-club/1608.json	2eae1b4068c37dc8e7e044659f808e3d2c43ea9425511e2b8c05eb73716797aa	744
1609	images/animata/cards/1609.png	7a6f67b9777a684cc071774928e46d5460090306b243b0e1454136c0fb53a96f	2519548	videos/regents-club/1609-v2.mp4	d5a55dd5e01108f3ee169e3824236d2d283f3a85c950167145c998513418fad5	1888159	metadata/regents-club/1609.json	d4d0c0b4090e28a4948b3f401a9242947b5c76688bdd35f4efdd091e9fa1edf2	747
1610	images/animata/cards/1610.png	fe5095495a3f2ea665330151c9ac48d943dde7726f4871e81ff6ac7e9ac3de50	1359827	videos/regents-club/1610-v2.mp4	7921bc99e75b343653978a221613e0ec5304bb7040763d0d8045210945555e30	159189	metadata/regents-club/1610.json	090d9ab79efce8a7b871c966d0e98b6b3ba55b1afda10f3ca6e8808a74a08356	750
1611	images/animata/cards/1611.png	b36dc5395c846ee3b2ffd0653e1b16359b01edf6b40767460496a62e6b6efd4c	1774779	videos/regents-club/1611-v2.mp4	45340630efeb921127b588bdf55800407995c400f59683b7c4cfc219c38c1a34	661561	metadata/regents-club/1611.json	8883544e7f9ebfeaa7b85fcdf34cade842fab42d9294ee5da3d08ec1e4f1497a	750
1612	images/animata/cards/1612.png	9297ec954e9829220ad82c38bffdf26d6d35fb67fa1514ebca689bd09e896a20	1793769	videos/regents-club/1612-v2.mp4	f007d0d5e41c20dc443404b36779aa33eef819662bc94a12604488ce712f1eb2	263845	metadata/regents-club/1612.json	8226daf967f10d61db814646b35986ee80b3f56450d34ce714be20c0d6412228	746
1613	images/animata/cards/1613.png	ce46dece9c2882191fd041dadfedcffbe2aa6da2671429236040cf139d3f8fb8	1597022	videos/regents-club/1613-v2.mp4	57b0b9c22fd8309b7467915e762af08d324cc323b5ab543376e062c5540efe65	276482	metadata/regents-club/1613.json	e3c90dd3cdf9c36c7c47b7deb9dea2c7120dea2670c7d24e3899f1610ff59e14	748
1614	images/animata/cards/1614.png	ad7f6cdba2f44b8b5d3416d3dd6e1eb4a6186ff154eb93ab82a216f4fe8f568c	1928830	videos/regents-club/1614-v2.mp4	1ab6dff64a9fb0bf2dd2a4ae0af5f19b5d653af3c52ca283767260491677f6d9	709007	metadata/regents-club/1614.json	d8ee6a2200cbbd95280fa1940a5d80d62fa8cbcd87aed697f6802cc27692446a	748
1615	images/animata/cards/1615.png	cc4a75a2595adbfea39c4089facec59e59c35d8b1dc125c556fd6e81285f43ce	1521773	videos/regents-club/1615-v2.mp4	fc7943f08e734c3fee9f45da6efbaf4d70980414c963212db78e454462b4e6de	477172	metadata/regents-club/1615.json	ad8cade5507c23aa0631b7a55f2ea1a1b362f15fda6280d4070df1b011d126bd	750
1616	images/animata/cards/1616.png	c6856fe9f7c8848e64630d99e2de23b63d3e80f8ae5e021e493a26f4e07e464e	2035159	videos/regents-club/1616-v2.mp4	7d5a3fbc5920deb5efea24a901782149427f008febfacd81a074bb8856e5dcc1	1009220	metadata/regents-club/1616.json	012d8d14fc9addf41649cef5348a064ce2d2d26b29c214a6a2ab3ffd8e43fa4a	746
1617	images/animata/cards/1617.png	d160116cecd38fa8441426b32352ee0f60a390831c9e6cb8c19c0f1691f712bf	1459424	videos/regents-club/1617-v2.mp4	a268870aadccaedcaebc63d14945ed7d438c8631a3387eb7e072d1f70e07e71f	607897	metadata/regents-club/1617.json	7e1ad71a05559160fc36e96d1d8629d713aa5011d158c718099060b52a567fb4	749
1618	images/animata/cards/1618.png	5f984bcf6e9be07a3062d58d8aaafa771fcf7e49cfac1fffe842ee635271d78a	2742782	videos/regents-club/1618-v2.mp4	74ea422832604b2db3da7112f680a1409d4bfc38d200e2f34f7a088e799c5560	1798446	metadata/regents-club/1618.json	956163b2899bbda4e1c8038ef59500fef197ce0cb6b60ef2a7443695d21dd449	746
1619	images/animata/cards/1619.png	f0b3098af149338abf9b05cb6761cc60448dfeb2f8736784cf9622a21d0b484b	2684169	videos/regents-club/1619-v2.mp4	28a0581f55b783b296d8ba32979200ccc72cd561b2d23860d5037dc0e0a63c92	1056270	metadata/regents-club/1619.json	7b990b6aefb1f094485f9eee10232bb88cde8209d3dc2f82abad3b2283ae0745	748
1620	images/animata/cards/1620.png	9dc0cafbd938c8f95ed9d06fc9b19a83864d86087c5351522eda861eaf586f2d	1379636	videos/regents-club/1620-v2.mp4	1a30b19874b3aff4451dd3650de2a31bcfd091d7cb741638625a0848397a3d65	292778	metadata/regents-club/1620.json	56f309db295332b9d924faca78fe7a01d044d5f16713b82ee71e1d4249eac0d8	745
1621	images/animata/cards/1621.png	2a5c12400c9c03d8ab2f328ff2a6b86a295fc8e0a483376540972b7ac27a511d	2132321	videos/regents-club/1621-v2.mp4	0c4c501e18f4e5b8e2c2c89bff75438682020efb17186261a5f2cbd80c56c4bc	1071576	metadata/regents-club/1621.json	c14fae34a55336002ec420ebeae16e6292198b1a261b5ba2a9d3e3773ac3e1fe	752
1622	images/animata/cards/1622.png	2a37dd523bc9055be4433bc882309ced822fff0d9d4ec86f37b1d5431f190bfd	1921912	videos/regents-club/1622-v2.mp4	4301568f503698c3fe561f73da7f419445120142324dad4b6e65f09cf6fc971e	392207	metadata/regents-club/1622.json	b3f648d710488b6481ab297dcccc9d65ee4d98593a41cb93c978a63f263faf41	752
1623	images/animata/cards/1623.png	93b04ff99d5053f1c65e1d8cebe0af28c1ed7144f85386e3fd8e5781967840a9	1598546	videos/regents-club/1623-v2.mp4	4e3507bfd92d7363b29651673cd7855d54f50113b80e66e42a7c7325db4bb721	534174	metadata/regents-club/1623.json	764dfc6f5603a452bdc1b90ed7dd4d1a5d5494c8e6bfd94deae3f50c64e7117f	745
1624	images/animata/cards/1624.png	13c2f072ef2b1dbc5c76ba509274e35e675c5f0fff3808793edd4457e5c8c8a1	1733624	videos/regents-club/1624-v2.mp4	8fb0089520d5161eeff63ddb628a19b6aa675c3f9cd9f66e67aceb848d752822	462187	metadata/regents-club/1624.json	f5b033fd4392759d403a4ba88a1fb294b963588f9359168c7d13084fd33f74d6	745
1625	images/animata/cards/1625.png	ced3c87fd30d29e2d2d0c0c215c2428d81cab191c8bde3289274ea6a7a6b4776	1817319	videos/regents-club/1625-v2.mp4	60dd4b1c7f3068ba8f335f27fcdd813267af503bf98107cd195ec24d96e45701	698217	metadata/regents-club/1625.json	76e54ba933557a887c37239b1bf5c0c1e6bad7d05616dca51e81dbe5b0fba4cf	750
1626	images/animata/cards/1626.png	a58b83f6bb540db019e989a683f17909c0cf341b6a0e99fba747360a747127da	1819528	videos/regents-club/1626-v2.mp4	0f64749785f18c5d8c60c425f1864d5138e53506e63ca61a6307b2456b5651f1	379097	metadata/regents-club/1626.json	279f4d18468661b657b69f621ee7f1777d482a9da23b3414fbe59a494a4ca9f1	746
1627	images/animata/cards/1627.png	7b47516571e482f11dd5499f2b1985a76c7e59ea8d616ddcd30c2c8b1016b078	1468729	videos/regents-club/1627-v2.mp4	a5574436a63dc139c6d3756b88f4a767578187141cb8a633f69eb396845fe71a	490537	metadata/regents-club/1627.json	c4f145dcf5bf29ff73688a06e408e6fc7ab2589f56b31349d5bfbf3f6fc802bc	750
1628	images/animata/cards/1628.png	c2d7fc07c517aa0a6587369cbac929bb6d075617651646bc7494040f3765721d	1365383	videos/regents-club/1628-v2.mp4	00803a7ae54422ef25a482950ed5ace323c07468430a62ac6d84cd16eb350547	205622	metadata/regents-club/1628.json	cd6b27b26505a3d858e4364ca797077e9b5e59452d6cdf1b03b2fd4a801fa789	744
1629	images/animata/cards/1629.png	2f9719a2170cda795d6fb24d0e70bf00b5b7d2324984b2633ede7c47e5867af4	2525368	videos/regents-club/1629-v2.mp4	1cf34590b20473b11579a948ba1aad535f3e2d6bff0489ecfda4c6fb2691c041	2244470	metadata/regents-club/1629.json	88cbee666dcebef0aaf309ac74e27229f823bcf0681a8b2b3438c9bdeeb43005	748
1630	images/animata/cards/1630.png	b4ba0ddcc507534a740383db1c139c601a0d2575644bbde556fcbc981eac1485	3714608	videos/regents-club/1630-v2.mp4	f20e8a8dd1e8b348fc861c4653d4bfc0d4ed035f60314fd3b314e5316e36636b	1375187	metadata/regents-club/1630.json	02b170c0db064fdfa3f7364e33c737222512739f49994071f89d1569737b65eb	749
1631	images/animata/cards/1631.png	bc9916f9ae4b5d0b3165a1ebb408b699177d15c9b65390199ea20cbbc03ee6d4	1462032	videos/regents-club/1631-v2.mp4	142cc22d77fc1ac088ff06306afbd9473e226ebf9179b847fe568d6851e68f4f	253289	metadata/regents-club/1631.json	e731bcb00b56be50ace1ee0d0401cac3d97af1bdac393f55c9b0be2d4af30ed7	745
1632	images/animata/cards/1632.png	9e42095a24bdf461718a1dc11a35628fbe6f46a2403e23b79f94b6b34af4b4b6	1705974	videos/regents-club/1632-v2.mp4	d5ad4380d1cca6e718d4dc59f5bb3aeefde0cecb6be8f9609232598da4da96eb	539364	metadata/regents-club/1632.json	74d389671da8f55d54e198ca80a64b909109ff34e287659776aff8b9fffe640c	747
1633	images/animata/cards/1633.png	a0303a57e0ec78870a8b3fcacbbde3dc129c14f57c60f3c230cca2fba5a367b8	1457733	videos/regents-club/1633-v2.mp4	6e5866f32e48ddef86b3e378679a5990e6e66aca91802245ea1803e064f526b9	333934	metadata/regents-club/1633.json	6a5a94391b90370e6476da9b5b15ca0eaac7c7e8201d7f099b22f2122ef9239e	747
1634	images/animata/cards/1634.png	26f69f41fb588cfc98e178b4b9e4443b88509196375a176842a5b224c20bbcaf	1420470	videos/regents-club/1634-v2.mp4	f1175f76ea85c5e917ba231c9abef2b6802e7fccb42431a06e65c1547923efd3	545084	metadata/regents-club/1634.json	df073f27e6c1a8f22073cfae1f18ea7052120b4c0f011f96778c05595b42a252	745
1635	images/animata/cards/1635.png	49905fbf469cd6d0be288ef5a4cb4f959235b9c36c401d335d3cb30aaeb0fa57	1558826	videos/regents-club/1635-v2.mp4	08bc2022db6ad6a074856ac60f1de366bb73c6f94cef8dc65152476553e5b25f	434966	metadata/regents-club/1635.json	5959e031f024e8b2854a53c19805c0a0d1e44f2a7db9978978ec55c59453e01b	745
1636	images/animata/cards/1636.png	d2153090a1374457d86159be7b5eaa65ac3be49081ebe3cfc4bfa3a0260dca24	1724497	videos/regents-club/1636-v2.mp4	4308429caa7a386aed71def360a7ae5dcc6664c9c8677f4dbfe4b256d5321b78	493596	metadata/regents-club/1636.json	0105c5968e3d4db82c4003aeb6cd29feae51901a4b4fa85be1b1ccbf2bf01e75	749
1637	images/animata/cards/1637.png	50e459488f4b3d9968de04e4a842d72d4e56b13814efb51c906666b8f77aadde	1780537	videos/regents-club/1637-v2.mp4	8a1913a3b33c6d7269f12a618d9d36a3c97e55b90917a7cfd46eb981869b1653	687620	metadata/regents-club/1637.json	9bab18e7309bb931a308f1f5b4538b249fe40be515efdec6fe148ec8c6cbfebd	749
1638	images/animata/cards/1638.png	b0cb0b00652818d2cd36fc35ecee2393b4e106566e87095be7e6d3f7de224dab	1418995	videos/regents-club/1638-v2.mp4	ad1bf1e3f3a25b48925082c73d98500744d9228620d136142f712b73124b903c	446583	metadata/regents-club/1638.json	e6e6837bed1efa0c71d059f001814d2fe95f4e9bc44581cc9872bedfc250dc4c	750
1639	images/animata/cards/1639.png	ec10d5580ad7470d2bf821b3ed5f0385ad2162dd63e8b7bc77e19b476f900430	1474867	videos/regents-club/1639-v2.mp4	d692c5dcc39c2f232bb32a5afeaf9ef90349945918d3379e6452812822c21cac	310756	metadata/regents-club/1639.json	b08620ee1b2ad4738676417c4645ebb2287a74143a6bfbff724b8a05033a8d46	750
1640	images/animata/cards/1640.png	a6d51eaa4e02f2fce96b524791a2119c13ac1e32a0084e8a76cfad4663a17f18	3180183	videos/regents-club/1640-v2.mp4	c036d0ff6483118a0f011704b0067ec4df113791f4cf6cd7442fb7bdb939a415	2312952	metadata/regents-club/1640.json	c22b7c656dafc3c08a88986cd8e9cdbe33bea967f07fb9ce9fcbda9fa1786996	749
1641	images/animata/cards/1641.png	f2b09eebec0d07db889f100d7b1f8211cdb9880ef04a358c943612be7b234331	1380613	videos/regents-club/1641-v2.mp4	bfdad779394af3fdd4661dff028a3a9d00afc2ff136633c1b3113ad90d1dfde8	219970	metadata/regents-club/1641.json	525c6575d416f3e299f1ef475e7a45ef1323f12f0f354564a07488434ed52e3a	744
1642	images/animata/cards/1642.png	009cd33d34dc0cab55cb834aa5d09c15b2a0c58285fe78037e31fcfada60ed03	1681106	videos/regents-club/1642-v2.mp4	3f653d732422caaa1c5ebe7d9f031345fbc98e8b95d897025fe9a8116dc5dcf8	370079	metadata/regents-club/1642.json	49c7936710a3115f18800dd33b5c85d1c92b4fd339730fc4dd6ec1cd49145e24	749
1643	images/animata/cards/1643.png	01f04d1bc8aa45a8eb497e13f258f377dcf8b50517818d6c83fdcc5e0e6d5793	1262689	videos/regents-club/1643-v2.mp4	20e019c5de5638aef0cc614909c0b563367a588fcbd7693e1921a7ff93066a79	225760	metadata/regents-club/1643.json	c5fd899ce73a1a90d5e34432f2a4c006b3485b397d3a635d51e77c26b34a14a2	745
1644	images/animata/cards/1644.png	9b7d06c728ef06c8323606f9f3441c46c2539cd9fbc80cf65b9c097cca8d9413	1532751	videos/regents-club/1644-v2.mp4	e7556caa8e2b372d83663e4799a97ad3f4a98733dad7b87b58920346a91804e1	370359	metadata/regents-club/1644.json	9b08848ead80a9d562b3b688d3e2e7790dc74565073f707208c851b60e2eb8fa	749
1645	images/animata/cards/1645.png	12f1fe4ad6a33516d1f8cb823aefe92ca71df39d1a15e65a61ca0bbe13f9234b	1540259	videos/regents-club/1645-v2.mp4	7ddf348cc87f57fc7195646b090795011f79ccea46f0bd3536a5852a713aa41d	440669	metadata/regents-club/1645.json	0f01645d700aa19933fb4f24fff6888101399152126ac876940f4e8bbe6d986e	751
1646	images/animata/cards/1646.png	3b10d86d89eff0489d66e5a72b9d60330662a3e7fe90a12dd274b23a0d1959b9	1769863	videos/regents-club/1646-v2.mp4	c96f8cde14137e3834c4c6e1eecb12b5ed967581d36c8106def7b7b29a83afec	498954	metadata/regents-club/1646.json	96c90db3581617eeb1186d136349f91d28c7b35a3c83950c31b7624569642be6	749
1647	images/animata/cards/1647.png	9c6b7761be81c8f73eadc4abae211def6633aa5fa8d8658343b0a5bb95245b74	1874763	videos/regents-club/1647-v2.mp4	d1a14126d4a5b13c42e9b679a510ecb2272bd5c3ea665fe652f42998b1299bee	408441	metadata/regents-club/1647.json	3aecd69a937234c2fc6da189a74a8b28554f9f79012aab4e411acfb22a32934b	746
1648	images/animata/cards/1648.png	26d3272047e2b4455d21cd3e0617a8d47faf30aecda5d6c0dcd4cb3ab49762dd	2075234	videos/regents-club/1648-v2.mp4	ccfa89298f305ba714e7c1b93d79e74138b17a2ea0fac5939e470b319dbd85eb	803849	metadata/regents-club/1648.json	1b918e56b1eb127f527485c4647eaef2c299943f95f8ef74846197c732b59f7a	748
1649	images/animata/cards/1649.png	f6dded6640af0a7f82c34d8492ea6ae78c43ef44421f3ce4ecd3c74eed32563a	1650942	videos/regents-club/1649-v2.mp4	308065e47b4cfb8c1311fef03b0cf44fe0e6df30701e4ae4719c2ef72ba35f59	455606	metadata/regents-club/1649.json	a8c86e3d5f8692dfc189a40b9984d71c8a086518988d1d015a154845129cbe28	751
1650	images/animata/cards/1650.png	f2fc233d7be730ca960e4b62475ca33d4f8ecb2ff5d34aae86b5fcfc1363a5dc	1039745	videos/regents-club/1650-v2.mp4	0189b1f3fd94b6643fcd28d2f6a743d6fe7df2717c5d2db8068d0731fa0431c8	124672	metadata/regents-club/1650.json	1a158cdfe7f6d9bed132eb4c7e446ccb2386d47285cfb25907a14cbcf356d4e0	746
1651	images/animata/cards/1651.png	371b69d473848b5f3f1860b51284f594807ad20b876d2534aa3769f36de9039f	2332924	videos/regents-club/1651-v2.mp4	a3fb7c17e5fd602847f7fa3bebcdf5db10013d7dc08aed7bfdd70ea320cf0e52	1203597	metadata/regents-club/1651.json	57fb9483f1fcc72354ac74315dbae125beb6b0177d07fc9ca0b9b617bbfc6446	747
1652	images/animata/cards/1652.png	c9deb4cfc64e25000979128a6b998218f190da7f722e8d0ad3db6832951205b3	1258095	videos/regents-club/1652-v2.mp4	6d33626c91ad95a9d1bb7ff86128ea7d655fe51228c666e11444d3e9e19ea620	241980	metadata/regents-club/1652.json	ed3d2a9eccabf7da49c6ac282e752b03bc4e0cef591f3a03877806d4f277d246	746
1653	images/animata/cards/1653.png	324f338fb05abc52663ac77b40d39bf098befb607d9d53e7fd6ca752b2592bb5	1789249	videos/regents-club/1653-v2.mp4	c9908748131f29a6f188e91ada9fd7f1331a81840d3ae8dc2c0a3f6748135f7e	388098	metadata/regents-club/1653.json	71617fdd452d21e45f26f2ba3aca3c0f5958df01dc01f05352ce4d3e3cd3f618	747
1654	images/animata/cards/1654.png	363cb516184deaa8742b208e622fe932b6c96bfe600e53bbf45e75879c28483f	1288903	videos/regents-club/1654-v2.mp4	e0b8fedb610a05c6c0f768d36f0661076a35781c5b651dc8f11156c440155c36	415487	metadata/regents-club/1654.json	ec3bb881d7396bf15da52ed64323c95775e7c97bb87c2b86135d0fca21fe1b3c	750
1655	images/animata/cards/1655.png	404dceae4dd10d38ee9d8d03c8efd17f2721aa0e40802c618ac640daf80399e3	1548910	videos/regents-club/1655-v2.mp4	3bbe010d7a7054dc0dbbaeeadd0a435231726c4c649a340ae3bc31f8b31b0785	184093	metadata/regents-club/1655.json	8ee96fd6d34afbad5301e582b81bcf0364b4b62b7a85a8c887455f60b350bbf0	746
1656	images/animata/cards/1656.png	747998389cabe33a6a154a8d1e7167fd23dbdc41ffdef438b62d570b50b9b11a	1504711	videos/regents-club/1656-v2.mp4	62bcdad2a303f64cd5161ef5793dfcd4a22bfb335bc2e585071d9cac7e98600f	459049	metadata/regents-club/1656.json	aa56858987191bbaf6fe5dcd884b1adad867d20ad16390fc7853a229096395fe	746
1657	images/animata/cards/1657.png	21464688ca3c9eddccf6b2d5e61dcd9a70b745b2b07ab1b5b4590acba4e59a87	2015631	videos/regents-club/1657-v2.mp4	d074f5e9b6fdf9e30b936313fe16a85b55f6f3773e72d8581ae12e53ae773d73	452741	metadata/regents-club/1657.json	424e7dacb5c2d3ff85ed5ba97526832e4b074f2e5e8bb785aeeae8334c7954a8	747
1658	images/animata/cards/1658.png	af6bf32bcd3a66873c00330c71acc7e5ff98109ce70e8a3e430f4ca942cfc1a6	1920899	videos/regents-club/1658-v2.mp4	7dbaf285b56e06f02890f1f2e0d53151bedaac144c7853242b335b275edcb79a	637560	metadata/regents-club/1658.json	2804cce37498040dc3479a329950b3de0e9529626f66ab977397c8b77202ebab	747
1659	images/animata/cards/1659.png	4eb732a0e26bd4fc4cf854301cbe8676cba368235485ac12fe03ced327f71eda	1173581	videos/regents-club/1659-v2.mp4	b30d6278092702f442d4b8b80753925459529c06f8ce16b2ff42ebf2d99fdae6	234749	metadata/regents-club/1659.json	bd3d2c5e3532314c5fa6599a0242c86142e635a636c6dea95677190059035b74	745
1660	images/animata/cards/1660.png	9521b6211faa170bae51eed053011c1c73163e8bdb98263f3c306c7d13c37fd8	2057175	videos/regents-club/1660-v2.mp4	350293508e613810c4fa0b91955508c2aa9dbf10799f9fe84dae3e956f31b5be	664193	metadata/regents-club/1660.json	cf95010fe6fa05e2849c7c58c9655f92fb889066d576c6e6765970f21fd2c791	749
1661	images/animata/cards/1661.png	580064f452f8cdcd1c19c9a8fc6f61ddd5d06adcb5a396237e53815f04dca810	1647012	videos/regents-club/1661-v2.mp4	2cd8cc433a984bf98ce23c88ec4f268467c3929b017af84a0db076e862fc4595	245401	metadata/regents-club/1661.json	f05cbac77936b49629ab8d195d0feaf6f38319156f16e9e45c7dd59cde8ec18b	746
1662	images/animata/cards/1662.png	469a072a39353b29a5b9624d8a8d1441e3b222e449c52c69bfd22215b0c4f980	1521817	videos/regents-club/1662-v2.mp4	0842937b74c646fa16783ad8ea66efb3d73cc8542ce368117ad34d649de0947a	529229	metadata/regents-club/1662.json	b56258d890f371d4ae1862c678fc26a444a2dffbc9f08895de76054aff02e42c	750
1663	images/animata/cards/1663.png	0251f1bbd30667980b000a1ee33958faac2070cd6d0844ec5a02af0a2dbd3471	1943845	videos/regents-club/1663-v2.mp4	896bc4404d3b332fdb0ac066f085f0e8e507c00347c465fac4567b673bc2ebaa	659709	metadata/regents-club/1663.json	3ad75a0230a112e56586fa52215f8174767c7270e067af4d2ea6f30770985de0	747
1664	images/animata/cards/1664.png	3f5cc74b79f4af07623113736d1fefb89965a14e59e1aca72fab783762a6fa3e	1744658	videos/regents-club/1664-v2.mp4	038ffb3aa075afce203ba931042b43dc4bd7518943e24f1d3755bdc703e7af00	363884	metadata/regents-club/1664.json	751cae207ba1d41455a1e241dd24b798ece22df39b38b803da01ee5d83f54902	748
1665	images/animata/cards/1665.png	cf65112ac8ecb05ff3c7c05848420fe441f9cea73645a330d159a265a8a8bc15	1762367	videos/regents-club/1665-v2.mp4	cf4999a64f312b679831229b4a88d72af8858235c52a5c13cbc296abfa4984e4	533975	metadata/regents-club/1665.json	36b7ebbfc6d68edce2b09a648194f72a7c26cdc2c9126146ce38e8e0a2b3c5c2	748
1666	images/animata/cards/1666.png	494cd13caaf8aff5d2f2225ad99713e2eaa4ebf78d2ad3ae874c1923e84adc23	1567510	videos/regents-club/1666-v2.mp4	82e0c464e9533c9330cd366b472a269d5485822441f1e935591ec41e0230f6f0	760670	metadata/regents-club/1666.json	c0bf6b1fce33aaabca0df7b8ee5df9c3f924f8369b13c729f37d1e3a59c752d4	745
1667	images/animata/cards/1667.png	97d97bedb7fe7cabac2e8388d4ca4392622b25f0ba494a86abd033de9366b80e	1621238	videos/regents-club/1667-v2.mp4	0706ffa8627888a6cd2075a11ce82c5bcb9176c4acda3cf334c92fbd9d9e951d	312006	metadata/regents-club/1667.json	63436701a111cc97b4d2911e844db31d54ffb022e796066973ec0b5d9806203f	744
1668	images/animata/cards/1668.png	f026a4a6aaa9c0a449598912145a30e02b5e553684baf303a6fe0886e2762863	1716550	videos/regents-club/1668-v2.mp4	01120434a15b5aa818d0630618313046e2f2362ccadce94b274ace0821e86870	684940	metadata/regents-club/1668.json	67f8d5cafedd62567893ecd2e6db22e24cbbd3967dded16180cc47ff57437419	746
1669	images/animata/cards/1669.png	15c8af77d7bdc40f22540dc1d8927286e0cff04a2e0f0019636757930ed41677	1530073	videos/regents-club/1669-v2.mp4	5566c86e17d88a4ac950130a304104c34f1f7453ddf351b38fed96b46d149aca	249762	metadata/regents-club/1669.json	4e2e70ba4e0ffdaf3f35ffab66a468494b4e5bb16bf4ddd2759bee50e532ffe3	748
1670	images/animata/cards/1670.png	fee11dc62ecc5cae5c78c505accabe7b5c84e294987bf044f65c43a453ac7b1a	1974041	videos/regents-club/1670-v2.mp4	55d71fef9a65e0a9f12265b9380cf9dc7b939261270364ae7cf02c5615560cd5	698608	metadata/regents-club/1670.json	26c4af4918f2d0799cdc6c22c20cc1ee2415ba3009c97c76a3f4b0cc2cd7e688	748
1671	images/animata/cards/1671.png	f113b4ace11220a03bd26047c67658d9d425348c0e757271542173b242bf4271	2649630	videos/regents-club/1671-v2.mp4	d2767b5664dc6aadfde66045545f8dbc387e566e8a7f6aa999873e282e66912c	1432008	metadata/regents-club/1671.json	0b3ce447e5c3650f31546882e906d5b35203b59608d0b800e5b59ec9dcc2bd48	747
1672	images/animata/cards/1672.png	fa7dcbdf835a71dbded3313bf0a5c6e0d404db8abc3632347e0eed62ab0be0a6	1931850	videos/regents-club/1672-v2.mp4	2052d50ddfd4a8c469729be85acc6964dba75bf0e972d8baa233c17b82f79311	483854	metadata/regents-club/1672.json	6a69c05aa552183f2905521781daa7ad452ce88d76dc349adcc6b2bad1d0ad40	749
1673	images/animata/cards/1673.png	96dda1b34bebf7665829ee746847a1f5e0e8e1e6b9415a862d597eb3471a7226	2906370	videos/regents-club/1673-v2.mp4	083c173695f28b757ee9509aa266f6304b27214ae4cebecac3d71c8e14487090	983014	metadata/regents-club/1673.json	26e90435fbed6a7f021af7013afe9a543236b11c4d073efa7b79806592deb2c0	748
1674	images/animata/cards/1674.png	983de50b02ad7ab93e75e252e565bc9c2789caa6e8024e1240fee1427500df34	1346709	videos/regents-club/1674-v2.mp4	62788d989cabafa308dc8dc15b9a5be654b72baf67cf4b4bdc796704648fe780	352063	metadata/regents-club/1674.json	8f0d32ca0b39ccdd54b3bfa472f271ff05dbb8975bbe8dec17ba3a3e787074a7	745
1675	images/animata/cards/1675.png	6d177ba6f75e78e2668cc7d839e616fcc4dae93e073a70c82e3d1e706b02567d	1869778	videos/regents-club/1675-v2.mp4	094e9e58fea44ea0f47564c54cd36d85c36031b8d614145d310e875afd218c77	551617	metadata/regents-club/1675.json	8a2911d668a3f1d138ff5b1f36a222d92191bbd321dd962500cbfef9bf8ddf00	747
1676	images/animata/cards/1676.png	8a1d04152d311167f8bc5dbbc2657da61e00d49b9557987acbb0c8f3623cec57	1845155	videos/regents-club/1676-v2.mp4	7e197b5adf4dd7aeee0825ef1baca8c7816a73d8d80847c94d2ee729f63a6d8c	196699	metadata/regents-club/1676.json	863ab3a8e08319f57fae5f8843fe182b4a5df6c4e9034c3bb493333687b766ff	747
1677	images/animata/cards/1677.png	db4bc800c12d94840bc1eafb890308957baf534b498001eb2b82779b86500d72	2264602	videos/regents-club/1677-v2.mp4	b959e832640820d9c1fa2d45b40e334b56dae48e255f166983e116f645925f8f	893026	metadata/regents-club/1677.json	6210cdd590ea5eda0bf153b6cfdd2490fbbd3cc6f33c5266f77459d29202bd50	749
1678	images/animata/cards/1678.png	bde05a8972fcf2d6d54a5d5ac9e88ad8c4e1def2fb93a5185aaf489371ebaf38	1762942	videos/regents-club/1678-v2.mp4	2691a8236a24d04411e63063c2a2964acf13bf0432958f7fe62a883f5272ea1a	351199	metadata/regents-club/1678.json	25cfcfd66a43b424bafa29333b76cff161c980a0111dd606fbb4bf8b8efc13ee	747
1679	images/animata/cards/1679.png	0db99fd4adace10e8f35069fb46ec1579064fd0a9000be74b89eefb0f284a030	3275684	videos/regents-club/1679-v2.mp4	3735e7e6f0ff52b097f4062a58965d7a9f96111376e4ab639d56f6f3d5af0241	2777732	metadata/regents-club/1679.json	49a9d52165f0239e67a79c4e3a07a56ab99310e710188a9cdcc5a68ab9e6cdb3	748
1680	images/animata/cards/1680.png	96077aee6f54e9c12c629dbd9513bfb5463ff0a5a5c2945c19b7559ff22bc0ec	1236695	videos/regents-club/1680-v2.mp4	a3ba9cf51293e6aeb9406004672424143ed0a7a79597d998ee4595dcbc00c314	299110	metadata/regents-club/1680.json	e946a5b020f665440d6883f4888e334201ae42ddcd7d55cbe74ca473a0719056	745
1681	images/animata/cards/1681.png	3e4383089ed205aafaed58620a864a9f9f02f78eeb30bb7925544a0e7efb3910	3768007	videos/regents-club/1681-v2.mp4	f202d4f2ce2b21fdb5442449a74c4f7eff7e97ba20ea0d76531ebe569e0ef89a	2857499	metadata/regents-club/1681.json	cf0372679bf49244337271cd657a529de2c545227b72a1e7dcbb665842cfaf61	750
1682	images/animata/cards/1682.png	513675dae675b46a1d923681fbe74a27b49156280bb186a16ed9ec1a07acfab3	2095700	videos/regents-club/1682-v2.mp4	1eccd89eb1ed4a65c8b8815da298966ae5e427eeeeb03160bcc8e41a42d90975	580836	metadata/regents-club/1682.json	fd761e9c186cb6ad803800f552dd5e444c27919fb297f27f1a8efd55c6252fa8	748
1683	images/animata/cards/1683.png	152aad4826d8e55854960f9e8c3048991bd8f59e2ba771f718d60768a671eb36	1606314	videos/regents-club/1683-v2.mp4	e76c4a97e5cb383571da5ed3afcb02569055a627ee6062b948bc3f76f0c8bf2d	491260	metadata/regents-club/1683.json	e9c0f70d6c063ce659e068d5289c1f4f92a954d3132bb63208712885cc4eedf1	750
1684	images/animata/cards/1684.png	f31dd0d0d98813f1797b688d98b2aac3c429c90b3a736fdd369024fc5a3097b6	1982015	videos/regents-club/1684-v2.mp4	e68340d28ca90599d105f412bc50014bd5599266284629903c0fc1c4cfa24c07	643070	metadata/regents-club/1684.json	292353d4ad9648035c8b9b91b30083ba8d440ad3e28feb052721966cf1b70310	750
1685	images/animata/cards/1685.png	28ff1e365f7da36a999aaa7aa78972deea3e503988756110a203d0c796b7e55a	2052219	videos/regents-club/1685-v2.mp4	b35c42d0c661256dfd209749b91c6d6e9ce8623d8f99aece9e963de0bc8b015b	829175	metadata/regents-club/1685.json	8aafab9f11fac478fb57f31c985a8d62c2422d3942d917be4e0aa39002c10dc6	746
1686	images/animata/cards/1686.png	d3a4d396cf5269eac8ff2be2bf2d829f3d27dd7bf26025bf4c7e41c884d90d9d	1378131	videos/regents-club/1686-v2.mp4	f44f154f00f005327e78bb1db843ec39604f644cf23bb3ef3a8399d5b89e0cae	324319	metadata/regents-club/1686.json	babceb5b00f2ae1437c4ed0415a346c8e22d2eab9102a2d3450a008109834aab	745
1687	images/animata/cards/1687.png	16fe5ddee3897bbc9ac2b89d287475a1a2d934237ded0637df6c5df87fcb64b5	1360054	videos/regents-club/1687-v2.mp4	3bd28535dcd209f1ad2d70791a21f4170314d8381c0bdd2ba3df46f813431385	179370	metadata/regents-club/1687.json	6bd2e3728b3c188005e46f84d78408588355063ada01080c87400366b6edb6fc	749
1688	images/animata/cards/1688.png	ab684423f2ad56eddf7088b0d3a4d24bcf9a7667ce16a928427761530f885332	1869231	videos/regents-club/1688-v2.mp4	3a019b25a4492c06eef878c3d5656ed9ceadda437636d9941e660b8954674538	753948	metadata/regents-club/1688.json	639a5830c0987e73ff675076c8e9f14df7c2295e26503fa05e4bdebbef5e8732	749
1689	images/animata/cards/1689.png	7d5968ed4dd1e2fef300d62e02fce3b522789b4aeabacaca8c90f6e67f859311	1298321	videos/regents-club/1689-v2.mp4	81247c47c959cb09c8c712577170637b11f85790d6cf57492844b5862078d448	395512	metadata/regents-club/1689.json	416a277b57069aa398152d60fc1433e212b2687a81f20ed92d2ecd86507e1aea	747
1690	images/animata/cards/1690.png	74cded7a77cfaae9c1e70feed77f55e9ba90a9a138db80ffed9830dc6e32c33b	2945233	videos/regents-club/1690-v2.mp4	4d3eae795663ccf312160465ca93b714090893b2903bfb76cac7f0cd371dbd32	1711866	metadata/regents-club/1690.json	f4e80c6c3fd853c5ffa5bd2e65b3508ccbb49d64cfb2b954c497c425ab4c711b	748
1691	images/animata/cards/1691.png	a065855b2c94517170780060e1d3e5fd63a631399dfdb23a920be45ebb7d1261	1499298	videos/regents-club/1691-v2.mp4	18da220a0d43ba458dfe75ce7da3206737c3eb4530cfba29e75d9942fa6d1d02	260824	metadata/regents-club/1691.json	1bcdbb92a1f04dae302100cc3f9913cdf81add8a6e76120288aea6227ff55ec4	744
1692	images/animata/cards/1692.png	5fb86a0a3010ae529071d74321e9cb727d7d8293f50f96b6015733af201678a1	2565889	videos/regents-club/1692-v2.mp4	12b053101beafd4b0f786d2c68217ab81a5cadd7edded8948ef38979d942cbcd	1125161	metadata/regents-club/1692.json	8711ac2f167f5f356f6cd4abb17b7dda1c95603bc4cceb138d076acb303d3ead	747
1693	images/animata/cards/1693.png	e1189b7e8dce3640da26e9d05239d8a339ad3543f7185d15f1b3d3cd507f6069	1305904	videos/regents-club/1693-v2.mp4	bc8d8c07c455f1252d8ef5c2e693cb83076eaf2d53861df204ed06cda02d444c	402296	metadata/regents-club/1693.json	c672e80736c9bd01d07349ec609fe518a89bf601ec79e1a81e79505346c91419	750
1694	images/animata/cards/1694.png	d74c1d5bf21eb3443071ddbd06c0512bf0b26b0fc8324a17bb22190b7fcb9be1	1473338	videos/regents-club/1694-v2.mp4	9690d30b3224b7d79402bcdfdd703913e175a299710ac9b78aa6704db7486a52	523714	metadata/regents-club/1694.json	6539500c7842f2f18bf7dec92827a90c9daaedd4f5e1e04ad9a7bfcc6f50cb3b	744
1695	images/animata/cards/1695.png	8398e11cd88eac203e0cc52c9e88ae26b5a3faed103e217875fc84563e289f85	2027650	videos/regents-club/1695-v2.mp4	7ebf15ac119de1256cf5c7ef08401cc299561a5d40850044ccab4060e3d02919	678538	metadata/regents-club/1695.json	1d3fd10fff763292c88b7c4cc5ef3c48e4adfee7f20b74b98096cb3baa94c53d	748
1696	images/animata/cards/1696.png	4c8d724aaae4646a6a84101616e4c530b2b613895f57003ed1fc325b57145dc0	1795651	videos/regents-club/1696-v2.mp4	26cf90e339b21ea4373d75bad46e05291dd063b76702dad0dc240962a86b894c	367644	metadata/regents-club/1696.json	dffe6dfcd9391014737adbef21a736ef5a83a9bd03bc831ab1b84baed15ee894	750
1697	images/animata/cards/1697.png	f738d7d04df437204c4ba5240577ba3441f3c0c81be39421c9fcf1973e2e2d10	1318811	videos/regents-club/1697-v2.mp4	36c9974db26484449a676f1362c0325f2a681036c5107d64a04fc6f5a4ad4c7c	163521	metadata/regents-club/1697.json	b8c04b5b6302e76488ed4ad5b88c730e843700f428b5d7abae0099cc4e6aa11f	744
1698	images/animata/cards/1698.png	8291d84a58657904c798f55c4758508adf5068770966d2b2dea170790a5b554a	1811116	videos/regents-club/1698-v2.mp4	b8008acebc8f508c569ff8f77c62eb4835dda9ecd6a556ae925be4248e5e744f	346782	metadata/regents-club/1698.json	a05dea711e144fff5ed61e51d140e3f5aa5a91110b846fac8f13eb624601c64b	747
1699	images/animata/cards/1699.png	27ff57f712a42d97864f44e9e8418989b95235179bd00047cb996d6f68b1178e	1745663	videos/regents-club/1699-v2.mp4	e282e541034fd80b48c1fee7a006cf2f29fcbff06998e245d91a48fb3c38f81e	420084	metadata/regents-club/1699.json	1612fb5164f88bb3f4047268d46723d2f1b546c03b18738c6e6487c5f9b5cdb5	750
1700	images/animata/cards/1700.png	d9270465f56fe4574303e2915313fba72050a0af6196d5401b80f89d3fe55dd4	2908247	videos/regents-club/1700-v2.mp4	47c39b186de50800d1bff01b497e14abfaaf88348aba6e90bb9af7ffc5a3a3ac	1772187	metadata/regents-club/1700.json	22e661199039faa32907946f7c6874bcc1441844ecf011844fad8d5bebc7e8eb	748
1701	images/animata/cards/1701.png	1fce00fab336f040f54612362429abb8c71e3d6bb7f8e9a90b9636d116c0f90b	1305509	videos/regents-club/1701-v2.mp4	6e0a886b410e539f418297f71001ae2eec40653d077281cfadbb5c3ef1b6e70b	354478	metadata/regents-club/1701.json	25d906f30a445e53aa5f22d8428af4742a574381132df01fd3022cca8f3a3905	746
1702	images/animata/cards/1702.png	f1a460cde47539ce2227634444cc8707b4c90969090bdee2440616fda1fa7efe	1849728	videos/regents-club/1702-v2.mp4	b97c69a4a7ec3ff667051e32ff0cd976544eacab0d52972a59c148aa0fa33e6e	577399	metadata/regents-club/1702.json	04441898cfae4433f0894e91dae89e238eee699c4461475e545faafe3fbbf78b	749
1703	images/animata/cards/1703.png	7cb79238188589ebd21a9eea5af205380e06c29af1679f6f338ba884f14eec16	1662804	videos/regents-club/1703-v2.mp4	80500ff0b906d75f12d38bf5c5e53f2c7a807d28dac7efccff1c651d3907edfa	386904	metadata/regents-club/1703.json	7c757e26a59fef9273ce10cd86a8a7a89d75c61743aa7be7ad32c032060279cb	748
1704	images/animata/cards/1704.png	51e9b19f1af840a45768f0aafe714cc30246ad21e025b40d79f5eff35497801e	2032381	videos/regents-club/1704-v2.mp4	e95ac7fc7ad221b9097531fc7476fe712e2f830b866ac7c791db49dc1ba50fec	390617	metadata/regents-club/1704.json	ec8991add758cad2a89c5d113265e2386b7b3a4f28805883d6dd14d47b980d05	747
1705	images/animata/cards/1705.png	c353ebe621b3de26b9e5b0965bd25d761dd1263028a309f609d18cd91d511e8d	3578957	videos/regents-club/1705-v2.mp4	b725d0c5cbc23fca6139d84c5f49381fc0d8ac9b6ed090b6423035d9909bdee7	2700214	metadata/regents-club/1705.json	bec8c9dee08d4d5a3de75db6926428beea12d19c7c0b5339d2bb73a7be3732a0	748
1706	images/animata/cards/1706.png	bc8921a26b900dce5ef4a0c9c184b37ebb4225637a26f49d7b608714384573e4	1523284	videos/regents-club/1706-v2.mp4	28b221347f3ca531a572a38709fe8bbd8bcefa756e4bdfb0b0895e332abec327	452068	metadata/regents-club/1706.json	4d3366904d9336fff50e05f1f3e89f93b103427bcae9f13aeac516beef56ac18	750
1707	images/animata/cards/1707.png	3cf86c6a3f174dc65fdcb9534bee53ca3c97e3fbef27295083cd7e6c2999ee60	1750215	videos/regents-club/1707-v2.mp4	251821256b963f30217b369f6416f6f1f9785e6821cc23d3a464a3157eecf9b8	300641	metadata/regents-club/1707.json	b3261e59ed56202836293182ca5913670a7d3171b3eb6c4365f00308a3550371	746
1708	images/animata/cards/1708.png	3a9942fa2ebd2e3f66cdbc48db1dc305960b14ef3cc4dd26b863903b943c9f66	1683364	videos/regents-club/1708-v2.mp4	a89e5d2c335b0ce11e813bebda1455660372530a93b71d6855122d5661c8f11d	668871	metadata/regents-club/1708.json	8fbb1cd9f55cff3aec1185eec0981e9fe80ce507ff0f6165fd1e55740df1c066	746
1709	images/animata/cards/1709.png	bdc420578649e450dc8621bf83c9c496dbb7a704cecd08d9e550850347e11313	1417942	videos/regents-club/1709-v2.mp4	513946c62f21fa94070b92dc1f3708dd58f6cd52a1f751dcf6885e4fa4b31b55	474310	metadata/regents-club/1709.json	8731a6eb72f8a1c862456a461eb08bbc2e9fd8d4e2a49ba4df9c88874d99c21b	749
1710	images/animata/cards/1710.png	dae5ae2dbced8a3391d004b066edda09e96f08db00a610d7845818f56c32a865	1504897	videos/regents-club/1710-v2.mp4	515d1b004b6121aab3c3c930afdf589349bc471e9bb821fb0832ddb43fcc6f0b	386460	metadata/regents-club/1710.json	a042b67a483fed113bed1c9ccd39889ca0ea2eb4060fa351e2b423c8c2bbd02b	751
1711	images/animata/cards/1711.png	24c03522c6f06c7225c4d1535f256fd2dc0164a911cea5803baadcfd5ecaaa0d	1522261	videos/regents-club/1711-v2.mp4	9684b9479c4ee4d4c24aab1d3a48e0942ef0e0efc1f12e0e95a2f7eefea8681f	463563	metadata/regents-club/1711.json	0aa5f629c46573d9cbab1173eac92381699374c05a069bebc74104f1ebbde9e0	749
1712	images/animata/cards/1712.png	244537c44b1642e2b2e1ac72b07cb77729dd93c127c8f4cef562d2356dcf7287	1687839	videos/regents-club/1712-v2.mp4	2bae793149c3ec56904f330ab82a18e9c16b2ed0dac6f408a953d9ffb71c8b31	265845	metadata/regents-club/1712.json	c40f070c434d62c5dab3a6a26cf5cd9ef1751c1b6ac26e29722a84fe3c794aaf	746
1713	images/animata/cards/1713.png	c83a9b7bd014ca81a04c98c5adbd34086c1ce89f610b38a16ddabebb9638c6b0	1610726	videos/regents-club/1713-v2.mp4	5ca0e07a53cabca1684fe94c13ca6d83433954bcc7173573c22e2bf1652acfbe	725592	metadata/regents-club/1713.json	bb1fbd79520c7a69d4585c3816d3574c639a641aefdf0bb1b4e3c3d360225c0d	750
1714	images/animata/cards/1714.png	a80d91b6bc6541a6a6dce3e37263464c27a28ad43f03e277c52c7c86469e86b0	1775435	videos/regents-club/1714-v2.mp4	7ee45733ff8965dc576192dfcd5f2510681a88aede01c7d340df954355be27c4	254091	metadata/regents-club/1714.json	19d88a2f8ddf996c8719e508d57ae19f2415a5bb71d63545b775a4897015f7bf	747
1715	images/animata/cards/1715.png	b2231d21ab0f2689c5b1823ab97827435fd28fd015f152b4a6eb352d17be12bb	1430729	videos/regents-club/1715-v2.mp4	5fa82799e12f418093445da1ed37171d3ffad23c3616bc8230bc170233abfc1d	215552	metadata/regents-club/1715.json	c0e25824cc17980534703636e938fe2b45afe7d6c191b3101508ddd56e76cd03	752
1716	images/animata/cards/1716.png	3ab3b541cd140846bf42e8fc626b35730443b1224c66d28b487325fd10dbc21e	1357735	videos/regents-club/1716-v2.mp4	903255812b384408f4fcc0b101f24fcee6866f4504e146b139680ce3d879fcb9	318289	metadata/regents-club/1716.json	4591e1a28786188f5d903d5cda205822c2f925c9bbc5368a1b62f14fb014ab05	749
1717	images/animata/cards/1717.png	b1e90b333fcbfbd4df46e74438bce5ab138b6b6f05e7cda6cdf1b3a746d36b03	1939827	videos/regents-club/1717-v2.mp4	6b66ef201866fcad30113a26fd02ef5627681c3816778c7cbca089671dbe3b22	451627	metadata/regents-club/1717.json	b2e66136ad74903ecb2b051a4ba2c819d71b871c0aa37c4a644625438187cdb4	748
1718	images/animata/cards/1718.png	972a73490e00b31027aa8451b95cbe36197e3f8ccd8ae8d48768ce3a4b18406f	2975539	videos/regents-club/1718-v2.mp4	2432d59380bf29b0a3ca33a3f72d07f4b4d8f8fe7cbfab2bd28cd272b7980d25	993392	metadata/regents-club/1718.json	0c7f7dc8c437a0030485092875e09448954cbbb670818b38528503336c670f47	749
1719	images/animata/cards/1719.png	d0704ab21a8093d18c282aefc3d05b4abe7da09b6851588fe7e9408f8faa5968	2266848	videos/regents-club/1719-v2.mp4	760e4526103d717cb6aa7f9021a14552d14f5296efeae895a40fc1f3b2ff7513	962515	metadata/regents-club/1719.json	0cd1b5e62243cae7390cb18434a3c30194e0761d986646520be956ed8b6cda34	748
1720	images/animata/cards/1720.png	8c63a9f5db8a5fef6a4db3b0f663127f2e861d1d3731f9b376eec6be8f7cc971	1623439	videos/regents-club/1720-v2.mp4	6a1181f047f554eacfafee27dad844c85e54fa5af798c92ad8c21fc13cacbf82	212128	metadata/regents-club/1720.json	c5886eefa551be5959b63f2f56f8ee8d3d3e9cde025b2b4ff0717d07ecd4904b	748
1721	images/animata/cards/1721.png	a56cd37a2ebd593255f553dcf39349c0261f457c02047aa43304dab9953da81d	1890027	videos/regents-club/1721-v2.mp4	8490962aca1dabc6ae3745a93ce3da53908a412f6a991bd193bbd6827277de30	847190	metadata/regents-club/1721.json	3bce95f98878d2cc999bd0c99ccf2470f9e1b66cb497970d064b1db8e174cfd4	744
1722	images/animata/cards/1722.png	c8f8a03e4a931976d3c4968c973d80d8e4bcf6ff20b7dce004f226a4b2b3e0c9	1914855	videos/regents-club/1722-v2.mp4	ca43ec225feb2c9d795afa92e02ed8efb5836db84d3347056c73b3b35b3c23ce	362148	metadata/regents-club/1722.json	22e7801fcffcf60fd9404e6b1428df7791ad602ed1384b517675f31331b08b4d	747
1723	images/animata/cards/1723.png	12b1f1c2e9bb6df3168716f0cec415dcd8fb7f680e3ad5873b0a3fb376de9aba	2772585	videos/regents-club/1723-v2.mp4	c8ad186db832c97d1f8c98438ceecc788f65b780f14eee80a56884375d045335	1728421	metadata/regents-club/1723.json	d76dc9328b01f94205bc094c34ef9578583887c662f4661789517ecc1342f079	746
1724	images/animata/cards/1724.png	78a594b32c976d32d3701cf9ab834941005a068aca4f4ad751ff6ce2ab21400b	1567514	videos/regents-club/1724-v2.mp4	089b49e310433cc66930b0ac55a7d813a2f5fcfb0feb39e2ed620f68078b8ff5	444543	metadata/regents-club/1724.json	0e81b0ac9a3a06f32bceb38c0f2e3018d379274c64ac0bfb8ff9dcd4b2691595	745
1725	images/animata/cards/1725.png	1116241775d17fcf4bd641e4ecd5ec7f7c6309375d115eec1bb3b96d1fec806e	1531745	videos/regents-club/1725-v2.mp4	c97b34010ff9fbc2b8e0423cb09a5a5c1673b26a38a672775e96c36d599530ec	366424	metadata/regents-club/1725.json	8ea7fe551e61f01020b3547416d2569d9ca16d6d9338ff2414210a827fe81976	749
1726	images/animata/cards/1726.png	e453738de4f1c2a3e3c484b890129a0d757ae75c24aebd14bb71250df57c05a2	1652195	videos/regents-club/1726-v2.mp4	862c68c6ecd5890faa3d9b4bcd14ab8281c3cbf519c2a7271898c2eb146968e8	411177	metadata/regents-club/1726.json	a94808a5b110fb870a8112a71f2cb42738c5a8696e8ff6f73cab1d26f33ba4fd	749
1727	images/animata/cards/1727.png	b200324d76a272b253d4f200a719368de52acfc8559142d80e72d6b01a67cf69	1629106	videos/regents-club/1727-v2.mp4	b7e711dd889db161aaccda6a6c14f862854fd3b8e04ee70d28df4ef18f64ad8c	407017	metadata/regents-club/1727.json	838a2c29ae2f56fb5e6e693ab0047f9204895be4d48b0f252cc0d501d009e57b	751
1728	images/animata/cards/1728.png	87b7ac44ee48a041a2b4ec001cedae5ad1585e4a3714429e0361d1270f3cb1de	1567041	videos/regents-club/1728-v2.mp4	a248811686aab88814e28702b0e1968acf7d36dd67ad010564dbfea146849f5f	413414	metadata/regents-club/1728.json	ae91fec605f496680b5931995354b849bda53a61cb9695374660a9f1883cddc6	749
1729	images/animata/cards/1729.png	db539dbcdb02f5208a284d6a761588f64c66904c39a649316e444ad6cd774152	1404963	videos/regents-club/1729-v2.mp4	1af765b62e356b3883baec14cd01563c84ec62585a522d0f790efbe2c76187af	302989	metadata/regents-club/1729.json	e0c5cd4a5f32c60f6436300b28a1765b16ea5a37e70cc181ab411d874e20b445	749
1730	images/animata/cards/1730.png	c02f5e9bcea92329c2a8e46890a5746290c273ebbf95fbac5790d22a1f55f853	1403224	videos/regents-club/1730-v2.mp4	9d8fa438a1d3a21b4d26a1a3f5e70afc5afde73ab0b1e822c6fa41407b60b8ab	227786	metadata/regents-club/1730.json	f4fbede286165cc86c5d18b2989d8da0aa319c3e349bc1d16365d5a9ad09fb65	743
1731	images/animata/cards/1731.png	96ec58010887feea200b3aaa22d9038a395cac9b2b1c12ef49ddb2158bcb1653	1417309	videos/regents-club/1731-v2.mp4	55e95642f48feab7acb0e8d1bf070850e1b749714f033ac4dfb314afdf67bb0e	198154	metadata/regents-club/1731.json	68790fdeab916f91319d3a627de71c3dbdef247c2788d41375646f3b7b577375	743
1732	images/animata/cards/1732.png	553d28bbbfec0498d213b112bc78a222d7b1a857bbb92fc2d0785f3e0b202867	1868793	videos/regents-club/1732-v2.mp4	98478972a314fd5dab138226797c19fadf376af2cd90adcb8faef549be40a1f3	311722	metadata/regents-club/1732.json	f181f406a01933a0ae6a2156c4319da1f848c1d2349a0500b4d78d1cb79167a9	746
1733	images/animata/cards/1733.png	deddaa9194a69766c5a304a0f21ef8708dcb219603f4864fbb4dec61bfb43395	2276800	videos/regents-club/1733-v2.mp4	1db7900307327ac51a20e70bc4a36e1c5a3957b91282265c140b5f6ae6ebdcbb	790874	metadata/regents-club/1733.json	05e2a9e54ad615563491dd276edbd89011b88540b8c18ab4d54326ddc691d07e	747
1734	images/animata/cards/1734.png	b6a546322b011b57f30a7e51dc78c99beb764b05a5853acc0cc1d172d2fa8ec6	1777676	videos/regents-club/1734-v2.mp4	6219ba54543af565e05130cacdfa557db3e0f583cad5a6c949c97956686bbebc	675210	metadata/regents-club/1734.json	73fa122d544c623f8ebd3b26b567ba58f168dbed9135cb0d33df9fa946ff8c12	744
1735	images/animata/cards/1735.png	93a2cc273bd494638ee853c754b978fc9a79d026f741665fd4169dccfb928573	1204964	videos/regents-club/1735-v2.mp4	cffc7c57dabef263b517bb0f0bfb3f9f60ee7b4beac24883f40038e21348de7e	303153	metadata/regents-club/1735.json	af6f26e06e2ee04b2430bc45f79a41dce130c5cea22a5a8b1c7c04bba45f27f3	746
1736	images/animata/cards/1736.png	3dbd6aaaef5f4eb4a04a891fa4c67f5521776b1b17f30c869208d7528ef9d7d0	1933787	videos/regents-club/1736-v2.mp4	2ab9188aa5bd204d598814b294f841fce31a763d9cf845452c17224617db48e2	338502	metadata/regents-club/1736.json	d16306b59f64d0ad491f58ab3b4154c774589cf20f85256fe9321bff7b775abc	746
1737	images/animata/cards/1737.png	65e138bf106ec1eec0041b3c8094afdc3ae6317bf0a8e496af46c8dfcb95dcf8	2104689	videos/regents-club/1737-v2.mp4	fcd9ca7a55ec4251627eaadd6d72d80e3e472e1f92568f4bb079f065a3a839a5	877035	metadata/regents-club/1737.json	a8eb2ee59f31c1728cef040055dbcfd86b6c1b4bd5b336ea737060db73021079	748
1738	images/animata/cards/1738.png	efc3a7a88ea97d1772cf2cd665d8c9fbac92c84dfd56327a9b343ec6ee0937b8	2219092	videos/regents-club/1738-v2.mp4	1a9e1a467d894ba931d1a19fa25aa7680cc734e21ccb00dc0faf7378ec3736eb	1349947	metadata/regents-club/1738.json	ba7b43dba60bfe5a48effab5bca1118788ca1622b63f257169b89e6a9635e2be	746
1739	images/animata/cards/1739.png	0779334a57308619f24e1138a3b531315974a4ac613cd6fffb78170121bfeca2	2577181	videos/regents-club/1739-v2.mp4	84f6bcb83ed8961fd7385dcc42f8528733b6c4e4d79776ee18d0b88936bdad41	1083999	metadata/regents-club/1739.json	8330ff3f5e2203862b46e16c8dda3f1bb2332fc9610e659ebf96e49a96161612	745
1740	images/animata/cards/1740.png	d4a0dd428e102220caf4f752e0a5bdbb42ee14e5894a36ab3c200ec82b2ccb84	1599727	videos/regents-club/1740-v2.mp4	c77de3ba5b2231600eb529d2328531f408ce3af969b231ab40f9f0552c6da5df	401924	metadata/regents-club/1740.json	9091989bbcebecfcbdce2695e4bb984cf6f9df3061e073a19a1492601ace4364	746
1741	images/animata/cards/1741.png	b2e77c79f14f4e0fffc056ecafb2f6dd19018d5f4fe3c2cc61f67ea3dd461249	1585666	videos/regents-club/1741-v2.mp4	1524a2b237a02ac64c3b16e9694468f5e5e8cf5f1a893d02d31d551a6abc82ae	322781	metadata/regents-club/1741.json	87b818d0a2cc1a93292b6eafd76c2dd3f21f0c78f4c533903782d8c1a596fea4	744
1742	images/animata/cards/1742.png	f612e2bfa9a5533f2f71bdc7818c25a92c0ebc291435bde9ce9d847d2c0a93f2	1537004	videos/regents-club/1742-v2.mp4	3d240dece2171dedf444c37968858fb5aba440abf32fa18bbf1a50af0df3c539	485446	metadata/regents-club/1742.json	5caed468b5d22b9fce79e45b6300cfa72ea8dcdca9521b50995ac7c8503dfc99	749
1743	images/animata/cards/1743.png	9e487352eadfe2f1f316ee3e7a0d2de097bf5491acec56f9213a81f5bdc62178	2345688	videos/regents-club/1743-v2.mp4	a9fc94b8f6ba2255bf71bbb024d67dc89412752a05d0ece3901419274eb419db	1274456	metadata/regents-club/1743.json	e1a9ca90ed1f0c7eda80ccfa427c8e4fb9aeb729202e6afabe73fc025c928546	745
1744	images/animata/cards/1744.png	c566ad5ebd2b65e694851f0085c9ea5567ff6300094bb37247e4e9fdf9d50de6	1875612	videos/regents-club/1744-v2.mp4	76130b47378ca199c5aad0df40740e069f904e6d069b8cbc6dfdcf40a1aff973	461292	metadata/regents-club/1744.json	1be95a79a5b5001a8d47c73dbe0da5d53ad4dd1c8dd1cbbfe820ca573303c3c2	748
1745	images/animata/cards/1745.png	443db2e32cdbafc819d38b4a7514328206de5b9eb4849707511d152ed8e504f5	1896834	videos/regents-club/1745-v2.mp4	4b76cb7014ccd1bbf2021dbf60d20db9694bfa6d7d48a3cb75af2ba1117f7cc4	411249	metadata/regents-club/1745.json	ce285b356bf2bc979676985dc65382863e6baed3bca9e831f883555cefa4b9f6	747
1746	images/animata/cards/1746.png	0cd595def1b7c4b1edae313c45431408b7db86d9e0ea198db6984da997c7f5eb	1784143	videos/regents-club/1746-v2.mp4	1aa5adba00c113f938af38510363d9380e0d54027c79719463a2cb2bb621e04c	467292	metadata/regents-club/1746.json	4c0085c4b0eaa0a0a097ab7b970e5dbb0d08eb961a262cf772ef05be0f7a1b69	748
1747	images/animata/cards/1747.png	ec075afd90f8e6fb2a8bbada3956d0c90fe537514c8ea8db234cceddc77ed403	1544175	videos/regents-club/1747-v2.mp4	5a26c8dc2dc00835c7f5439fd0edd3d87d6f162e6957ccad46524f02580a52d5	267909	metadata/regents-club/1747.json	14d7fc273849f2be0614a6162f470ba588c8cf11152bbe1c8856b7b207d5bb76	743
1748	images/animata/cards/1748.png	53fa085151c8271e0ada63447c268d3e68e128850a3198d264bc265af9392f8d	1959066	videos/regents-club/1748-v2.mp4	463efd9b883a50d20303d87d448d33b49cbba11ff91fa1ca64b1c3813109cf13	493292	metadata/regents-club/1748.json	84f51f8ef23504790658c3847f1b5f98690d8d82e61c2b308ad3035fba7ae5f0	747
1749	images/animata/cards/1749.png	a8c4045c8b642234030c5978eab35c5bf369e97db103da6b5d27102792181d37	1469208	videos/regents-club/1749-v2.mp4	be109a292856edf3ab012f6a3079bc3c653175e42551d37b07aa902171ae9878	397100	metadata/regents-club/1749.json	9c81fb4b1b74a34b58895d2ff20debd439a7212fd885eead977570f1c5dfe032	746
1750	images/animata/cards/1750.png	2474c914ca6ff60b0a330f5c4634f175d27d24b8e0302d204cfeafa00895cff4	1912875	videos/regents-club/1750-v2.mp4	9fc3c403c0828c5cd703eb4bca41c22cd94652091a9a88633e02cba595194e43	265678	metadata/regents-club/1750.json	b49dc3a718971ddf94f567552eb6ad8fc00b214aba6382c77f208b175d42ece9	747
1751	images/animata/cards/1751.png	7e607b942cfa8f01556b504ecf1a998a1360bf06dd2c94b00434a583e032f259	2467817	videos/regents-club/1751-v2.mp4	fd258597dc140d3b65a6a15d4947be82920d5adeb204384b738e565424e60c12	1156119	metadata/regents-club/1751.json	9872e48597ed1a79112d3ecab489623272a4291777bdf7fd74d081a9591fc701	746
1752	images/animata/cards/1752.png	e1cb6c76f2e926fdd913ab9ed739545a063f40d56205d6ffaa610e5e83128805	1875295	videos/regents-club/1752-v2.mp4	d7e643df8e035d926144e486e8cf93f9e6e3cd72265b777b188ebe515d1cc2ef	610594	metadata/regents-club/1752.json	94b6fa8a09f479e1ad2cb1b80839aeb8bcbea8e99ce7b94dd7a88c21eedcb85c	750
1753	images/animata/cards/1753.png	d58986a1068e5e4c6cfc031b2078221197c865cf435111b59b343430e7788e70	1680328	videos/regents-club/1753-v2.mp4	a4b02f1759bea3f353625c85e6d9542737ebf32f833eb7f7d6d4430fabab6143	268743	metadata/regents-club/1753.json	755574a38b7e0321515ac004deab539ec1c550b66a04cdc9412b6a6f181a6d7a	749
1754	images/animata/cards/1754.png	4748ff1f88fcaf4a15fd2c0711bdd84be0f2b5948a22ecf6c941fc13cc86c79d	1417718	videos/regents-club/1754-v2.mp4	58e2505a975a320577dc7c2d85472f9872cd980f6c4525ea83c0211b28ea650c	505859	metadata/regents-club/1754.json	e55c1bd7de94e5d2e1d4ea9065b9286dac2cfbad8e1efa3f86e76558b3530510	750
1755	images/animata/cards/1755.png	0e86db23b03a64eca20f96b7e1070c9bcf46fda31468dc685399e06dba2275d5	2123021	videos/regents-club/1755-v2.mp4	f061c9e7e630402c45b09532427d19df80fd369d7598e7be96deeb1a56adfe4b	328682	metadata/regents-club/1755.json	52bfe6e4ac4cb6b6dcc02553d49c8ec4eaa5bbeeab0eaa569f70f4c242cf1592	748
1756	images/animata/cards/1756.png	bbc77be5699bd3bde2445c7efbf027b1291acfebe93914eec1e08d6dcf13c038	2027525	videos/regents-club/1756-v2.mp4	bf0e99134c13790f14a77e83e4606ff32d0b1e4bd7e3ea9dd648769cadd0f333	308285	metadata/regents-club/1756.json	6743ded2d0619f2dd8af541dbf26a8aeee5196afbbc1ac0fdc91881e79e097ed	746
1757	images/animata/cards/1757.png	02c143099276e7e9e89b7d92ee1a9f1dcd8ad227699ebe529a1d8049f6490426	1629867	videos/regents-club/1757-v2.mp4	5c5a9175b7654a2024cb6282d46e58926d824a05d7caa65480eae03fb225abd9	550759	metadata/regents-club/1757.json	275b9b857b1ae58f498657a1cd74720cd6f64b012af08788d1427d0c71b73b18	750
1758	images/animata/cards/1758.png	fc7f7a29322dc65cf497dba34484ba8d0d2785236b7107918f91375c25be382e	3114088	videos/regents-club/1758-v2.mp4	80f64fbd5dfc74c58d6a0fd74ee0611599e22407a455f3eca9a1a970aeb03417	1561020	metadata/regents-club/1758.json	e32a64020c97c0368e89a5ca194f9bd2bdd973ea84c322311268086a7b8b60b9	749
1759	images/animata/cards/1759.png	ddd4aab37c1896b5ac4a29688f0f94d94bb7a5f1b9a088f4bb623dbba83327b6	1464840	videos/regents-club/1759-v2.mp4	d4cdc0a9ae65ab7a41216b44f09aa62a91f7cd59fcfa6e3310aa15b70da7cb92	196872	metadata/regents-club/1759.json	cffa7065f41e66e37bfffa2610053dd009d509158553e40b6fa2995e5506192a	747
1760	images/animata/cards/1760.png	62f9f061aa39554b2f6aab389e6a1e8c74131b6648931e26ac881efe576a3617	3321267	videos/regents-club/1760-v2.mp4	72f75df6dad0d91ff22db9c0b7ab2472d21734b4a264f47f8f0ecadbdf0e9e2e	1337297	metadata/regents-club/1760.json	457be2ce7162a71542bf117a360dc19830f15f2a92bbca456a96eb5fd1d7e9d9	748
1761	images/animata/cards/1761.png	e78c0d43e3f2689e8b40eef6c022798d9662e78d1bec902135ecce54935dca01	1247969	videos/regents-club/1761-v2.mp4	3d72a5eaa5b4113c5c6c6f670bf231a577bb273ce12dc7bcc4087ba044ff61e5	403142	metadata/regents-club/1761.json	04d43dab8b741f38d3fefc5416167278c43e9568ebd697442ea0c1c1f3f96818	746
1762	images/animata/cards/1762.png	cb2a57fd8a83949993644f15ed4c80c63e073395726aa290a2d315d61005faac	1776900	videos/regents-club/1762-v2.mp4	1f76d376873e3beab49d52fa6d5cb4cd2c214348ff6175b3885230150c94476c	402446	metadata/regents-club/1762.json	3e792027da48230bd2527d9ae4a48a07043ecdd95c099730ad3462a32be51af2	750
1763	images/animata/cards/1763.png	453191ff1aeeb0ce7296ea1611b3678e53910d578ac431137012bfa26fa542c6	2236279	videos/regents-club/1763-v2.mp4	7897be354c776652b1497599c275d73351f0dc1cba0b67a6de6418d35b86bfac	804753	metadata/regents-club/1763.json	025a2d833216fba24fd8cac8b7a42da9b33b7ff683c6b0bd2d6a0b1ecf43fb30	751
1764	images/animata/cards/1764.png	e4b7a4c595c9c188333cdc5a0b18096a5a97143dba86d516efae0618b4957c23	2546034	videos/regents-club/1764-v2.mp4	90895e03e8c3c7fa3632653eadd76903474ee0d5198f6f60070cf21670d2f901	1126536	metadata/regents-club/1764.json	3f51f2f8dc3692022ee510640aa291e9dd3de0baa82be84d53bc173a25fa08c1	745
1765	images/animata/cards/1765.png	69e31e5a63bb036ccf66098ee141399d72ecc8ec6f554d911a15214dcbb44e34	1459785	videos/regents-club/1765-v2.mp4	cfb458a8addee70e3fa037c8a20532a2ae370b87f3642c2f9a87040ab27ab2c9	409715	metadata/regents-club/1765.json	e970384c3ac76689a011db567288a5e6c5741947fe25d6dffec5e5db28f87ff8	750
1766	images/animata/cards/1766.png	48727de80931229f8ab75fe20ac0ce6898b9b5b31ebfd4b16bb65e5c9df3a7d8	1312341	videos/regents-club/1766-v2.mp4	9ff02b18212f1dea853706521dad19efd3a182136671340319fcb54020480e48	416620	metadata/regents-club/1766.json	e8ef24f9fd08812332ebdcf92ab2937f4882c0f07e3eee209271a6a286e830fc	750
1767	images/animata/cards/1767.png	e423f3fbc78e5830ed548e3cccae8b06965c50821bd4b10474c1cfd3e1852fbc	1755382	videos/regents-club/1767-v2.mp4	75c26c1ffbe05a3976921766abc2c61dcca97a385de942ffde3c255a8a366133	430886	metadata/regents-club/1767.json	5ed3c707eb9abc398c5f31dabba94d6088cca7ce6e860d365de40cf6e664762a	750
1768	images/animata/cards/1768.png	ca6f6c88df989c35820b2d0a1ad9256ff990697a5a507f7da792f7cabfbccf6f	1441044	videos/regents-club/1768-v2.mp4	d8f9c35399b69e2ac1d1f8bd781cbf6a1620240a80b53e7d7fd092a52cf6bb95	218176	metadata/regents-club/1768.json	f37676b339e31408d4af90f1fc4ad66b27734918314471ef64bc1c5facbab806	745
1769	images/animata/cards/1769.png	7a99d2dea6838d54ce5aaa5f109d89211c86a98366a15945e2f220ef9ab9fb59	1865443	videos/regents-club/1769-v2.mp4	336c7dad63151d0b7abd2fc849e6ee94c08a56f3ed8a3c62517fff205104e627	262317	metadata/regents-club/1769.json	c8aa8517c9512ab6d93249ded676f001ccf517dc8372842b71acbea37dadf23d	750
1770	images/animata/cards/1770.png	3a144a54d3210195663097b54ea7fd7ff61a406e42177704bb80e024cd71225d	1700196	videos/regents-club/1770-v2.mp4	17fa76e74a32e2b540625f9172166a21bdc49dbcea06bbb2bf8a3cf276a5dc7b	326320	metadata/regents-club/1770.json	b4ec1c3ae7d036be8774878c800dd5ba597dba7a927369cdcfa40a8688de8434	749
1771	images/animata/cards/1771.png	84da56851f3473ad361e173ee6b6dd782ffe51f2a610e268358d4572e3613b08	1415542	videos/regents-club/1771-v2.mp4	f753b554924f28834bbabc499b6dc63a4417d012af26992fcc8f2151890e4796	184836	metadata/regents-club/1771.json	2d84a8aef0b8208e5947ec8c123deddf4ce8c1012e6b791b8ef162de26c04542	743
1772	images/animata/cards/1772.png	37ba34c40ab2329ab31e010ade6774fe204730706f6fa857624cf95e84b56aa8	788091	videos/regents-club/1772-v2.mp4	7960e9b75ea486855a55f33dc5a2633bbe0d4fa4514f2c941ac5fa018b53197d	229159	metadata/regents-club/1772.json	bdf6f8785cd506cbdbb7e89b84c554bd97af2a3aad74af93c15c149228dfadf4	744
1773	images/animata/cards/1773.png	3248eaee4eab7681445500abf25e4c2dc1cf063663dbcd4d078592e399933154	2214907	videos/regents-club/1773-v2.mp4	e892da9eb91a7e6e61c99c4888c6bb5a01f0da81a9bcbeaf19a17e4a39a51ae6	428899	metadata/regents-club/1773.json	08ff83dcaa7e33ff20fa90d656e57bc558d1544fd8eed16eccdf9b1958556519	747
1774	images/animata/cards/1774.png	83ce8baca0a0a9edc8f3491e21f5cbb1eb7de07773ef275e79af8ffdc35f7c0c	1066204	videos/regents-club/1774-v2.mp4	e9a6eb0c68b2dd6e1eb317be1368470a547f31eff592eff3b97807604c4d41d9	209560	metadata/regents-club/1774.json	5eb7915c2e949d5b7029e2c15c88524008fc7480e148a0ff3593b24adebeaa59	746
1775	images/animata/cards/1775.png	1f9a2d1b249b911fd1efbf7dccb9498df02c8792fb4dbb2543fa4f051c77bd6a	2323658	videos/regents-club/1775-v2.mp4	ab8e64c600ae30ec4861c4808c535fbdf11df398bb756b099ddb02cf1f8c06bc	672823	metadata/regents-club/1775.json	fe28768bd8511b5bd12ac34ed4cf340f16694322b86bb6516916c3029c148932	751
1776	images/animata/cards/1776.png	cef0d993d5e5baf1dcd4ba296c2dcbb9dd4499eb8f6d29a3bc6dc44e20702739	1152918	videos/regents-club/1776-v2.mp4	5a6b929a8ab5a21f40358294396febcdf4cc2d0f14ba8478cae19f8804fad92f	107580	metadata/regents-club/1776.json	3d8109fe00b3ec3d0ee8a285aa794e15df548cd2a861254ee60e340db91362d4	744
1777	images/animata/cards/1777.png	221e74e22462b4b0508a96c89ae0325fcb252c88571cb513f69f63cd7c74f856	1619327	videos/regents-club/1777-v2.mp4	6125aa054d1d4c185f1505afdb74696864444776203790eb4880e33f1bca332f	426232	metadata/regents-club/1777.json	65139c31046bf0a64aaa09344239992ed72c94c5c0fd99e9da4be4c60b84f4da	747
1778	images/animata/cards/1778.png	87c61c2e5ca7fbd16951f03f20d39e2c5c0a823ebfce6c5cc16f6404fa1e3906	1635584	videos/regents-club/1778-v2.mp4	db91411a05533d251e25e503cd79624c81f94b79618f4dbe78b698b54ecda144	340845	metadata/regents-club/1778.json	46c5027bc6009859d101e22f7ec9c00d24d39940370f25fe1610e629ccec34a0	744
1779	images/animata/cards/1779.png	8ccdfbf0d400ad8d743407f94e9c83bcf7c6edb92c3c0a15abd89770db18ca54	1348644	videos/regents-club/1779-v2.mp4	d72d59586655a28a36a82456ab76871859b98037e37a98beb9a6911323dcc1e2	316561	metadata/regents-club/1779.json	fd1ec22b2b7dae084203e96781ea101e0296ada6c4989889ac11e34dc274f52b	749
1780	images/animata/cards/1780.png	f76bd22d006d69a4d9e25fff2be197c47969971b213a4f3f237f423960a11df1	2375893	videos/regents-club/1780-v2.mp4	e5b998145911a46728e2be8764cf2288fd50ec74c0dcd91d867e8bd06d47df8b	1511918	metadata/regents-club/1780.json	bc5f14df325c00f0928fd3039a5245707e3d36db43c0e2e53d886539794eb2d4	749
1781	images/animata/cards/1781.png	3c286a5aa54ed210933a54e09634760e023aa42b733624494f8333c892f04f43	2211668	videos/regents-club/1781-v2.mp4	54d5135f7213d70d7aec08509d69b393550a7ff4d5bcbd8988236ad4b388dfff	744528	metadata/regents-club/1781.json	54edf00fb6fb28483794c17dccc48be3b4b7f184ec8db87b804c7ecac0d6c509	747
1782	images/animata/cards/1782.png	e3da152f3442145fa2d7ca7b0f828e4ad9cf7182b10a4a85a10606d2bdac7fdc	1537638	videos/regents-club/1782-v2.mp4	5b100af91d87520b5893d8c9570b2cfcf5467c6c8b8658e544203bf47e3199e1	267941	metadata/regents-club/1782.json	ff0afb5e38ffaaf06d98cbe54631c9449a37adc7b97a4651c8c8bb373bc74410	747
1783	images/animata/cards/1783.png	bcf6bfd749e6446f46d43a2c65fcd6f49e40cfd6aaa46ca452e176aa71fc94be	1484602	videos/regents-club/1783-v2.mp4	fe6c59e60c96c375af99dba1c68c0d10b4be61df0743d73855d8ba1b4c41b8e8	408790	metadata/regents-club/1783.json	4680db71a211e315e6ee25e58dc1b0b02a26ce9f1056c2ff8350b922b19951d9	750
1784	images/animata/cards/1784.png	e2231b25d38c709caf2c7480b7d040a0fe04ab19401844c6feacd23c004e3b6f	1563036	videos/regents-club/1784-v2.mp4	dfe3dd61f3cadc103bf0f668051e77ad477ff0d1967ac4efd73233ca12905a77	417995	metadata/regents-club/1784.json	b566f22c56e2a0a17455bd028558b17557cd46954631a7a20210f8c7ced992d9	745
1785	images/animata/cards/1785.png	5c62b006736c05ddbce89e0ceadceb451ade522cdbe3bb4039f39bccb25b8692	2284184	videos/regents-club/1785-v2.mp4	a7261dc777b2f86b58ee59e254dd6579212a65640d9e8d413d05e0ea50e03ccc	971643	metadata/regents-club/1785.json	2a268b1da94625f5bedcf06d1dbc23cd7cd5f9cb59f59588480df07cd5039254	748
1786	images/animata/cards/1786.png	a248609f5569ce40a1f482e083fcc4f6de562416886be2d8af85175555bab6df	1679590	videos/regents-club/1786-v2.mp4	c80f4411f689ff79b109fc0ce306ca9024c8726ac2fee78265c3ba00dbbd7dd6	180211	metadata/regents-club/1786.json	b0c3ff95baa0e0aec4e68738e184fdd018799cf0535ece499fb23ac2c9f86067	750
1787	images/animata/cards/1787.png	944ee4edd7cf2d1a1d17dc8141f35375ad90b05bc2b4458cd4f029d66266c9cd	1803491	videos/regents-club/1787-v2.mp4	045f2e6cfaa960770ea66e57390e63f397df11c5b9f3c3aaadfdbbaa64b483ff	512410	metadata/regents-club/1787.json	31ffe00dda63e9c71f353dce521b493258a900905e54325192a55f6255258755	750
1788	images/animata/cards/1788.png	a71d2520a0e6f8caa8d533e276807add68e2282284066dc51f0e3787a49a1406	1149577	videos/regents-club/1788-v2.mp4	28ed10148bcc2db94d2fd14a8741e362f8c7476bed376660ddc928de4a6ea0ed	114774	metadata/regents-club/1788.json	b35ad9f34f5be20ab3b37c5e0bd3a99ff0f6f45bc2816ca1e3e0afe2729aa4a7	743
1789	images/animata/cards/1789.png	e3889415be703d1e1c86eebfa6a3a835fee93f2fd59aba25c758949200636be5	2472450	videos/regents-club/1789-v2.mp4	59b2df83cdc20a97a808722b2791d0c889b2eeee65c17c19d04b2e5653c89829	1154894	metadata/regents-club/1789.json	9e1caeac8296333a438021bf1a8fa807523e907354ddf264fc0db5e5d62f4d87	746
1790	images/animata/cards/1790.png	a6242cd6446007242fafe3b1f1c6adce2a5ce2917e31e68eaf23033460aeff20	2311231	videos/regents-club/1790-v2.mp4	3c7e43ba3b6d32955b75c8f094af431854b41c8ebf72a382c1e1c2a24dd46dd3	669563	metadata/regents-club/1790.json	e027cfc10c25e667986f56fbea726de0abdf573bf501e677952205d36f9901d8	748
1791	images/animata/cards/1791.png	8376654d6d6963c9995fd3b5d40c4117fe35a3973f2dc799ea0886f78ba376af	1478606	videos/regents-club/1791-v2.mp4	fd3abacc04b0b97bfaf6c8ee19d7f118b6b77cdec1369970a0dd2e0b689bfbdc	462153	metadata/regents-club/1791.json	e876ce71ce8db47619f369b78df1943ee8c6f0cd61accabf5b7ce9cedf9975d9	745
1792	images/animata/cards/1792.png	4ac12d343382b01e5760ca4fa7e334ccd7e8ff639e415e9d55d69cc235b44623	1716263	videos/regents-club/1792-v2.mp4	b812d60b922c980b260e8158a697620856b4c142c59a719196b0cd1dfb30d7a6	289066	metadata/regents-club/1792.json	f59f3f1fdba27ccfca36183eaa77bc53bb369d9a73851a2b7e323f55ea8f661e	744
1793	images/animata/cards/1793.png	af28af4b64dc9b65cfc69d9319884b9e1bd11dd93a47c9daf52aca7fee4209bc	1617020	videos/regents-club/1793-v2.mp4	f1c0be799734efa38ca7efedad6eb6d8e4c0dfdf6b49e151c9da8964bde4cb88	578732	metadata/regents-club/1793.json	b0dd93192b047b5dc32ef364674e40490306b8454c67fc30d0b2c4fd24f2ad17	750
1794	images/animata/cards/1794.png	a30e2f70d8874e0c33c083c10285fdca15c629d20bc715542e32731c6b9ce3d7	1713433	videos/regents-club/1794-v2.mp4	102f93550932a64256258ccb2adafc351ee36d31f8b250e4974038d7cd7589f2	672643	metadata/regents-club/1794.json	5f2a229a2dbf274a3d42d25c57d3471b91406467b81afeaa15dd0e000bbd60ef	750
1795	images/animata/cards/1795.png	86e6777c921ac24986886335729a4061da89b422b1213a34dd29bc7a3c764456	1773232	videos/regents-club/1795-v2.mp4	daa2cd458dde14da27fd0b6b967004defe0109020069ecaab67f4a0b13f811aa	582830	metadata/regents-club/1795.json	9f4bbe9b323249e0fd466e798d726f6ab90bdb13126d9d183a500158143c7200	751
1796	images/animata/cards/1796.png	88ad04a691e7c9e7e4c5cde4d9c4307d283b3efdb9b42482fdd12503345ec5f5	1350824	videos/regents-club/1796-v2.mp4	771237e7a2c09f4ea922961eebc81bd681406b50800225a272e945d63585842d	415312	metadata/regents-club/1796.json	02c9dbdc6b9eb40e63970789fcf4dbd7705dc30826e99c92d18b91b329289730	750
1797	images/animata/cards/1797.png	50d9b36ded0ef114d4072bf089f7fb96309b7bac7d1efba213de441efb197f45	1431399	videos/regents-club/1797-v2.mp4	370e098f21d675d672f475f206aecc6de42e237959e9150019f816be8b99d4a8	231303	metadata/regents-club/1797.json	a8f321238a3bd966b30bc88fb90aebe5cf18d37fe0161c324895c338dce50e01	743
1798	images/animata/cards/1798.png	e528c9a84203f4e36b7a08d7d694da25529bf3513c39c4c6eafe85d1d1828f35	1664094	videos/regents-club/1798-v2.mp4	cb9db59ced64feec15b0a8401c4d1314fce651ba503a2c0f6d97557e8fecfe23	680905	metadata/regents-club/1798.json	218517ab6dc11b1d1f6708e4cd29c83e80e6ae9698d87124ccc2158fe066256b	744
1799	images/animata/cards/1799.png	8775b5a3bee9a94197b88b5a23786f305cb217f97b87be539388a35696ae84e3	1755600	videos/regents-club/1799-v2.mp4	5e40641957bb15407f016ee976eec77e76aa3af44aa1efd3c8ce5cca788620aa	483351	metadata/regents-club/1799.json	f9e0e0c466ca65ae17c2c7d4e50793a8504210a2265f8b61464b4d1168637312	749
1800	images/animata/cards/1800.png	253cd17851f37e5616e392e4ebb9f8a430d571c2aa6f98e0c592f8c1a3159f0c	1489865	videos/regents-club/1800-v2.mp4	32ab2ea560c39f860e74be046f4b67248595ec99718c6a1c9e73ec3a19199c11	441176	metadata/regents-club/1800.json	875cd2db1629f1293f0d0715baa95cafb1f48683f2c622836d118ed719660e7f	745
1801	images/animata/cards/1801.png	5c03199c53fe5791d909488d32a6707e68ba7340939f98b4d091978c0b395029	1618893	videos/regents-club/1801-v2.mp4	f77f1acb889b40346ba95f00c12b018e973f318b4ab5d8612d1dc9e3f8a9d6a5	414799	metadata/regents-club/1801.json	6c46ed9bc1229322c458e3880c28fcd7f1cad7fbcd05247789264ac790f4aebc	745
1802	images/animata/cards/1802.png	1dea8429650548190a9e932c25f04a8ae3683f3ca34539983759c0cd6176580f	2204676	videos/regents-club/1802-v2.mp4	99b2d3f357d321350606fee6bcc3266e10d6dade0db21773ac5b90c083d927a6	713072	metadata/regents-club/1802.json	45af51c0cb811ee89f5b0ed6170138a1aa58874bc7a246a829eeff7aa2073967	748
1803	images/animata/cards/1803.png	1c7d464ea0fc0c1eefa745edae6db7a46f9945e45c8db68d6fe71da845fcd106	1559192	videos/regents-club/1803-v2.mp4	2534159f48c1bb7580f9bf199870515d1a7380656b6bc125d4311a8548527db5	483506	metadata/regents-club/1803.json	94888b778b89151a057e1067bfdc1144b7a82052ed676b9b747382f02fd5d955	749
1804	images/animata/cards/1804.png	a65b7beff7b913963794315c3d24e546c69bb89a199ae976b5212b2317697fc3	2593972	videos/regents-club/1804-v2.mp4	eac7d96794c6856d968cf3d7bc9dff919a1ad344ac343d76b84d2b0f4f679bb7	1102321	metadata/regents-club/1804.json	856e35de015c10fd44e7c587131c97a4f9c6767deb9460ccc29105793e2366bc	748
1805	images/animata/cards/1805.png	04bc1a1090705a3a1e60a739e3aa35c86b94591940cb8c0f730d7efcda553432	1327015	videos/regents-club/1805-v2.mp4	581f7059bab6b2a058bc6a9a9940684abcc8b435dd6a96a72f91708d4b4137fe	343140	metadata/regents-club/1805.json	fb9b643f430c4182d5df2425f270012d0f9c4e85bd6d2cbe6d568df238f76558	746
1806	images/animata/cards/1806.png	fbdece416dac68323c04961665a3e486e91fb461d7beed5329681310f486e398	2346848	videos/regents-club/1806-v2.mp4	4d6256608bcf63448f45a4e429dcd9356917d23564695d2acb73116f7df907d9	1157916	metadata/regents-club/1806.json	05c81f5825badb6101396d8a9657f5770f6380475cf5f3936e085b859e7e9f1d	746
1807	images/animata/cards/1807.png	e99f49d5061bc9e7111ef7f553a56843f40345efa23ca33715478dd7daa958e9	1580172	videos/regents-club/1807-v2.mp4	98c1f6fd6e169beed16fc258c12d6f563d3a2a55ab9be4006949ebe83f8455dc	512086	metadata/regents-club/1807.json	2e37545446df3037864e8adeeab017266dd6b0788233c6fcfef51fd3aaa451ca	750
1808	images/animata/cards/1808.png	59965e091ad4d801d2184f8b5208ba40e6dbfe6208a4f9179ff415376629e5cf	1526349	videos/regents-club/1808-v2.mp4	b46935ee62d4c1ad9b0b2203fe78c3586b58da6f7ec4d1796852b017eb486592	536149	metadata/regents-club/1808.json	352c1ff2bd56ed9165c467a6f135f25b2c8cf7f47283330034bd4506e99e8f43	744
1809	images/animata/cards/1809.png	0f2d460a14c43a5bbe3513ec03b4739a5978acc5fe43944f005157af5798c8d8	1451615	videos/regents-club/1809-v2.mp4	9d07142a69a9749a02036fe34c2096be8fa574d7d9956cbbc4edc383fb38047a	407678	metadata/regents-club/1809.json	1a17058dc90d40fa01a9a875609bf724e96b93c082ccafa129e5cfd723439f13	749
1810	images/animata/cards/1810.png	d25080109458723bec6dbf017301147f63575164b98505814e3ae7c0b8b75850	1337221	videos/regents-club/1810-v2.mp4	78dfc2e9ad09d6bbd1d4c22772d3746d144af74df448477d2413883f3d822f63	173000	metadata/regents-club/1810.json	a6d5d2e4a58f77ca932d9e5938b8ae8a8a78c4b56cbd2109cc28dd74ed56fd21	751
1811	images/animata/cards/1811.png	c8e3bea35cdd710b5896fa065830a4cc342f689a437b803fac3852de06f24e2c	1730985	videos/regents-club/1811-v2.mp4	d02968bed77c23ebb32e2baf2d202aff0bc9c0eb3837723aeef7de68a5bdd59f	595273	metadata/regents-club/1811.json	0a6b81bef0fa323768087d11c61d5e9fa52a3d07e7caff7f6b1f51cdd1296b5e	750
1812	images/animata/cards/1812.png	1d992295b55e125389c930c9fdfaaa547f02430fb67e2ea66f3584aef820b4a0	1886905	videos/regents-club/1812-v2.mp4	1156db015c02ae1a3c9f9a0f3d0e4c2a78700b1a24500f3ca0eed5fa6fa6c36c	406974	metadata/regents-club/1812.json	59375826db050302fcf0147e12905665630fb539222cbb1ec1e2ef31596c721a	746
1813	images/animata/cards/1813.png	0dd8c1ed4facdbde55f3d30d2b20334eda970cff0e92fd213e63a1927dd3d63e	3300144	videos/regents-club/1813-v2.mp4	ad5345dd17bf2f52258c994c0cf2eb80ba55f9a1e6d8f20402f45737c92d5373	1775814	metadata/regents-club/1813.json	d5ee96aa43f51d82641ab4bec313643f604a034a133edca1b7d79b1a25193b2d	750
1814	images/animata/cards/1814.png	f8db771d2651d1d0e4ea4157df56c5f1598904b59f837ba5e26c110dce97ce0c	1568303	videos/regents-club/1814-v2.mp4	aec7698d5a99eca3a3872f4a496ba8b5f7bb7a05ecf1e246b0752e1128278d28	183057	metadata/regents-club/1814.json	c4a6650532b42102bf86069c8041167d4abd2a3f75e455ddca27ba7cffd26ed6	750
1815	images/animata/cards/1815.png	1250ddf44e907385206f796ed96d1afcf67e6158010c7e78f35f5685f2842188	1447968	videos/regents-club/1815-v2.mp4	5e59e4be4ea8f2490d193511d835ca4820ecf198afb835b0f857ac49468f5fed	423524	metadata/regents-club/1815.json	7c91ccf237667a2a9a85f666b561289c42759d83ba5c5b9bd280e4895c30e976	750
1816	images/animata/cards/1816.png	4e479c45bc4792d39622656a393935e40452e10892e24a128eb752247f3a5c16	1296206	videos/regents-club/1816-v2.mp4	74293b2fb8500f55de099abb10649c85f09661a33f88fdcecaa8ea2cd601893e	436372	metadata/regents-club/1816.json	71169ab007508ccfe70d6af57442d6f4873abacd4b1bae381a7285d53f93f8b0	751
1817	images/animata/cards/1817.png	b463185802237b758e8627ef80e6e64a4d0d05a9a3cfd84affa68539ad10840e	3444019	videos/regents-club/1817-v2.mp4	3abfcdc0fa3dc0f4767c8da7167f1d6522d62e0edbb65fe7ce981f5ee7dbb933	1355650	metadata/regents-club/1817.json	2067d57179a9adaa11fd6b02c4e903772eaad9c9ec60759f853c5d15453ade0a	749
1818	images/animata/cards/1818.png	ab318de1a3073aa422cdff9a0113378e95c7547958f1c12c1d10f2f5ce3249fc	3693420	videos/regents-club/1818-v2.mp4	344691721218ae3eca4062d7e05af7736cb8f1f37ac196ff483c64b91676d2ec	1980688	metadata/regents-club/1818.json	4b3a83916b4e0c7f0b0950b95a97a1d27886cfe18a4fdea27254b5dfdece0875	749
1819	images/animata/cards/1819.png	7278c215342f3fbc1eddca73cabb20a757edf8dcdb94d71aa1e99f9c584c055a	1699811	videos/regents-club/1819-v2.mp4	518dede5c1068d9ddbce1eb618f915c569a74a256611ea6ddfdaf51baddd7bb3	847325	metadata/regents-club/1819.json	24b073050808d45b9168f3d246aab28ad400d3dba6c8ccca1d206dfa6e7608e1	747
1820	images/animata/cards/1820.png	c89ed1c22add37356fe8204fe2c7c5a8be908b7d8a02f54aaa3f72d50ce08446	2015726	videos/regents-club/1820-v2.mp4	560cbe07480813c134d2acdea21afaba97b86f2397cfec2a92e49643867dbb2e	398988	metadata/regents-club/1820.json	bcfe40c3b49e15c9edb13f9fcb0bbec705dfb9d15cfb9361523a6e246a9f1a90	748
1821	images/animata/cards/1821.png	63d145cef394c06becc6b8225c3089c5e11d4e68275dbbbd9adef4f2a2d2347d	1405951	videos/regents-club/1821-v2.mp4	a8e5d1734e526ea0e83c884ff5277501d3eca780cb40d66df287ad37270c5357	312595	metadata/regents-club/1821.json	3cd91654b3d79cefcc5591ddfd49575cf3400c978edad36c373b5bf1ec60f9df	745
1822	images/animata/cards/1822.png	4833f3176ab4a6049e004d491fc5ac3b3f023469c190d6c7d9f4cc1f1b1cdf78	2332923	videos/regents-club/1822-v2.mp4	52f55cb38b4ff7ee734245ad41730fc1f21bb1d4510dd435ddd3526829d9db03	748141	metadata/regents-club/1822.json	abda46e1e4318a2e769c7f230de9d26101689ec9349a4a692e0b4c2834f391b5	750
1823	images/animata/cards/1823.png	d6d3aff3593118f298ae71d017abf94a586ffeb9a28bc248e97e411ad37cdf62	1515115	videos/regents-club/1823-v2.mp4	aad937b1200e1d3895721ffcedceedda651075a3d79290ef6f8bce523ef0f269	292358	metadata/regents-club/1823.json	a674117835c0b633a8435a506c071046c7fca1c0e4c721b63f99ea960124063b	751
1824	images/animata/cards/1824.png	5dfc33d07cf2e2485af62f34e834e27c0b74bbc100686881089ba7756fe55821	1546119	videos/regents-club/1824-v2.mp4	164f0ba142233f1790e8f1d638c2a44774c503e56a480486c96fe579c98202c3	212025	metadata/regents-club/1824.json	4b616b7897caee8699eaf61fe2d743f27171816eac4c288bb86cb4dff67f794b	743
1825	images/animata/cards/1825.png	a57240f3d321fac981aa6f41aadf220b4d5039dfa69fdbf21dc057ba416a37ca	1692851	videos/regents-club/1825-v2.mp4	50194454ea90f70ac88b46c55379b24bac2fbcb49ce140aade4a8cb47a231c13	702435	metadata/regents-club/1825.json	1865c71fb5f8244a79a2ae28a083ded43407f143d5525abe2338a60fa0105d49	749
1826	images/animata/cards/1826.png	1d6621e37b62c10bbb8b220f90ce8b818a30dd33a36e40d130185385337cc685	1519173	videos/regents-club/1826-v2.mp4	f2dd501051279bed96011517980ac057dd8125a29fc97a75ef839ddce6346401	518796	metadata/regents-club/1826.json	cac3a01834800e60876799f2a5329c4c115f24650047fc65fb51334624a8eb8a	750
1827	images/animata/cards/1827.png	56caa4c06d65d698e41eb8a6545664d7e2f4846149dafa8225fb202acd526ffa	2190948	videos/regents-club/1827-v2.mp4	5355f782a0935dfc2e8da809c795fd9060faf372d3505af41dc17c721ffe05ec	1206450	metadata/regents-club/1827.json	0502ca6cb27f95abaef918cd2ac9dc3532565c37a9f41278f660d1398df7e3e9	748
1828	images/animata/cards/1828.png	b01e242dcfb7d096c52f95692d2186d6b709af5e2522c8e3322724d09727c23a	1706004	videos/regents-club/1828-v2.mp4	394e398d5b3e3bd621567ec1ed41809df2ab59875d5ff494887879f7b1338f57	272678	metadata/regents-club/1828.json	a7b14e308daae0c9c97e01885d5faf229085fefe05db224f218aa2533b92cbf0	744
1829	images/animata/cards/1829.png	fefc2744108366f5d603ab310d28859ad8da698347ae8a45039bcd76cae8a13b	2105741	videos/regents-club/1829-v2.mp4	9f1d5dffd7c8bd49ab4ddb3f7030d7de47718d7fdf4aff9ccd712eebfadd2bcf	457858	metadata/regents-club/1829.json	d3feea9f1c274df3ab1f9d74ce0a251d025646a8f4c9f433b3b1076358e0780b	747
1830	images/animata/cards/1830.png	28b5563803bd975a67e046e76a16182d8c01d5ee9fe059bd615a819caf9b02e7	1965415	videos/regents-club/1830-v2.mp4	926cfdf19e39a34e144052ab361ff9f8996807156dfbe0b74a6d071bcac2d895	679874	metadata/regents-club/1830.json	2e6d47610a6deb186dd75040f01aef2939f8bf81d032d388253ad2a9b435fabd	749
1831	images/animata/cards/1831.png	da765731dade5624f629dc888813eb05f379d7007dd80fe7721e110cf9a251f0	1648603	videos/regents-club/1831-v2.mp4	294e684e35cc8c2df3744928aeddd66806570ade0532a3293a3ce38556cfaf8f	597094	metadata/regents-club/1831.json	b2f0dc91edcdc56276891f3dd69c2c95351033da87061e2471f857a06b689511	750
1832	images/animata/cards/1832.png	9edd7ac993426102a3bcf32f0c6879d7883dc7d60fa68dc16a69070de2d51fed	1324411	videos/regents-club/1832-v2.mp4	34f5d9cd438bd2cb728fae259bfbbb505fe9cd4b33a4066fb2564b7fcd52dc5b	436490	metadata/regents-club/1832.json	69cc8bb9a75c2954655bea1a27216aecd4f3d72fab56e817a9fc970bb9ac7fdc	744
1833	images/animata/cards/1833.png	783d13b8cba06bd93e218599ff3c121d15644c37f50c47a4a06317778be93fc7	1811567	videos/regents-club/1833-v2.mp4	39ac681b2c66099eb2aae387722963896a9317b7be36f01fbe533b8325c11371	626651	metadata/regents-club/1833.json	3033c841a354d389a8081e36027d5cd29800219c5d7ade96d7d29c591cfaf004	750
1834	images/animata/cards/1834.png	6474e269e6c32287e191de687dcab03a129578599d80fa3dbf9f07d0e9d0147a	2228804	videos/regents-club/1834-v2.mp4	939eff66c487c3a24aa7849bcba5eaaa5ffdc87582cc363cc3a6257bb654ac1f	550041	metadata/regents-club/1834.json	e9ba51a45056ef5c0fd67196ff4d3c9735ccd4dfee8cdf4ba7e9e28a06fe4f76	751
1835	images/animata/cards/1835.png	95912d42fe8bc8d2a37edd6bf021835bb9de8babb4e39f28afbec6c129740462	1305946	videos/regents-club/1835-v2.mp4	01547c1f04108aa056e83b58fa99d28d8b38b618c24e9d3964b583c6d1c4b4f6	186419	metadata/regents-club/1835.json	557ea4f7da2e6e5b910c20c6130ca16159df40634230ed247c1983775928aef0	743
1836	images/animata/cards/1836.png	74902e4b0077b15a5703aa7464cdb87fd6bcfdef993ac211a8910f7aefc378dd	2573144	videos/regents-club/1836-v2.mp4	e0aaab5cfd2de396a9ce41455f97877d563a7c8e8ef69cfb0952663f95ec8d62	906149	metadata/regents-club/1836.json	5289476fb6199fb2534c879b5828fc6e254402a16ccfc988f84b21516427e6c3	749
1837	images/animata/cards/1837.png	bf63b077615e330bed99dd595e73778bda2da75ecb3782abdd20d80b8b7e67be	1673269	videos/regents-club/1837-v2.mp4	e0c2f801487f3d4fd3cfa22ee47a5de4abda3c48dc2e117b1e5826818ed2aa2d	362559	metadata/regents-club/1837.json	9d5a848d9924f874d631c2ea6634223d8b5d444b5b750155bc254b45913743ef	753
1838	images/animata/cards/1838.png	fbac6deb092afcfdb12810889ef1960feaf2b079d6e1450ecbd166b8ff2a7d42	1441150	videos/regents-club/1838-v2.mp4	3d0ee28fa0a6827c0a28efcbdec0fc110ca5b00210a93fb02d2ac7a90514e6d7	380472	metadata/regents-club/1838.json	25b5bba75ee901541ab393a1efdef3117766938d72c29c0fa3c2700ff4970bcb	745
1839	images/animata/cards/1839.png	73667e972bfb41c99a27b5862e7a722000f353e5b098b87636540375d145782e	1462175	videos/regents-club/1839-v2.mp4	df914ca341f1ca32422e6ee641ab5fdbbaabe8fb9cc857c880e34826ccfda4c0	257954	metadata/regents-club/1839.json	b23d1bf9ed2f1e24519f2a0e6d711a67f106d69ebd97d5ccc05fab473b4e2523	744
1840	images/animata/cards/1840.png	8041017606c23e67bdf00b49ce8365fa88379c74ac7e7c7e938bd563dc90ffdd	1576408	videos/regents-club/1840-v2.mp4	66e5108cbfabb6534b57191013f4a6f284e179f3523ec6b78e37705e9e8d536b	698748	metadata/regents-club/1840.json	44ddb1554f9763ad901f03459dea2b7edfe9535c3b9d6aee5acd64eda0588448	745
1841	images/animata/cards/1841.png	bfecaa2ce43df33aa6ee89c29fe734a99d09b21de9ce17e32a371c87c5fd642a	1460486	videos/regents-club/1841-v2.mp4	6edf0997864234e9c8356651cc9b8d321bf4102915702bc55b68ea2487a48f9b	84824	metadata/regents-club/1841.json	30b54cb4608d02279076b1c2051816a283d0d54c9e484854ee67373ababa6c75	748
1842	images/animata/cards/1842.png	6ae393c30b390bfce95b7d9f45e032ddfd9472f70d48ff0cb699f7caf364ed56	1230285	videos/regents-club/1842-v2.mp4	23908e67998fded6ea96bfd83fae7c76c918318b5cec825d2691287ecaf85fc4	136214	metadata/regents-club/1842.json	6b02b9d1a37980478361d283463be6cc5bd3f1016979fcbc4964cbce071e83d6	743
1843	images/animata/cards/1843.png	3e2bf9dd83f6036df7198d4107d5f3a2d1a097e2279e0c60d7571ec380e54fba	1695382	videos/regents-club/1843-v2.mp4	6c8c34fa6484383e53e4566532a60fc3244f9170d00524199e090cb478c40ca7	222465	metadata/regents-club/1843.json	13f0e1a092e6856da2047ac768ba02f589e8a922b635803b525de4f5f3ee2f0f	748
1844	images/animata/cards/1844.png	353ab892e18d47ee962d8ac811d560adb204731d3897bea8ddf188c1e11349da	1388740	videos/regents-club/1844-v2.mp4	b9024d3c42fca1f69b50d8bbd773ab2104d84225b422273da1e2da643e41d136	351420	metadata/regents-club/1844.json	d68b08284bd5293676d1f45096c6828d4609c9ac41b75087f274883b58d55302	746
1845	images/animata/cards/1845.png	7f456d3cf7135eaefdf0be9feadbcf88f96d1bdfbca46b172b4482cf9e2d7dc0	3589895	videos/regents-club/1845-v2.mp4	7a91333c6cb8ee728b37e38e9ea2ba6fc0088ac7162d34d96a2813a5cd810664	2405674	metadata/regents-club/1845.json	53e645ae54aba445f0fc0f17b32ce0c1527db05a158055bba11689e8f6e2afda	748
1846	images/animata/cards/1846.png	48a9f7ae32290f53403240e4b92b9a3ee292781359ce42ec17319237e9ccb976	2228966	videos/regents-club/1846-v2.mp4	0cca08cb424102aedeb7c104900c3ab2eb72ac1e312dca70955f8c8e2c8d4ebd	568062	metadata/regents-club/1846.json	4f66889c50abf2890d6a6ff374cf349129db45986ecc3d2981c9bf95d33ec1b2	746
1847	images/animata/cards/1847.png	be3a9e94171b0efa1b5551c4ea76887c1f52ed79b9a3bcb79bc429c944cf7e97	1379070	videos/regents-club/1847-v2.mp4	0884143ad6b2e37bc8273d0c7a301546118cb36f614c5bd03a0198b4840a9f5b	365114	metadata/regents-club/1847.json	f6f2fc87cc3b848c5070f7951356d44254628d68e5ff06cd609c9d71ef8278cc	747
1848	images/animata/cards/1848.png	4dd7417bbc4cb100ba577403dbef548bcc280958732e517cd2cbef1b87d5fbea	1781147	videos/regents-club/1848-v2.mp4	347aef982962c801a55f118e4591556f7c6fc93cfc993885de89f0c8d86636cb	99043	metadata/regents-club/1848.json	0eb28a9c044869527f7e0647fa484cc3b35a8be3acbcf62b8a8d199666aa867b	748
1849	images/animata/cards/1849.png	bf03ff96731392cafb65718e510521efa845fd020059216375b0369b07daa4d1	1463668	videos/regents-club/1849-v2.mp4	cc8de057acc0e0380e948cac18f763728093c35f805eb7bf3551a1b2c162df39	448165	metadata/regents-club/1849.json	b61dfd2c7b1ff32b283928a25dcd1725f1f578f396f877598f5d97b9c6f3d590	745
1850	images/animata/cards/1850.png	ece78b6c2e5d3092d692fe99abb01a466a107848c724568b2a49b5e5acfc75cd	1401412	videos/regents-club/1850-v2.mp4	353b6ff8489eb60b16245fabeef461e1edf1080ac65de43d467fa41376f525ed	310366	metadata/regents-club/1850.json	c2c08d72a5842a49956149faaa9eee34c7a885142c90e495dfd3a43ff335a9c8	746
1851	images/animata/cards/1851.png	3a9e45b4243cd22690dde299338720345732b605b92397e0ed9be831e214a858	1547343	videos/regents-club/1851-v2.mp4	c3fe5d5423cae249e34289f5e772f69af1ebc7c3789728b8442190b669129a62	495146	metadata/regents-club/1851.json	961e8940d8761168e82a0a92788e8f5c0edca9d6c7a8d8a42fc543bdf7a8aaa4	749
1852	images/animata/cards/1852.png	c1aa7035370af50976c5b60e205b815a278b27e2cd65733b218a4662eb1a8e6d	1352188	videos/regents-club/1852-v2.mp4	92c47984e67641502170ec278a033b82a8a1abb9179ddcf1f4d2e05ef45231bb	277312	metadata/regents-club/1852.json	7f9beb8a9b58854d85cac15f25e5140d20dd1218325af615c58e58de89a55a95	745
1853	images/animata/cards/1853.png	8cb50d34da51d9ee8f34fae1d02439f3d547803e43912372d6db613aa4fcd3a8	1391748	videos/regents-club/1853-v2.mp4	5a03440b11af09453f2e235af620b0104742ac727751562758bb3af7cc50abb1	193792	metadata/regents-club/1853.json	000189fabd5d266b65d385158b9ef296830259edb11f137ce682782d41374715	747
1854	images/animata/cards/1854.png	654ae71b742aba1ddb43409083ed81aff81983ab5430a2c776e5425aa30a7fde	1893272	videos/regents-club/1854-v2.mp4	a102c6d378673ac4f5397f87f5b1f43d0956c5fd3d0be24b38965fbf4e217e66	275887	metadata/regents-club/1854.json	08c922d336b4f35e5b5e77907a58bf3ca7226f86e4bdc6aed1a0dd99b3bcf229	746
1855	images/animata/cards/1855.png	e622b22e8bda4aa61a097596ed6fb0a55190fc7d4c3b35988890206c236645a7	1742199	videos/regents-club/1855-v2.mp4	b069e65b4a37da686ff0b3f786a5ffdfb96a7c2175dda58963569f56fa18b6a1	394360	metadata/regents-club/1855.json	9c54f44d2ac9a741b0b09a87ae0ef1a7bc7ab4c58f97bed57925747b74ce60fa	746
1856	images/animata/cards/1856.png	03b5f3633e4b369b87f3e0a97e9ca30648c1a07babd1e2e6eb35abb0b03a20ce	1369697	videos/regents-club/1856-v2.mp4	8e3617b15909b23b9c65e60cde423000d15e729379e6833d9f0bc049f62ddb66	319310	metadata/regents-club/1856.json	928eb4f88943788fc63d4686d114284160c9946cde8245a2b7cb369b2e025eb7	745
1857	images/animata/cards/1857.png	09a2be6a758f9e9d687f03adab37aa5a98155094bca97f8ce72c3f951605c4e5	1750106	videos/regents-club/1857-v2.mp4	c76219dff4df466445f923303e4d5fd43ba970e07c22a92a0b8ccf2a2c2c8c52	482422	metadata/regents-club/1857.json	c81b2f627b8ee3ee730c3722187e376a0fb9bd2abd62307976f52af92dd1094a	747
1858	images/animata/cards/1858.png	aee19ef8f38c72f03206c5e8f929d474a50610f8cc5766621d28c58fda077522	1340617	videos/regents-club/1858-v2.mp4	1f89be26dca9c30efab71d60d8f65dcc4783ac88787b98f9123fe028be21dbbc	352756	metadata/regents-club/1858.json	7ebba978051a122dd0037b25db698dae1fb8bd34d44011549c0b472122fa7574	750
1859	images/animata/cards/1859.png	8419e6caf627c8bf6516ce7614af0938074ee80a9eca8c445e06c385886fdc0c	2009643	videos/regents-club/1859-v2.mp4	ccb6d9259f5edad4a27be0f1c6f4ee3bdecf2701dee68f834bfe9659b141732c	485767	metadata/regents-club/1859.json	cfeb208c2567fbb4156ed1b1a06a67326ad14f0cfed9c1ed8f8dd589ccbe1bf2	748
1860	images/animata/cards/1860.png	d2dc13747a6131670664a526f04d0c699b0b4d8c28116719840170385086d20e	1682327	videos/regents-club/1860-v2.mp4	bccf4c6ea2b9b3391ba0f142fbb87829acd76523b9630f246df8e60676e03e1b	410235	metadata/regents-club/1860.json	87614a2aa802991b01e77ca8dea33cd2764a22b9e86fbb39bba9930791c0e2b8	748
1861	images/animata/cards/1861.png	5770c66449a98fe7a4e7dd75110ac53bbe94c391004c59a40fff36e04331b7df	1876380	videos/regents-club/1861-v2.mp4	4444a6250b7b6a731d8cad388f722a070182bbbdc595054379a1bb4173ca5e4e	735140	metadata/regents-club/1861.json	e598bf40a0d9d817939966872d44fc24edd43e9a256b834b507a3ee82da3b99b	750
1862	images/animata/cards/1862.png	7ef1bfd2718d5c61ff46cf5e22291d6b090e3d307e0178210943e32709b77e71	1323240	videos/regents-club/1862-v2.mp4	ce030a65ab3f267b849b00bbeef539997bf95351b11dc3ca19a3a2ca24ab35a9	290066	metadata/regents-club/1862.json	5044b97370992c6c9ddfff07076a2156029ec55660099a76d5a7569565a7855f	751
1863	images/animata/cards/1863.png	7e94bd134c5cb8ffac3bdec2da3f863e1091315e29d19f4451a8e67249145545	2498622	videos/regents-club/1863-v2.mp4	2772934664e838788ffaebd1b033688cde5bd0dc2ccfdb30ad7b92eee1c2a370	843118	metadata/regents-club/1863.json	66f5153dc11756ff0ad2a90015b1500daa3220f6048828fdf3fbe514429a5fa2	750
1864	images/animata/cards/1864.png	b365729b660b9659920f1280755b3bdf5de9be1a1743f75fdfd1b24f0c957f21	1327066	videos/regents-club/1864-v2.mp4	a9eb54c1b2c7856648cd62a574ef72f7511feebbde7927fed904ef23944b749b	400226	metadata/regents-club/1864.json	2963d22bfec50ce3ec353c74f02910ece10a196a9b0abea4524413a13a2c77b3	751
1865	images/animata/cards/1865.png	3c94c024c1f418031c55d732429040e3e2c74f4e8749f3c3ba3eb84280b2918c	1980795	videos/regents-club/1865-v2.mp4	7b0e6171a35adc396d52b4210df5c85d97b09c04af7463d9015882aa82781231	442730	metadata/regents-club/1865.json	05cc8282bc9a1adc8eb07ca5e3b7d87aac0f5e2d0829b8b46ac70f85d4a408d5	750
1866	images/animata/cards/1866.png	614d6dbe3e187605679f7c90cc40177e021a06df3d0ebd90220f902c816f36ae	1676435	videos/regents-club/1866-v2.mp4	b6dad8a4c00a3980c634bafc40082a29db5aa101208bf139412e635d404271ea	563609	metadata/regents-club/1866.json	2d2054d87206d35a8a321227acec07b8d69a459a5e1b6a282cc30b799c20ed08	750
1867	images/animata/cards/1867.png	b26843a17551620105da8bfd637be1cfa6127d9decb1050021067fd579ec5ccd	3343137	videos/regents-club/1867-v2.mp4	b6c1b04dedc0f93595b47baa7313ae56f272a4a3e8d717f192e2d06c2d44993a	1345481	metadata/regents-club/1867.json	1213897fce152b2f4df3ad007b072b53f8b379c08537195b332b6350c07bcb98	748
1868	images/animata/cards/1868.png	0d1a349a977294b5b2909a26b7874643dff22b75d4a3e6478724a6dabb7ae0c8	1471361	videos/regents-club/1868-v2.mp4	d2cd5c22cefa79e21ec2ea5282733fcf347392815a1bbf6dea587705acb6c40c	297820	metadata/regents-club/1868.json	45046044bb63d7e1abd043d72fc7f5e34995ac7ecf669a61ee64872c26d1fd7b	747
1869	images/animata/cards/1869.png	8c2ef147e615b40cc2ac035baf00eef2b55edb18d5aa9c6859970efc9a5a063f	1873290	videos/regents-club/1869-v2.mp4	2e837416f41d6ba08ac02e0dc072e8e1072d5c482394198a4ba4334c118f174d	331696	metadata/regents-club/1869.json	779667876186025dceca826664d65a80d8776b439676831091f4798407a26ee1	746
1870	images/animata/cards/1870.png	a97ef26463110231bc5069d15a0d18b0da467fe68eaa48b9cb8caab01c69c7db	1896845	videos/regents-club/1870-v2.mp4	7be3223a7f8e10bd52680b4ead89d8874468ed4b848443e7c0c3e088eea4e050	605915	metadata/regents-club/1870.json	a25885eb65eb476f030a5d4ddc7747cd1f39c8daa58dabbe9907d0ba54255353	747
1871	images/animata/cards/1871.png	751fa5133eedd84455e75793e019319c1c92c7975671af9c09319f6f719b5ccd	1745525	videos/regents-club/1871-v2.mp4	62e269a6b4b28a1b0614dcab2ce2adea00fdcdd536c2cb9e33cea0f4ae56a641	462557	metadata/regents-club/1871.json	8026cad0b64132c7528d16e1604544c64163dc4531d1546d4dce6a934c65468b	748
1872	images/animata/cards/1872.png	c811eabd180899dae09044af201095f01f23a3b9574e31b0f7dbad0923c53acf	1444170	videos/regents-club/1872-v2.mp4	f8d769d797436d07d2957e173698b458e265cad71383f7a0df8988add0405531	311024	metadata/regents-club/1872.json	096756ee39d6653d540b42b382c52f5a010e29db9106892bd24908343922e15e	746
1873	images/animata/cards/1873.png	291610aae73b8c4dbbbf5d177805e8e2a8203e83136cacf9bf70db53c60f43b0	1095501	videos/regents-club/1873-v2.mp4	9801f649c01ec9edec8f93b27c0e01ed973a401bebc3936d8ea995b5dc4f687b	196724	metadata/regents-club/1873.json	168c0d5c9e1330a3a8147fdee9418142fa7ea85f4f552a8a29fff47d45ccfbe8	746
1874	images/animata/cards/1874.png	aa93ffb249064bfb9d46ce901c132c3785560759869dddf0162d66007551bac0	2023807	videos/regents-club/1874-v2.mp4	ccf93d0064ed433223f855662f2e35c882137f97798129bb70aa300d3a086c3c	464518	metadata/regents-club/1874.json	ae2d734ac55136fa32b2c8ba2c6fee1589f7e601362d3612c2ff2de7886ed72d	747
1875	images/animata/cards/1875.png	a8152bc65f04488d5f26ebdae6e7be24cf454ad38963351acaca98016b999aa4	1904045	videos/regents-club/1875-v2.mp4	4a12d8eaf5237c64998e01483287d65cf51e2833c64e85462c26fc2894dc7e2d	781431	metadata/regents-club/1875.json	a9c39a4b67eae6217aff83dae5f259633732d1321751d875a14e412c4bc66a69	747
1876	images/animata/cards/1876.png	b26f5d22d2fdbda4e2cbedcb219f881894053b6d1ddd856310a9bd625cc34fab	2418632	videos/regents-club/1876-v2.mp4	a9f74ad1101aa2f80648095a38f50251f4f65c2948521ada05dd501138022a68	832755	metadata/regents-club/1876.json	b80c4fcf6dda3c4133e9b02395e47e10a773b67b323c201151fbc89008857339	748
1877	images/animata/cards/1877.png	62010f256b4f5474177d0067c238f3b3d586f036cf040cd055e67e1bae8b17a0	1541690	videos/regents-club/1877-v2.mp4	873d55491ff24dca227ac0dab1720d751e41531105cfe3a0c617288cbdc6e41b	383704	metadata/regents-club/1877.json	9ca1bb79f466445cf0a230710cde26cf08aff8d2f665f9e584a0f7f1f74a187a	750
1878	images/animata/cards/1878.png	25f94203290494364b4c561580e1de7851958da38e6c53e1c5be438c84f434bb	1200896	videos/regents-club/1878-v2.mp4	13c49189f1964c1ea956f60fccd7c0511b73fff4a74b9be5d6ca842ce0cadfa9	467961	metadata/regents-club/1878.json	104c8d8519c73351d996ede4b66d81d4ade1147bd1b7bfab148b959081418aba	750
1879	images/animata/cards/1879.png	472fcab19f560e279f07dcc34d5e807137a897f3d6d7927722a7de095398cee2	2071102	videos/regents-club/1879-v2.mp4	0562d024725e01b4b1a4b5f67bf517322442e9e376750a8ebac910b94ee12673	862459	metadata/regents-club/1879.json	c4585aa6d99d5f503a56d7c1b94652dacde665caffb0ba5955107cb92a275aa3	748
1880	images/animata/cards/1880.png	3d0175a779529786e540d844a1ddaacf088127c529c8f81574243801db1d1fac	1751676	videos/regents-club/1880-v2.mp4	8b4782cf698703266f997265e15599169827ccfad48a2035cff605e29af88c2c	359621	metadata/regents-club/1880.json	757e2069f424a8a0b57bc717965c07ee8f7d6072c12a95a310db9b25c05e44ec	748
1881	images/animata/cards/1881.png	06786f299dc12b4c28185ffdcef6c224dfed9cdbc66dc1bce174d134e18f526f	1398401	videos/regents-club/1881-v2.mp4	e1c448297a38bf2521567c5fc038bfece16c0948327bf071f93bfc9d7f35447e	228003	metadata/regents-club/1881.json	50aa35ae943f0c45947927e7ddd99425fa15c24ef1addd680cb75118442174d7	744
1882	images/animata/cards/1882.png	2e7d2aafb691dfd65e72e09003d471458dd8881a3f02dd331f679ae15a0a6bad	2590118	videos/regents-club/1882-v2.mp4	0eb264de24134fa9837ecf4f7893a4c7c83b9fd580af2718ded56ce0aaa0d23e	1776999	metadata/regents-club/1882.json	a9bc6d87e2bbda6e347950f8f2498e2a3f72410f0ed883335e23ed83d717d658	747
1883	images/animata/cards/1883.png	e522c6c722cd55b6962bd7982deb0e4e206768a8890f0eac79aecd5fbfcd13bf	2035841	videos/regents-club/1883-v2.mp4	7234d05983c4bf78f9edd4253f111694a4f1a8e2496f56685255c66ea7fc3c8d	394526	metadata/regents-club/1883.json	86ba41e35b2340e6487bf401c4bc0ddc31dd52de6d46ed6b12e02633bee2de0c	750
1884	images/animata/cards/1884.png	691b1a6197f044de4d907c192cbe8216d0077a459bd15a58230e24064a0e89f8	1499579	videos/regents-club/1884-v2.mp4	ec4f0ce9751e6447fdaaa58400f1e280bd5cb65398a7e5565979f27b7be97a13	349709	metadata/regents-club/1884.json	2c3b6fa87452b374ed89bb201ea86490c9c8e67f4e2bda0c5a9e7149c3bc6b5a	745
1885	images/animata/cards/1885.png	8ebffe1286c705c4083c1cc9524518b974492ed57cfacd5a4ee529e0749542a9	1601960	videos/regents-club/1885-v2.mp4	09bbf3e06f34d47674db380cd8106cee1d577505db91113410159e33b08016cf	350150	metadata/regents-club/1885.json	f1d4df9e688b5079a1dbecf467d5d7493f4888d0600bcce42cd478af9c9021ac	744
1886	images/animata/cards/1886.png	36b6855a0b9143a925d2f5c4a82c719c9375092e82343b02f96433d93e0f823f	1464208	videos/regents-club/1886-v2.mp4	180f005ea44ea1b5f42ca82bef6897d31f2b00d33669ed54cfb5bf228d23da66	544158	metadata/regents-club/1886.json	14eb656e15b22e46596b8618114dacddaa6e742850348eb87c07ad4df24ceef1	744
1887	images/animata/cards/1887.png	faadfa0abaeba6f6e5bafbbe6f27de53f0eb9cd348b9aabf34c2512ffa9b0718	1379117	videos/regents-club/1887-v2.mp4	79242b1b10dc3b15e9d117aba3f1797b5486ec09b045aaf1a95c01db2ebb0d24	243784	metadata/regents-club/1887.json	af7d032df4018076d3553bfce7edfcb6c8e027a4d94de9dda1a1facc84be7fe1	746
1888	images/animata/cards/1888.png	59aefb8a502563c55e9e3697248619b5275d25d06ab554a05b2b7c82b7d109c7	2212993	videos/regents-club/1888-v2.mp4	224b91002434d230c52e4afa8bfda99c12fb41576ced6d36bdfb859cc2cbb261	676224	metadata/regents-club/1888.json	5a5d3775ea4737f804c9c8a44bb58e4e489ed4cb7d74143171691dd3c234e571	747
1889	images/animata/cards/1889.png	8090568bff8d73a64f96c9d4fffab3fc8d3e05053830fea73b2461903f92d0e3	2595063	videos/regents-club/1889-v2.mp4	bbe58b4bdb0e6c7a553a7e3f2ebc162607b8b7bd634d4ac1bd41b6cc94ba633a	1114536	metadata/regents-club/1889.json	9b2484c7497a7f95c7501550a03ab40c7fe648003f5bbaffb808872ee4576b20	746
1890	images/animata/cards/1890.png	1d48d5503c358a3673062524127bac02d9248dbd2463fa5bac1df34794ce43ab	1778599	videos/regents-club/1890-v2.mp4	519058933637cde41d101ae3188b97854914662a7015afdf79383bb87f32e1fc	369528	metadata/regents-club/1890.json	9e3a61966411448d6875d66108344b43cb05638a5cc94f7e7689908d606695b2	748
1891	images/animata/cards/1891.png	a18dc3f7b1f0fdb46dec929977ecf24dfe82017af08c0ad19c1b80bb2eb0650b	2257706	videos/regents-club/1891-v2.mp4	3a27d2e257a1846afa7fa1a33f3b937a355b08617f41b4aa8ae4467beeb36f1c	719516	metadata/regents-club/1891.json	329ef8842ece02eb0e81155d0a32e22d2b185f94e8d8fd73c844874b00ca7f6b	750
1892	images/animata/cards/1892.png	defab0b6b89028be4aea3ee6207b240dc9047de80e175cd66271807cb7b79498	1259318	videos/regents-club/1892-v2.mp4	cee9b027556c57742d001c34631007d1760fc9d42d626ed8f99d011f79f81961	324949	metadata/regents-club/1892.json	8f97786acc0696eced87f1f2019fac4b9a2a7c2edc6d8757e0b267574a022421	745
1893	images/animata/cards/1893.png	4ea79396ab0891da2a1499601f969f7c67dee1c2633f7c27c849dcbe844eb43b	1363542	videos/regents-club/1893-v2.mp4	19b8876a0ac06fc6f9480e55d22926188c049ac5eb691c0ea999862fe11dffd3	354506	metadata/regents-club/1893.json	bca53e52b06504865ed00852a6dbb8766e2f34a7f0a3aa0950fb1b0479bffb58	750
1894	images/animata/cards/1894.png	605e0326e5df5a87d9d6479507082e10d650806edb30dcd179cefffae9450eb4	1951107	videos/regents-club/1894-v2.mp4	44f44ca2ccae1676fc79b040f9202ca3aedbb5e745516ccc87c02777f569ad7e	422020	metadata/regents-club/1894.json	acfba6cb2a1d6a147a33b6fb6f05f2548d5970a02ef704d8f09aeb9bdd7024fe	746
1895	images/animata/cards/1895.png	87c05c8e2f17229a7d122a7c267d96fc786cbbd0104ba8d7af56d9cbd5649836	1482047	videos/regents-club/1895-v2.mp4	ea69c0afd5656afc71413a5eb2f455d5a8a4520d591b579786c0e2cdaaf8bb9c	403503	metadata/regents-club/1895.json	d6798c81dd4b2cb4a1464f6f491f89657acc7cd7fb3836c2ec01ba84abd2a74b	745
1896	images/animata/cards/1896.png	906e4675d71f0f317dc043bae802d9bb28e1ef21cb1d5d075e357dcdd3776436	1815648	videos/regents-club/1896-v2.mp4	f9a0fa65da964c8e0492b6921a15dbb2cb0f07670699984009e4bd26f0e1b76c	463296	metadata/regents-club/1896.json	c652c2b41bfa2807e5c3698befbc2bba0d87e17a6aa82becf098b1634694a92a	753
1897	images/animata/cards/1897.png	604e7745aaad2e318cccc6270f6fa8d2dc56c5878e2330b833332a843dbc0654	1945600	videos/regents-club/1897-v2.mp4	577be0fabe81a03db6c9f98be43d08416aa3871643f8a0d2ba289f2e2e56681f	411301	metadata/regents-club/1897.json	f496d059f204e896feea08246b436fe49b56e783e16c931fd4072ec38ffd95b1	747
1898	images/animata/cards/1898.png	79375a12f10cfd3b8225ce9a160cbea33673450e17dd8a2fb19d41c661a675ac	1275045	videos/regents-club/1898-v2.mp4	76ede2cfe2d8a277681beb10be825a13ba3aae027b4dbe340ebde976e0c483f7	170331	metadata/regents-club/1898.json	ff4b8a52b5bc9d8495dbb2eb4b533c9ad20b947f1f062219ef99059b8600295e	743
1899	images/animata/cards/1899.png	eea41fc2d7754eff0b951bba11eb24dda1c086c08f1a3ba5f8dea0f77daa8776	1608598	videos/regents-club/1899-v2.mp4	5b5003bb4a1785e8274e09ed1b246e0992460edd995193c165983e26fa3bf959	282353	metadata/regents-club/1899.json	67cb2aa2f4cad957e6b93a6beffef12571092126c9c843408a84f95158272154	743
1900	images/animata/cards/1900.png	5569223959c8c5797c2c15d72b50b3a49570984a2ec114e11879661879a8f307	1770133	videos/regents-club/1900-v2.mp4	47cd885823088e29882f505a23394bb29b0f5613b14f173dd8c577acae78965d	396592	metadata/regents-club/1900.json	8a78eb9f4db17e6570112ad8ec30c9993da3c53200a3d927dfe47e731e1d2760	750
1901	images/animata/cards/1901.png	34edc4ec82b4bd6368ae0c0ec4a78124e38b534c040218f15a051dc7fcc0169e	2243508	videos/regents-club/1901-v2.mp4	2529b9b7d4fd6e2c7898dc7eaac275d13f598f3d6c9cc8ce7acec8926bd2c132	694210	metadata/regents-club/1901.json	7c371523f2f8bbba46a257bf93498908aead93e5d28be7548fc5848a6f65638f	748
1902	images/animata/cards/1902.png	1e296d32a0dd6c21d3ce0b1f9201206cccb05396d383ccce5598ec019ddfdd7d	1635808	videos/regents-club/1902-v2.mp4	e2b8a5fca3738420d10648a147e6bf5c702c4f86ee9cb0296c9573dbc9784929	353094	metadata/regents-club/1902.json	e19e08e203daf7933444a28a8a97f05d2104efe39d7695520c121cf3265ab22a	745
1903	images/animata/cards/1903.png	972aa8103ee5ba8d9dc880448006107fd89861d9d68dc25709c61b87e3e7cd44	1630444	videos/regents-club/1903-v2.mp4	6f207fe5c3fe6bffbd94300226a3ad7b780384bfc2a8b0034073ccbfb63e392e	269636	metadata/regents-club/1903.json	1dc4f1437de29971256ebd778dcd7bf1d41bc17e319c8b945e797f4cae9aa306	748
1904	images/animata/cards/1904.png	cbf897cc3f5df384a6b8883d8d5f53d24424a5b85f1499f6af38cf8e9288fede	1650216	videos/regents-club/1904-v2.mp4	6cad29900457a6d1682ee1e445cf8f2d5f26932004aaa94d3e349e7cedae2d88	346429	metadata/regents-club/1904.json	4751c414db5ad09a3bd8535cfccd3141a0876acfb6f38a31cdd189002034c09a	747
1905	images/animata/cards/1905.png	e4df195ce79342d3ad92979b5cceb08c796f63c0b95a0edf9b0aa7b493dda17f	1756487	videos/regents-club/1905-v2.mp4	83bffc532e819e3ebb2b1b89d8d6c179559a6b79cfbf0c3f0559283e49df576b	673977	metadata/regents-club/1905.json	11b39f1dfd72b7de852fbd08b544dbaf3428d2d829f1f12dffb94c411540e788	750
1906	images/animata/cards/1906.png	fc43173b4ec41ef4869c27a893872888f2d5e135c3afd674a1df00cac3ddf927	2061395	videos/regents-club/1906-v2.mp4	fa3b1320cbad9d1de8a1454e62aa0252f73c8109dceb955883feed6864c0a066	452978	metadata/regents-club/1906.json	8915ba957ae320050805b80c650d1132d7525f9814c76684691d6c0b1d5400e4	751
1907	images/animata/cards/1907.png	ccc38045fdaeb918bf4509b250f30228107956d39ff1d92a9fd49e240d2c4f09	1744112	videos/regents-club/1907-v2.mp4	aa7df4d0bd3e0aabf812152561c9eb7f9632cfae5e167716d4a5a9458a8e0ca8	571584	metadata/regents-club/1907.json	329741cc03a4d0d83c00cec82055c2433104dcb439aeb03fd97f3b4d50c282db	749
1908	images/animata/cards/1908.png	0bc887b0fe1e1fb257e26739f289f97fbc65fa63519e512ce255f028eebb97e2	2446328	videos/regents-club/1908-v2.mp4	aea31e8164758ef6228dc6091bbcdc8150a9df6144550c9fa092ef3785ee0b3a	1242206	metadata/regents-club/1908.json	15f5d0f293f7c0bc0eb50cbe902c3d041d52bca107662c70121cd4813deccb8c	747
1909	images/animata/cards/1909.png	21021a937eff06835b37acb977a21ffbde88454fcb92d40861db71dbde866d80	1394206	videos/regents-club/1909-v2.mp4	1d5756173e2207752afe69ed1fbe110d91c83f0f11219a5f956da54e3173dcbf	240914	metadata/regents-club/1909.json	b5730dc7e409560b92da8a282dd3a9cd715ca38c27dbf48f7a801ba85e65f2a2	746
1910	images/animata/cards/1910.png	8cb0a3a68397127b80ca93493687573c9961b5a6dfdd3b122d8ddff52e819f71	1608687	videos/regents-club/1910-v2.mp4	a66b47c7bf1556528d8c7da922448592109e1c48b959f6b17b428c080f1da0f3	361514	metadata/regents-club/1910.json	6a852d2cfd383a03fe494a879e946a37061284297d5a9af67b40708a9ad1cc28	746
1911	images/animata/cards/1911.png	5be2a416f1497f7ff536bd0c15c1cfb735c6469c128768879d3512f0b3af2f79	1778914	videos/regents-club/1911-v2.mp4	3d2e3969e67e9cf4cda5572123547fa6421e5933a92d5e68ec3f02973b3b629f	367474	metadata/regents-club/1911.json	921ff1ea8ae96ce621f4db3f3e8a51d7f9ccacd2916dfe6c33b5b95c6dd08214	751
1912	images/animata/cards/1912.png	d3f3dd5ef233e8cea449077d11b26b9b343a5431cc1618efbecfca9efa761ff0	1420976	videos/regents-club/1912-v2.mp4	cac3d37e01775d92caeb17c90e5281e3e9519a9ab037fad67523e9f3fb153ff2	404729	metadata/regents-club/1912.json	cd2191b8dd12bc9b0bf3aac6b16a04aebdb031e7b3a53b58357fcf650c7e6d53	745
1913	images/animata/cards/1913.png	212988f4df681a3c8c3f7dc511b9fe4be30c818d7df886ea6e1372eb11bc5a4f	1880569	videos/regents-club/1913-v2.mp4	2c0c0af13ed7146049510e05514e5a74b1fa1e3aedf0bfa272baa71aff03042a	312932	metadata/regents-club/1913.json	c4f727cb9ee1477341c54971b4083861dc715a8e3b97054ba78c5bf08536699a	746
1914	images/animata/cards/1914.png	8b7ac2aaa2fd6d24d96fa7733eac2ac98d065d0ca9ff2166ce7fe7b22cf60940	1233045	videos/regents-club/1914-v2.mp4	16b9ebf20bb30868e37bbe3f1b9db63d79974196d233810f9d06c6f3aa371ced	245916	metadata/regents-club/1914.json	2f3f792b8f2b35ea9c281bab031b3fc9e282758dde40ae5092e47802bdf8be0a	746
1915	images/animata/cards/1915.png	061729b224ab8cbe07bd915050ba7f728ae1f9ad0d93adeb960b993c72338ae9	1558097	videos/regents-club/1915-v2.mp4	cd89f67669a23f52fc0059dfaf4201de0531c2ba9dce31f68f3a399f94f6af4d	258165	metadata/regents-club/1915.json	e8b0ad97c56ff974a16e045b961c1792237ffd91b82157a25e65bee69844931a	747
1916	images/animata/cards/1916.png	fb26c1f5464e447ed7f52d1c3335db3dd60769d1e9966355f44f1c0f832d910a	1881048	videos/regents-club/1916-v2.mp4	6d840f726cad027a8a25e7b222f0cab8369529972810516bb2a401cbc8282451	324282	metadata/regents-club/1916.json	c7d627390c86b8de64827d005256fb9d9ce4cae6d5b8d6f0a40b8f82a977c0f9	747
1917	images/animata/cards/1917.png	639d0ac2aa93d270c38063581ef198e73072c0774957462fa3b51cb3b0c57e01	1979980	videos/regents-club/1917-v2.mp4	a66453d376cf8a0a0af8bb397aa85c67f741bd965bbbd4f6f15f76682130660f	785751	metadata/regents-club/1917.json	d09fe53ec787750236275cb44bb071cecb02255a588f79ed5db30556c13fc713	749
1918	images/animata/cards/1918.png	7c5cbd747ab144140ac581d60b4135468d85dc613f66dd938a3fe29569e73ba8	1467437	videos/regents-club/1918-v2.mp4	371634d4cd29905986f1c2671aa89d3e1ae46825c2361850c96ff463b064c087	556578	metadata/regents-club/1918.json	dd7a919f630e62834f8dc4fc0de1620f8eaffbe9f4a6e400d49e97f16272b612	744
1919	images/animata/cards/1919.png	1f332330ed7423da14003c58e46d63f60adaa3a9b4bda37505291af2a47d424a	1426389	videos/regents-club/1919-v2.mp4	0d4a69f296a6e3a5664d3ff72d4f58d83f3f1eb345cdb25a50abde669c26f72e	489299	metadata/regents-club/1919.json	71425bddc421af2f3adcff68bbebc959d619b91ad73209d2d05d8b1ec16df992	749
1920	images/animata/cards/1920.png	6d41fe0ed022c4dd2173496f0589374d389fa208a27473d1ba1c1c6b22566ab1	1558854	videos/regents-club/1920-v2.mp4	9b7963c87cfba1978b99a750aae417e8b9c2bf3aaf20d0242593c84001c5f10a	394462	metadata/regents-club/1920.json	fd56cbca4cce8c4db6cebed0dfb819b546424434036e029906a21d1e83719dcf	751
1921	images/animata/cards/1921.png	9e6aced1e803c38f89cfdc068e2873fbcb057a490da80fdd5d9a26daa47c6f7c	2898686	videos/regents-club/1921-v2.mp4	069c0ac97485665d6acc22e04edb1e9df2d7e5d70ab3b2d64743245f4becfc61	1725869	metadata/regents-club/1921.json	83e71281e2d9858f85d5a3f0025bc30dd06f4de0fec6f5b30c17694153ce6148	748
1922	images/animata/cards/1922.png	612a8b277af761d02fc31f57367f2453d4853ff3deb495fd118642728ca1ddc8	1908571	videos/regents-club/1922-v2.mp4	8fa68d719b8d75efd7ee52f2de5c22ddd3f0993a0917572fe0b58c0a34de7555	769007	metadata/regents-club/1922.json	8933e22f7fff0881046d1f3d1ac3237c4a7f30c80228d2c74cf604c08a867a05	752
1923	images/animata/cards/1923.png	2eb15ca526327be28fbe7c0ee5756e93c576d15bc10ac5ec9251d71340bcfafb	1568386	videos/regents-club/1923-v2.mp4	3fb181c67b75b227046b769a9e5f80def92ad6d6e01e73f76ed818c5c3de0e83	491080	metadata/regents-club/1923.json	15452d7a468b4771d607b3855a50449654fec7fe501e6958cf948d6f0b59427a	751
1924	images/animata/cards/1924.png	3b0abd60fe44ed5ad8da5a9e403ae36cd407d1d6d1fb085844151b45a73299d0	1877035	videos/regents-club/1924-v2.mp4	ec789895d07a05afb5ef8e7c38ead6314fb101c74b58b3621d400d4be8dbb5c9	510680	metadata/regents-club/1924.json	7b3d8b8fe5d93c6e681e27133b4c08b01521fc65b5ef880f55ada1369b1f4b21	748
1925	images/animata/cards/1925.png	ba6579ceba0e987258b0b7f6b0d74621deaaa699c8178ef68f5e24a4fc6e7837	1512478	videos/regents-club/1925-v2.mp4	41bb32593134265cb830f010bb3fda4dd6d0aa11a75d1f432fd1c3977588964d	252090	metadata/regents-club/1925.json	420bbc725f114f2545004e9374047eb00c1411c19e61a42a54d4fc233bcbf457	744
1926	images/animata/cards/1926.png	153bf649ec34da99c6863b5fb943e65490a35b14f250cea31add42abac916aa6	1501019	videos/regents-club/1926-v2.mp4	f8b9b0e8ae67385b1df10c04f9e5fc1ac5e3d7811264cd4f0ae9605678db7405	478597	metadata/regents-club/1926.json	e36c27eebce1f80cdcba6cbe942d7ed1311561f3b4e4b23cc7df89cc144e82b3	749
1927	images/animata/cards/1927.png	93618145de7ddd15b5307f6c0aca95095352faaa1bdfca3006d2e61a4dfab340	1978998	videos/regents-club/1927-v2.mp4	dadf6c03e6fa502eb9bf802ee88b17da6b170d7bad09ae4492e5f399f77aa467	406343	metadata/regents-club/1927.json	cdae5ec906748a764e29c56aff41021d4b4847cd06dfae824697fbc80d619bb6	747
1928	images/animata/cards/1928.png	dc40c81fb6c2ba5abb530b18902652310988c5f67972309313ec4affbe810e8d	1243766	videos/regents-club/1928-v2.mp4	f5cab1dd751b5af2823542571d8134ae88bf68767eba68c7a073cdc8440e3792	182869	metadata/regents-club/1928.json	4a6570b1874307cfd99e023439dd4137ad5fb4c81478230ea8d4eb39f62a813f	745
1929	images/animata/cards/1929.png	0408d062dbd8e55a3297fe66dcd428d7239775d2eb8e1e47f49b11005671f376	1586206	videos/regents-club/1929-v2.mp4	eb7f8cf1e9f3d70db303e75288cf9b5dd5592020e04b12db0cf010c6a99fedce	439595	metadata/regents-club/1929.json	7c1b8e7db73d02e3105442fe27a032c871f9e36e2c5cbed451143dca73ab6fd9	750
1930	images/animata/cards/1930.png	c41b1b2ad18a3e1e01af79dd03ebcd28dfc08838dd19263dcfb725d17de150be	1556305	videos/regents-club/1930-v2.mp4	2d04eeb52264367c419013e8a38f234ee4890b0ff5ebed5b5b656bfc7943524b	225012	metadata/regents-club/1930.json	3044cd4c77c8f424e04d4343ccc866eb221cee84b603d26a2dab20264f63745b	750
1931	images/animata/cards/1931.png	fde91901eef6691897594bd2430a533bc094a238d876e8b3b122a76632410fed	1755223	videos/regents-club/1931-v2.mp4	6392d5d20ca570264f9fa1904b3b2b1991c32ebfb2fdc040a45d0256730d897f	235185	metadata/regents-club/1931.json	265834ec76099a3e29fe2f29ce6eea5abd3bb0045ed82936a173a2f4122b69e3	746
1932	images/animata/cards/1932.png	e0811610ed4a685cf198c465924e6d6108c77d9b3f6a4c3ada919b148d316a65	1640846	videos/regents-club/1932-v2.mp4	3c4cf0f557e8aedd550169c5e782eb40610c2ca4145396b19ce196db8d5bed7e	461815	metadata/regents-club/1932.json	a0307eb4c71bca6c8355f3442c92045aded69eb68abae536d445d2b852f966b5	745
1933	images/animata/cards/1933.png	c267e7c3653ce1672075beb64c60f2c69a0791987f7e6d17c226c1782226a5cd	1407801	videos/regents-club/1933-v2.mp4	f4975043c0a7be815b3d477ae4022c6897e7c51a2a4efc52dcd4e98788e23f7f	178892	metadata/regents-club/1933.json	ff4d6105f07d17f8dbd7aaf99e334efc2364593b28b5b18cebc7f7620cd297ef	746
1934	images/animata/cards/1934.png	d828258d7ce24ca84597137e4694e149ee282ced189d75ff0c07750daaca021d	1280254	videos/regents-club/1934-v2.mp4	d5fb68288ec2011347c4adba0b20f96e6f83f8b499efda086dbb6956729981d3	310771	metadata/regents-club/1934.json	f09371dc1c8a3a65135bef19c022f1cc34254a5c2ae119cf1ac85904a4710b36	746
1935	images/animata/cards/1935.png	43682cbcc266c895258e726546c19cab786a96d04c7ffc104ec6c0b3e7b3ffb0	1679057	videos/regents-club/1935-v2.mp4	a9d71c8271aed9e507864d652018b30919a85eaf87a055005790e31dbd6182ca	280220	metadata/regents-club/1935.json	0004960bbb834b7540be4128e7f6d5f86e6d4f5731bf43ec303380bc63d91dd7	747
1936	images/animata/cards/1936.png	284c494c387a47e7009870c33005e5e37fb0dacc4fe588c3eb906275c1a64cd7	2204289	videos/regents-club/1936-v2.mp4	ecb431b28993aeeb07a900825f20365c203634ea2abf87501b23b5253346839c	997138	metadata/regents-club/1936.json	6503dcbeca4bbe0c5c7b775c431520d7d4d452a4cbbb38c9ed73f7d971666139	747
1937	images/animata/cards/1937.png	bf7c54af7bacfd3a579653beda35412a37f57e0b1cafa7a5714d21af29754842	1490410	videos/regents-club/1937-v2.mp4	7d385ca6d2215fcc03b5bf1c3bfcb843e80e15e5c9073d91a35fda338fa0bf09	582494	metadata/regents-club/1937.json	828f4d361871fe743a04b9a0c9c403d6052a148a39e9fc663f3a72c70bcb9a74	749
1938	images/animata/cards/1938.png	595d03904a13020811f5402796e0da6aa6f9904071ef81e44c92a38b831efffc	2203196	videos/regents-club/1938-v2.mp4	bcb8ac7e588983303773d3a922146497f010597afaebb1cacf7c7d896508997f	990406	metadata/regents-club/1938.json	069e05fd334eab36f1704b733270428975856dc0045e9df83720f7342476c662	748
1939	images/animata/cards/1939.png	b50c24c88aad2a5bdd7bb820e25c713dd542e63ce58f1327bd42ddf25708fea1	1584250	videos/regents-club/1939-v2.mp4	369a55dd0eb68de703af120ef9222615c7e764160a3d6eb02975a6f836eaa583	550726	metadata/regents-club/1939.json	b1246a5e1b1455657dc2c8d9d631f5d8cc5e8dd7c964a25412e962de1c104140	749
1940	images/animata/cards/1940.png	44bd5d83f590529d4caa084ac6abd2af826d899cfe12c8353dbc2064b016b2af	1371184	videos/regents-club/1940-v2.mp4	09abe7f700b7e4132ffd38c28247822a0d28c7fd91219c5664ff64fee2ba69c0	347256	metadata/regents-club/1940.json	5ea24b3c19d6035b854bfcb95eecd84bdb2e627d4782728f1a487e2312a86c08	745
1941	images/animata/cards/1941.png	81718cb3cf8bef9612c146fc78e0d3870b1701f29bc2320ba79f5fee14e643df	1545327	videos/regents-club/1941-v2.mp4	8c010cd877da701a15c80519d463f45a656c9ad5f232d25128560daa3817af1f	404003	metadata/regents-club/1941.json	b902e0c37d15c348dab854995f2e7992626448e900c0d7e3e43379f7997a505a	751
1942	images/animata/cards/1942.png	5e7fdcde2888d8471f2b71019d6b082bb0d05b401cffd8aa687508f0f612280e	1589944	videos/regents-club/1942-v2.mp4	81b8aaa4e7f5b709fbef639c2d029c2d5e6e26763371956c824dfee71da0e414	599747	metadata/regents-club/1942.json	79907b955fd681d8d94308d49e1e3fb11046a43091feb357937a66f716566a0d	746
1943	images/animata/cards/1943.png	fe8660dda4dcdd083cc2cc793dc82af17dd4a8c59c78a6aca45f62abc5947601	3209303	videos/regents-club/1943-v2.mp4	72b8ee45276adb3f78e2915ec5da7198a9e839a1c86416661a7c33bdfadef0a3	1480408	metadata/regents-club/1943.json	b6aaccab23686c796c7268f3d322fc79d04d26fc247d7ecafc67c47f46668d2e	749
1944	images/animata/cards/1944.png	edd787b28b9e32a0bad664df82a20f7ce382547317c46443b3400dcf492cfafd	2258464	videos/regents-club/1944-v2.mp4	00fc3fbc41ac219fc9f43dd9c077387580d56c23522421e961fec1f5024eea71	1417627	metadata/regents-club/1944.json	20777f31f0fce47870b24b2d90c451ec4913565446f8799c6de9f1f98fe26d32	748
1945	images/animata/cards/1945.png	8844d27190d05f1f9aaf0eb35e4642c09f9e8cec5f96bee0899d4a12680817e5	1773540	videos/regents-club/1945-v2.mp4	e4273fc1dc975a3aff98638c4beb6be0b5836a0ff0671862e7fe4c626e8d8cc1	133275	metadata/regents-club/1945.json	88f65ec2b535b88b23a0b10111ca41d81003186f716a9f6b5627476d229a2ce6	748
1946	images/animata/cards/1946.png	9aa099b885e43cefe1f3e23af5335b200afb55c18815d05d9826c0d713183aa9	1697222	videos/regents-club/1946-v2.mp4	34b21bef13a6985a0b4ad0969d2c063255e03a9865ef153316b7997435897208	135352	metadata/regents-club/1946.json	602ee002bb738f613f7a5314e894f3a53a995879030680fbb9dff455ff07733b	749
1947	images/animata/cards/1947.png	b9c588060c48cbeaf750b80c5929cea3a0aab533ecd9bf3060e74fd51873887a	1554298	videos/regents-club/1947-v2.mp4	d8317362bb48f0ba0edf68108a27435a0ae4203f0b7ba4b9801cd4ece9fa4559	434304	metadata/regents-club/1947.json	61a8715c36dc4371d83751d7cbc9187dbb2eb75a8d90536129a7083e2cd06b2f	749
1948	images/animata/cards/1948.png	3903a47d74a354a80638e7500bad3acde3472b8990a9d0cbad36abf6bdc861df	3383725	videos/regents-club/1948-v2.mp4	8578c026358686fa6a0106cbbfd7acee3144d81c1f11238e7a263dabccb322e8	2366707	metadata/regents-club/1948.json	b7abca00aff28788d317a0d1f5f47916617daafdd88cd84085d89e751eb59465	748
1949	images/animata/cards/1949.png	5261b35847b6bec59fdc552b4a98fd9bf92b9abc08ee5c7b22bebbb10110df7f	1752797	videos/regents-club/1949-v2.mp4	e3b0ddac0305eb122721c96e9728287a3a2aa3afd2f4c6509d0b7d3303e3f85b	318111	metadata/regents-club/1949.json	2a7e890f005a91f4fd2e4ca6fb4a9aee6eb061e0ba1e2e10e50eb88310ef211f	746
1950	images/animata/cards/1950.png	07363c64659d99a733205ed7b7a0952f8200a3531a95671156b270385cc6009e	1735906	videos/regents-club/1950-v2.mp4	3b356d58900db8cac4745ce57b5817e9e0974cf8124d6c4b3927770fcfb3dc7b	253260	metadata/regents-club/1950.json	417b365f6263356a0f7c744472fabe7ce6a5c7d23c06ce339d99785c8feab7b4	749
1951	images/animata/cards/1951.png	2f286180bb593361b85745ed0d90ec16a624d4cf533cf04658e36accb9c6c5c1	1385892	videos/regents-club/1951-v2.mp4	3aaf8c41989dc0dffbd66c5703b9bf6cfe7cf66a1b3cb1baf3859d03ce4a4c11	292590	metadata/regents-club/1951.json	74f52e730ec0ce511bd9daf6403391b637e604b0d847539bda573e8f27b3983a	749
1952	images/animata/cards/1952.png	9858584cb69cb2a5bdd93d0628ff238f3ab94519f02d8119bbaa36b58b03c16f	1861546	videos/regents-club/1952-v2.mp4	fbab59dcac66569002014368c275afddde9865a54096ede8b6a11c87955d53c4	955807	metadata/regents-club/1952.json	ecac37ead1cc08569293d32854f660384d0ef44079e658fe3c27f52e104b934b	751
1953	images/animata/cards/1953.png	49abbb0b01b7d7f13ff9c82b532f5babb2f790c1b8c4bd121390ca69f13310aa	1227007	videos/regents-club/1953-v2.mp4	2130b047529015fbd69b1c83aeb41d43b8ffb4d5e009a3e62b5d25b9e2ab90c3	278402	metadata/regents-club/1953.json	6c8b003196f9098e971744d80c9856a058ccc048bc30f645ca9fdc8241a05d6c	745
1954	images/animata/cards/1954.png	843f3ae8cc78e4a801f92b0fa787e7487a601664bdcc0b8d33c4089c5d7c6e6d	1740858	videos/regents-club/1954-v2.mp4	a6915cba1ae742e2a90098c63d5e96a3611505838f5ae0c11aa4b6a43e65f360	365944	metadata/regents-club/1954.json	c1531663e68818180a6742e11de41ead55640bbd917a7203d6171b58eecb8075	748
1955	images/animata/cards/1955.png	9342d5f5a315c7563b848dd9c534b1a1343e0e00c2671deac5aa91438388a289	1650368	videos/regents-club/1955-v2.mp4	b88eb707803e323f2f087b51c73ec9d2b3e4fd8b31f2751d4de21604688776fc	556404	metadata/regents-club/1955.json	9fd22b0a314042e21fbb623617aaf66e4f215c9e96cf589d7a0b9d5fcab65d40	751
1956	images/animata/cards/1956.png	f9231135196f6d25d4f0aa4961967e842e8cd1994bd3f34e914daf7476eabd00	1690055	videos/regents-club/1956-v2.mp4	0e83bb8d19f2febef9e3041cdbad8c0445543ee2714ae1e453bad3522f290528	615741	metadata/regents-club/1956.json	48c33f8f48c0d2669074ed106b7cf1aa0d39d454812bba03f9314285898c9d47	749
1957	images/animata/cards/1957.png	14373d4a3d3e9e6ba1f502d9675220a6dbade750a380dfd8fdb9471b5f9d71af	1291109	videos/regents-club/1957-v2.mp4	a72d0540ac30ce486e9ef14cd2e9b54af381184c64981d7c462802c7f328b078	142658	metadata/regents-club/1957.json	d52c245c9e485f2967c57bc61a97db81491e20d70cfc63bd37ddb16960de6027	743
1958	images/animata/cards/1958.png	580dec2a329fce3dd6867f8ec3541c2a0eed419c486c0c9782b5e9ac8de7dc26	1649001	videos/regents-club/1958-v2.mp4	f648e6f56d6c77308713468bc3667904d56ed5d6e6718bb0c01eabc0a30047a5	264125	metadata/regents-club/1958.json	ad0d142bd0b0cac8ebfe037a952f37d7ce64533881ff6a7c325c1a31feaf6502	748
1959	images/animata/cards/1959.png	6e13ce92a7595ce58daf5dc3a84a1388cf3347689a746ea22f006bca2db2c48e	1779006	videos/regents-club/1959-v2.mp4	9a58a3dffb286223a856d8d63867a12b3a02bba370b1daabe7dffd459e762f25	444248	metadata/regents-club/1959.json	3dfc40bd0c911105ed4555b946cf07a5aa3b1af6d6fbf63560c76e2f06d58830	747
1960	images/animata/cards/1960.png	3138ec0812b2271d7fcdfcef25e9a8482f8a34be342f567cd33741b5653903d0	1953431	videos/regents-club/1960-v2.mp4	74dc2dc671f4c6a8ca36bcdd6bf3030e828b53dd381c5f53e08a917e68c2bb98	328032	metadata/regents-club/1960.json	eca7b0dd2f66fc6ff119c78779bedab934a78fcc1fcb82b18a749fd6e68bcb52	747
1961	images/animata/cards/1961.png	f218bfac4b85406b457531d0beefa6b854231dd3f7a9f18406478b746c1ba17a	1766432	videos/regents-club/1961-v2.mp4	efb198af8b66e7d790ac4c8e10606b626cc95117ef83fecc4705a08ac6c28ae2	388089	metadata/regents-club/1961.json	aeb6f43d6c803d51f1a0bed6e0dfdc506cdb229f4144822bbbeeb705cb8d7c5f	749
1962	images/animata/cards/1962.png	c72ec39f28219962fd077eba95e97c62478d56ae772014b575d5276d8eb8bdec	1407215	videos/regents-club/1962-v2.mp4	76af94624774f2b02608070c14c27c8703503c53751b0bf95b543a544323a531	189143	metadata/regents-club/1962.json	e4daea20da414c97b1a8d061ea96592a708199d9040033d2a06b080d1c0990f6	748
1963	images/animata/cards/1963.png	40fd0ccfd43119a3eb7988a75aadd168f28de91b4f9cc9635b92bae81ca46d8d	2502872	videos/regents-club/1963-v2.mp4	c793e091504f0dc1a8ba16073702fcc35f00b2d9c5868fe6b807fb5aa9ad920a	1106393	metadata/regents-club/1963.json	93617f44b5d6fea28ceba5a5ed53b3eb678155a4002525e572bdd5943895aa6f	748
1964	images/animata/cards/1964.png	2cd16cd407a167b6b5952b082b52277a9774879ad8fdf147ca99a78e49b44610	2450853	videos/regents-club/1964-v2.mp4	f42ea71dfa3137d83a18ece73d93ff825faf805dd672316492a6240ff1634e75	1087260	metadata/regents-club/1964.json	be519d99a31fdac1134dd0985bbcc7181ca0ab977634c7dceec304f52dc3ac0b	747
1965	images/animata/cards/1965.png	8c19325c95523ff17643c860d8b6dc32eb73f926c443ec0d3052288db62c0e9e	1718167	videos/regents-club/1965-v2.mp4	77fa42f526aef4eeed8c6354205826b529b63f13b855215059430ace77b06bc0	356591	metadata/regents-club/1965.json	d0470d308def1ce5706e009c7bc0da28a305447dfbddb78afa75278bab6779d6	743
1966	images/animata/cards/1966.png	f648c72dcbfea097071596af023907dd621194326765274b5951a2f22d103c50	1505279	videos/regents-club/1966-v2.mp4	a45ed5db4c0e97b61caad8713e85a9717cd5b2a45fdbbbe8a2a39b37d3b1a68b	435908	metadata/regents-club/1966.json	d39ef79dd64405f8cf7132d7de93abbeed023a7635538b001200bb24d3acd7ad	749
1967	images/animata/cards/1967.png	dc8e9a8e2c952ecb6a8f6cd1cc69beb286369d4857a17091800d4d2ab7ca6a8f	1490767	videos/regents-club/1967-v2.mp4	3e5b315c9b2038411b433fcd733ee07f10ce77692b2d840aa75ea55544c242cf	312419	metadata/regents-club/1967.json	590ad4db0ded722f6c318a7b4815f7b411637d70e4655175d8d8d8fd672d4d24	743
1968	images/animata/cards/1968.png	26119d5316c8752d9834e62aa13207dbb6b294e6df61419563cffe3e090ffaf6	2122826	videos/regents-club/1968-v2.mp4	1da6e3906a56884859da5ab6709235e74506f540d3d5bcefa430200abed37bc2	406728	metadata/regents-club/1968.json	05b22f368978bb9cbcd7a5322e2f0e13886808106815ef64153d91100524ad04	747
1969	images/animata/cards/1969.png	4454b7def3b05cf8fce4c72a6e81b428702433d2e9f1f8087a78eed2b3f0aa98	2737166	videos/regents-club/1969-v2.mp4	a9f4deb47271ba93bcf4621b135f64c62ae723ceed8edb0675d8af37f433271a	999770	metadata/regents-club/1969.json	5a8db0047eee3e471aa9f7cf3929d0bdbabc83408e5440c40ec9382e34883903	750
1970	images/animata/cards/1970.png	76946d717a522cb373c094f0292a9481e2553e8ea45b6c42d4d3e2168d29f10e	1507523	videos/regents-club/1970-v2.mp4	d4e5ca161573deaac9c146f65d9ba2f3a54e9f225b5197631bf3ce61b8a77587	474129	metadata/regents-club/1970.json	1b82fb64f5a8d7d80dd438dc4ff82bd07da1bdda832e0ad91094813c58949ef7	745
1971	images/animata/cards/1971.png	981a56479385a4d91600915dbaeb4c3cfb64c8bdb815d97cd11e9a987b457381	1532607	videos/regents-club/1971-v2.mp4	58569e184f515b5b26531c7c71cfa37d592381c26a98a5f6cfcaf9539a8157eb	366255	metadata/regents-club/1971.json	004bb8325c7482a3468a46bb6b98a391081ce443b669fff7da99b9321e18061d	745
1972	images/animata/cards/1972.png	33b21e6b330484cb33f8d0fe44cfb375500bd5d473f3e113c0e33cc1239d4dfe	2699940	videos/regents-club/1972-v2.mp4	6e327c2f132e311fa591f119170bbd3607ac25fa93d59273fbca8ef32390b449	634601	metadata/regents-club/1972.json	accd88aad486a7e06ee02a40db6f5f7ae9d4660bde3f18d50317532c9b6cc525	748
1973	images/animata/cards/1973.png	268e29c89d6744caefbbba6104d7d159032b7ddf9de88beeb7f7571437a1610c	1947514	videos/regents-club/1973-v2.mp4	2e7602ce4ec0e6173d421a9ff836f49539abfb8f264a0d6fbd9b113198174614	605499	metadata/regents-club/1973.json	4b5582cd7964a332078c59c62226d8bab63c6930ca61e22eea5892bfdbbffac7	750
1974	images/animata/cards/1974.png	aabe6f6103c91f3ef62222a39738aa948e5c14a92c42ee4dc3e02809114852ed	2286428	videos/regents-club/1974-v2.mp4	733dc8f5dee2ca34638fcf94d443e7a804932638eef6cf463017c9e0dfc4ea30	786503	metadata/regents-club/1974.json	15b9fe5509433f687c89d04794b713dccc951057873b3d2686a96928774a071d	754
1975	images/animata/cards/1975.png	95844980db3d3f03b649e5c20c65a155b198c62642936159cd2290041b22638d	1847164	videos/regents-club/1975-v2.mp4	b509fcd7011a2a658b5602146ae25772dc55523a5bde9d4d4a4d0fb463e9cade	439942	metadata/regents-club/1975.json	6354118eabd00290ed42bbd91d521addb55cdac48da155bb8072b0022726588f	748
1976	images/animata/cards/1976.png	923b6bd00a7263daeaa42e877424c0d116c0635d8632195ea90ff373bd22487e	1485005	videos/regents-club/1976-v2.mp4	d99f3b79cfc030c66cc776d1c40196335c8a928598c53447e99970af953639c5	299132	metadata/regents-club/1976.json	d2e0a233456c060ea1387cb881cc04a242b73452c75ff9fe8e69a3519d8bf631	749
1977	images/animata/cards/1977.png	69cda379ae91a1091af3d20a885dcda1517878da496cfb1b4d5b83285f1736d5	1542504	videos/regents-club/1977-v2.mp4	91fd30cfb15b1342e0791cf501f1c2bd1abf94f5e098d8e35d430e697d57c087	287268	metadata/regents-club/1977.json	f7435f8c01fcf775735c5fc4916f0a6d6be47430a2d302f18e6bd1a3caaec390	747
1978	images/animata/cards/1978.png	866c086c83c15df1608cd06bf66b0bbc5c219b56e23e2e233f8eea86a62516db	1364947	videos/regents-club/1978-v2.mp4	ab7d2c91ed8556eff8dbf1c4ca6df7606b47a8a2536fb0ad046bf4e7c5bf4006	272045	metadata/regents-club/1978.json	d18755d819a4036712730a45b46abead83c36118cebcd4d07a802707d4e8e0f6	745
1979	images/animata/cards/1979.png	5e49062ccf51006f6a1436193c27040e5c41c1fd1fe7ca324139444ffe64b147	2472831	videos/regents-club/1979-v2.mp4	4c66919a5c20c562bf2531d23546812b6e2a9630c45fe3221d80ce0fbc98d5f1	1182292	metadata/regents-club/1979.json	3c35dc59c6a1f2a2b22ff9a55d84013e9d19c2f95a879ac3a1cc527e3b385654	748
1980	images/animata/cards/1980.png	b456949afcb710a55a54704b1d63993870b72eab93806008ea013231767f7396	1418426	videos/regents-club/1980-v2.mp4	fe4c0afa54d7dd1f9d4ec1aa8953bae472ea9e122f66a6bb51a3f9e9c9929465	362265	metadata/regents-club/1980.json	8a14d8680b28b1ef633f8a85e159a469a1d4800d98223fee52a176347d05632e	746
1981	images/animata/cards/1981.png	e80da6bcc90ca9884bf0eeb8375f5f91a3e124ceb740f9d0f4bcef72dc2a033a	1992553	videos/regents-club/1981-v2.mp4	71a0e2a9b732e9dcb69e0dfe7df8d9ed0c1d45b5c4825aeb56433346b0329a2a	590250	metadata/regents-club/1981.json	1ed3477ef2ecceebe8be26d9e0d753110fc353f5c979e16e0aaffcba531f1c66	747
1982	images/animata/cards/1982.png	0df756c087d58c32af1f5861c2918cf6cbfd6bb999ae183302b99c0ec646cadd	2224905	videos/regents-club/1982-v2.mp4	73678c1ed7e13da317787e05e3682bdd88012b0c6c42d72b0e0ae67efefe0ae2	691868	metadata/regents-club/1982.json	74aefc40feab4550e96c97f0a82e880b76b3d66b940b613428354d032a5943c8	748
1983	images/animata/cards/1983.png	aaaa3584b9f04cbee93202bbf75328dfe2a77518237779095ed48d597c089634	1441288	videos/regents-club/1983-v2.mp4	3e8286ff0e3421af935206af9bed6038aef31f5d48b6c2f16bcc398e027caa49	424756	metadata/regents-club/1983.json	99d6625c6eabd153b37680d2ad27138453b338a12f1ced067ad9007f5be5e6d1	746
1984	images/animata/cards/1984.png	d7a6bd45a348c0398a2a36d86f50835a30efcd0fe308a51ff661a4cc5d1b3079	2218604	videos/regents-club/1984-v2.mp4	d5f31b8b70a44db37f97343973ecc487c08621110e45616a6a3697792e63912e	822609	metadata/regents-club/1984.json	ebc91f69e3eb1fa2b6f9606c0165511fe6ba9bf36f524e3019d3d2314e04a899	747
1985	images/animata/cards/1985.png	6e73856f6fecc7354fc8aaac9159f5e3811cb97f573cef6286b2fe4392b5ed06	1391934	videos/regents-club/1985-v2.mp4	215805b49f48cbdba9bf4e8af6db42be45b45cdb9b0797c97608db22824e3b99	384879	metadata/regents-club/1985.json	4d01c611e54b00387ffeea2907aa0b2e68dcaf546f07e7d2c643280650cee3dc	744
1986	images/animata/cards/1986.png	dcc28ad18c299e3106f860e4085d86aea4d87a67f0be9d9c16540fa20cc4bd0a	2474401	videos/regents-club/1986-v2.mp4	ec2fb646a6390fc92c0582d3920cbc9f6afbe5d57a0e760f2f775ae98ba61017	1473320	metadata/regents-club/1986.json	13d570b3309d40503c5b47721faaa8bf0b7b1e47558c17353b72839dd7539682	749
1987	images/animata/cards/1987.png	8fb538cee1943a0959be5e9ade4204618792775ea7b710f7240414449fb91188	1383321	videos/regents-club/1987-v2.mp4	2a22bae2f5e098616735bec936216598bcb6bd706fdf055bc8f7010bb9cfb696	248311	metadata/regents-club/1987.json	d0392b9bb50e8df2b068a14eee54234d559f60bba443a0174976cff8846054ee	750
1988	images/animata/cards/1988.png	3e6b591968ef81e63188f4b322bc5015a19dba2c338b09510adf6e7d89f161c2	1751413	videos/regents-club/1988-v2.mp4	ea2de3e5935a3d06ce2ce87d194df39b105c305ad31cdf178bd0dff0bbd2aabd	561511	metadata/regents-club/1988.json	473f71980346699c519120042fbabce49531cc236f1c06276832b41b4b1d2995	748
1989	images/animata/cards/1989.png	78936963429b60a7109119b24c1a2778b7bf523c7830991277b869ff643b9c1a	1902531	videos/regents-club/1989-v2.mp4	5109f68daff84ffd7cf99d3f034f585cf31acaf23566efabc951e4706a411d44	332334	metadata/regents-club/1989.json	444b152bd82b41626983a88508bbea1cc6db8be530013c2f250c88c12f77e533	747
1990	images/animata/cards/1990.png	a0c23451293b75454bb815a174888685bb19509ecc25f883a9f1da3c764cc7dc	1676460	videos/regents-club/1990-v2.mp4	9e46e88bb2e0060953ebfb9af0e6acd5dbb2da52741ed9c27bcb06b394ec1f35	541880	metadata/regents-club/1990.json	007f5e3eb148bde27ce8be3f089cc07bc5e8a2bd95ff1193f85f93651b6d20b7	746
1991	images/animata/cards/1991.png	3c7385f8359ce4e516469e549a253ee88f88358153a8570176418563d1a5d47b	1757291	videos/regents-club/1991-v2.mp4	34c59fa64f399c861410019fb3573a71cea325850be79c7514a48c19636cb7aa	659629	metadata/regents-club/1991.json	2f26711e40d4ea1e25d6c560b01573734f045cfc55a631168243f9c7082b5b0e	749
1992	images/animata/cards/1992.png	6ac3e59cd8daf9cfaf9bb16bfedff258b3daf412d8ae465d7295e943015a7d5c	1435007	videos/regents-club/1992-v2.mp4	17283a4f019e20fa6706accad18e9d3c87424318281cf38b8407562449086753	325191	metadata/regents-club/1992.json	36c063a0b25b5e91b93b293c9a0c491e08be0a8f95daf7b79aa37e5a17aaade4	746
1993	images/animata/cards/1993.png	85c659b79208e491272a0a40f2a5108674b0c12ed2880234c10181db35f863b3	1481416	videos/regents-club/1993-v2.mp4	64d42eca67cd4f81f009d028f66733d6812a351ab0edd42120b870d468aa1bd0	252746	metadata/regents-club/1993.json	e3a3e3ffeb5ff31f80da36c52da2ae0cad832fb431f323f030bdf9fe8d693068	744
1994	images/animata/cards/1994.png	a19a61ef49ddad1c9cff3e934c1f6b921c721473a16ef06c904d340a797ff617	1562358	videos/regents-club/1994-v2.mp4	92d29e60923141ac43914f3b5a261c65b16c966a3fd796f859bf01d919f67ed5	350317	metadata/regents-club/1994.json	088d6f6436e021c1021533500eae31d45a0aaafbc6c70eaa7aa75b6a2dc42d6b	749
1995	images/animata/cards/1995.png	928b6ca633e42d114e5a4ecab767384716f8fffe1ed1d60cb2f381dbb9315588	2758573	videos/regents-club/1995-v2.mp4	01b6329a1e8656d910d1bf985394178168579159cf79ea6f76fc143e9c374186	1576259	metadata/regents-club/1995.json	d2abe9e660fd4306039ba30af32f6025124771ea40a681acb8135dc6bf572e99	746
1996	images/animata/cards/1996.png	7859a0a7399b94f71c6418b0c1d6eb8cbcf2e4d02694d762d77515d935b05af5	2610385	videos/regents-club/1996-v2.mp4	6b0bbd85b9808cbd67e6050e22f4d70d75f3198a5065d26eb1f2933d6692ae6f	1199207	metadata/regents-club/1996.json	cd9ce08c88f4fc2f21b33acc03caf6e912bb85b26d2a37ee490060d8b65eeee2	749
1997	images/animata/cards/1997.png	1eef7ff52499cd2b2d3297c650dc34ff9c9c414ac978d2bf38bc7a5feca48873	1373713	videos/regents-club/1997-v2.mp4	193c3a35d318e907499b6d221c05f1ce8c5c335aa96c93e4f431b6dc51962856	426005	metadata/regents-club/1997.json	7d472c38613c4b4483404e0faa4905479180aec4978526633fb23a51ca6dc022	745
1998	images/animata/cards/1998.png	a468b99c77c72a6139e2e68f399e57bca75159e1bf51cbf3796222b90a196140	1518567	videos/regents-club/1998-v2.mp4	6e39abf6cff95f225c560416c2c0f5f854705f8913fe708c172aba6253f95373	318651	metadata/regents-club/1998.json	925c07b43c3ef4c18c110a54bfe9a0c331a0f75ae2be48cd5bc79e6aba109ea2	746
